cabang,nobukti,det_id,produk_id,produk_kode_api,produk_nama_api,produk_kode_db,produk_nama_db,afkir,qty_beli,qty_diterima,subtotal_rp,subtotal_net_rp,status,catatan
2,CSB/PL/2605-0001,7573,8397,AC028,FORTE KC 100B,AC028,FORTE KC 100B,,3.0,3.0,10630500.0,6378180.0,OK,
2,CSB/PL/2605-0002,7664,3295,AV023,AVITEX EXTERIOR BASE B 25KG,AV023,AVITEX EXTERIOR BASE B 25KG,,5.0,5.0,4410000.0,3858750.0,OK,
2,CSB/PL/2605-0002,7665,6383,AV118,AVITEX EXTERIOR BASE C 25KG,AV118,AVITEX EXTERIOR BASE C 25KG,,5.0,5.0,4225500.0,3697312.5,OK,
2,CSB/PL/2605-0003,7666,6848,AV132,NUT KERAMIK GIANT MORTAR,AV132,NUT KERAMIK GIANT MORTAR,,48.0,48.0,619200.0,515484.0,OK,
2,CSB/PL/2605-0004,7671,4677,AV067,TINTA AVIAN GK,AV067,TINTA AVIAN GK,,6.0,6.0,1778400.0,1645020.0,OK,
2,CSB/PL/2605-0004,7672,4680,AV071,TINTA AVIAN RD,AV071,TINTA AVIAN RD,,6.0,6.0,1534200.0,1419135.0,OK,
2,CSB/PL/2605-0004,7673,4684,AV075,TINTA AVIAN YE,AV075,TINTA AVIAN YE,,9.0,9.0,3125700.0,2891272.5,OK,
2,CSB/PL/2605-0005,8303,9332,FL012,SOFA CANGKIR HITAM GEOMETRIK,FL012,SOFA CANGKIR HITAM GEOMETRIK,,2.0,2.0,6200000.0,6200000.0,OK,
2,CSB/PL/2605-0005,8304,10181,FL020,SOFA SUDUT TURKY HITAM+ MJ KAIN,FL020,SOFA SUDUT TURKY HITAM+ MJ KAIN,,4.0,4.0,18000000.0,18000000.0,OK,
2,CSB/PL/2605-0005,8305,10394,FL027,SOFA SEMI TURKY HITAM 3+2PUF,FL027,SOFA SEMI TURKY HITAM 3+2PUF,,2.0,2.0,7100000.0,7100000.0,OK,
2,CSB/PL/2605-0005,8306,10393,FL026,SOFA L BLISS MARON 221,FL026,SOFA L BLISS MARON 221,,2.0,2.0,9700000.0,9700000.0,OK,
2,CSB/PL/2605-0005,8307,11953,FL039,SOFA WINGS 211 + PUFF + MEJA,FL039,SOFA WINGS 211 + PUFF + MEJA,,2.0,2.0,9400000.0,9400000.0,OK,
2,CSB/PL/2605-0006,8395,10853,OP280,MEJA TAMU OLYMPIC CT MARBLE 02,OP280,MEJA TAMU OLYMPIC CT MARBLE 02,,2.0,2.0,950000.0,950000.0,OK,
2,CSB/PL/2605-0007,8396,11491,OP346,KURSI DIREKTUR FRONTLINE EC 22 HITAM,OP346,KURSI DIREKTUR FRONTLINE EC 22 HITAM,,2.0,2.0,2420000.0,2420000.0,OK,
2,CSB/PL/2605-0008,8397,6442,OP015,KASUR BUSA OLYMPIC DELUXE THERA LIST 120X200X20,OP015,KASUR BUSA OLYMPIC DELUXE THERA LIST 120X200X20,,10.0,10.0,10000000.0,10000000.0,OK,
2,CSB/PL/2605-0009,8398,11497,OP351,MEJA TAMU OLYMPIC CT SIMPSON/STARLA,OP351,MEJA TAMU OLYMPIC CT SIMPSON/STARLA,,5.0,5.0,1960000.0,1960000.0,OK,
2,CSB/PL/2605-0009,8399,11489,OP344,LEMARI PAKAIAN BESI OLYMSTEEL OSW MR 2P3L,OP344,LEMARI PAKAIAN BESI OLYMSTEEL OSW MR 2P3L,,5.0,5.0,14500000.0,14500000.0,OK,
2,CSB/PL/2605-0010,8400,11493,OP348,MEJA PANEL FRONTLINE FT DASTAN 160 CERRY HITAM,OP348,MEJA PANEL FRONTLINE FT DASTAN 160 CERRY HITAM,,3.0,3.0,2190000.0,2190000.0,OK,
2,CSB/PL/2605-0011,8401,7983,OP042,SPRINGBED SENTRAT 160X200,OP042,SPRINGBED SENTRAT 160X200,,3.0,3.0,5736000.0,5736000.0,OK,
2,CSB/PL/2605-0011,8402,10066,OP198,MATRAS PROCELLA ATHENA STANDART 160 X 200,OP198,MATRAS PROCELLA ATHENA STANDART 160 X 200,,3.0,3.0,6789000.0,6789000.0,OK,
2,CSB/PL/2605-0012,8403,9904,OP192,MATRAS SPRING BED OLYMPIC SILVER HESTIA23 120 X 200,OP192,MATRAS SPRING BED OLYMPIC SILVER HESTIA23 120 X 200,,2.0,2.0,3548000.0,3548000.0,OK,
2,CSB/PL/2605-0013,8404,2847,TX031,LIS KAYU 5X4,TX031,LIS KAYU 5X4,,240.0,240.0,7000080.0,7000080.0,OK,
2,CSB/PL/2605-0014,8405,8703,OP113,RAK DAPUR KSC 002,OP113,RAK DAPUR KSC 002,,5.0,5.0,9000000.0,9000000.0,OK,
2,CSB/PL/2605-0015,8406,9925,OP176,KASUR BUSA OLYMPIC SUPER GOLD 120X200X20,OP176,KASUR BUSA OLYMPIC SUPER GOLD 120X200X20,,6.0,6.0,5214000.0,5214000.0,OK,
2,CSB/PL/2605-0016,8414,275,AV005,ARIES GOLD 4.5L,AV005,ARIES GOLD 4.5L,,40.0,40.0,4188000.0,3873900.0,OK,
2,CSB/PL/2605-0017,8415,10616,AV210,DEXTONE SILICON SEALANT TABUNG MULTI PURPOSE BLACK / WHITE 300ML,AV210,DEXTONE SILICON SEALANT TABUNG MULTI PURPOSE BLACK / WHITE 300ML,,12.0,12.0,385320.0,356421.0,OK,
2,CSB/PL/2605-0017,8416,10616,AV210,DEXTONE SILICON SEALANT TABUNG MULTI PURPOSE BLACK / WHITE 300ML,AV210,DEXTONE SILICON SEALANT TABUNG MULTI PURPOSE BLACK / WHITE 300ML,,12.0,12.0,385320.0,356421.0,OK,
2,CSB/PL/2605-0018,8772,9824,OP172,MEJA RIAS BESI OLYMSTEL OMR 001,OP172,MEJA RIAS BESI OLYMSTEL OMR 001,,5.0,5.0,7500000.0,7500000.0,OK,
2,CSB/PL/2605-0018,8773,11588,OP378,MEJA TAMU OLYMPIC CT MARBLE 01,OP378,MEJA TAMU OLYMPIC CT MARBLE 01,,5.0,5.0,2555000.0,2555000.0,OK,
2,CSB/PB/2601-0052,8846,10949,OP303,SOFA L CHESTER BLUDRU +SET MEJA SOFA CHESTER BLUDRU,OP303,SOFA L CHESTER BLUDRU +SET MEJA SOFA CHESTER BLUDRU,,1.0,1.0,4200000.0,4200000.0,OK,
2,CSB/PB/2601-0075,8847,9904,OP192,MATRAS SPRING BED OLYMPIC SILVER HESTIA23 120 X 200,OP192,MATRAS SPRING BED OLYMPIC SILVER HESTIA23 120 X 200,,1.0,1.0,1419000.0,1419000.0,OK,
2,CSB/PB/2601-0122,8848,7979,OP038,2IN1 OLIMPIC THERA/PROCELLA PLATINUM 120X200,OP038,2IN1 OLIMPIC THERA/PROCELLA PLATINUM 120X200,,1.0,1.0,2700000.0,2700000.0,OK,
2,CSB/PB/2601-0123,8849,7979,OP038,2IN1 OLIMPIC THERA/PROCELLA PLATINUM 120X200,OP038,2IN1 OLIMPIC THERA/PROCELLA PLATINUM 120X200,,1.0,1.0,2700000.0,2700000.0,OK,
2,CSB/PB/2601-0054,8850,11182,OP323,SOFA AMOURA RED PLUM 211+STOOL+MEJA,OP323,SOFA AMOURA RED PLUM 211+STOOL+MEJA,,1.0,1.0,4000000.0,4000000.0,OK,
2,CSB/PB/2601-0055,8851,11182,OP323,SOFA AMOURA RED PLUM 211+STOOL+MEJA,OP323,SOFA AMOURA RED PLUM 211+STOOL+MEJA,,1.0,1.0,4000000.0,4000000.0,OK,
2,CSB/PB/2601-0078,8852,8277,OP085,MEJA MAKAN DTM SIMPSON 6 KURSI,OP085,MEJA MAKAN DTM SIMPSON 6 KURSI,,2.0,2.0,4682000.0,4682000.0,OK,
2,CSB/PB/2601-0079,8853,10298,OP227,KURSI STAFF FRONTLINE OC 509,OP227,KURSI STAFF FRONTLINE OC 509,,6.0,6.0,5400000.0,5400000.0,OK,
2,CSB/PB/2601-0118,8854,10949,OP303,SOFA L CHESTER BLUDRU +SET MEJA SOFA CHESTER BLUDRU,OP303,SOFA L CHESTER BLUDRU +SET MEJA SOFA CHESTER BLUDRU,,1.0,1.0,4200000.0,4200000.0,OK,
2,CSB/PB/2601-0053,8855,10949,OP303,SOFA L CHESTER BLUDRU +SET MEJA SOFA CHESTER BLUDRU,OP303,SOFA L CHESTER BLUDRU +SET MEJA SOFA CHESTER BLUDRU,,1.0,1.0,4200000.0,4200000.0,OK,
2,CSB/PB/2601-0077,8856,9988,OP173,KASUR BUSA OLYMPIC SUPER GOLD LIST 160 X 200 X 14,OP173,KASUR BUSA OLYMPIC SUPER GOLD LIST 160 X 200 X 14,,9.0,9.0,5454000.0,5454000.0,OK,
2,CSB/PB/2601-0114,8857,8696,OP106,KASUR BUSA STANDART 120X200X14,OP106,KASUR BUSA STANDART 120X200X14,,12.0,12.0,4548000.0,4548000.0,OK,
2,CSB/PB/2601-0115,8858,6442,OP015,KASUR BUSA OLYMPIC DELUXE THERA LIST 120X200X20,OP015,KASUR BUSA OLYMPIC DELUXE THERA LIST 120X200X20,,10.0,10.0,6850000.0,6850000.0,OK,
2,CSB/PB/2601-0119,8859,9904,OP192,MATRAS SPRING BED OLYMPIC SILVER HESTIA23 120 X 200,OP192,MATRAS SPRING BED OLYMPIC SILVER HESTIA23 120 X 200,,5.0,5.0,7095000.0,7095000.0,OK,
2,CSB/PB/2601-0119,8860,6441,OP014,MATRAS VICA STANDART 090X200,OP014,MATRAS VICA STANDART 090X200,,3.0,3.0,2334000.0,2334000.0,OK,
2,CSB/PB/2601-0119,8861,10953,OP306,MATRAS VICA STANDART 120X200,OP306,MATRAS VICA STANDART 120X200,,3.0,3.0,2883000.0,2883000.0,OK,
2,CSB/PB/2601-0121,8862,10592,OP268,BED SET REFRESH ACADIA 180X200,OP268,BED SET REFRESH ACADIA 180X200,,1.0,1.0,5390000.0,5390000.0,OK,
2,CSB/PB/2601-0008,8863,9140,AC033,JAZZ MR TVT BEECH,AC033,JAZZ MR TVT BEECH,,5.0,5.0,6788000.0,4072800.0,OK,
2,CSB/PB/2601-0031,8864,10713,AV219,AVIAN CAT LAPANGAN 25KG,AV219,AVIAN CAT LAPANGAN 25KG,,1.0,1.0,1284000.0,961972.8,OK,
2,CSB/PB/2601-0032,8865,263,AV024,SUZUKA STANDART 1L,AV024,SUZUKA STANDART 1L,,6.0,6.0,616200.0,569985.0,OK,
2,CSB/PB/2601-0033,8866,8851,AV065,AVIAN CAT LAPANGAN 5KG,AV065,AVIAN CAT LAPANGAN 5KG,,8.0,8.0,2333600.0,1748333.12,OK,
2,CSB/PB/2601-0033,8867,8851,AV065,AVIAN CAT LAPANGAN 5KG,AV065,AVIAN CAT LAPANGAN 5KG,,6.0,6.0,1750200.0,1311249.84,OK,
2,CSB/PB/2601-0033,8868,8851,AV065,AVIAN CAT LAPANGAN 5KG,AV065,AVIAN CAT LAPANGAN 5KG,,8.0,8.0,2333600.0,1748333.12,OK,
2,CSB/PB/2601-0034,8869,8745,AV159,NO DROP TILE GROUT ANTI BOCOR 55,AV159,NO DROP TILE GROUT ANTI BOCOR 55,,3.0,3.0,66600.0,61605.0,OK,
2,CSB/PB/2601-0035,8870,275,AV005,ARIES GOLD 4.5L,AV005,ARIES GOLD 4.5L,,40.0,40.0,3688000.0,3411400.0,OK,
2,CSB/PB/2601-0036,8871,325,AV066,PLITUR BOYO 1L,AV066,PLITUR BOYO 1L,,24.0,24.0,2100000.0,1942500.0,OK,
2,CSB/PB/2601-0036,8872,325,AV066,PLITUR BOYO 1L,AV066,PLITUR BOYO 1L,,24.0,24.0,2100000.0,1942500.0,OK,
2,CSB/PB/2601-0037,8873,296,AV043,NO DROP 4L,AV043,NO DROP 4L,,4.0,4.0,1106400.0,1023420.0,OK,
2,CSB/PB/2601-0038,8874,9040,AV168,BOYO WOOD STAIN 2 IN 1,AV168,BOYO WOOD STAIN 2 IN 1,,48.0,48.0,4003200.0,3702960.0,OK,
2,CSB/PB/2601-0039,8875,275,AV005,ARIES GOLD 4.5L,AV005,ARIES GOLD 4.5L,,40.0,40.0,3688000.0,3411400.0,OK,
2,CSB/PB/2601-0040,8876,9040,AV168,BOYO WOOD STAIN 2 IN 1,AV168,BOYO WOOD STAIN 2 IN 1,,24.0,24.0,2001600.0,1851480.0,OK,
2,CSB/PB/2601-0041,8877,257,AV004,"AVIAN 0,9L",AV004,"AVIAN 0,9L",,48.0,48.0,4118400.0,3809520.0,OK,
2,CSB/PB/2601-0042,8878,10713,AV219,AVIAN CAT LAPANGAN 25KG,AV219,AVIAN CAT LAPANGAN 25KG,,1.0,1.0,1284000.0,961972.8,OK,
2,CSB/PB/2601-0043,8879,3294,AV022,AVITEX EXTERIOR BASE A 25KG,AV022,AVITEX EXTERIOR BASE A 25KG,,3.0,3.0,2649000.0,2317875.0,OK,
2,CSB/PB/2601-0043,8880,257,AV004,"AVIAN 0,9L",AV004,"AVIAN 0,9L",,72.0,72.0,6177600.0,5714280.0,OK,
2,CSB/PB/2601-0044,8881,4874,AV165,LAKBAN KERTAS 24MM,AV165,LAKBAN KERTAS 24MM,,144.0,144.0,869760.0,804528.0,OK,
2,CSB/PB/2601-0045,8882,10616,AV210,DEXTONE SILICON SEALANT TABUNG MULTI PURPOSE BLACK / WHITE 300ML,AV210,DEXTONE SILICON SEALANT TABUNG MULTI PURPOSE BLACK / WHITE 300ML,,48.0,48.0,1401120.0,1296036.0,OK,
2,CSB/PB/2601-0046,8883,304,AV051,NO DROP BASE C 1L,AV051,NO DROP BASE C 1L,,15.0,15.0,1021500.0,893812.5,OK,
2,CSB/PB/2601-0046,8884,296,AV043,NO DROP 4L,AV043,NO DROP 4L,,2.0,2.0,553200.0,511710.0,OK,
2,CSB/PB/2601-0047,8885,2676,AV129,LAKBAN KERTAS 48MM,AV129,LAKBAN KERTAS 48MM,,36.0,36.0,416520.0,385281.0,OK,
2,CSB/PB/2601-0048,8886,9040,AV168,BOYO WOOD STAIN 2 IN 1,AV168,BOYO WOOD STAIN 2 IN 1,,24.0,24.0,2001600.0,1851480.0,OK,
2,CSB/PB/2601-0048,8887,9040,AV168,BOYO WOOD STAIN 2 IN 1,AV168,BOYO WOOD STAIN 2 IN 1,,24.0,24.0,2001600.0,1851480.0,OK,
2,CSB/PB/2601-0048,8888,9040,AV168,BOYO WOOD STAIN 2 IN 1,AV168,BOYO WOOD STAIN 2 IN 1,,24.0,24.0,2001600.0,1851480.0,OK,
2,CSB/PB/2601-0048,8889,9040,AV168,BOYO WOOD STAIN 2 IN 1,AV168,BOYO WOOD STAIN 2 IN 1,,24.0,24.0,2001600.0,1851480.0,OK,
2,CSB/PB/2601-0048,8890,325,AV066,PLITUR BOYO 1L,AV066,PLITUR BOYO 1L,,60.0,60.0,5250000.0,4856250.0,OK,
2,CSB/PB/2601-0048,8891,325,AV066,PLITUR BOYO 1L,AV066,PLITUR BOYO 1L,,45.0,45.0,3937500.0,3642187.5,OK,
2,CSB/PB/2601-0048,8892,325,AV066,PLITUR BOYO 1L,AV066,PLITUR BOYO 1L,,58.0,58.0,5075000.0,4694375.0,OK,
2,CSB/PB/2601-0076,8893,10277,OP223,KURSI DIREKTUR FRONTLINE EC 26 HITAM,OP223,KURSI DIREKTUR FRONTLINE EC 26 HITAM,,6.0,6.0,8802000.0,8802000.0,OK,
2,CSB/PB/2601-0076,8894,11209,OP325,LEMARI ARSIP BESI FRONTLINE WLS 019,OP325,LEMARI ARSIP BESI FRONTLINE WLS 019,,5.0,5.0,8575000.0,8575000.0,OK,
2,CSB/PB/2601-0076,8895,6428,OP001,KURSI KSPB,OP001,KURSI KSPB,,50.0,50.0,12500000.0,12500000.0,OK,
2,CSB/PB/2601-0081,8896,10319,OP233,MEJA BELAJAR OLYMPIC SILVER SDB ALORA,OP233,MEJA BELAJAR OLYMPIC SILVER SDB ALORA,,2.0,2.0,1300000.0,1300000.0,OK,
2,CSB/PB/2601-0082,8897,10853,OP280,MEJA TAMU OLYMPIC CT MARBLE 02,OP280,MEJA TAMU OLYMPIC CT MARBLE 02,,2.0,2.0,1000000.0,1000000.0,OK,
2,CSB/PB/2601-0083,8898,6429,OP002,LEMARI PAKAIAN BESI OLYMPIC OSWS 120,OP002,LEMARI PAKAIAN BESI OLYMPIC OSWS 120,,2.0,2.0,3900000.0,3900000.0,OK,
2,CSB/PB/2601-0085,8899,8277,OP085,MEJA MAKAN DTM SIMPSON 6 KURSI,OP085,MEJA MAKAN DTM SIMPSON 6 KURSI,,1.0,1.0,1950000.0,1950000.0,OK,
2,CSB/PB/2601-0086,8900,10375,OP236,KURSI OLYMPLAST OL 213 R,OP236,KURSI OLYMPLAST OL 213 R,,150.0,150.0,13050000.0,13050000.0,OK,
2,CSB/PB/2601-0086,8901,9899,OP187,KURSI OLYMPLAST OL 205 R,OP187,KURSI OLYMPLAST OL 205 R,,50.0,50.0,4000000.0,4000000.0,OK,
2,CSB/PB/2601-0086,8902,8752,OP115,KURSI OLYMPLAST OL 101,OP115,KURSI OLYMPLAST OL 101,,400.0,400.0,20800000.0,20800000.0,OK,
2,CSB/PB/2601-0019,8903,4111,NP116,NIPPON ELASTEX PASTEL BASE 20KG,NP116,NIPPON ELASTEX PASTEL BASE 20KG,,10.0,10.0,8228630.0,8228630.0,OK,
2,CSB/PB/2601-0019,8904,4113,NP115,NIPPON ELASTEX ACCENT BASE 20KG,NP115,NIPPON ELASTEX ACCENT BASE 20KG,,5.0,5.0,3625165.0,3625165.0,OK,
2,CSB/PB/2601-0020,8905,4178,NP117,NIPPON ELASTEX DEEP BASE 20KG,NP117,NIPPON ELASTEX DEEP BASE 20KG,,5.0,5.0,3803135.0,3803135.0,OK,
2,CSB/PB/2601-0021,8906,6875,NP144,LEM PUTIH PVAC NIPPON,NP144,LEM PUTIH PVAC NIPPON,,480.0,480.0,5882880.0,5882880.0,OK,
2,CSB/PB/2601-0022,8907,4154,NP240,MATEX CEILING WHITE 4.5KG,NP240,MATEX CEILING WHITE 4.5KG,,4.0,4.0,462336.0,462336.0,OK,
2,CSB/PB/2601-0023,8908,4216,NP099,MATEX CEILING WHITE 20KG,NP099,MATEX CEILING WHITE 20KG,,20.0,20.0,9781680.0,9781680.0,OK,
2,CSB/PB/2601-0023,8909,274,NP008,NIPPON CLEAR 1250 1 KG,NP008,NIPPON CLEAR 1250 1 KG,,120.0,120.0,7265640.0,7265640.0,OK,
2,CSB/PB/2601-0024,8910,4109,NP069,NIPPON WEATHERBOND SOLAREFLECT DEEP BASE 2.25L,NP069,NIPPON WEATHERBOND SOLAREFLECT DEEP BASE 2.25L,,8.0,8.0,1938488.0,1938488.0,OK,
2,CSB/PB/2601-0025,8911,4168,NP078,VINILEX TINT BASE 25KG,NP078,VINILEX TINT BASE 25KG,,10.0,10.0,6577090.0,6577090.0,OK,
2,CSB/PB/2601-0026,8912,4265,NP034,NIPPON SPOT LESS PASTEL BASE 18.8L,NP034,NIPPON SPOT LESS PASTEL BASE 18.8L,,8.0,8.0,11821344.0,11821344.0,OK,
2,CSB/PB/2601-0027,8913,4167,NP076,VINILEX PASTEL BASE 25KG,NP076,VINILEX PASTEL BASE 25KG,,10.0,10.0,6805610.0,6805610.0,OK,
2,CSB/PB/2601-0028,8914,4115,NP096,MATEX TINT BASE 20KG,NP096,MATEX TINT BASE 20KG,,30.0,30.0,12478290.0,12478290.0,OK,
2,CSB/PB/2601-0029,8915,4157,NP114,PLATONE 8000 0.9L,NP114,PLATONE 8000 0.9L,,24.0,24.0,1480488.0,1480488.0,OK,
2,CSB/PB/2601-0030,8916,5130,NP080,VINILEX CEILING WHITE 001 5KG,NP080,VINILEX CEILING WHITE 001 5KG,,28.0,28.0,3939348.0,3939348.0,OK,
2,CSB/PB/2601-0080,8917,10299,OP228,MEJA BELAJAR OLYMPIC SILVER SDB KANTO,OP228,MEJA BELAJAR OLYMPIC SILVER SDB KANTO,,2.0,2.0,1300000.0,1300000.0,OK,
2,CSB/PB/2601-0084,8918,9988,OP173,KASUR BUSA OLYMPIC SUPER GOLD LIST 160 X 200 X 14,OP173,KASUR BUSA OLYMPIC SUPER GOLD LIST 160 X 200 X 14,,1.0,1.0,606000.0,606000.0,OK,
2,CSB/PB/2601-0166,8919,8697,OP107,KASUR BUSA STANDART 160X200X14,OP107,KASUR BUSA STANDART 160X200X14,,12.0,12.0,5640000.0,5640000.0,OK,
2,CSB/PB/2601-0060,8920,2677,AV164,LAKBAN KERTAS 18MM,AV164,LAKBAN KERTAS 18MM,,50.0,50.0,120000.0,111000.0,OK,
2,CSB/PB/2601-0061,8921,10713,AV219,AVIAN CAT LAPANGAN 25KG,AV219,AVIAN CAT LAPANGAN 25KG,,1.0,1.0,1284000.0,961972.8,OK,
2,CSB/PB/2601-0062,8922,285,AV032,AVITEX 25KG,AV032,AVITEX 25KG,,5.0,5.0,3861000.0,3571425.0,OK,
2,CSB/PB/2601-0062,8923,311,AV058,THINER AVIAN A 1L,AV058,THINER AVIAN A 1L,,48.0,48.0,2193600.0,2029080.0,OK,
2,CSB/PB/2601-0062,8924,6971,AV119,THINER AVIAN A 1/2L,AV119,THINER AVIAN A 1/2L,,72.0,72.0,2037600.0,1884780.0,OK,
2,CSB/PB/2601-0117,8925,10592,OP268,BED SET REFRESH ACADIA 180X200,OP268,BED SET REFRESH ACADIA 180X200,,1.0,1.0,5390000.0,5390000.0,OK,
2,CSB/PB/2601-0063,8926,10119,AC043,LULA KM 101,AC043,LULA KM 101,,18.0,18.0,11917800.0,7150680.0,OK,
2,CSB/PB/2601-0064,8927,10119,AC043,LULA KM 101,AC043,LULA KM 101,,9.0,9.0,5958900.0,3575340.0,OK,
2,CSB/PB/2601-0120,8928,10432,OP242,BED SET PROCELLA REJUVE ELYSIAN 23 160X200,OP242,BED SET PROCELLA REJUVE ELYSIAN 23 160X200,,1.0,1.0,7191000.0,7191000.0,OK,
2,CSB/PB/2601-0088,8929,2668,AV053,LEM EPOXY AVIAN 1L,AV053,LEM EPOXY AVIAN 1L,,24.0,24.0,6840000.0,6327000.0,OK,
2,CSB/PB/2601-0089,8930,8296,AC025,COZY STC 50 A/B - SILVER,AC025,COZY STC 50 A/B - SILVER,,50.0,50.0,23705000.0,13511850.0,OK,
2,CSB/PB/2601-0090,8931,8848,AC001,FORTE SI 121,AC001,FORTE SI 121,,1.0,1.0,3573900.0,2090731.5,OK,
2,CSB/PB/2601-0091,8932,9830,AC021,MR120 AUDI,AC021,MR120 AUDI,,2.0,2.0,7429200.0,4234644.0,OK,
2,CSB/PB/2601-0091,8933,7748,AC008,GALANT MTO 120,AC008,GALANT MTO 120,,8.0,8.0,10169600.0,5949216.0,OK,
2,CSB/PB/2601-0222,8934,6356,TX024,GRC BOARD 3.5MM,TX024,GRC BOARD 3.5MM,,1450.0,1450.0,56550000.0,56550000.0,OK,
2,CSB/PB/2601-0105,8935,358,KR001,MURANO PUTIH 40X40,KR001,MURANO PUTIH 40X40,,627.0,627.0,21945000.0,21945000.0,OK,
2,CSB/PB/2601-0127,8936,11182,OP323,SOFA AMOURA RED PLUM 211+STOOL+MEJA,OP323,SOFA AMOURA RED PLUM 211+STOOL+MEJA,,1.0,1.0,3800000.0,3800000.0,OK,
2,CSB/PB/2601-0127,8937,10949,OP303,SOFA L CHESTER BLUDRU +SET MEJA SOFA CHESTER BLUDRU,OP303,SOFA L CHESTER BLUDRU +SET MEJA SOFA CHESTER BLUDRU,,1.0,1.0,4200000.0,4200000.0,OK,
2,CSB/PB/2601-0098,8938,2847,TX031,LIS KAYU 5X4,TX031,LIS KAYU 5X4,,200.0,200.0,7000000.0,7000000.0,OK,
2,CSB/PB/2601-0098,8980,2847,TX031,LIS KAYU 5X4,TX031,LIS KAYU 5X4,,40.0,40.0,0.0,0.0,OK,
2,CSB/PB/2601-0102,8939,11487,OP342,KURSI STAFF FRONTLINE OC 04 HITAM,OP342,KURSI STAFF FRONTLINE OC 04 HITAM,,3.0,3.0,1875000.0,1875000.0,OK,
2,CSB/PB/2601-0102,8940,11491,OP346,KURSI DIREKTUR FRONTLINE EC 22 HITAM,OP346,KURSI DIREKTUR FRONTLINE EC 22 HITAM,,2.0,2.0,2300000.0,2300000.0,OK,
2,CSB/PB/2601-0102,8941,11492,OP347,KURSI DIREKTUR FRONTLINE EC 69 HITAM,OP347,KURSI DIREKTUR FRONTLINE EC 69 HITAM,,1.0,1.0,1975000.0,1975000.0,OK,
2,CSB/PB/2601-0102,8942,11493,OP348,MEJA PANEL FRONTLINE FT DASTAN 160 CERRY HITAM,OP348,MEJA PANEL FRONTLINE FT DASTAN 160 CERRY HITAM,,3.0,3.0,2070000.0,2070000.0,OK,
2,CSB/PB/2601-0103,8943,11488,OP343,LEMARI PAKAIAN BESI  OLYMSTEEL OSW AB 4P,OP343,LEMARI PAKAIAN BESI  OLYMSTEEL OSW AB 4P,,2.0,2.0,8100000.0,8100000.0,OK,
2,CSB/PB/2601-0103,8944,11489,OP344,LEMARI PAKAIAN BESI OLYMSTEEL OSW MR 2P3L,OP344,LEMARI PAKAIAN BESI OLYMSTEEL OSW MR 2P3L,,2.0,2.0,5400000.0,5400000.0,OK,
2,CSB/PB/2601-0103,8945,11490,OP345,LEMARI PAKAIAN BESI OLYMPSTEEL OSWS AB 2P,OP345,LEMARI PAKAIAN BESI OLYMPSTEEL OSWS AB 2P,,2.0,2.0,8000000.0,8000000.0,OK,
2,CSB/PB/2601-0106,8946,11482,OP337,LACI ARSIP BESI FRONTLINE FC D3A,OP337,LACI ARSIP BESI FRONTLINE FC D3A,,2.0,2.0,2700000.0,2700000.0,OK,
2,CSB/PB/2601-0106,8947,11483,OP338,LACI ARSIP BESI FRONTLINE FC D4A,OP338,LACI ARSIP BESI FRONTLINE FC D4A,,2.0,2.0,3500000.0,3500000.0,OK,
2,CSB/PB/2601-0106,8948,11484,OP339,MEJA MANAGER FRONTLINE MD VINTAGE  BEECH,OP339,MEJA MANAGER FRONTLINE MD VINTAGE  BEECH,,2.0,2.0,3400000.0,3400000.0,OK,
2,CSB/PB/2601-0106,8949,11485,OP340,KURSI DIREKTUR FRONTLINE EC 29 HITAM,OP340,KURSI DIREKTUR FRONTLINE EC 29 HITAM,,2.0,2.0,3400000.0,3400000.0,OK,
2,CSB/PB/2601-0106,8950,11486,OP341,KURSI DIREKTUR FRONTLINE EC 30 HITAM,OP341,KURSI DIREKTUR FRONTLINE EC 30 HITAM,,2.0,2.0,3200000.0,3200000.0,OK,
2,CSB/PB/2601-0107,8951,7964,OP023,"KURSI BANDARA FRONTLINE PC F,T 01 HITAM",OP023,"KURSI BANDARA FRONTLINE PC F,T 01 HITAM",,10.0,10.0,11580000.0,11580000.0,OK,
2,CSB/PB/2601-0107,8952,11210,OP326,LEMARI ARSIP BESI FRONTLINE FC A 18,OP326,LEMARI ARSIP BESI FRONTLINE FC A 18,,3.0,3.0,5250000.0,5250000.0,OK,
2,CSB/PB/2601-0107,8953,10854,OP281,LEMARI ARSIP BESI FRONTLINE FC E 18 ABU-ABU TUA DAN MUDA,OP281,LEMARI ARSIP BESI FRONTLINE FC E 18 ABU-ABU TUA DAN MUDA,,3.0,3.0,5250000.0,5250000.0,OK,
2,CSB/PB/2601-0108,8954,11496,OP350,MEJA RIAS OLYMPIC GOLD DRT NARA,OP350,MEJA RIAS OLYMPIC GOLD DRT NARA,,1.0,1.0,1650000.0,1650000.0,OK,
2,CSB/PB/2601-0108,8955,9911,OP195,MEJA RIAS OLYMPIC GOLD DRT HAZEL LIGHT,OP195,MEJA RIAS OLYMPIC GOLD DRT HAZEL LIGHT,,2.0,2.0,2800000.0,2800000.0,OK,
2,CSB/PB/2601-0109,8956,8703,OP113,RAK DAPUR KSC 002,OP113,RAK DAPUR KSC 002,,5.0,5.0,9000000.0,9000000.0,OK,
2,CSB/PB/2601-0110,8957,11494,OP349,KABINET OLYMPLAST OLC 2P1L PUTIH,OP349,KABINET OLYMPLAST OLC 2P1L PUTIH,,2.0,2.0,1000000.0,1000000.0,OK,
2,CSB/PB/2601-0111,8958,11478,OP333,MEJA TULIS OLYMPIC SILVER ST RUBIK CREAM WHITE,OP333,MEJA TULIS OLYMPIC SILVER ST RUBIK CREAM WHITE,,3.0,3.0,750000.0,750000.0,OK,
2,CSB/PB/2601-0111,8959,11479,OP334,RAK TV OLYMPIC SILVER AVR METTA CREAM-WHITE-SILVER,OP334,RAK TV OLYMPIC SILVER AVR METTA CREAM-WHITE-SILVER,,2.0,2.0,800000.0,800000.0,OK,
2,CSB/PB/2601-0112,8960,9384,OP133,MEJA BELAJAR KARAKTER G STAR MBB,OP133,MEJA BELAJAR KARAKTER G STAR MBB,,17.0,17.0,9350000.0,9350000.0,OK,
2,CSB/PB/2601-0113,8961,10889,OP292,RAK SERBAGUNA OLYMPIC REGULAR RH PINUMA,OP292,RAK SERBAGUNA OLYMPIC REGULAR RH PINUMA,,2.0,2.0,1200000.0,1200000.0,OK,
2,CSB/PB/2601-0116,8962,10221,OP219,LEMARI PAKAIAN PANEL ALBATROS WARDROBE WINTER 160,OP219,LEMARI PAKAIAN PANEL ALBATROS WARDROBE WINTER 160,,1.0,1.0,6610000.0,6610000.0,OK,
2,CSB/PB/2601-0124,8963,11497,OP351,MEJA TAMU OLYMPIC CT SIMPSON/STARLA,OP351,MEJA TAMU OLYMPIC CT SIMPSON/STARLA,,6.0,6.0,2100000.0,2100000.0,OK,
2,CSB/PB/2601-0125,8964,11498,OP352,SOFA 1 SEATER PROCELLA PILLO VIENA,OP352,SOFA 1 SEATER PROCELLA PILLO VIENA,,6.0,6.0,7674000.0,7674000.0,OK,
2,CSB/PB/2601-0125,8965,11499,OP353,SOFA 2 SEATER PROCELLA PILLO VIENA,OP353,SOFA 2 SEATER PROCELLA PILLO VIENA,,3.0,3.0,5574000.0,5574000.0,OK,
2,CSB/PB/2601-0126,8966,11500,OP354,LEMARI PAKAIAN PANEL ALBATROS WARDROBE WINTER,OP354,LEMARI PAKAIAN PANEL ALBATROS WARDROBE WINTER,,1.0,1.0,7840000.0,7840000.0,OK,
2,CSB/PB/2601-0126,8967,11501,OP355,LEMARI PAKAIAN SLIDING ALBATROS WARDROBE SUMMER,OP355,LEMARI PAKAIAN SLIDING ALBATROS WARDROBE SUMMER,,1.0,1.0,7780000.0,7780000.0,OK,
2,CSB/PB/2601-0126,8968,9821,OP169,LEMARI PAKAIAN PANEL ALBATROS WARDROBE WINTER 2 DOOR,OP169,LEMARI PAKAIAN PANEL ALBATROS WARDROBE WINTER 2 DOOR,,1.0,1.0,4500000.0,4500000.0,OK,
2,CSB/PB/2601-0126,8969,10110,OP207,LEMARI PAKAIAN PANEL ALBATROS WARDROBE AUTUMN 3 DOOR,OP207,LEMARI PAKAIAN PANEL ALBATROS WARDROBE AUTUMN 3 DOOR,,1.0,1.0,6020000.0,6020000.0,OK,
2,CSB/PB/2601-0150,8970,9990,OP144,KASUR BUSA OLYMPIC STANDART LIST BUNGA 120X200X20,OP144,KASUR BUSA OLYMPIC STANDART LIST BUNGA 120X200X20,,10.0,10.0,5050000.0,5050000.0,OK,
2,CSB/PB/2601-0151,8971,6442,OP015,KASUR BUSA OLYMPIC DELUXE THERA LIST 120X200X20,OP015,KASUR BUSA OLYMPIC DELUXE THERA LIST 120X200X20,,6.0,6.0,4110000.0,4110000.0,OK,
2,CSB/PB/2601-0152,8972,8696,OP106,KASUR BUSA STANDART 120X200X14,OP106,KASUR BUSA STANDART 120X200X14,,10.0,10.0,3700000.0,3700000.0,OK,
2,CSB/PB/2601-0194,8973,9991,OP149,KASUR BUSA OLYMPIC STANDART LIST BUNGA 160X200X20,OP149,KASUR BUSA OLYMPIC STANDART LIST BUNGA 160X200X20,,10.0,10.0,6270000.0,6270000.0,OK,
2,CSB/PB/2601-0213,8974,9988,OP173,KASUR BUSA OLYMPIC SUPER GOLD LIST 160 X 200 X 14,OP173,KASUR BUSA OLYMPIC SUPER GOLD LIST 160 X 200 X 14,,6.0,6.0,3636000.0,3636000.0,OK,
2,CSB/PB/2601-0213,8975,8642,OP103,KASUR BUSA OLYMPIC SUPER GOLD 160X200x20,OP103,KASUR BUSA OLYMPIC SUPER GOLD 160X200x20,,10.0,10.0,7570000.0,7570000.0,OK,
2,CSB/PB/2601-0213,8976,8697,OP107,KASUR BUSA STANDART 160X200X14,OP107,KASUR BUSA STANDART 160X200X14,,10.0,10.0,4700000.0,4700000.0,OK,
2,CSB/PB/2601-0223,8977,3344,PK007,PAKU 12CM,PK007,PAKU 12CM,,200.0,200.0,72600000.0,72600000.0,OK,
2,CSB/PB/2601-0224,8978,2776,KR326,ALDERWOOD BROWN 50x50,KR326,ALDERWOOD BROWN 50x50,,240.0,240.0,13320000.0,13320000.0,OK,
2,CSB/PB/2601-0225,8979,5415,KR220,FORESTSTONE GREY 40X40,KR220,FORESTSTONE GREY 40X40,,252.0,252.0,14112000.0,14112000.0,OK,
2,CSB/PB/2601-0195,8981,8642,OP103,KASUR BUSA OLYMPIC SUPER GOLD 160X200x20,OP103,KASUR BUSA OLYMPIC SUPER GOLD 160X200x20,,10.0,10.0,7570000.0,7570000.0,OK,
2,CSB/PB/2601-0220,8982,9991,OP149,KASUR BUSA OLYMPIC STANDART LIST BUNGA 160X200X20,OP149,KASUR BUSA OLYMPIC STANDART LIST BUNGA 160X200X20,,12.0,12.0,7512000.0,7512000.0,OK,
2,CSB/PB/2601-0220,8983,9990,OP144,KASUR BUSA OLYMPIC STANDART LIST BUNGA 120X200X20,OP144,KASUR BUSA OLYMPIC STANDART LIST BUNGA 120X200X20,,12.0,12.0,6060000.0,6060000.0,OK,
2,CSB/PB/2601-0153-01,8984,9988,OP173,KASUR BUSA OLYMPIC SUPER GOLD LIST 160 X 200 X 14,OP173,KASUR BUSA OLYMPIC SUPER GOLD LIST 160 X 200 X 14,,4.0,4.0,2424000.0,2424000.0,OK,
2,CSB/PB/2601-0137,8985,8748,AV160,AVIAN CLING 0.86L,AV160,AVIAN CLING 0.86L,,48.0,48.0,3302400.0,3054720.0,OK,
2,CSB/PB/2601-0137,8986,281,AV011,ARIES GOLD BASE B 18KG,AV011,ARIES GOLD BASE B 18KG,,10.0,10.0,3526000.0,3085250.0,OK,
2,CSB/PB/2601-0137,8987,4684,AV075,TINTA AVIAN YE,AV075,TINTA AVIAN YE,,9.0,9.0,3125700.0,2891272.5,OK,
2,CSB/PB/2601-0137,8988,7112,AV139,"NO DROP ANTI PANAS BASE C 3,2L",AV139,"NO DROP ANTI PANAS BASE C 3,2L",,4.0,4.0,1358400.0,1188600.0,OK,
2,CSB/PB/2601-0138,8989,2669,AV054,LEM EPOXY AVIAN 170GR,AV054,LEM EPOXY AVIAN 170GR,,30.0,30.0,2055000.0,1900875.0,OK,
2,CSB/PB/2601-0139,8990,278,AV008,ARIES GOLD BASE B 4.5L,AV008,ARIES GOLD BASE B 4.5L,,40.0,40.0,3612000.0,3160500.0,OK,
2,CSB/PB/2601-0139,8991,296,AV043,NO DROP 4L,AV043,NO DROP 4L,,2.0,2.0,553200.0,511710.0,OK,
2,CSB/PB/2601-0140,8992,6848,AV132,NUT KERAMIK GIANT MORTAR,AV132,NUT KERAMIK GIANT MORTAR,,24.0,24.0,285600.0,237762.0,OK,
2,CSB/PB/2601-0141,8993,4596,AV134,PLAMIR GIANT MORTAR,AV134,PLAMIR GIANT MORTAR,,300.0,300.0,8160000.0,6793200.0,OK,
2,CSB/PB/2601-0144,8994,122,SM001,SEMEN CONCH,SM001,SEMEN CONCH,,17000.0,17000.0,678300000.0,678300000.0,OK,
2,CSB/PB/2601-0145,8995,6529,SM007,SEMEN TONASA,SM007,SEMEN TONASA,,13640.0,13640.0,634260000.0,634260000.0,OK,
2,CSB/PB/2601-0155,8996,11459,TX116,PLAFON PVC 8MM SUBMARINE HT SH 109 (FB001),TX116,PLAFON PVC 8MM SUBMARINE HT SH 109 (FB001),,1.0,1.0,480000.0,480000.0,OK,
2,CSB/PB/2601-0155,8997,11464,TX121,PLAFON PVC 8MM SUBMARINE HT SH 126 (FB08),TX121,PLAFON PVC 8MM SUBMARINE HT SH 126 (FB08),,9.0,9.0,4320000.0,4320000.0,OK,
2,CSB/PB/2601-0155,8998,11468,TX125,PLAFON PVC 8MM SUBMARINE HT SH 185,TX125,PLAFON PVC 8MM SUBMARINE HT SH 185,,22.0,22.0,10560000.0,10560000.0,OK,
2,CSB/PB/2601-0155,8999,11471,TX128,PLAFON PVC 8MM SUBMARINE LAMINATED SL 111,TX128,PLAFON PVC 8MM SUBMARINE LAMINATED SL 111,,20.0,20.0,10800000.0,10800000.0,OK,
2,CSB/PB/2601-0209,9000,8194,OP066,SPRINGBED SILVER HESTIA 160X200,OP066,SPRINGBED SILVER HESTIA 160X200,,2.0,2.0,3588000.0,3588000.0,OK,
2,CSB/PB/2601-0210,9001,11564,OP376,SOFA 2 SEATER APOLLO NON MECHANISM,OP376,SOFA 2 SEATER APOLLO NON MECHANISM,,5.0,5.0,8970000.0,8970000.0,OK,
2,CSB/PB/2601-0206,9002,10592,OP268,BED SET REFRESH ACADIA 180X200,OP268,BED SET REFRESH ACADIA 180X200,,1.0,1.0,5390000.0,5390000.0,OK,
2,CSB/PB/2601-0208,9003,9904,OP192,MATRAS SPRING BED OLYMPIC SILVER HESTIA23 120 X 200,OP192,MATRAS SPRING BED OLYMPIC SILVER HESTIA23 120 X 200,,1.0,1.0,1419000.0,1419000.0,OK,
2,CSB/PB/2601-0208,9004,8194,OP066,SPRINGBED SILVER HESTIA 160X200,OP066,SPRINGBED SILVER HESTIA 160X200,,3.0,3.0,5382000.0,5382000.0,OK,
2,CSB/PB/2601-0211,9005,8194,OP066,SPRINGBED SILVER HESTIA 160X200,OP066,SPRINGBED SILVER HESTIA 160X200,,1.0,1.0,1794000.0,1794000.0,OK,
2,CSB/PB/2601-0216,9006,9760,AQ011,KULKAS 2 PINTU AQUA AQR-DTM285CBP (DS),AQ011,KULKAS 2 PINTU AQUA AQR-DTM285CBP (DS),,6.0,6.0,17502000.0,17502000.0,OK,
2,CSB/PB/2601-0217,9007,11574,AQ058,AC AQUA AQA-CR18FQAL3,AQ058,AC AQUA AQA-CR18FQAL3,,3.0,3.0,17103000.0,17103000.0,OK,
2,CSB/PB/2601-0217,9008,11575,AQ059,MESIN CUCI AQUA QW-8011 HT,AQ059,MESIN CUCI AQUA QW-8011 HT,,6.0,6.0,8094000.0,8094000.0,OK,
2,CSB/PB/2601-0217,9009,10662,AQ048,MESIN CUCI AQUA QW-9030 HT,AQ048,MESIN CUCI AQUA QW-9030 HT,,6.0,6.0,9756000.0,9756000.0,OK,
2,CSB/PB/2601-0217,9010,10349,AQ017,MESIN CUCI AQUA QW-9031 HT,AQ017,MESIN CUCI AQUA QW-9031 HT,,6.0,6.0,9504000.0,9504000.0,OK,
2,CSB/PB/2601-0217,9011,10660,AQ046,MESIN CUCI AQUA QW-7030 HT,AQ046,MESIN CUCI AQUA QW-7030 HT,,6.0,6.0,7902000.0,7902000.0,OK,
2,CSB/PB/2601-0218,9012,11576,AQ060,FREEZER BOX AQUA AQF-980 GC,AQ060,FREEZER BOX AQUA AQF-980 GC,,2.0,2.0,20078000.0,20078000.0,OK,
2,CSB/PB/2601-0218,9013,11577,AQ061,FREEZER BOX AQUA AQF-600 GC,AQ061,FREEZER BOX AQUA AQF-600 GC,,3.0,3.0,16422000.0,16422000.0,OK,
2,CSB/PB/2601-0218,9014,10661,AQ047,MESIN CUCI AQUA QW-8030 HT,AQ047,MESIN CUCI AQUA QW-8030 HT,,2.0,2.0,2942000.0,2942000.0,OK,
2,CSB/PB/2601-0218,9015,10576,AQ028,FREEZER BOX AQUA AQF 150 HC,AQ028,FREEZER BOX AQUA AQF 150 HC,,4.0,4.0,9436000.0,9436000.0,OK,
2,CSB/PB/2601-0167-01,9016,11181,OP322,SOFA PROCELLA BRAGA 211+STOOL+MEJA,OP322,SOFA PROCELLA BRAGA 211+STOOL+MEJA,,3.0,3.0,10199862.0,10199862.0,OK,
2,CSB/PB/2601-0167-01,9017,11182,OP323,SOFA AMOURA RED PLUM 211+STOOL+MEJA,OP323,SOFA AMOURA RED PLUM 211+STOOL+MEJA,,3.0,3.0,10199862.0,10199862.0,OK,
2,CSB/PB/2601-0215,9018,9596,OP134,LEMARI PAKAIAN BESI OLYMSTEEL OSW 4P TG,OP134,LEMARI PAKAIAN BESI OLYMSTEEL OSW 4P TG,,10.0,10.0,26000000.0,26000000.0,OK,
2,CSB/PB/2601-0154,9019,4596,AV134,PLAMIR GIANT MORTAR,AV134,PLAMIR GIANT MORTAR,,300.0,300.0,8160000.0,6793200.0,OK,
2,CSB/PB/2601-0165-01,9020,10949,OP303,SOFA L CHESTER BLUDRU +SET MEJA SOFA CHESTER BLUDRU,OP303,SOFA L CHESTER BLUDRU +SET MEJA SOFA CHESTER BLUDRU,,4.0,4.0,16800000.0,15120000.0,OK,
2,CSB/PB/2601-0165-01,9021,9341,OP128,SOFA L MINIMALIS MODEREN NEW OSCAR ABU ABU,OP128,SOFA L MINIMALIS MODEREN NEW OSCAR ABU ABU,,2.0,2.0,7200000.0,6480000.0,OK,
2,CSB/PB/2601-0192,9022,11487,OP342,KURSI STAFF FRONTLINE OC 04 HITAM,OP342,KURSI STAFF FRONTLINE OC 04 HITAM,,2.0,2.0,1250000.0,1250000.0,OK,
2,CSB/PB/2601-0192,9023,11482,OP337,LACI ARSIP BESI FRONTLINE FC D3A,OP337,LACI ARSIP BESI FRONTLINE FC D3A,,1.0,1.0,1350000.0,1350000.0,OK,
2,CSB/PB/2601-0192,9024,11551,OP370,LOCKER BESI FRONTLINE LOCKER 3T ABU-ABU TUA DAN MUDA,OP370,LOCKER BESI FRONTLINE LOCKER 3T ABU-ABU TUA DAN MUDA,,2.0,2.0,1900000.0,1900000.0,OK,
2,CSB/PB/2601-0202,9025,11182,OP323,SOFA AMOURA RED PLUM 211+STOOL+MEJA,OP323,SOFA AMOURA RED PLUM 211+STOOL+MEJA,,3.0,3.0,11400000.0,11400000.0,OK,
2,CSB/PB/2601-0212,9026,8194,OP066,SPRINGBED SILVER HESTIA 160X200,OP066,SPRINGBED SILVER HESTIA 160X200,,2.0,2.0,3588000.0,3588000.0,OK,
2,CSB/PB/2601-0190,9027,11486,OP341,KURSI DIREKTUR FRONTLINE EC 30 HITAM,OP341,KURSI DIREKTUR FRONTLINE EC 30 HITAM,,2.0,2.0,3200000.0,3200000.0,OK,
2,CSB/PB/2601-0190,9028,11492,OP347,KURSI DIREKTUR FRONTLINE EC 69 HITAM,OP347,KURSI DIREKTUR FRONTLINE EC 69 HITAM,,2.0,2.0,3950000.0,3950000.0,OK,
2,CSB/PB/2601-0197,9029,11535,OP362,BED LINEN SET PROCELLA SOFTWEAVE LUX 120 T35,OP362,BED LINEN SET PROCELLA SOFTWEAVE LUX 120 T35,,6.0,6.0,840000.0,840000.0,OK,
2,CSB/PB/2601-0197,9030,10902,OP293,BED LINEN SET PROCELLA  SOFTWEAVE LUX 160  T35,OP293,BED LINEN SET PROCELLA  SOFTWEAVE LUX 160  T35,,6.0,6.0,990000.0,990000.0,OK,
2,CSB/PB/2601-0197,9031,10903,OP294,BED LINEN SET PROCELLA SOFTWEAVE LUX 180 T35,OP294,BED LINEN SET PROCELLA SOFTWEAVE LUX 180 T35,,6.0,6.0,1050000.0,1050000.0,OK,
2,CSB/PB/2601-0197,9032,11534,OP361,BED LINEN SET PROCELLA SOFTWEAVE LUX 200 T35,OP361,BED LINEN SET PROCELLA SOFTWEAVE LUX 200 T35,,5.0,5.0,950000.0,950000.0,OK,
2,CSB/PB/2601-0197,9033,10902,OP293,BED LINEN SET PROCELLA  SOFTWEAVE LUX 160  T35,OP293,BED LINEN SET PROCELLA  SOFTWEAVE LUX 160  T35,,6.0,6.0,840000.0,840000.0,OK,
2,CSB/PB/2601-0197,9034,10903,OP294,BED LINEN SET PROCELLA SOFTWEAVE LUX 180 T35,OP294,BED LINEN SET PROCELLA SOFTWEAVE LUX 180 T35,,6.0,6.0,990000.0,990000.0,OK,
2,CSB/PB/2601-0197,9035,11534,OP361,BED LINEN SET PROCELLA SOFTWEAVE LUX 200 T35,OP361,BED LINEN SET PROCELLA SOFTWEAVE LUX 200 T35,,6.0,6.0,1050000.0,1050000.0,OK,
2,CSB/PB/2601-0198,9036,11559,OP374,RAK SERBAGUNA BESI OLYMSTEEL OMS 001 1P,OP374,RAK SERBAGUNA BESI OLYMSTEEL OMS 001 1P,,2.0,2.0,2770000.0,2770000.0,OK,
2,CSB/PB/2601-0207,9037,10473,OP251,SOFA SET 321 SEATER PROCELLA NEW  APOLLO CREAM,OP251,SOFA SET 321 SEATER PROCELLA NEW  APOLLO CREAM,,1.0,1.0,7500000.0,7500000.0,OK,
2,CSB/PB/2601-0214,9038,11481,OP336,CREDENZA OLYMPIC SILVER CSD FUERTE,OP336,CREDENZA OLYMPIC SILVER CSD FUERTE,,1.0,1.0,810000.0,810000.0,OK,
2,CSB/PB/2601-0214,9039,11552,OP371,MEJA TULIS OLYMPIC SILVER MT AXENA,OP371,MEJA TULIS OLYMPIC SILVER MT AXENA,,2.0,2.0,1760000.0,1760000.0,OK,
2,CSB/PB/2601-0214,9040,11553,OP372,RAK TV OLYMPIC GOLD AVR HAZEL & HAZEL LIGHT,OP372,RAK TV OLYMPIC GOLD AVR HAZEL & HAZEL LIGHT,,2.0,2.0,1830000.0,1830000.0,OK,
2,CSB/PB/2601-0214,9041,11554,OP373,TAK TV OLYMPIC SILVER AVR NAVARO CREAM,OP373,TAK TV OLYMPIC SILVER AVR NAVARO CREAM,,1.0,1.0,965000.0,965000.0,OK,
2,CSB/PB/2601-0203-01,9042,10472,OP250,SOFA SET 321 SEATER APOLLO BLACK,OP250,SOFA SET 321 SEATER APOLLO BLACK,,1.0,1.0,7500000.0,7500000.0,OK,
2,CSB/PB/2601-0174,9043,286,AV033,AVITEX BASE A 5KG,AV033,AVITEX BASE A 5KG,,40.0,40.0,6528000.0,5712000.0,OK,
2,CSB/PB/2601-0174,9044,289,AV036,AVITEX BASE A 25KG,AV036,AVITEX BASE A 25KG,,5.0,5.0,3848000.0,3367000.0,OK,
2,CSB/PB/2601-0174,9045,356,AV202,LEM BESI DEXTONE EPOXY,AV202,LEM BESI DEXTONE EPOXY,,192.0,192.0,2803200.0,2592960.0,OK,
2,CSB/PB/2601-0174,9046,10616,AV210,DEXTONE SILICON SEALANT TABUNG MULTI PURPOSE BLACK / WHITE 300ML,AV210,DEXTONE SILICON SEALANT TABUNG MULTI PURPOSE BLACK / WHITE 300ML,,48.0,48.0,1401120.0,1296036.0,OK,
2,CSB/PB/2601-0193,9047,11534,OP361,BED LINEN SET PROCELLA SOFTWEAVE LUX 200 T35,OP361,BED LINEN SET PROCELLA SOFTWEAVE LUX 200 T35,,9.0,9.0,1710000.0,1710000.0,OK,
2,CSB/PB/2601-0193,9048,10902,OP293,BED LINEN SET PROCELLA  SOFTWEAVE LUX 160  T35,OP293,BED LINEN SET PROCELLA  SOFTWEAVE LUX 160  T35,,12.0,12.0,1980000.0,1980000.0,OK,
2,CSB/PB/2601-0193,9049,10903,OP294,BED LINEN SET PROCELLA SOFTWEAVE LUX 180 T35,OP294,BED LINEN SET PROCELLA SOFTWEAVE LUX 180 T35,,12.0,12.0,2100000.0,2100000.0,OK,
2,CSB/PB/2601-0193,9050,11535,OP362,BED LINEN SET PROCELLA SOFTWEAVE LUX 120 T35,OP362,BED LINEN SET PROCELLA SOFTWEAVE LUX 120 T35,,8.0,8.0,1120000.0,1120000.0,OK,
2,CSB/PB/2601-0204,9051,11535,OP362,BED LINEN SET PROCELLA SOFTWEAVE LUX 120 T35,OP362,BED LINEN SET PROCELLA SOFTWEAVE LUX 120 T35,,12.0,12.0,1680000.0,1680000.0,OK,
2,CSB/PB/2601-0204,9052,10902,OP293,BED LINEN SET PROCELLA  SOFTWEAVE LUX 160  T35,OP293,BED LINEN SET PROCELLA  SOFTWEAVE LUX 160  T35,,10.0,10.0,1650000.0,1650000.0,OK,
2,CSB/PB/2601-0204,9053,10903,OP294,BED LINEN SET PROCELLA SOFTWEAVE LUX 180 T35,OP294,BED LINEN SET PROCELLA SOFTWEAVE LUX 180 T35,,11.0,11.0,1925000.0,1925000.0,OK,
2,CSB/PB/2601-0204,9054,11534,OP361,BED LINEN SET PROCELLA SOFTWEAVE LUX 200 T35,OP361,BED LINEN SET PROCELLA SOFTWEAVE LUX 200 T35,,10.0,10.0,1900000.0,1900000.0,OK,
2,CSB/PB/2601-0221,9055,690,BT036,BAUT HITAM 19X30CM,BT036,BAUT HITAM 19X30CM,,1860.0,1860.0,8649000.0,8649000.0,OK,
2,CSB/PB/2601-0201,9056,9341,OP128,SOFA L MINIMALIS MODEREN NEW OSCAR ABU ABU,OP128,SOFA L MINIMALIS MODEREN NEW OSCAR ABU ABU,,1.0,1.0,3600000.0,3600000.0,OK,
2,CSB/PB/2601-0205,9057,10592,OP268,BED SET REFRESH ACADIA 180X200,OP268,BED SET REFRESH ACADIA 180X200,,1.0,1.0,5390000.0,5390000.0,OK,
2,CSB/PB/2601-0196,9058,10432,OP242,BED SET PROCELLA REJUVE ELYSIAN 23 160X200,OP242,BED SET PROCELLA REJUVE ELYSIAN 23 160X200,,1.0,1.0,7191000.0,7191000.0,OK,
2,CSB/PB/2601-0182,9059,257,AV004,"AVIAN 0,9L",AV004,"AVIAN 0,9L",,48.0,48.0,4118400.0,3809520.0,OK,
2,CSB/PB/2601-0183,9060,325,AV066,PLITUR BOYO 1L,AV066,PLITUR BOYO 1L,,3.0,3.0,262500.0,242812.5,OK,
2,CSB/PB/2601-0186,9061,4962,AT008,PARANG TEOR XXL,AT008,PARANG TEOR XXL,,21.0,21.0,2940000.0,2940000.0,OK,
2,CSB/PB/2601-0186,9062,4740,AT006,PARANG TEOR L,AT006,PARANG TEOR L,,15.0,15.0,1950000.0,1950000.0,OK,
2,CSB/PB/2601-0186,9063,4741,AT005,PARANG TEOR LS,AT005,PARANG TEOR LS,,21.0,21.0,2625000.0,2625000.0,OK,
2,CSB/PB/2601-0186,9064,4742,AT004,PARANG TEOR GAMARU,AT004,PARANG TEOR GAMARU,,20.0,20.0,2500000.0,2500000.0,OK,
2,CSB/PB/2601-0186,9065,4743,AT003,PARANG TEOR KOPRA,AT003,PARANG TEOR KOPRA,,15.0,15.0,1800000.0,1800000.0,OK,
2,CSB/PB/2601-0186,9066,4744,AT002,PARANG TEOR SEDANG,AT002,PARANG TEOR SEDANG,,20.0,20.0,2300000.0,2300000.0,OK,
2,CSB/PB/2601-0186,9067,4745,AT001,PARANG TEOR PENDEK,AT001,PARANG TEOR PENDEK,,28.0,28.0,2520000.0,2520000.0,OK,
2,CSB/PB/2601-0191,9068,8185,OP059,KASUR BUSA OLYMPIC GINKO HYBRID IN BOX 160X200X28,OP059,KASUR BUSA OLYMPIC GINKO HYBRID IN BOX 160X200X28,,1.0,1.0,2900000.0,2900000.0,OK,
2,CSB/PB/2601-0191,9069,11539,OP366,KASUR BUSA OLYMPIC ZENITHA IN BOX 140X200X20,OP366,KASUR BUSA OLYMPIC ZENITHA IN BOX 140X200X20,,1.0,1.0,1685000.0,1685000.0,OK,
2,CSB/PB/2601-0191,9070,11540,OP367,KASUR BUSA OLYMPIC OCF-D24 JQ BIRU LIST 90X200X14,OP367,KASUR BUSA OLYMPIC OCF-D24 JQ BIRU LIST 90X200X14,,1.0,1.0,685000.0,685000.0,OK,
2,CSB/PB/2601-0191,9071,11542,OP368,KASUR BUSA OLYMPIC OCF-D24 JQ BIRU LIST 120X200X14,OP368,KASUR BUSA OLYMPIC OCF-D24 JQ BIRU LIST 120X200X14,,1.0,1.0,885000.0,885000.0,OK,
2,CSB/PB/2601-0200,9072,9341,OP128,SOFA L MINIMALIS MODEREN NEW OSCAR ABU ABU,OP128,SOFA L MINIMALIS MODEREN NEW OSCAR ABU ABU,,1.0,1.0,3600000.0,3600000.0,OK,
2,CSB/PB/2601-0219,9073,9904,OP192,MATRAS SPRING BED OLYMPIC SILVER HESTIA23 120 X 200,OP192,MATRAS SPRING BED OLYMPIC SILVER HESTIA23 120 X 200,,4.0,4.0,5676000.0,5676000.0,OK,
2,CSB/PB/2601-0219,9074,6441,OP014,MATRAS VICA STANDART 090X200,OP014,MATRAS VICA STANDART 090X200,,5.0,5.0,3890000.0,3890000.0,OK,
2,CSB/PB/2602-0007,10065,4260,NP111,ELASTEX ACCENT BASE 4KG,NP111,ELASTEX ACCENT BASE 4KG,,4.0,4.0,692504.0,692504.0,OK,
2,CSB/PB/2602-0007,10066,4259,NP113,ELASTEX DEEP BASE 4KG,NP113,ELASTEX DEEP BASE 4KG,,20.0,20.0,3633240.0,3633240.0,OK,
2,CSB/PB/2602-0008,10067,4127,NP026,PLATONE 8000 ACCENT BASE 2.25L,NP026,PLATONE 8000 ACCENT BASE 2.25L,,20.0,20.0,2723280.0,2723280.0,OK,
2,CSB/PB/2602-0009,10068,10005,NP245,BAK CAT 9 INCH (N12),NP245,BAK CAT 9 INCH (N12),,36.0,36.0,371916.0,371916.0,OK,
2,CSB/PB/2602-0010,10069,4257,NP084,VINILEX TINT BASE 5KG,NP084,VINILEX TINT BASE 5KG,,40.0,40.0,5649480.0,5649480.0,OK,
2,CSB/PB/2602-0011,10070,4160,NP048,NIPPON SPOT LESS PLUS TINT BASE 2.30L,NP048,NIPPON SPOT LESS PLUS TINT BASE 2.30L,,14.0,14.0,3065272.0,3065272.0,OK,
2,CSB/PB/2602-0011,10071,4161,NP047,NIPPON SPOT LESS PLUS DEEP BASE 2.25L,NP047,NIPPON SPOT LESS PLUS DEEP BASE 2.25L,,16.0,16.0,3360528.0,3360528.0,OK,
2,CSB/PB/2602-0012,10072,4270,NP040,NIPPON SPOT LESS TINT BASE 2.30L,NP040,NIPPON SPOT LESS TINT BASE 2.30L,,20.0,20.0,4161580.0,4161580.0,OK,
2,CSB/PB/2602-0013,10073,4170,NP083,VINILEX DEEP BASE 5KG,NP083,VINILEX DEEP BASE 5KG,,20.0,20.0,2702720.0,2702720.0,OK,
2,CSB/PB/2602-0014,10074,5130,NP080,VINILEX CEILING WHITE 001 5KG,NP080,VINILEX CEILING WHITE 001 5KG,,12.0,12.0,1688292.0,1688292.0,OK,
2,CSB/PB/2602-0015,10075,4157,NP114,PLATONE 8000 0.9L,NP114,PLATONE 8000 0.9L,,60.0,60.0,3732000.0,3732000.0,OK,
2,CSB/PB/2602-0016,10076,8352,NP203,MDF NP KUAS NP888 2.5 INCH,NP203,MDF NP KUAS NP888 2.5 INCH,,36.0,36.0,352512.0,352512.0,OK,
2,CSB/PB/2602-0016,10077,8354,NP205,MDF NP KUAS NP888 4 INCH,NP205,MDF NP KUAS NP888 4 INCH,,36.0,36.0,638928.0,638928.0,OK,
2,CSB/PB/2602-0016,10078,8356,NP207,MDF NP KUAS NP888 6 INCH,NP207,MDF NP KUAS NP888 6 INCH,,18.0,18.0,484704.0,484704.0,OK,
2,CSB/PB/2602-0017,10079,4178,NP117,NIPPON ELASTEX DEEP BASE 20KG,NP117,NIPPON ELASTEX DEEP BASE 20KG,,5.0,5.0,4087580.0,4087580.0,OK,
2,CSB/PB/2602-0017,10080,4271,NP039,NIPPON SPOT LESS DEEP BASE 2.25,NP039,NIPPON SPOT LESS DEEP BASE 2.25,,20.0,20.0,3977600.0,3977600.0,OK,
2,CSB/PB/2602-0018,10081,4116,NP097,MATEX DEEP  20KG,NP097,MATEX DEEP  20KG,,20.0,20.0,8421800.0,8421800.0,OK,
2,CSB/PB/2602-0019,10082,4116,NP097,MATEX DEEP  20KG,NP097,MATEX DEEP  20KG,,20.0,20.0,8000700.0,8000700.0,OK,
2,CSB/PB/2602-0028,10083,11565,NP313,WEATHERBOND MAX 1001 BRILLIANT WHITE 20L,NP313,WEATHERBOND MAX 1001 BRILLIANT WHITE 20L,,1.0,1.0,2243022.0,2243022.0,OK,
2,CSB/PB/2602-0029,10084,11566,NP314,NIPPON STONESHIELD 1L,NP314,NIPPON STONESHIELD 1L,,12.0,12.0,1023012.0,1023012.0,OK,
2,CSB/PB/2602-0029,10085,11566,NP314,NIPPON STONESHIELD 1L,NP314,NIPPON STONESHIELD 1L,,12.0,12.0,1023012.0,1023012.0,OK,
2,CSB/PB/2602-0029,10086,10803,NP277,ZINC CHROMATE PRIMER-GREY GREEN 1L,NP277,ZINC CHROMATE PRIMER-GREY GREEN 1L,,12.0,12.0,499284.0,499284.0,OK,
2,CSB/PB/2602-0029,10087,337,NP140,PILOX NIPPON,NP140,PILOX NIPPON,,12.0,12.0,338220.0,338220.0,OK,
2,CSB/PB/2602-0029,10088,337,NP140,PILOX NIPPON,NP140,PILOX NIPPON,,24.0,24.0,676440.0,676440.0,OK,
2,CSB/PB/2602-0029,10089,337,NP140,PILOX NIPPON,NP140,PILOX NIPPON,,24.0,24.0,676440.0,676440.0,OK,
2,CSB/PB/2602-0029,10090,6349,NP167,PILOX NIPPON WARNA STABILO,NP167,PILOX NIPPON WARNA STABILO,,12.0,12.0,540348.0,540348.0,OK,
2,CSB/PB/2602-0027,10091,122,SM001,SEMEN CONCH,SM001,SEMEN CONCH,,14000.0,14000.0,558600000.0,558600000.0,OK,
2,CSB/PB/2602-0027,10092,123,SM002,SEMEN CONCH KAPAL,SM002,SEMEN CONCH KAPAL,,10000.0,10000.0,411500000.0,411500000.0,OK,
2,CSB/PB/2602-0112,10093,9824,OP172,MEJA RIAS BESI OLYMSTEL OMR 001,OP172,MEJA RIAS BESI OLYMSTEL OMR 001,,1.0,1.0,1420000.0,1420000.0,OK,
2,CSB/PB/2602-0112,10094,11588,OP378,MEJA TAMU OLYMPIC CT MARBLE 01,OP378,MEJA TAMU OLYMPIC CT MARBLE 01,,2.0,2.0,800000.0,800000.0,OK,
2,CSB/PB/2602-0026,10095,2847,TX031,LIS KAYU 5X4,TX031,LIS KAYU 5X4,,200.0,200.0,7000000.0,7000000.0,OK,
2,CSB/PB/2602-0026,10100,2847,TX031,LIS KAYU 5X4,TX031,LIS KAYU 5X4,,40.0,40.0,0.0,0.0,OK,
2,CSB/PB/2602-0170,10096,8195,OP067,SPRINGBED SILVER HESTIA 180X200,OP067,SPRINGBED SILVER HESTIA 180X200,,5.0,5.0,9945000.0,9945000.0,OK,
2,CSB/PB/2602-0170,10097,8287,OP086,SPRINGBED SENTRAT 180X200,OP086,SPRINGBED SENTRAT 180X200,,5.0,5.0,8380000.0,8380000.0,OK,
2,CSB/PB/2602-0170,10098,10124,OP157,MATRAS SPRING BED PROCELLA REVIVE AUTUMN BREEZE23 180X200,OP157,MATRAS SPRING BED PROCELLA REVIVE AUTUMN BREEZE23 180X200,,5.0,5.0,12175000.0,12175000.0,OK,
2,CSB/PB/2602-0170,10099,10125,OP209,MATRAS SPRING BED PROCELLA REVIVE AUTUMN BREEZE23 160X200,OP209,MATRAS SPRING BED PROCELLA REVIVE AUTUMN BREEZE23 160X200,,3.0,3.0,6522000.0,6522000.0,OK,
2,CSB/PB/2602-0113,10101,9824,OP172,MEJA RIAS BESI OLYMSTEL OMR 001,OP172,MEJA RIAS BESI OLYMSTEL OMR 001,,2.0,2.0,2840000.0,2840000.0,OK,
2,CSB/PB/2602-0034,10102,2846,TX032,LIS KAYU 7X4,TX032,LIS KAYU 7X4,,100.0,100.0,5000000.0,5000000.0,OK,
2,CSB/PB/2602-0034,10110,2846,TX032,LIS KAYU 7X4,TX032,LIS KAYU 7X4,,10.0,10.0,0.0,0.0,OK,
2,CSB/PB/2602-0035,10103,296,AV043,NO DROP 4L,AV043,NO DROP 4L,,18.0,18.0,4978800.0,4605390.0,OK,
2,CSB/PB/2602-0054,10104,10472,OP250,SOFA SET 321 SEATER APOLLO BLACK,OP250,SOFA SET 321 SEATER APOLLO BLACK,,1.0,1.0,7500000.0,7500000.0,OK,
2,CSB/PB/2602-0055,10105,11588,OP378,MEJA TAMU OLYMPIC CT MARBLE 01,OP378,MEJA TAMU OLYMPIC CT MARBLE 01,,1.0,1.0,450000.0,450000.0,OK,
2,CSB/PB/2602-0056,10106,11589,OP379,MEJA TAMU ALBATROS AUTUM COFFEE TABLE,OP379,MEJA TAMU ALBATROS AUTUM COFFEE TABLE,,1.0,1.0,1380000.0,1380000.0,OK,
2,CSB/PB/2602-0123,10107,10432,OP242,BED SET PROCELLA REJUVE ELYSIAN 23 160X200,OP242,BED SET PROCELLA REJUVE ELYSIAN 23 160X200,,2.0,2.0,14164000.0,14164000.0,OK,
2,CSB/PB/2602-0123,10108,8171,OP046,GULING PROCELLA DACRON,OP046,GULING PROCELLA DACRON,,14.0,14.0,567560.0,0.0,OK,
2,CSB/PB/2602-0123,10109,8172,OP047,BANTAL PROCCELA DACRON,OP047,BANTAL PROCCELA DACRON,,14.0,14.0,517104.0,0.0,OK,
2,CSB/PB/2602-0124,10111,10953,OP306,MATRAS VICA STANDART 120X200,OP306,MATRAS VICA STANDART 120X200,,5.0,5.0,4805000.0,4805000.0,OK,
2,CSB/PB/2602-0057,10112,9762,AV178,AVITEX GOLD BASE A 25KG,AV178,AVITEX GOLD BASE A 25KG,,3.0,3.0,2860500.0,2502937.5,OK,
2,CSB/PB/2602-0057,10113,9763,AV179,AVITEX GOLD BASE B 25KG,AV179,AVITEX GOLD BASE B 25KG,,3.0,3.0,2750400.0,2406600.0,OK,
2,CSB/PB/2602-0057,10114,257,AV004,"AVIAN 0,9L",AV004,"AVIAN 0,9L",,48.0,48.0,4118400.0,3809520.0,OK,
2,CSB/PB/2602-0057,10115,257,AV004,"AVIAN 0,9L",AV004,"AVIAN 0,9L",,120.0,120.0,10296000.0,9523800.0,OK,
2,CSB/PB/2602-0057,10116,312,AV059,THINER AVIAN A 5L,AV059,THINER AVIAN A 5L,,20.0,20.0,3930000.0,3635250.0,OK,
2,CSB/PB/2602-0058,10117,4675,AV062,TINTA AVIAN BM,AV062,TINTA AVIAN BM,,3.0,3.0,554700.0,513097.5,OK,
2,CSB/PB/2602-0058,10118,4690,AV081,TINTA AVIAN BO,AV081,TINTA AVIAN BO,,6.0,6.0,2103000.0,1945275.0,OK,
2,CSB/PB/2602-0058,10119,4676,AV064,TINTA AVIAN DB,AV064,TINTA AVIAN DB,,3.0,3.0,768900.0,711232.5,OK,
2,CSB/PB/2602-0058,10120,4679,AV070,TINTA AVIAN PT,AV070,TINTA AVIAN PT,,6.0,6.0,1815000.0,1678875.0,OK,
2,CSB/PB/2602-0058,10121,4692,AV083,TINTA AVIAN RE,AV083,TINTA AVIAN RE,,3.0,3.0,1262700.0,1167997.5,OK,
2,CSB/PB/2602-0058,10122,4681,AV072,TINTA AVIAN RV,AV072,TINTA AVIAN RV,,3.0,3.0,2566500.0,2374012.5,OK,
2,CSB/PB/2602-0058,10123,4682,AV073,TINTA AVIAN WP,AV073,TINTA AVIAN WP,,6.0,6.0,2188200.0,2024085.0,OK,
2,CSB/PB/2602-0058,10124,4685,AV076,TINTA AVIAN YK,AV076,TINTA AVIAN YK,,3.0,3.0,1616700.0,1495447.5,OK,
2,CSB/PB/2602-0058,10125,4686,AV077,TINTA AVIAN YV,AV077,TINTA AVIAN YV,,3.0,3.0,3924300.0,3629977.5,OK,
2,CSB/PB/2602-0077,10126,4157,NP114,PLATONE 8000 0.9L,NP114,PLATONE 8000 0.9L,,60.0,60.0,3732000.0,3732000.0,OK,
2,CSB/PB/2602-0078,10127,6711,NP160,SPORTSKOTE ACCENT BASE 3.71KG,NP160,SPORTSKOTE ACCENT BASE 3.71KG,,4.0,4.0,807776.0,807776.0,OK,
2,CSB/PB/2602-0079,10128,6710,NP162,SPORTSKOTE DEEP BASE 3.89KG,NP162,SPORTSKOTE DEEP BASE 3.89KG,,12.0,12.0,2663964.0,2663964.0,OK,
2,CSB/PB/2602-0080,10129,5216,NP120,ELASTEX WATERPROOF READY MIX 4KG,NP120,ELASTEX WATERPROOF READY MIX 4KG,,32.0,32.0,6470784.0,6470784.0,OK,
2,CSB/PB/2602-0080,10130,5216,NP120,ELASTEX WATERPROOF READY MIX 4KG,NP120,ELASTEX WATERPROOF READY MIX 4KG,,20.0,20.0,4440740.0,4440740.0,OK,
2,CSB/PB/2602-0081,10131,6351,NP119,ELASTEX WATERPROOF READY MIXED 1KG,NP119,ELASTEX WATERPROOF READY MIXED 1KG,,12.0,12.0,595056.0,595056.0,OK,
2,CSB/PB/2602-0082,10132,8853,NP025,WEATHERBOND SEALER  8100 20L,NP025,WEATHERBOND SEALER  8100 20L,,5.0,5.0,5572925.0,5572925.0,OK,
2,CSB/PB/2602-0082,10133,4921,NP106,SPOTLESS BRILIANT WHITE 20 L,NP106,SPOTLESS BRILIANT WHITE 20 L,,10.0,10.0,14997600.0,14997600.0,OK,
2,CSB/PB/2602-0082,10134,4213,NP016,BODELAC 2 IN 1 ANTI KARAT ACCENT 2.7KG,NP016,BODELAC 2 IN 1 ANTI KARAT ACCENT 2.7KG,,39.0,39.0,5969496.0,5969496.0,OK,
2,CSB/PB/2602-0083,10135,4115,NP096,MATEX TINT BASE 20KG,NP096,MATEX TINT BASE 20KG,,11.0,11.0,4671700.0,4671700.0,OK,
2,CSB/PB/2602-0083,10136,4119,NP093,MATEX TINT BASE 4.5KG,NP093,MATEX TINT BASE 4.5KG,,28.0,28.0,2816492.0,2816492.0,OK,
2,CSB/PB/2602-0083,10137,5216,NP120,ELASTEX WATERPROOF READY MIX 4KG,NP120,ELASTEX WATERPROOF READY MIX 4KG,,4.0,4.0,808848.0,808848.0,OK,
2,CSB/PB/2602-0084,10138,5221,NP130,KOMILEX READY MIX 4.5KG,NP130,KOMILEX READY MIX 4.5KG,,20.0,20.0,1442360.0,1442360.0,OK,
2,CSB/PB/2602-0084,10139,5221,NP130,KOMILEX READY MIX 4.5KG,NP130,KOMILEX READY MIX 4.5KG,,20.0,20.0,1442360.0,1442360.0,OK,
2,CSB/PB/2602-0084,10140,4136,NP173,TINTA LAMP BLACK B,NP173,TINTA LAMP BLACK B,,30.0,30.0,3605250.0,3605250.0,OK,
2,CSB/PB/2602-0084,10141,4148,NP179,TINTA PHTHALO BLUE E,NP179,TINTA PHTHALO BLUE E,,30.0,30.0,5389350.0,5389350.0,OK,
2,CSB/PB/2602-0084,10142,4520,NP177,TINTA ORGANIC YELLOW A,NP177,TINTA ORGANIC YELLOW A,,30.0,30.0,12232200.0,12232200.0,OK,
2,CSB/PB/2602-0084,10143,4146,NP175,TINTA MEDIUM YELLOW T,NP175,TINTA MEDIUM YELLOW T,,30.0,30.0,13127100.0,13127100.0,OK,
2,CSB/PB/2602-0084,10144,4137,NP174,TINTA MAGENTA V,NP174,TINTA MAGENTA V,,18.0,18.0,6665580.0,6665580.0,OK,
2,CSB/PB/2602-0084,10145,5713,NP186,TINTA YELLOW EY,NP186,TINTA YELLOW EY,,12.0,12.0,7392912.0,7392912.0,OK,
2,CSB/PB/2602-0084,10146,4214,NP011,NIPPON LEM EPOXY 0.8KG,NP011,NIPPON LEM EPOXY 0.8KG,,18.0,18.0,3631536.0,3631536.0,OK,
2,CSB/PB/2602-0099,10154,4986,NP143,ROLLER NP 9 INCH 1000-BASIC,NP143,ROLLER NP 9 INCH 1000-BASIC,,14.0,14.0,0.0,0.0,OK,
2,CSB/PB/2602-0100,10155,4986,NP143,ROLLER NP 9 INCH 1000-BASIC,NP143,ROLLER NP 9 INCH 1000-BASIC,,24.0,24.0,0.0,0.0,OK,
2,CSB/PB/2602-0117,10147,10949,OP303,SOFA L CHESTER BLUDRU +SET MEJA SOFA CHESTER BLUDRU,OP303,SOFA L CHESTER BLUDRU +SET MEJA SOFA CHESTER BLUDRU,,1.0,1.0,4200000.0,4200000.0,OK,
2,CSB/PB/2602-0135-01,10148,2828,OL058,AIR RADIATOR JUMBO 1L,OL058,AIR RADIATOR JUMBO 1L,,160.0,160.0,2093600.0,2093600.0,OK,
2,CSB/PB/2602-0135-01,10149,1720,OL033,MINYAK REM JUMBO 1L,OL033,MINYAK REM JUMBO 1L,,216.0,216.0,9476352.0,9476352.0,OK,
2,CSB/PB/2602-0135-01,10150,1721,OL034,MINYAK REM JUMBO 300ML,OL034,MINYAK REM JUMBO 300ML,,16.0,16.0,267856.0,267856.0,OK,
2,CSB/PB/2602-0135-01,10151,10928,OL057,COBRA CALIHYDROUS GREASE EP-3 500 GRAM,OL057,COBRA CALIHYDROUS GREASE EP-3 500 GRAM,,24.0,24.0,763920.0,763920.0,OK,
2,CSB/PB/2602-0135-01,10152,10930,OL073,COBRA CHASSIS GREASE GOLD NO 3 500 GRAM,OL073,COBRA CHASSIS GREASE GOLD NO 3 500 GRAM,,24.0,24.0,614160.0,614160.0,OK,
2,CSB/PB/2602-0135-01,10153,10929,OL072,COBRA KING BEARING GREASE EP-3 500 GRAM,OL072,COBRA KING BEARING GREASE EP-3 500 GRAM,,24.0,24.0,1152479.04,1152479.04,OK,
2,CSB/PB/2602-0106,10156,6990,OP017,MATRAS PROCELLA RELAX JASMINE PILOW TOP 200X200,OP017,MATRAS PROCELLA RELAX JASMINE PILOW TOP 200X200,,1.0,1.0,2936000.0,2936000.0,OK,
2,CSB/PB/2602-0122,10157,8287,OP086,SPRINGBED SENTRAT 180X200,OP086,SPRINGBED SENTRAT 180X200,,5.0,5.0,8380000.0,8380000.0,OK,
2,CSB/PB/2602-0122,10158,10123,OP177,MATRAS SPRING BED PROCELLA REFRESH ACADIA 160X200,OP177,MATRAS SPRING BED PROCELLA REFRESH ACADIA 160X200,,5.0,5.0,14400000.0,14400000.0,OK,
2,CSB/PB/2602-0122,10159,10126,OP210,MATRAS SPRING BED PROCELLA REFRESH ACADIA 180X200,OP210,MATRAS SPRING BED PROCELLA REFRESH ACADIA 180X200,,5.0,5.0,16010000.0,16010000.0,OK,
2,CSB/PB/2602-0114-01,10160,11588,OP378,MEJA TAMU OLYMPIC CT MARBLE 01,OP378,MEJA TAMU OLYMPIC CT MARBLE 01,,3.0,3.0,1350000.0,1350000.0,OK,
2,CSB/PB/2602-0092,10161,280,AV010,ARIES GOLD BASE A 18KG,AV010,ARIES GOLD BASE A 18KG,,5.0,5.0,1830500.0,1601687.5,OK,
2,CSB/PB/2602-0092,10162,10100,AV185,AVITEX TOP SW 5KG,AV185,AVITEX TOP SW 5KG,,4.0,4.0,576000.0,532800.0,OK,
2,CSB/PB/2602-0092,10163,4684,AV075,TINTA AVIAN YE,AV075,TINTA AVIAN YE,,9.0,9.0,3125700.0,2891272.5,OK,
2,CSB/PB/2602-0097,10164,11607,AV255,AVITEX 520 WALL SEALER & ALKALI PRIMER,AV255,AVITEX 520 WALL SEALER & ALKALI PRIMER,,2.0,2.0,284400.0,237417.12,OK,
2,CSB/PB/2602-0104,10165,10428,OP238,BED SET OLYMPIC GOLDEN EDEN 23 160X200,OP238,BED SET OLYMPIC GOLDEN EDEN 23 160X200,,2.0,2.0,10188000.0,10188000.0,OK,
2,CSB/PB/2602-0104,10166,9039,OP123,MATRAS PROCELLA JASMINE HIJAU PLUSH TOP 120X200,OP123,MATRAS PROCELLA JASMINE HIJAU PLUSH TOP 120X200,,3.0,3.0,5328000.0,5328000.0,OK,
2,CSB/PB/2602-0104,10167,8287,OP086,SPRINGBED SENTRAT 180X200,OP086,SPRINGBED SENTRAT 180X200,,2.0,2.0,3352000.0,3352000.0,OK,
2,CSB/PB/2602-0104,10168,8172,OP047,BANTAL PROCCELA DACRON,OP047,BANTAL PROCCELA DACRON,,11.0,11.0,495495.0,0.0,OK,
2,CSB/PB/2602-0104,10169,8171,OP046,GULING PROCELLA DACRON,OP046,GULING PROCELLA DACRON,,4.0,4.0,180180.0,0.0,OK,
2,CSB/PB/2602-0104,10170,6990,OP017,MATRAS PROCELLA RELAX JASMINE PILOW TOP 200X200,OP017,MATRAS PROCELLA RELAX JASMINE PILOW TOP 200X200,,1.0,1.0,2936000.0,2936000.0,OK,
2,CSB/PB/2602-0108,10171,10592,OP268,BED SET REFRESH ACADIA 180X200,OP268,BED SET REFRESH ACADIA 180X200,,2.0,2.0,10780000.0,10780000.0,OK,
2,CSB/PB/2602-0115,10172,9826,OP174,LEMARI PAKAIAN BEST PLAST BMC MARBLE GOLD 2RC,OP174,LEMARI PAKAIAN BEST PLAST BMC MARBLE GOLD 2RC,,3.0,3.0,2150001.0,2150001.0,OK,
2,CSB/PB/2602-0115,10173,8170,OP045,LEMARI PAKAIAN BEST PLAST BMC KIDS KARAKTER,OP045,LEMARI PAKAIAN BEST PLAST BMC KIDS KARAKTER,,3.0,3.0,1785000.0,1785000.0,OK,
2,CSB/PB/2602-0118,10174,11589,OP379,MEJA TAMU ALBATROS AUTUM COFFEE TABLE,OP379,MEJA TAMU ALBATROS AUTUM COFFEE TABLE,,1.0,1.0,1380000.0,1380000.0,OK,
2,CSB/PB/2602-0118,10175,11627,OP380,MEJA TAMU ALBATROS SPRING COFFEE TABLE,OP380,MEJA TAMU ALBATROS SPRING COFFEE TABLE,,2.0,2.0,2460000.0,2460000.0,OK,
2,CSB/PB/2602-0119,10176,11627,OP380,MEJA TAMU ALBATROS SPRING COFFEE TABLE,OP380,MEJA TAMU ALBATROS SPRING COFFEE TABLE,,1.0,1.0,1230000.0,1230000.0,OK,
2,CSB/PB/2602-0096,10177,7131,PRN023,"PARALON POWER 1/2"" AW",PRN023,"PARALON POWER 1/2"" AW",,500.0,500.0,13375000.0,11382125.0,OK,
2,CSB/PB/2602-0096,10178,6688,PRN024,"PARALON POWER 3/4"" AW",PRN024,"PARALON POWER 3/4"" AW",,500.0,500.0,18141500.0,15438416.5,OK,
2,CSB/PB/2602-0096,10179,11513,PRN063,PARALON POWER 1 1/2 AW,PRN063,PARALON POWER 1 1/2 AW,,30.0,30.0,2555040.0,2174339.04,OK,
2,CSB/PB/2602-0096,10180,6686,PRN026,"PARALON POWER 2"" AW",PRN026,"PARALON POWER 2"" AW",,100.0,100.0,10907100.0,9281942.1,OK,
2,CSB/PB/2602-0096,10181,11284,PRN062,"PARALON POWER 2 1/2"" AW",PRN062,"PARALON POWER 2 1/2"" AW",,10.0,10.0,1590340.0,1353379.34,OK,
2,CSB/PB/2602-0096,10182,7130,PRN027,"PARALON POWER 3"" AW",PRN027,"PARALON POWER 3"" AW",,20.0,20.0,4479660.0,3812190.66,OK,
2,CSB/PB/2602-0096,10183,4673,PRN028,PARALON POWER 4 AW,PRN028,PARALON POWER 4 AW,,10.0,10.0,3712540.0,3159371.54,OK,
2,CSB/PB/2602-0096,10184,9574,PRN058,"PARALON POWER 4""D",PRN058,"PARALON POWER 4""D",,20.0,20.0,3812500.0,3244437.5,OK,
2,CSB/PB/2602-0110,10185,8546,OP098,DIVAN OSCAR POLOS 180X200,OP098,DIVAN OSCAR POLOS 180X200,,1.0,1.0,1150000.0,1150000.0,OK,
2,CSB/PB/2602-0110,10186,8548,OP100,SANDARAN PROCELLA NAFHY23 180X200,OP100,SANDARAN PROCELLA NAFHY23 180X200,,1.0,1.0,950000.0,950000.0,OK,
2,CSB/PB/2602-0110,10187,8545,OP097,DIVAN OSCAR POLOS 160X200,OP097,DIVAN OSCAR POLOS 160X200,,1.0,1.0,1000000.0,1000000.0,OK,
2,CSB/PB/2602-0110,10188,8547,OP099,SANDARAN PROCELLA NAFHY23 160X200,OP099,SANDARAN PROCELLA NAFHY23 160X200,,1.0,1.0,850000.0,850000.0,OK,
2,CSB/PB/2602-0116,10189,8190,OP062,LEMARI ARSIP WLS 035,OP062,LEMARI ARSIP WLS 035,,3.0,3.0,5874000.0,5874000.0,OK,
2,CSB/PB/2602-0116,10190,11210,OP326,LEMARI ARSIP BESI FRONTLINE FC A 18,OP326,LEMARI ARSIP BESI FRONTLINE FC A 18,,3.0,3.0,5250000.0,5250000.0,OK,
2,CSB/PB/2602-0116,10191,11209,OP325,LEMARI ARSIP BESI FRONTLINE WLS 019,OP325,LEMARI ARSIP BESI FRONTLINE WLS 019,,3.0,3.0,5145000.0,5145000.0,OK,
2,CSB/PB/2602-0107-02,10192,10592,OP268,BED SET REFRESH ACADIA 180X200,OP268,BED SET REFRESH ACADIA 180X200,,2.0,2.0,10780000.0,10780000.0,OK,
2,CSB/PB/2602-0121,10193,8695,OP105,KASUR BUSA STANDART 90X200X14,OP105,KASUR BUSA STANDART 90X200X14,,1.0,1.0,287000.0,287000.0,OK,
2,CSB/PB/2602-0152,10194,9789,OP165,KASUR BUSA OLYMPIC SUPER GOLD LIST 90X200X20,OP165,KASUR BUSA OLYMPIC SUPER GOLD LIST 90X200X20,,10.0,10.0,4570000.0,4570000.0,OK,
2,CSB/PB/2602-0158,10198,8882,OP119,KASUR BUSA OLYMPIC SUPER GOLD LIST 90X200X14,OP119,KASUR BUSA OLYMPIC SUPER GOLD LIST 90X200X14,,5.0,5.0,1850000.0,1850000.0,OK,
2,CSB/PB/2602-0158,10199,8641,OP102,KASUR BUSA OLYMPIC SUPER GOLD 120X200X14,OP102,KASUR BUSA OLYMPIC SUPER GOLD 120X200X14,,5.0,5.0,2440000.0,2440000.0,OK,
2,CSB/PB/2602-0158,10200,9988,OP173,KASUR BUSA OLYMPIC SUPER GOLD LIST 160 X 200 X 14,OP173,KASUR BUSA OLYMPIC SUPER GOLD LIST 160 X 200 X 14,,5.0,5.0,3030000.0,3030000.0,OK,
2,CSB/PB/2602-0158,10201,11641,OP382,KASUR BUSA OLMYPIC SUPER GOLD 180X200X14,OP382,KASUR BUSA OLMYPIC SUPER GOLD 180X200X14,,5.0,5.0,3255000.0,3255000.0,OK,
2,CSB/PB/2602-0162,10202,9989,OP143,KASUR BUSA OLYMPIC STANDART LIST BUNGA 90X200X20,OP143,KASUR BUSA OLYMPIC STANDART LIST BUNGA 90X200X20,,10.0,10.0,3830000.0,3830000.0,OK,
2,CSB/PB/2602-0171,10203,6443,OP016,KASUR BUSA OLYMPIC DELUXE THERA LIST 160X200X20,OP016,KASUR BUSA OLYMPIC DELUXE THERA LIST 160X200X20,,10.0,10.0,9180000.0,9180000.0,OK,
2,CSB/PB/2602-0171,10204,9925,OP176,KASUR BUSA OLYMPIC SUPER GOLD 120X200X20,OP176,KASUR BUSA OLYMPIC SUPER GOLD 120X200X20,,10.0,10.0,5940000.0,5940000.0,OK,
2,CSB/PB/2602-0150,10205,10949,OP303,SOFA L CHESTER BLUDRU +SET MEJA SOFA CHESTER BLUDRU,OP303,SOFA L CHESTER BLUDRU +SET MEJA SOFA CHESTER BLUDRU,,1.0,1.0,4200000.0,4200000.0,OK,
2,CSB/PB/2602-0151,10206,11181,OP322,SOFA PROCELLA BRAGA 211+STOOL+MEJA,OP322,SOFA PROCELLA BRAGA 211+STOOL+MEJA,,2.0,2.0,8400000.0,8400000.0,OK,
2,CSB/PB/2602-0154,10207,10949,OP303,SOFA L CHESTER BLUDRU +SET MEJA SOFA CHESTER BLUDRU,OP303,SOFA L CHESTER BLUDRU +SET MEJA SOFA CHESTER BLUDRU,,1.0,1.0,4200000.0,4200000.0,OK,
2,CSB/PB/2602-0155,10208,10949,OP303,SOFA L CHESTER BLUDRU +SET MEJA SOFA CHESTER BLUDRU,OP303,SOFA L CHESTER BLUDRU +SET MEJA SOFA CHESTER BLUDRU,,1.0,1.0,4200000.0,4200000.0,OK,
2,CSB/PB/2602-0168,10209,11641,OP382,KASUR BUSA OLMYPIC SUPER GOLD 180X200X14,OP382,KASUR BUSA OLMYPIC SUPER GOLD 180X200X14,,5.0,5.0,3255000.0,3255000.0,OK,
2,CSB/PB/2602-0160,10210,7975,OP034,SOFA LIBERTI 211+BANTAL+MEJA,OP034,SOFA LIBERTI 211+BANTAL+MEJA,,1.0,1.0,4250000.0,4250000.0,OK,
2,CSB/PB/2602-0161,10211,11181,OP322,SOFA PROCELLA BRAGA 211+STOOL+MEJA,OP322,SOFA PROCELLA BRAGA 211+STOOL+MEJA,,1.0,1.0,3800000.0,3800000.0,OK,
2,CSB/PB/2602-0163,10212,11645,OP385,SOFA PROCELLA LEXY BLUDRU 2 SEATER+ 2 PUFF+ MEJA,OP385,SOFA PROCELLA LEXY BLUDRU 2 SEATER+ 2 PUFF+ MEJA,,1.0,1.0,3100000.0,3100000.0,OK,
2,CSB/PB/2602-0165,10213,11647,OP387,SOFA SET 321 BANGAU BLUDRU+MEJA,OP387,SOFA SET 321 BANGAU BLUDRU+MEJA,,1.0,1.0,4500000.0,4500000.0,OK,
2,CSB/PB/2602-0166,10214,11648,OP388,SOFA LIBERTI 321+BANTAL+MEJA,OP388,SOFA LIBERTI 321+BANTAL+MEJA,,1.0,1.0,4800000.0,4800000.0,OK,
2,CSB/PB/2602-0137,10215,296,AV043,NO DROP 4L,AV043,NO DROP 4L,,20.0,20.0,5532000.0,5117100.0,OK,
2,CSB/PB/2602-0137,10216,299,AV046,NO DROP BASE B 4L,AV046,NO DROP BASE B 4L,,20.0,20.0,5356000.0,4686500.0,OK,
2,CSB/PB/2602-0137,10217,300,AV047,NO DROP BASE C 4L,AV047,NO DROP BASE C 4L,,28.0,28.0,7193200.0,6294050.0,OK,
2,CSB/PB/2602-0138,10218,276,AV006,ARIES GOLD 18L,AV006,ARIES GOLD 18L,,5.0,5.0,1780000.0,1646500.0,OK,
2,CSB/PB/2602-0139,10219,11632,AV256,ARIES BLING EMULSION SW 1KG,AV256,ARIES BLING EMULSION SW 1KG,,2.0,2.0,54200.0,38102.6,OK,
2,CSB/PB/2602-0139,10220,289,AV036,AVITEX BASE A 25KG,AV036,AVITEX BASE A 25KG,,5.0,5.0,3848000.0,3367000.0,OK,
2,CSB/PB/2602-0139,10221,285,AV032,AVITEX 25KG,AV032,AVITEX 25KG,,5.0,5.0,3861000.0,3571425.0,OK,
2,CSB/PB/2602-0139,10222,6378,AV115,AVITEX EXTERIOR BASE B 5KG,AV115,AVITEX EXTERIOR BASE B 5KG,,8.0,8.0,1428000.0,1249500.0,OK,
2,CSB/PB/2602-0139,10223,6379,AV116,AVITEX EXTERIOR BASE C 5KG,AV116,AVITEX EXTERIOR BASE C 5KG,,8.0,8.0,1369600.0,1198400.0,OK,
2,CSB/PB/2602-0140,10224,4195,AV131,LEM AVIAN NON SAG 400G,AV131,LEM AVIAN NON SAG 400G,,30.0,30.0,2289000.0,2117325.0,OK,
2,CSB/PB/2602-0164,10225,11646,OP386,SOFA PROCELLA LEXY BLUDRU 3 SEATER+ 2 PUFF+ MEJA,OP386,SOFA PROCELLA LEXY BLUDRU 3 SEATER+ 2 PUFF+ MEJA,,1.0,1.0,3200000.0,3200000.0,OK,
2,CSB/PB/2602-0169,10226,9381,OP130,MEJA TULIS OLYMPIC SILVER MT OLIVER 120,OP130,MEJA TULIS OLYMPIC SILVER MT OLIVER 120,,20.0,20.0,16300000.0,16300000.0,OK,
2,CSB/PB/2602-0141,10227,4262,NP074,VINILEX TINT BASE 1.3KG,NP074,VINILEX TINT BASE 1.3KG,,48.0,48.0,2648832.0,2648832.0,OK,
2,CSB/PB/2602-0142,10228,8796,NP235,VINILEX SILVER ION 5 KG CCM PASTEL,NP235,VINILEX SILVER ION 5 KG CCM PASTEL,,24.0,24.0,4036392.0,4036392.0,OK,
2,CSB/PB/2602-0143,10229,4259,NP113,ELASTEX DEEP BASE 4KG,NP113,ELASTEX DEEP BASE 4KG,,12.0,12.0,2179944.0,2179944.0,OK,
2,CSB/PB/2602-0144,10230,340,NP013,NIPPON AUTOLUX 66 PEPUTTY 0.98L,NP013,NIPPON AUTOLUX 66 PEPUTTY 0.98L,,36.0,36.0,1479276.0,1479276.0,OK,
2,CSB/PB/2602-0145,10231,11566,NP314,NIPPON STONESHIELD 1L,NP314,NIPPON STONESHIELD 1L,,11.0,11.0,937761.0,937761.0,OK,
2,CSB/PB/2602-0146,10232,4262,NP074,VINILEX TINT BASE 1.3KG,NP074,VINILEX TINT BASE 1.3KG,,12.0,12.0,662208.0,662208.0,OK,
2,CSB/PB/2602-0147,10233,357,NP031,NIPPON TIMBERTONE 1L,NP031,NIPPON TIMBERTONE 1L,,44.0,44.0,3251424.0,3251424.0,OK,
2,CSB/PB/2602-0149,10234,286,AV033,AVITEX BASE A 5KG,AV033,AVITEX BASE A 5KG,,40.0,40.0,6528000.0,5712000.0,OK,
2,CSB/PB/2602-0149,10235,287,AV034,AVITEX BASE B 5KG,AV034,AVITEX BASE B 5KG,,20.0,20.0,3138000.0,2745750.0,OK,
2,CSB/PB/2602-0149,10236,284,AV031,AVITEX 5KG,AV031,AVITEX 5KG,,40.0,40.0,6552000.0,6060600.0,OK,
2,CSB/PB/2602-0172,10237,10592,OP268,BED SET REFRESH ACADIA 180X200,OP268,BED SET REFRESH ACADIA 180X200,,2.0,2.0,10780000.0,10780000.0,OK,
2,CSB/PB/2602-0167,10238,11498,OP352,SOFA 1 SEATER PROCELLA PILLO VIENA,OP352,SOFA 1 SEATER PROCELLA PILLO VIENA,,2.0,2.0,2600000.0,2600000.0,OK,
2,CSB/PB/2602-0167,10239,11499,OP353,SOFA 2 SEATER PROCELLA PILLO VIENA,OP353,SOFA 2 SEATER PROCELLA PILLO VIENA,,1.0,1.0,1900000.0,1900000.0,OK,
2,CSB/PB/2602-0167,10240,11654,OP389,SET SOFA PILLO CANVAS GREY 211 + PUFF,OP389,SET SOFA PILLO CANVAS GREY 211 + PUFF,,1.0,1.0,4750000.0,4750000.0,OK,
2,CSB/PB/2603-0007,10740,276,AV006,ARIES GOLD 18L,AV006,ARIES GOLD 18L,,20.0,20.0,7120000.0,6586000.0,OK,
2,CSB/PB/2603-0008,10741,8851,AV065,AVIAN CAT LAPANGAN 5KG,AV065,AVIAN CAT LAPANGAN 5KG,,4.0,4.0,1166800.0,971361.0,OK,
2,CSB/PB/2603-0033,10742,272,NP006,NIPPON MELAMIC SENDING 1KG,NP006,NIPPON MELAMIC SENDING 1KG,,60.0,60.0,3741780.0,3741780.0,OK,
2,CSB/PB/2603-0035,10744,5216,NP120,ELASTEX WATERPROOF READY MIX 4KG,NP120,ELASTEX WATERPROOF READY MIX 4KG,,12.0,12.0,2426544.0,2426544.0,OK,
2,CSB/PB/2603-0037,10745,4157,NP114,PLATONE 8000 0.9L,NP114,PLATONE 8000 0.9L,,120.0,120.0,6830880.0,6830880.0,OK,
2,CSB/PB/2603-0038,10746,4157,NP114,PLATONE 8000 0.9L,NP114,PLATONE 8000 0.9L,,60.0,60.0,3732000.0,3732000.0,OK,
2,CSB/PB/2603-0160-01,10749,11764,TX129,WPC PANEL 160MMX22MMX2.9M (WL1020),TX129,WPC PANEL 160MMX22MMX2.9M (WL1020),,15.0,15.0,8250000.0,8250000.0,OK,
2,CSB/PB/2603-0160-01,10750,11765,TX130,WPC PANEL 160MMX22MMX2.9M (A131-23),TX130,WPC PANEL 160MMX22MMX2.9M (A131-23),,15.0,15.0,8250000.0,8250000.0,OK,
2,CSB/PB/2603-0160-01,10751,11766,TX131,WPC PANEL 160MMX22MMX2.9M (A131-11),TX131,WPC PANEL 160MMX22MMX2.9M (A131-11),,15.0,15.0,8250000.0,8250000.0,OK,
2,CSB/PB/2603-0160-01,10752,11920,CB460,CLIP WPC PANEL,CB460,CLIP WPC PANEL,,500.0,500.0,350000.0,350000.0,OK,
2,CSB/PB/2603-0040,10753,11513,PRN063,PARALON POWER 1 1/2 AW,PRN063,PARALON POWER 1 1/2 AW,,20.0,20.0,1703360.0,1449559.3599999999,OK,
2,CSB/PB/2603-0040,10754,4673,PRN028,PARALON POWER 4 AW,PRN028,PARALON POWER 4 AW,,10.0,10.0,3712540.0,3159371.54,OK,
2,CSB/PB/2603-0041,10755,356,AV202,LEM BESI DEXTONE EPOXY,AV202,LEM BESI DEXTONE EPOXY,,60.0,60.0,876000.0,810300.0,OK,
2,CSB/PB/2603-0041,10756,11025,AV243,DEXTONE LEM KUNING SERBAGUNA 101-100GR,AV243,DEXTONE LEM KUNING SERBAGUNA 101-100GR,,12.0,12.0,105120.0,97236.0,OK,
2,CSB/PB/2603-0041,10757,10835,AV235,DEXTONE LEM PIPA PVC TUBE 40GR,AV235,DEXTONE LEM PIPA PVC TUBE 40GR,,12.0,12.0,58440.0,54057.0,OK,
2,CSB/PB/2603-0041,10758,10616,AV210,DEXTONE SILICON SEALANT TABUNG MULTI PURPOSE BLACK / WHITE 300ML,AV210,DEXTONE SILICON SEALANT TABUNG MULTI PURPOSE BLACK / WHITE 300ML,,12.0,12.0,385320.0,356421.0,OK,
2,CSB/PB/2603-0041,10759,11590,AV158,DEXTONE SILICONE RED 30GR,AV158,DEXTONE SILICONE RED 30GR,,12.0,12.0,105120.0,97236.0,OK,
2,CSB/PB/2603-0131,10760,6433,OP006,LEMARI PAKAIAN BEST PLAST ANVAGA/BELGA/NAVAGO 2P RC/GC,OP006,LEMARI PAKAIAN BEST PLAST ANVAGA/BELGA/NAVAGO 2P RC/GC,,6.0,6.0,4040004.0,4040004.0,OK,
2,CSB/PB/2603-0132,10761,10375,OP236,KURSI OLYMPLAST OL 213 R,OP236,KURSI OLYMPLAST OL 213 R,,200.0,200.0,17400000.0,17400000.0,OK,
2,CSB/PB/2603-0044,10762,11683,AV265,DEXTONE INSTANT GLUE 15GR,AV265,DEXTONE INSTANT GLUE 15GR,,60.0,60.0,408600.0,377955.0,OK,
2,CSB/PB/2603-0044,10763,11679,AV261,DEXTONE EPOXY STEEL 2 JAM WHITE 48GR,AV261,DEXTONE EPOXY STEEL 2 JAM WHITE 48GR,,12.0,12.0,157560.0,145743.0,OK,
2,CSB/PB/2603-0044,10764,11680,AV262,DEXTONE LEM PUTIH PVAC 1KG,AV262,DEXTONE LEM PUTIH PVAC 1KG,,6.0,6.0,203760.0,188478.0,OK,
2,CSB/PB/2603-0044,10765,11681,AV263,DEXTONE WATERBASED NO MORE NAIL 130ML,AV263,DEXTONE WATERBASED NO MORE NAIL 130ML,,6.0,6.0,130860.0,121045.5,OK,
2,CSB/PB/2603-0044,10766,11682,AV264,DEXTONE SILICON SEALANT TUBE 70GR,AV264,DEXTONE SILICON SEALANT TUBE 70GR,,12.0,12.0,192720.0,178266.0,OK,
2,CSB/PB/2603-0110,10767,11100,OP311,MEJA MAKAN OLYMPIC GOLD DT DANVILLE 160X90,OP311,MEJA MAKAN OLYMPIC GOLD DT DANVILLE 160X90,,2.0,2.0,6900000.0,6900000.0,OK,
2,CSB/PB/2603-0165,10768,7983,OP042,SPRINGBED SENTRAT 160X200,OP042,SPRINGBED SENTRAT 160X200,,13.0,13.0,19877000.0,19877000.0,OK,
2,CSB/PB/2603-0053,10769,7755,AC015,NAMU SFB 160J,AC015,NAMU SFB 160J,,2.0,2.0,5235200.0,3141120.0,OK,
2,CSB/PB/2603-0053,10770,8294,AC023,NAMU SFB 200 J GREY,AC023,NAMU SFB 200 J GREY,,2.0,2.0,9182800.0,5509680.0,OK,
2,CSB/PB/2603-0054,10771,11705,AC060,COZY LADDER 40 B,AC060,COZY LADDER 40 B,,2.0,2.0,1240000.0,1089588.0,OK,
2,CSB/PB/2603-0055,10772,10616,AV210,DEXTONE SILICON SEALANT TABUNG MULTI PURPOSE BLACK / WHITE 300ML,AV210,DEXTONE SILICON SEALANT TABUNG MULTI PURPOSE BLACK / WHITE 300ML,,24.0,24.0,700560.0,648018.0,OK,
2,CSB/PB/2603-0056,10773,11699,AV266,DEXTONE LEM PUTIH PVAC 350GR,AV266,DEXTONE LEM PUTIH PVAC 350GR,,12.0,12.0,116760.0,108003.0,OK,
2,CSB/PB/2603-0112,10774,6990,OP017,MATRAS PROCELLA RELAX JASMINE PILOW TOP 200X200,OP017,MATRAS PROCELLA RELAX JASMINE PILOW TOP 200X200,,1.0,1.0,2936000.0,2936000.0,OK,
2,CSB/PB/2603-0058,10775,122,SM001,SEMEN CONCH,SM001,SEMEN CONCH,,19000.0,19000.0,758100000.0,758100000.0,OK,
2,CSB/PB/2603-0058,10776,123,SM002,SEMEN CONCH KAPAL,SM002,SEMEN CONCH KAPAL,,5000.0,5000.0,205750000.0,205750000.0,OK,
2,CSB/PB/2603-0161,10777,6726,PU009,PINTU PVC VAPELY R-01,PU009,PINTU PVC VAPELY R-01,,12.0,12.0,7590000.0,7210500.0,OK,
2,CSB/PB/2603-0161,10778,7620,PU006,PINTU PVC VAPELY R-02,PU006,PINTU PVC VAPELY R-02,,5.0,5.0,3162500.0,3004375.0,OK,
2,CSB/PB/2603-0161,10779,6728,PU007,PINTU PVC VAPELY R-22,PU007,PINTU PVC VAPELY R-22,,8.0,8.0,5060000.0,4807000.0,OK,
2,CSB/PB/2603-0065,10780,4596,AV134,PLAMIR GIANT MORTAR,AV134,PLAMIR GIANT MORTAR,,4200.0,4200.0,114240000.0,95104800.0,OK,
2,CSB/PB/2603-0109,10781,8194,OP066,SPRINGBED SILVER HESTIA 160X200,OP066,SPRINGBED SILVER HESTIA 160X200,,5.0,5.0,8970000.0,8970000.0,OK,
2,CSB/PB/2603-0109,10782,10065,OP197,MATRAS PROCELLA ATHENA STANDART 180 X 200,OP197,MATRAS PROCELLA ATHENA STANDART 180 X 200,,2.0,2.0,3600000.0,3600000.0,OK,
2,CSB/PB/2603-0114,10783,11108,OP319,MEJA TULIS BESI OLYMSTEEL OMT KINSEY 160 WOOD,OP319,MEJA TULIS BESI OLYMSTEEL OMT KINSEY 160 WOOD,,6.0,6.0,12900000.0,12900000.0,OK,
2,CSB/PB/2603-0114,10784,11719,OP392,MEJA TULIS BESI OLYMSTEEL OMT KINSEY 120 WOOD,OP392,MEJA TULIS BESI OLYMSTEEL OMT KINSEY 120 WOOD,,6.0,6.0,9600000.0,9600000.0,OK,
2,CSB/PB/2603-0155,10785,8695,OP105,KASUR BUSA STANDART 90X200X14,OP105,KASUR BUSA STANDART 90X200X14,,10.0,10.0,2870000.0,2870000.0,OK,
2,CSB/PB/2603-0079,10786,4260,NP111,ELASTEX ACCENT BASE 4KG,NP111,ELASTEX ACCENT BASE 4KG,,4.0,4.0,692504.0,692504.0,OK,
2,CSB/PB/2603-0080,10787,333,NP020,BODELAC 3.75L,NP020,BODELAC 3.75L,,40.0,40.0,9525240.0,9525240.0,OK,
2,CSB/PB/2603-0081,10788,4105,NP005,THINER NIPPE 2000 SUPER 3.75L,NP005,THINER NIPPE 2000 SUPER 3.75L,,24.0,24.0,2428704.0,2428704.0,OK,
2,CSB/PB/2603-0082,10789,4105,NP005,THINER NIPPE 2000 SUPER 3.75L,NP005,THINER NIPPE 2000 SUPER 3.75L,,8.0,8.0,809568.0,809568.0,OK,
2,CSB/PB/2603-0083,10790,4157,NP114,PLATONE 8000 0.9L,NP114,PLATONE 8000 0.9L,,30.0,30.0,1810020.0,1810020.0,OK,
2,CSB/PB/2603-0084,10791,4157,NP114,PLATONE 8000 0.9L,NP114,PLATONE 8000 0.9L,,60.0,60.0,3732000.0,3732000.0,OK,
2,CSB/PB/2603-0085,10792,4160,NP048,NIPPON SPOT LESS PLUS TINT BASE 2.30L,NP048,NIPPON SPOT LESS PLUS TINT BASE 2.30L,,6.0,6.0,1313688.0,1313688.0,OK,
2,CSB/PB/2603-0085,10793,4161,NP047,NIPPON SPOT LESS PLUS DEEP BASE 2.25L,NP047,NIPPON SPOT LESS PLUS DEEP BASE 2.25L,,4.0,4.0,840132.0,840132.0,OK,
2,CSB/PB/2603-0086,10794,11566,NP314,NIPPON STONESHIELD 1L,NP314,NIPPON STONESHIELD 1L,,1.0,1.0,85251.0,85251.0,OK,
2,CSB/PB/2603-0087,10795,10005,NP245,BAK CAT 9 INCH (N12),NP245,BAK CAT 9 INCH (N12),,108.0,108.0,1115748.0,1115748.0,OK,
2,CSB/PB/2603-0088,10796,4157,NP114,PLATONE 8000 0.9L,NP114,PLATONE 8000 0.9L,,24.0,24.0,1480488.0,1480488.0,OK,
2,CSB/PB/2603-0089,10797,11712,NP316,EXTENSION POLE 3 METER,NP316,EXTENSION POLE 3 METER,,12.0,12.0,860064.0,860064.0,OK,
2,CSB/PB/2603-0089,10798,5197,NP102,MATEX READY MIX 4.5L,NP102,MATEX READY MIX 4.5L,,8.0,8.0,944136.0,944136.0,OK,
2,CSB/PB/2603-0092,10812,11626,NP315,BAKI CAT 4 INCH,NP315,BAKI CAT 4 INCH,,18.0,18.0,0.0,0.0,OK,
2,CSB/PB/2603-0095,10799,10950,OP304,SOFA 211 SEATER PROCELLA BALLERINA BLUDRU+MEJA,OP304,SOFA 211 SEATER PROCELLA BALLERINA BLUDRU+MEJA,,1.0,1.0,4200000.0,4200000.0,OK,
2,CSB/PB/2603-0096,10800,10950,OP304,SOFA 211 SEATER PROCELLA BALLERINA BLUDRU+MEJA,OP304,SOFA 211 SEATER PROCELLA BALLERINA BLUDRU+MEJA,,1.0,1.0,4200000.0,4200000.0,OK,
2,CSB/PB/2603-0097,10801,10950,OP304,SOFA 211 SEATER PROCELLA BALLERINA BLUDRU+MEJA,OP304,SOFA 211 SEATER PROCELLA BALLERINA BLUDRU+MEJA,,1.0,1.0,4200000.0,4200000.0,OK,
2,CSB/PB/2603-0098,10802,11646,OP386,SOFA PROCELLA LEXY BLUDRU 3 SEATER+ 2 PUFF+ MEJA,OP386,SOFA PROCELLA LEXY BLUDRU 3 SEATER+ 2 PUFF+ MEJA,,2.0,2.0,6400000.0,6400000.0,OK,
2,CSB/PB/2603-0099,10803,11646,OP386,SOFA PROCELLA LEXY BLUDRU 3 SEATER+ 2 PUFF+ MEJA,OP386,SOFA PROCELLA LEXY BLUDRU 3 SEATER+ 2 PUFF+ MEJA,,1.0,1.0,3200000.0,3200000.0,OK,
2,CSB/PB/2603-0100,10804,8180,OP054,"SOFA 1 SEATER CHESTER UNGU, COKLAT",OP054,"SOFA 1 SEATER CHESTER UNGU, COKLAT",,4.0,4.0,4500000.0,4500000.0,OK,
2,CSB/PB/2603-0100,10805,8181,OP055,"SOFA 2 SEATER CHESTER UNGU, COKLAT",OP055,"SOFA 2 SEATER CHESTER UNGU, COKLAT",,2.0,2.0,4500000.0,4500000.0,OK,
2,CSB/PB/2603-0100,10806,8301,OP091,"MEJA SOFA PROCELLA CLASIC+KACA UNGU, COKLAT",OP091,"MEJA SOFA PROCELLA CLASIC+KACA UNGU, COKLAT",,2.0,2.0,1000000.0,0.0,OK,
2,CSB/PB/2603-0111,10807,11533,OP360,MEJA MAKAN OLYMPIC GOLD DT PANDORA 4 KURSI 120X70,OP360,MEJA MAKAN OLYMPIC GOLD DT PANDORA 4 KURSI 120X70,,1.0,1.0,2600000.0,2600000.0,OK,
2,CSB/PB/2603-0111,10808,11100,OP311,MEJA MAKAN OLYMPIC GOLD DT DANVILLE 160X90,OP311,MEJA MAKAN OLYMPIC GOLD DT DANVILLE 160X90,,3.0,3.0,10350000.0,10350000.0,OK,
2,CSB/PB/2603-0113,10809,10066,OP198,MATRAS PROCELLA ATHENA STANDART 160 X 200,OP198,MATRAS PROCELLA ATHENA STANDART 160 X 200,,2.0,2.0,3300000.0,3300000.0,OK,
2,CSB/PB/2603-0129,10810,11100,OP311,MEJA MAKAN OLYMPIC GOLD DT DANVILLE 160X90,OP311,MEJA MAKAN OLYMPIC GOLD DT DANVILLE 160X90,,2.0,2.0,6900000.0,6900000.0,OK,
2,CSB/PB/2603-0159,10811,9913,TN015,TANKI MARINE 1100L ORANGE/KUNING/HITAM/BIRU (FG),TN015,TANKI MARINE 1100L ORANGE/KUNING/HITAM/BIRU (FG),,36.0,36.0,63000000.0,35910000.0,OK,
2,CSB/PB/2603-0093,10813,11714,PRN064,PIPA POWER MAX 12 AW,PRN064,PIPA POWER MAX 12 AW,,7.0,7.0,21120743.0,17973752.293,OK,
2,CSB/PB/2603-0094,10814,8397,AC028,FORTE KC 100B,AC028,FORTE KC 100B,,4.0,4.0,14174000.0,8504400.0,OK,
2,CSB/PB/2603-0123,10815,11182,OP323,SOFA AMOURA RED PLUM 211+STOOL+MEJA,OP323,SOFA AMOURA RED PLUM 211+STOOL+MEJA,,2.0,2.0,8334000.0,8334000.0,OK,
2,CSB/PB/2603-0124,10816,10949,OP303,SOFA L CHESTER BLUDRU +SET MEJA SOFA CHESTER BLUDRU,OP303,SOFA L CHESTER BLUDRU +SET MEJA SOFA CHESTER BLUDRU,,1.0,1.0,4200000.0,4200000.0,OK,
2,CSB/PB/2603-0125,10817,10950,OP304,SOFA 211 SEATER PROCELLA BALLERINA BLUDRU+MEJA,OP304,SOFA 211 SEATER PROCELLA BALLERINA BLUDRU+MEJA,,1.0,1.0,4200000.0,4200000.0,OK,
2,CSB/PB/2603-0126,10818,11646,OP386,SOFA PROCELLA LEXY BLUDRU 3 SEATER+ 2 PUFF+ MEJA,OP386,SOFA PROCELLA LEXY BLUDRU 3 SEATER+ 2 PUFF+ MEJA,,1.0,1.0,3810000.0,3810000.0,OK,
2,CSB/PB/2603-0130,10819,8642,OP103,KASUR BUSA OLYMPIC SUPER GOLD 160X200x20,OP103,KASUR BUSA OLYMPIC SUPER GOLD 160X200x20,,5.0,5.0,3785000.0,3785000.0,OK,
2,CSB/PB/2603-0154,10820,9341,OP128,SOFA L MINIMALIS MODEREN NEW OSCAR ABU ABU,OP128,SOFA L MINIMALIS MODEREN NEW OSCAR ABU ABU,,1.0,1.0,3600000.0,3600000.0,OK,
2,CSB/PB/2603-0157,10821,9914,TN016,TANKI MARINE 700L ORANGE/KUNING (FG),TN016,TANKI MARINE 700L ORANGE/KUNING (FG),,20.0,20.0,24000000.0,13680000.0,OK,
2,CSB/PB/2603-0158,10822,9913,TN015,TANKI MARINE 1100L ORANGE/KUNING/HITAM/BIRU (FG),TN015,TANKI MARINE 1100L ORANGE/KUNING/HITAM/BIRU (FG),,4.0,4.0,7000000.0,3990000.0,OK,
2,CSB/PB/2603-0103,10823,7755,AC015,NAMU SFB 160J,AC015,NAMU SFB 160J,,2.0,2.0,5235200.0,3141120.0,OK,
2,CSB/PB/2603-0106,10824,4874,AV165,LAKBAN KERTAS 24MM,AV165,LAKBAN KERTAS 24MM,,72.0,72.0,434880.0,402264.0,OK,
2,CSB/PB/2603-0107,10825,295,AV042,NO DROP 1L,AV042,NO DROP 1L,,24.0,24.0,1752000.0,1620600.0,OK,
2,CSB/PB/2603-0108,10826,286,AV033,AVITEX BASE A 5KG,AV033,AVITEX BASE A 5KG,,40.0,40.0,6528000.0,5712000.0,OK,
2,CSB/PB/2603-0108,10827,287,AV034,AVITEX BASE B 5KG,AV034,AVITEX BASE B 5KG,,40.0,40.0,6276000.0,5491500.0,OK,
2,CSB/PB/2603-0108,10828,289,AV036,AVITEX BASE A 25KG,AV036,AVITEX BASE A 25KG,,5.0,5.0,3848000.0,3367000.0,OK,
2,CSB/PB/2603-0108,10829,290,AV037,AVITEX BASE B 25KG,AV037,AVITEX BASE B 25KG,,5.0,5.0,3701500.0,3238812.5,OK,
2,CSB/PB/2603-0128,10830,10950,OP304,SOFA 211 SEATER PROCELLA BALLERINA BLUDRU+MEJA,OP304,SOFA 211 SEATER PROCELLA BALLERINA BLUDRU+MEJA,,2.0,2.0,10000000.0,10000000.0,OK,
2,CSB/PB/2603-0152,10831,10530,OP260,MEJA MAKAN OLYMPIC GOLD DT PANDORA 6 KURSI 160X90,OP260,MEJA MAKAN OLYMPIC GOLD DT PANDORA 6 KURSI 160X90,,2.0,2.0,6900000.0,6900000.0,OK,
2,CSB/PB/2603-0133,10832,122,SM001,SEMEN CONCH,SM001,SEMEN CONCH,,28000.0,28000.0,1106000000.0,1106000000.0,OK,
2,CSB/PB/2603-0153,10833,6433,OP006,LEMARI PAKAIAN BEST PLAST ANVAGA/BELGA/NAVAGO 2P RC/GC,OP006,LEMARI PAKAIAN BEST PLAST ANVAGA/BELGA/NAVAGO 2P RC/GC,,2.0,2.0,1340000.0,1340000.0,OK,
2,CSB/PB/2603-0153,10834,6433,OP006,LEMARI PAKAIAN BEST PLAST ANVAGA/BELGA/NAVAGO 2P RC/GC,OP006,LEMARI PAKAIAN BEST PLAST ANVAGA/BELGA/NAVAGO 2P RC/GC,,1.0,1.0,675000.0,675000.0,OK,
2,CSB/PB/2603-0135,10839,10774,AV229,AVIAN SYNTHETIC BASE C 2.5L,AV229,AVIAN SYNTHETIC BASE C 2.5L,,8.0,8.0,1740000.0,1522500.0,OK,
2,CSB/PB/2603-0136,10840,303,AV050,NO DROP BASE B 1L,AV050,NO DROP BASE B 1L,,24.0,24.0,1701600.0,1488900.0,OK,
2,CSB/PB/2603-0136,10841,304,AV051,NO DROP BASE C 1L,AV051,NO DROP BASE C 1L,,24.0,24.0,1634400.0,1430100.0,OK,
2,CSB/PB/2603-0137,10842,10543,AV208,LEM AVIAN NON SAG 170G,AV208,LEM AVIAN NON SAG 170G,,40.0,40.0,1664000.0,1539200.0,OK,
2,CSB/PB/2603-0138,10843,8851,AV065,AVIAN CAT LAPANGAN 5KG,AV065,AVIAN CAT LAPANGAN 5KG,,4.0,4.0,1166800.0,971361.0,OK,
2,CSB/PB/2603-0139,10844,6687,PRN025,"PARALON POWER 1"" AW",PRN025,"PARALON POWER 1"" AW",,280.0,280.0,13882400.0,11813922.4,OK,
2,CSB/PB/2603-0139,10845,11513,PRN063,PARALON POWER 1 1/2 AW,PRN063,PARALON POWER 1 1/2 AW,,50.0,50.0,4258400.0,3623898.4,OK,
2,CSB/PB/2603-0156,10846,1500,OL002,MESRAN 2T 1L,OL002,MESRAN 2T 1L,,15.0,15.0,13709955.0,13024457.25,OK,
2,CSB/PB/2603-0156,10847,1504,OL006,RORED 90,OL006,RORED 90,,5.0,5.0,4328005.0,4111604.75,OK,
2,CSB/PB/2603-0156,10848,3250,OL062,ENDURO RACING 1L,OL062,ENDURO RACING 1L,,5.0,5.0,1816915.0,1726069.25,OK,
2,CSB/PB/2603-0156,10849,1502,OL004,MEDITRAN 1L,OL004,MEDITRAN 1L,,10.0,10.0,8699960.0,8264962.0,OK,
2,CSB/PB/2603-0156,10850,4325,OL064,MESRAN 20-50 0.8L,OL064,MESRAN 20-50 0.8L,,8.0,8.0,7699176.0,7314217.2,OK,
2,CSB/PB/2603-0162,10851,1734,OL049,GREASE COBRA PAIL,OL049,GREASE COBRA PAIL,,12.0,12.0,9090000.0,6544800.0,OK,
2,CSB/PB/2604-0011,11402,7854,NP193,NIPPON WEATHERBOND SEALER 2.5L,NP193,NIPPON WEATHERBOND SEALER 2.5L,,20.0,20.0,3255800.0,3255800.0,OK,
2,CSB/PB/2604-0011,11403,4213,NP016,BODELAC 2 IN 1 ANTI KARAT ACCENT 2.7KG,NP016,BODELAC 2 IN 1 ANTI KARAT ACCENT 2.7KG,,5.0,5.0,765320.0,765320.0,OK,
2,CSB/PB/2604-0012,11404,5221,NP130,KOMILEX READY MIX 4.5KG,NP130,KOMILEX READY MIX 4.5KG,,20.0,20.0,1442360.0,1442360.0,OK,
2,CSB/PB/2604-0013,11405,5216,NP120,ELASTEX WATERPROOF READY MIX 4KG,NP120,ELASTEX WATERPROOF READY MIX 4KG,,4.0,4.0,808848.0,808848.0,OK,
2,CSB/PB/2604-0014,11406,5216,NP120,ELASTEX WATERPROOF READY MIX 4KG,NP120,ELASTEX WATERPROOF READY MIX 4KG,,16.0,16.0,3235392.0,3235392.0,OK,
2,CSB/PB/2604-0015,11407,272,NP006,NIPPON MELAMIC SENDING 1KG,NP006,NIPPON MELAMIC SENDING 1KG,,60.0,60.0,3741780.0,3741780.0,OK,
2,CSB/PB/2604-0016,11408,4105,NP005,THINER NIPPE 2000 SUPER 3.75L,NP005,THINER NIPPE 2000 SUPER 3.75L,,20.0,20.0,2023920.0,2023920.0,OK,
2,CSB/PB/2604-0017,11409,4106,NP004,THINER NIPPE 2000 1L,NP004,THINER NIPPE 2000 1L,,60.0,60.0,1619100.0,1619100.0,OK,
2,CSB/PB/2604-0018,11410,4105,NP005,THINER NIPPE 2000 SUPER 3.75L,NP005,THINER NIPPE 2000 SUPER 3.75L,,60.0,60.0,6071760.0,6071760.0,OK,
2,CSB/PB/2604-0019,11411,4105,NP005,THINER NIPPE 2000 SUPER 3.75L,NP005,THINER NIPPE 2000 SUPER 3.75L,,51.0,51.0,5160996.0,5160996.0,OK,
2,CSB/PB/2604-0020,11412,4157,NP114,PLATONE 8000 0.9L,NP114,PLATONE 8000 0.9L,,60.0,60.0,3620040.0,3620040.0,OK,
2,CSB/PB/2604-0021,11413,4105,NP005,THINER NIPPE 2000 SUPER 3.75L,NP005,THINER NIPPE 2000 SUPER 3.75L,,50.0,50.0,5059800.0,5059800.0,OK,
2,CSB/PB/2604-0022,11414,4157,NP114,PLATONE 8000 0.9L,NP114,PLATONE 8000 0.9L,,120.0,120.0,7240080.0,7240080.0,OK,
2,CSB/PB/2604-0023,11415,4259,NP113,ELASTEX DEEP BASE 4KG,NP113,ELASTEX DEEP BASE 4KG,,4.0,4.0,711664.0,711664.0,OK,
2,CSB/PB/2604-0004,11416,296,AV043,NO DROP 4L,AV043,NO DROP 4L,,4.0,4.0,1106400.0,1023420.0,OK,
2,CSB/PB/2604-0004,11417,296,AV043,NO DROP 4L,AV043,NO DROP 4L,,12.0,12.0,3319200.0,3070260.0,OK,
2,CSB/PB/2604-0005,11418,312,AV059,THINER AVIAN A 5L,AV059,THINER AVIAN A 5L,,40.0,40.0,7860000.0,7270500.0,OK,
2,CSB/PB/2604-0006,11419,311,AV058,THINER AVIAN A 1L,AV058,THINER AVIAN A 1L,,120.0,120.0,5484000.0,5072700.0,OK,
2,CSB/PB/2604-0006,11420,312,AV059,THINER AVIAN A 5L,AV059,THINER AVIAN A 5L,,40.0,40.0,7860000.0,7270500.0,OK,
2,CSB/PB/2604-0007,11421,285,AV032,AVITEX 25KG,AV032,AVITEX 25KG,,10.0,10.0,7722000.0,7142850.0,OK,
2,CSB/PB/2604-0007,11422,257,AV004,"AVIAN 0,9L",AV004,"AVIAN 0,9L",,8.0,8.0,686400.0,634920.0,OK,
2,CSB/PB/2604-0030,11423,6687,PRN025,"PARALON POWER 1"" AW",PRN025,"PARALON POWER 1"" AW",,220.0,220.0,10907600.0,9282367.6,OK,
2,CSB/PB/2604-0033,11424,4153,NP187,TINTA YELLOW OXIDE C,NP187,TINTA YELLOW OXIDE C,,8.0,8.0,1428800.0,1428800.0,OK,
2,CSB/PB/2604-0034,11425,4260,NP111,ELASTEX ACCENT BASE 4KG,NP111,ELASTEX ACCENT BASE 4KG,,16.0,16.0,2770016.0,2770016.0,OK,
2,CSB/PB/2604-0035,11426,357,NP031,NIPPON TIMBERTONE 1L,NP031,NIPPON TIMBERTONE 1L,,12.0,12.0,886752.0,886752.0,OK,
2,CSB/PB/2604-0035,11427,357,NP031,NIPPON TIMBERTONE 1L,NP031,NIPPON TIMBERTONE 1L,,12.0,12.0,886752.0,886752.0,OK,
2,CSB/PB/2604-0035,11428,357,NP031,NIPPON TIMBERTONE 1L,NP031,NIPPON TIMBERTONE 1L,,12.0,12.0,886752.0,886752.0,OK,
2,CSB/PB/2604-0035,11429,357,NP031,NIPPON TIMBERTONE 1L,NP031,NIPPON TIMBERTONE 1L,,12.0,12.0,886752.0,886752.0,OK,
2,CSB/PB/2604-0035,11430,357,NP031,NIPPON TIMBERTONE 1L,NP031,NIPPON TIMBERTONE 1L,,12.0,12.0,886752.0,886752.0,OK,
2,CSB/PB/2604-0035,11431,357,NP031,NIPPON TIMBERTONE 1L,NP031,NIPPON TIMBERTONE 1L,,12.0,12.0,886752.0,886752.0,OK,
2,CSB/PB/2604-0036,11432,357,NP031,NIPPON TIMBERTONE 1L,NP031,NIPPON TIMBERTONE 1L,,60.0,60.0,4433760.0,4433760.0,OK,
2,CSB/PB/2604-0036,11433,357,NP031,NIPPON TIMBERTONE 1L,NP031,NIPPON TIMBERTONE 1L,,60.0,60.0,4433760.0,4433760.0,OK,
2,CSB/PB/2604-0036,11434,357,NP031,NIPPON TIMBERTONE 1L,NP031,NIPPON TIMBERTONE 1L,,60.0,60.0,4433760.0,4433760.0,OK,
2,CSB/PB/2604-0036,11435,357,NP031,NIPPON TIMBERTONE 1L,NP031,NIPPON TIMBERTONE 1L,,16.0,16.0,1182336.0,1182336.0,OK,
2,CSB/PB/2604-0036,11436,357,NP031,NIPPON TIMBERTONE 1L,NP031,NIPPON TIMBERTONE 1L,,60.0,60.0,4433760.0,4433760.0,OK,
2,CSB/PB/2604-0036,11437,357,NP031,NIPPON TIMBERTONE 1L,NP031,NIPPON TIMBERTONE 1L,,60.0,60.0,4433760.0,4433760.0,OK,
2,CSB/PB/2604-0036,11438,357,NP031,NIPPON TIMBERTONE 1L,NP031,NIPPON TIMBERTONE 1L,,60.0,60.0,4433760.0,4433760.0,OK,
2,CSB/PB/2604-0037,11439,4153,NP187,TINTA YELLOW OXIDE C,NP187,TINTA YELLOW OXIDE C,,6.0,6.0,1071600.0,1071600.0,OK,
2,CSB/PB/2604-0038,11440,4153,NP187,TINTA YELLOW OXIDE C,NP187,TINTA YELLOW OXIDE C,,5.0,5.0,893000.0,893000.0,OK,
2,CSB/PB/2604-0038,11441,4214,NP011,NIPPON LEM EPOXY 0.8KG,NP011,NIPPON LEM EPOXY 0.8KG,,18.0,18.0,3631536.0,3631536.0,OK,
2,CSB/PB/2604-0039,11442,4106,NP004,THINER NIPPE 2000 1L,NP004,THINER NIPPE 2000 1L,,360.0,360.0,9714600.0,9714600.0,OK,
2,CSB/PB/2604-0040,11443,4106,NP004,THINER NIPPE 2000 1L,NP004,THINER NIPPE 2000 1L,,60.0,60.0,1619100.0,1619100.0,OK,
2,CSB/PB/2604-0041,11444,10373,NP259,EPOXYGUARD EG007 ALABASTER (3CSET)-LANTAI 0.9L,NP259,EPOXYGUARD EG007 ALABASTER (3CSET)-LANTAI 0.9L,,3.0,3.0,412044.0,412044.0,OK,
2,CSB/PB/2604-0042,11445,4105,NP005,THINER NIPPE 2000 SUPER 3.75L,NP005,THINER NIPPE 2000 SUPER 3.75L,,7.0,7.0,708372.0,708372.0,OK,
2,CSB/PB/2604-0043,11446,4105,NP005,THINER NIPPE 2000 SUPER 3.75L,NP005,THINER NIPPE 2000 SUPER 3.75L,,60.0,60.0,6071760.0,6071760.0,OK,
2,CSB/PB/2604-0045,11450,11626,NP315,BAKI CAT 4 INCH,NP315,BAKI CAT 4 INCH,,102.0,102.0,0.0,0.0,OK,
2,CSB/PB/2604-0048,11447,272,NP006,NIPPON MELAMIC SENDING 1KG,NP006,NIPPON MELAMIC SENDING 1KG,,180.0,180.0,11225340.0,11225340.0,OK,
2,CSB/PB/2604-0048,11448,273,NP007,NIPPON CLEAR 1200 1 KG,NP007,NIPPON CLEAR 1200 1 KG,,120.0,120.0,7483560.0,7483560.0,OK,
2,CSB/PB/2604-0048,11449,274,NP008,NIPPON CLEAR 1250 1 KG,NP008,NIPPON CLEAR 1250 1 KG,,120.0,120.0,7483560.0,7483560.0,OK,
2,CSB/PB/2604-0046,11451,278,AV008,ARIES GOLD BASE B 4.5L,AV008,ARIES GOLD BASE B 4.5L,,24.0,24.0,2167200.0,1896300.0,OK,
2,CSB/PB/2604-0046,11452,280,AV010,ARIES GOLD BASE A 18KG,AV010,ARIES GOLD BASE A 18KG,,9.0,9.0,3294900.0,2883037.5,OK,
2,CSB/PB/2604-0046,11453,281,AV011,ARIES GOLD BASE B 18KG,AV011,ARIES GOLD BASE B 18KG,,9.0,9.0,3173400.0,2776725.0,OK,
2,CSB/PB/2604-0046,11454,282,AV012,ARIES GOLD BASE C 18KG,AV012,ARIES GOLD BASE C 18KG,,5.0,5.0,1695000.0,1483125.0,OK,
2,CSB/PB/2604-0046,11455,4734,AV092,NO DROP BASE A 20KG,AV092,NO DROP BASE A 20KG,,5.0,5.0,6371000.0,5574625.0,OK,
2,CSB/PB/2604-0046,11456,4735,AV093,NO DROP BASE B 20KG,AV093,NO DROP BASE B 20KG,,5.0,5.0,6122500.0,5357187.5,OK,
2,CSB/PB/2604-0046,11457,4736,AV094,NO DROP BASE C 20KG,AV094,NO DROP BASE C 20KG,,5.0,5.0,5874000.0,5139750.0,OK,
2,CSB/PB/2604-0047,11458,289,AV036,AVITEX BASE A 25KG,AV036,AVITEX BASE A 25KG,,5.0,5.0,3848000.0,3367000.0,OK,
2,CSB/PB/2604-0047,11459,290,AV037,AVITEX BASE B 25KG,AV037,AVITEX BASE B 25KG,,5.0,5.0,3701500.0,3238812.5,OK,
2,CSB/PB/2604-0047,11460,6971,AV119,THINER AVIAN A 1/2L,AV119,THINER AVIAN A 1/2L,,180.0,180.0,5094000.0,4711950.0,OK,
2,CSB/PB/2604-0060,11461,8194,OP066,SPRINGBED SILVER HESTIA 160X200,OP066,SPRINGBED SILVER HESTIA 160X200,,5.0,5.0,11215000.0,11215000.0,OK,
2,CSB/PB/2604-0061,11462,9674,OP146,"MEJA TULIS G STAR MT CHERRY, BROWN, DARK",OP146,"MEJA TULIS G STAR MT CHERRY, BROWN, DARK",,9.0,9.0,3150000.0,3150000.0,OK,
2,CSB/PB/2604-0062,11463,11209,OP325,LEMARI ARSIP BESI FRONTLINE WLS 019,OP325,LEMARI ARSIP BESI FRONTLINE WLS 019,,3.0,3.0,5526000.0,5526000.0,OK,
2,CSB/PB/2604-0062,11464,10854,OP281,LEMARI ARSIP BESI FRONTLINE FC E 18 ABU-ABU TUA DAN MUDA,OP281,LEMARI ARSIP BESI FRONTLINE FC E 18 ABU-ABU TUA DAN MUDA,,5.0,5.0,9210000.0,9210000.0,OK,
2,CSB/PB/2604-0063,11465,10862,OP285,RAK TV BESI OLYMSTEEL AVR SERENITY,OP285,RAK TV BESI OLYMSTEEL AVR SERENITY,,3.0,3.0,3150000.0,3150000.0,OK,
2,CSB/PB/2604-0064,11466,11753,OP397,RAK TV BESI OLYMSTEEL AVR CHERYL,OP397,RAK TV BESI OLYMSTEEL AVR CHERYL,,1.0,1.0,2000000.0,2000000.0,OK,
2,CSB/PB/2604-0064,11467,11754,OP398,RAK TV BESI OLYMSTEEL AVR BRENDA,OP398,RAK TV BESI OLYMSTEEL AVR BRENDA,,2.0,2.0,3780000.0,3780000.0,OK,
2,CSB/PB/2604-0064,11468,10862,OP285,RAK TV BESI OLYMSTEEL AVR SERENITY,OP285,RAK TV BESI OLYMSTEEL AVR SERENITY,,1.0,1.0,1050000.0,1050000.0,OK,
2,CSB/PB/2604-0065,11469,11755,OP399,KURSI OLYMPLAST OL 509 R,OP399,KURSI OLYMPLAST OL 509 R,,25.0,25.0,3375000.0,3375000.0,OK,
2,CSB/PB/2604-0066,11470,9829,OP178,KURSI OLYMPLAST OL 208,OP178,KURSI OLYMPLAST OL 208,,50.0,50.0,5400000.0,5400000.0,OK,
2,CSB/PB/2604-0066,11471,9340,OP127,KURSI OLYMPLAST OL 505 R,OP127,KURSI OLYMPLAST OL 505 R,,25.0,25.0,3800000.0,3800000.0,OK,
2,CSB/PB/2604-0066,11472,9785,OP164,KURSI OLYMPLAST OL 209,OP164,KURSI OLYMPLAST OL 209,,50.0,50.0,4750000.0,4750000.0,OK,
2,CSB/PB/2604-0119,11473,9904,OP192,MATRAS SPRING BED OLYMPIC SILVER HESTIA23 120 X 200,OP192,MATRAS SPRING BED OLYMPIC SILVER HESTIA23 120 X 200,,3.0,3.0,5322000.0,5322000.0,OK,
2,CSB/PB/2604-0124,11474,8195,OP067,SPRINGBED SILVER HESTIA 180X200,OP067,SPRINGBED SILVER HESTIA 180X200,,5.0,5.0,12340000.0,12340000.0,OK,
2,CSB/PB/2604-0120,11475,11741,OP395,MEJA TULIS OLYMPIC URBAN MODERN NATURAL MT 120,OP395,MEJA TULIS OLYMPIC URBAN MODERN NATURAL MT 120,,6.0,6.0,6720000.0,6720000.0,OK,
2,CSB/PB/2604-0082,11476,4389,NP159,NIPON HI GLOSS PU CLEAR 0.8L,NP159,NIPON HI GLOSS PU CLEAR 0.8L,,72.0,72.0,7430112.0,7430112.0,OK,
2,CSB/PB/2604-0082,11477,4217,NP014,NIPESEA AUTOLUX 66 E PUTTY 2.94KG,NP014,NIPESEA AUTOLUX 66 E PUTTY 2.94KG,,12.0,12.0,1348560.0,1348560.0,OK,
2,CSB/PB/2604-0083,11478,337,NP140,PILOX NIPPON,NP140,PILOX NIPPON,,120.0,120.0,3681360.0,3681360.0,OK,
2,CSB/PB/2604-0083,11479,8798,NP170,VINILEX SILVER ION 5 KG CCM TINT,NP170,VINILEX SILVER ION 5 KG CCM TINT,,20.0,20.0,3204000.0,3204000.0,OK,
2,CSB/PB/2604-0084,11480,271,NP110,NIPPON WOOD FILLER 1KG,NP110,NIPPON WOOD FILLER 1KG,,180.0,180.0,7112880.0,7112880.0,OK,
2,CSB/PB/2604-0085,11481,4260,NP111,ELASTEX ACCENT BASE 4KG,NP111,ELASTEX ACCENT BASE 4KG,,16.0,16.0,2712896.0,2712896.0,OK,
2,CSB/PB/2604-0086,11482,4105,NP005,THINER NIPPE 2000 SUPER 3.75L,NP005,THINER NIPPE 2000 SUPER 3.75L,,50.0,50.0,5059800.0,5059800.0,OK,
2,CSB/PB/2604-0087,11483,4105,NP005,THINER NIPPE 2000 SUPER 3.75L,NP005,THINER NIPPE 2000 SUPER 3.75L,,150.0,150.0,15179400.0,15179400.0,OK,
2,CSB/PB/2604-0088,11484,4170,NP083,VINILEX DEEP BASE 5KG,NP083,VINILEX DEEP BASE 5KG,,20.0,20.0,2730580.0,2730580.0,OK,
2,CSB/PB/2604-0093,11485,358,KR001,MURANO PUTIH 40X40,KR001,MURANO PUTIH 40X40,,1152.0,1152.0,40320000.0,40320000.0,OK,
2,CSB/PB/2604-0090,11486,277,AV007,ARIES GOLD BASE A 4.5L,AV007,ARIES GOLD BASE A 4.5L,,24.0,24.0,2380800.0,2083200.0,OK,
2,CSB/PB/2604-0118,11487,123,SM002,SEMEN CONCH KAPAL,SM002,SEMEN CONCH KAPAL,,7500.0,7500.0,313125000.0,313125000.0,OK,
2,CSB/PB/2604-0096,11488,11790,CB464,PAPAN GOSOK KAYU,CB464,PAPAN GOSOK KAYU,,12.0,12.0,180000.0,180000.0,OK,
2,CSB/PB/2604-0097,11489,2935,AV015,AVIAN 0.9L BASE A,AV015,AVIAN 0.9L BASE A,,72.0,72.0,6393600.0,5594400.0,OK,
2,CSB/PB/2604-0098,11490,6379,AV116,AVITEX EXTERIOR BASE C 5KG,AV116,AVITEX EXTERIOR BASE C 5KG,,4.0,4.0,712000.0,623000.0,OK,
2,CSB/PB/2604-0099,11491,4682,AV073,TINTA AVIAN WP,AV073,TINTA AVIAN WP,,6.0,6.0,2188200.0,2024085.0,OK,
2,CSB/PB/2604-0099,11492,301,AV048,NO DROP BASE Y 4L,AV048,NO DROP BASE Y 4L,,12.0,12.0,3628800.0,3175200.0,OK,
2,CSB/PB/2604-0106,11493,11876,AV267,AVITEX METALLIC MT 02 0.75L,AV267,AVITEX METALLIC MT 02 0.75L,,24.0,24.0,3362400.0,2806931.52,OK,
2,CSB/PB/2604-0121,11494,9665,OP137,SOFA BED PROCELLA ALTAIR,OP137,SOFA BED PROCELLA ALTAIR,,3.0,3.0,8217000.0,8217000.0,OK,
2,CSB/PB/2604-0121,11495,9666,OP138,SOFA BED PROCELLA CHIFFON KAIN KANVAS,OP138,SOFA BED PROCELLA CHIFFON KAIN KANVAS,,3.0,3.0,6072000.0,6072000.0,OK,
2,CSB/PB/2604-0121,11496,9678,OP150,SOFA BED PROCELLA STANLEY KAIN GREY,OP150,SOFA BED PROCELLA STANLEY KAIN GREY,,3.0,3.0,6786000.0,6786000.0,OK,
2,CSB/PB/2604-0122,11497,9665,OP137,SOFA BED PROCELLA ALTAIR,OP137,SOFA BED PROCELLA ALTAIR,,3.0,3.0,8217000.0,8217000.0,OK,
2,CSB/PB/2604-0122,11498,9666,OP138,SOFA BED PROCELLA CHIFFON KAIN KANVAS,OP138,SOFA BED PROCELLA CHIFFON KAIN KANVAS,,1.0,1.0,2024000.0,2024000.0,OK,
2,CSB/PB/2604-0122,11499,9678,OP150,SOFA BED PROCELLA STANLEY KAIN GREY,OP150,SOFA BED PROCELLA STANLEY KAIN GREY,,3.0,3.0,6786000.0,6786000.0,OK,
2,CSB/PB/2604-0123,11500,9665,OP137,SOFA BED PROCELLA ALTAIR,OP137,SOFA BED PROCELLA ALTAIR,,3.0,3.0,8217000.0,8217000.0,OK,
2,CSB/PB/2604-0123,11501,9678,OP150,SOFA BED PROCELLA STANLEY KAIN GREY,OP150,SOFA BED PROCELLA STANLEY KAIN GREY,,3.0,3.0,6786000.0,6786000.0,OK,
2,CSB/PB/2604-0109,11502,4153,NP187,TINTA YELLOW OXIDE C,NP187,TINTA YELLOW OXIDE C,,5.0,5.0,893000.0,893000.0,OK,
2,CSB/PB/2604-0110,11503,4208,NP015,NIPSEA SB EPOXY FILLER BASE,NP015,NIPSEA SB EPOXY FILLER BASE,,60.0,60.0,6018180.0,6018180.0,OK,
2,CSB/PB/2604-0111,11504,4208,NP015,NIPSEA SB EPOXY FILLER BASE,NP015,NIPSEA SB EPOXY FILLER BASE,,60.0,60.0,6018180.0,6018180.0,OK,
2,CSB/PB/2604-0112,11505,4260,NP111,ELASTEX ACCENT BASE 4KG,NP111,ELASTEX ACCENT BASE 4KG,,108.0,108.0,18312048.0,18312048.0,OK,
2,CSB/PB/2604-0113,11506,6875,NP144,LEM PUTIH PVAC NIPPON,NP144,LEM PUTIH PVAC NIPPON,,720.0,720.0,10762560.0,10762560.0,OK,
2,CSB/PB/2604-0114,11507,4149,NP180,TINTA PHTHALO GREEN D,NP180,TINTA PHTHALO GREEN D,,30.0,30.0,6480900.0,6480900.0,OK,
2,CSB/PB/2604-0114,11508,4166,NP053,NIPPON WEATHERBOND ACCENT BASE 20L,NP053,NIPPON WEATHERBOND ACCENT BASE 20L,,15.0,15.0,26420640.0,26420640.0,OK,
2,CSB/PB/2604-0114,11509,4165,NP055,NIPPON WEATHERBOND DEEP BASE 18L,NP055,NIPPON WEATHERBOND DEEP BASE 18L,,10.0,10.0,18410240.0,18410240.0,OK,
2,CSB/PB/2604-0115,11510,4153,NP187,TINTA YELLOW OXIDE C,NP187,TINTA YELLOW OXIDE C,,6.0,6.0,1071600.0,1071600.0,OK,
2,CSB/PB/2604-0116,11511,4157,NP114,PLATONE 8000 0.9L,NP114,PLATONE 8000 0.9L,,30.0,30.0,1810020.0,1810020.0,OK,
2,CSB/PB/2604-0117,11512,4163,NP054,NIPPON WEATHERBOND PASTEL BASE 18.80L,NP054,NIPPON WEATHERBOND PASTEL BASE 18.80L,,10.0,10.0,20003200.0,20003200.0,OK,
2,CSB/PB/2604-0117,11513,4165,NP055,NIPPON WEATHERBOND DEEP BASE 18L,NP055,NIPPON WEATHERBOND DEEP BASE 18L,,6.0,6.0,11046144.0,11046144.0,OK,
2,CSB/PB/2604-0117,11514,4166,NP053,NIPPON WEATHERBOND ACCENT BASE 20L,NP053,NIPPON WEATHERBOND ACCENT BASE 20L,,5.0,5.0,8806880.0,8806880.0,OK,
2,CSB/PB/2604-0117,11515,5713,NP186,TINTA YELLOW EY,NP186,TINTA YELLOW EY,,30.0,30.0,18482280.0,18482280.0,OK,
2,CSB/PB/2604-0117,11516,4149,NP180,TINTA PHTHALO GREEN D,NP180,TINTA PHTHALO GREEN D,,30.0,30.0,6480900.0,6480900.0,OK,
2,CSB/PB/2604-0117,11517,4152,NP185,TINTA WHITE KK,NP185,TINTA WHITE KK,,9.0,9.0,2222145.0,2222145.0,OK,
2,CSB/PB/2604-0117,11518,4137,NP174,TINTA MAGENTA V,NP174,TINTA MAGENTA V,,12.0,12.0,4443720.0,4443720.0,OK,
2,CSB/PB/2604-0117,11519,4118,NP091,MATEX PASTEL BASE 4.5KG,NP091,MATEX PASTEL BASE 4.5KG,,28.0,28.0,3214064.0,3214064.0,OK,
2,CSB/PL/2605-0019,12171,4152,NP185,TINTA WHITE KK,NP185,TINTA WHITE KK,,21.0,21.0,5185005.0,5185005.0,OK,
2,CSB/PL/2605-0020,12173,5216,NP120,ELASTEX WATERPROOF READY MIX 4KG,NP120,ELASTEX WATERPROOF READY MIX 4KG,,8.0,8.0,1617696.0,1617696.0,OK,
2,CSB/PL/2605-0021,12177,4257,NP084,VINILEX TINT BASE 5KG,NP084,VINILEX TINT BASE 5KG,,20.0,20.0,2853860.0,2853860.0,OK,
2,CSB/PL/2605-0022,12182,4159,NP046,NIPPON SPOT LESS PLUS PASTEL BASE 2.35L,NP046,NIPPON SPOT LESS PLUS PASTEL BASE 2.35L,,16.0,16.0,4220672.0,4220672.0,OK,
2,CSB/PL/2605-0022,12183,337,NP140,PILOX NIPPON,NP140,PILOX NIPPON,,60.0,60.0,1840680.0,1840680.0,OK,
2,CSB/PL/2605-0022,12184,7859,NP198,NIPPON WEATHERBOND MAX PASTEL BASE 2.35L,NP198,NIPPON WEATHERBOND MAX PASTEL BASE 2.35L,,8.0,8.0,2401984.0,2401984.0,OK,
2,CSB/PL/2605-0022,12185,8353,NP204,MDF NP KUAS NP888 3 INCH,NP204,MDF NP KUAS NP888 3 INCH,,24.0,24.0,290496.0,290496.0,OK,
2,CSB/PL/2605-0022,12186,4921,NP106,SPOTLESS BRILIANT WHITE 20 L,NP106,SPOTLESS BRILIANT WHITE 20 L,,5.0,5.0,8452575.0,8452575.0,OK,
2,CSB/PL/2605-0023,12610,11590,AV158,DEXTONE SILICONE RED 30GR,AV158,DEXTONE SILICONE RED 30GR,,24.0,24.0,231360.0,214008.0,OK,
2,CSB/PL/2605-0024,12611,10616,AV210,DEXTONE SILICON SEALANT TABUNG MULTI PURPOSE BLACK / WHITE 300ML,AV210,DEXTONE SILICON SEALANT TABUNG MULTI PURPOSE BLACK / WHITE 300ML,,12.0,12.0,385320.0,356421.0,OK,
2,CSB/PL/2605-0024,12612,10616,AV210,DEXTONE SILICON SEALANT TABUNG MULTI PURPOSE BLACK / WHITE 300ML,AV210,DEXTONE SILICON SEALANT TABUNG MULTI PURPOSE BLACK / WHITE 300ML,,24.0,24.0,770640.0,712842.0,OK,
2,CSB/PL/2605-0024,12613,10616,AV210,DEXTONE SILICON SEALANT TABUNG MULTI PURPOSE BLACK / WHITE 300ML,AV210,DEXTONE SILICON SEALANT TABUNG MULTI PURPOSE BLACK / WHITE 300ML,,12.0,12.0,385320.0,356421.0,OK,
2,CSB/PL/2605-0025,12738,10473,OP251,SOFA SET 321 SEATER PROCELLA NEW  APOLLO CREAM,OP251,SOFA SET 321 SEATER PROCELLA NEW  APOLLO CREAM,,1.0,1.0,10800000.0,10800000.0,OK,
2,CSB/PL/2605-0026,12739,11209,OP325,LEMARI ARSIP BESI FRONTLINE WLS 019,OP325,LEMARI ARSIP BESI FRONTLINE WLS 019,,7.0,7.0,13300000.0,13300000.0,OK,
2,CSB/PL/2605-0027,12740,12148,OP027,OLYMPIC MEJA MAKAN SET SILVER MK OAKLINE B 4S HITAM HOYO,OP027,OLYMPIC MEJA MAKAN SET SILVER MK OAKLINE B 4S HITAM HOYO,,2.0,2.0,3260000.0,3260000.0,OK,
2,CSB/PL/2605-0028,12741,8883,OP120,LEMARI ARSIP BEST FRONTLINE FC 06,OP120,LEMARI ARSIP BEST FRONTLINE FC 06,,6.0,6.0,10200000.0,10200000.0,OK,
2,CSB/PL/2605-0029,12742,8191,OP063,LOCKER 18T,OP063,LOCKER 18T,,3.0,3.0,7350000.0,7350000.0,OK,
2,CSB/PL/2605-0030,12743,10473,OP251,SOFA SET 321 SEATER PROCELLA NEW  APOLLO CREAM,OP251,SOFA SET 321 SEATER PROCELLA NEW  APOLLO CREAM,,1.0,1.0,10800000.0,10800000.0,OK,
2,CSB/PL/2605-0031,12744,12195,OP554,KURSI OLYMPLAST OL 508 COKLAT TUA / MUDA,OP554,KURSI OLYMPLAST OL 508 COKLAT TUA / MUDA,,80.0,80.0,10400000.0,10400000.0,OK,
2,CSB/PL/2606-0001,12752,4159,NP046,NIPPON SPOT LESS PLUS PASTEL BASE 2.35L,NP046,NIPPON SPOT LESS PLUS PASTEL BASE 2.35L,,8.0,8.0,2110336.0,2110336.0,OK,
2,CSB/PL/2606-0003,12757,4164,NP056,NIPPON WEATHERBOND TINT BASE 18.40L,NP056,NIPPON WEATHERBOND TINT BASE 18.40L,,10.0,10.0,19206710.0,19206710.0,OK,
2,CSB/PL/2606-0004,12758,4164,NP056,NIPPON WEATHERBOND TINT BASE 18.40L,NP056,NIPPON WEATHERBOND TINT BASE 18.40L,,6.0,6.0,11524026.0,11524026.0,OK,
2,CSB/PL/2606-0005,12759,337,NP140,PILOX NIPPON,NP140,PILOX NIPPON,,60.0,60.0,1840680.0,1840680.0,OK,
2,CSB/PL/2606-0006,12760,257,AV004,"AVIAN 0,9L",AV004,"AVIAN 0,9L",,24.0,24.0,2383200.0,2204460.0,OK,
2,CSB/PL/2606-0006,12761,257,AV004,"AVIAN 0,9L",AV004,"AVIAN 0,9L",,24.0,24.0,2383200.0,2204460.0,OK,
2,CSB/PL/2606-0006,12762,257,AV004,"AVIAN 0,9L",AV004,"AVIAN 0,9L",,24.0,24.0,2383200.0,2204460.0,OK,
2,CSB/PL/2606-0006,12763,257,AV004,"AVIAN 0,9L",AV004,"AVIAN 0,9L",,24.0,24.0,2383200.0,2204460.0,OK,
2,CSB/PL/2606-0007,12764,8757,AV156,ARIES GOLD 1L,AV156,ARIES GOLD 1L,,4.0,4.0,142400.0,131720.0,OK,
2,CSB/PL/2606-0007,12765,8757,AV156,ARIES GOLD 1L,AV156,ARIES GOLD 1L,,12.0,12.0,427200.0,395160.0,OK,
2,CSB/PL/2606-0007,12766,8757,AV156,ARIES GOLD 1L,AV156,ARIES GOLD 1L,,12.0,12.0,427200.0,395160.0,OK,
2,CSB/PL/2606-0007,12767,8757,AV156,ARIES GOLD 1L,AV156,ARIES GOLD 1L,,12.0,12.0,427200.0,395160.0,OK,
2,CSB/PL/2606-0007,12768,8757,AV156,ARIES GOLD 1L,AV156,ARIES GOLD 1L,,12.0,12.0,427200.0,395160.0,OK,
2,CSB/PL/2606-0007,12769,8757,AV156,ARIES GOLD 1L,AV156,ARIES GOLD 1L,,12.0,12.0,427200.0,395160.0,OK,
2,CSB/PL/2606-0008,12775,296,AV043,NO DROP 4L,AV043,NO DROP 4L,,20.0,20.0,6168000.0,5705400.0,OK,
2,CSB/PL/2605-0032,12799,9714,OP153,LOCKER BESI FRONTLINE LOCKER 6T (3X2) ABU-ABU TUA DAN MUDA,OP153,LOCKER BESI FRONTLINE LOCKER 6T (3X2) ABU-ABU TUA DAN MUDA,,2.0,2.0,4390000.0,4390000.0,OK,
2,CSB/PL/2605-0032,12800,12196,OP580,LOCKER BESI FRONTLINE LOCKER 9T,OP580,LOCKER BESI FRONTLINE LOCKER 9T,,4.0,4.0,7800000.0,7800000.0,OK,
2,CSB/PL/2605-0032,12801,8190,OP062,LEMARI ARSIP WLS 035,OP062,LEMARI ARSIP WLS 035,,3.0,3.0,6195000.0,6195000.0,OK,
2,CSB/PL/2605-0032,12802,10854,OP281,LEMARI ARSIP BESI FRONTLINE FC E 18 ABU-ABU TUA DAN MUDA,OP281,LEMARI ARSIP BESI FRONTLINE FC E 18 ABU-ABU TUA DAN MUDA,,6.0,6.0,11070000.0,11070000.0,OK,
2,CSB/PL/2605-0032,12803,11210,OP326,LEMARI ARSIP BESI FRONTLINE FC A 18,OP326,LEMARI ARSIP BESI FRONTLINE FC A 18,,3.0,3.0,5535000.0,5535000.0,OK,
2,CSB/PL/2605-0033,12804,12197,OP581,LEMARI PAKAIAN BESI BESTSTEEL LSB 90,OP581,LEMARI PAKAIAN BESI BESTSTEEL LSB 90,,8.0,8.0,12864000.0,12864000.0,OK,
2,CSB/PL/2605-0034,12805,9896,OP184,SOFA TABLE OLYMPLAST OST,OP184,SOFA TABLE OLYMPLAST OST,,8.0,8.0,1224000.0,1224000.0,OK,
2,CSB/PL/2605-0034,12806,12198,OP582,COFFEE TABLE OLYMPLAST OCT W COKLAT TUA/MUDA,OP582,COFFEE TABLE OLYMPLAST OCT W COKLAT TUA/MUDA,,8.0,8.0,896000.0,896000.0,OK,
2,CSB/PL/2605-0035,12807,12199,OP583,SOFA PROCELLA PILLO CANVAS JEANS 321,OP583,SOFA PROCELLA PILLO CANVAS JEANS 321,,1.0,1.0,5761000.0,5761000.0,OK,
2,CSB/PB/2602-0153-01,12944,8696,OP106,KASUR BUSA STANDART 120X200X14,OP106,KASUR BUSA STANDART 120X200X14,,5.0,5.0,1895000.0,1895000.0,OK,
2,CSB/PB/2602-0153-01,12945,8697,OP107,KASUR BUSA STANDART 160X200X14,OP107,KASUR BUSA STANDART 160X200X14,,5.0,5.0,2350000.0,2350000.0,OK,
2,CSB/PB/2602-0153-01,12946,8695,OP105,KASUR BUSA STANDART 90X200X14,OP105,KASUR BUSA STANDART 90X200X14,,5.0,5.0,1435000.0,1435000.0,OK,
2,CSB/PL/2606-0009,13075,8757,AV156,ARIES GOLD 1L,AV156,ARIES GOLD 1L,,12.0,12.0,427200.0,395160.0,OK,
2,CSB/PL/2606-0010,13333,12271,IMP032,LC-4P JM STANDING,IMP032,LC-4P JM STANDING,,3.0,3.0,4140000.0,2691000.0,OK,
2,CSB/PL/2606-0010,13334,12254,IMP022,IMP KEISHI CABINET 2D 80 WD,IMP022,IMP KEISHI CABINET 2D 80 WD,,2.0,2.0,5120000.0,3328000.0,OK,
2,CSB/PL/2606-0010,13335,12060,IMP017,IMPORTA OBELIX HAYDEN,IMP017,IMPORTA OBELIX HAYDEN,,10.0,10.0,11000000.0,7150000.0,OK,
2,CSB/PL/2605-0037,13336,12255,IMP023,OKELO HN-S02 C05 FM BF,IMP023,OKELO HN-S02 C05 FM BF,,3.0,3.0,3795000.0,3644998.83,OK,
2,CSB/PL/2605-0037,13337,12256,IMP024,OKELO HN-S02 C14 FM BR,IMP024,OKELO HN-S02 C14 FM BR,,3.0,3.0,3795000.0,3644998.83,OK,
2,CSB/PL/2605-0037,13338,12257,IMP025,OKELO HN-S02 C20 FM,IMP025,OKELO HN-S02 C20 FM,,2.0,2.0,2530000.0,2429999.22,OK,
2,CSB/PL/2605-0037,13339,12258,IMP026,OKELO HN-S02 C21 FM,IMP026,OKELO HN-S02 C21 FM,,2.0,2.0,2530000.0,2429999.22,OK,
2,CSB/PL/2605-0037,13340,12259,IMP027,OKELO HN-S02 C22 FM,IMP027,OKELO HN-S02 C22 FM,,2.0,2.0,2530000.0,2429999.22,OK,
2,CSB/PL/2605-0037,13341,12260,IMP028,OKELO HN-S02 C23 FM,IMP028,OKELO HN-S02 C23 FM,,3.0,3.0,3795000.0,3644998.83,OK,
2,CSB/PL/2605-0037,13342,12261,IMP029,OKELO HN-S02 D32 FM,IMP029,OKELO HN-S02 D32 FM,,2.0,2.0,2530000.0,2429999.22,OK,
2,CSB/PL/2605-0037,13343,12262,IMP030,OKELO HN-S02 D35 FM,IMP030,OKELO HN-S02 D35 FM,,3.0,3.0,3795000.0,3644998.83,OK,
2,CSB/PL/2605-0037,13344,11743,IMP001,IMPORTA IMP AR-M04 B38 DM,IMP001,IMPORTA IMP AR-M04 B38 DM,,2.0,2.0,9300000.0,5017350.0,OK,
2,CSB/PL/2605-0037,13345,11744,IMP002,IMPORTA IMP AR-MO4 B60 DM,IMP002,IMPORTA IMP AR-MO4 B60 DM,,2.0,2.0,9300000.0,5017350.0,OK,
2,CSB/PL/2605-0037,13346,12263,IMP031,IMP IW-003 GM,IMP031,IMP IW-003 GM,,2.0,2.0,6600000.0,3689400.0,OK,
2,CSB/PL/2606-0011,13445,10577,AQ029,FREEZER BOX AQUA AQF 220 HC,AQ029,FREEZER BOX AQUA AQF 220 HC,,10.0,10.0,27000000.0,27000000.0,OK,
2,CSB/PL/2606-0011,13446,10657,AQ043,LEMARI ES AQUA AQR 382 IM,AQ043,LEMARI ES AQUA AQR 382 IM,,5.0,5.0,23200000.0,23200000.0,OK,
2,CSB/PL/2606-0011,13447,12295,AQ069,DISPENSER AQUA AWD-3A 1 SUBV,AQ069,DISPENSER AQUA AWD-3A 1 SUBV,,2.0,2.0,5050000.0,5050000.0,OK,
2,CSB/PL/2606-0011,13448,10964,AQ052,FREEZER BOX AQUA AQF 120 HC,AQ052,FREEZER BOX AQUA AQF 120 HC,,10.0,10.0,20400000.0,20400000.0,OK,
2,CSB/PL/2606-0011,13449,10576,AQ028,FREEZER BOX AQUA AQF 150 HC,AQ028,FREEZER BOX AQUA AQF 150 HC,,10.0,10.0,23400000.0,23400000.0,OK,
2,CSB/PL/2606-0011,13450,12296,AQ070,FREEZER BOX AQUA AQF-460 EG,AQ070,FREEZER BOX AQUA AQF-460 EG,AFKIR,12.0,12.0,55440000.0,55440000.0,OK,
2,CSB/PL/2606-0011,13451,12297,AQ071,FREEZER BOX AQUA AQF-560 EG,AQ071,FREEZER BOX AQUA AQF-560 EG,AFKIR,12.0,12.0,65400000.0,65400000.0,OK,
2,CSB/PL/2606-0011,13452,11576,AQ060,FREEZER BOX AQUA AQF-980 GC,AQ060,FREEZER BOX AQUA AQF-980 GC,,4.0,4.0,39600000.0,39600000.0,OK,
2,CSB/PL/2606-0011,13453,12298,AQ072,MESIN CUCI QW-7031 HT,AQ072,MESIN CUCI QW-7031 HT,AFKIR,70.0,70.0,91000000.0,91000000.0,OK,
2,CSB/PL/2606-0011,13454,12294,AQ068,MESIN CUCI AQUA QW-8031 HT,AQ068,MESIN CUCI AQUA QW-8031 HT,,36.0,36.0,50580000.0,50580000.0,OK,
2,CSB/PL/2606-0011,13455,10349,AQ017,MESIN CUCI AQUA QW-9031 HT,AQ017,MESIN CUCI AQUA QW-9031 HT,,6.0,6.0,9540000.0,9540000.0,OK,
2,CSB/PL/2606-0012,13772,12314,AC062,NEXA WU182 HMO-FR MGNO,AC062,NEXA WU182 HMO-FR MGNO,,1.0,1.0,5153700.0,3092220.0,OK,
2,CSB/PL/2606-0012,13773,12315,AC063,VIERA IS 800 CLT O-ZB WD,AC063,VIERA IS 800 CLT O-ZB WD,,1.0,1.0,1432200.0,859320.0,OK,
2,CSB/PL/2606-0013,13909,10507,AV104,AVITEX GOLD 1KG,AV104,AVITEX GOLD 1KG,,12.0,12.0,813600.0,752580.0,OK,
2,CSB/PL/2606-0013,13910,10507,AV104,AVITEX GOLD 1KG,AV104,AVITEX GOLD 1KG,,12.0,12.0,813600.0,752580.0,OK,
2,CSB/PL/2606-0013,13911,10507,AV104,AVITEX GOLD 1KG,AV104,AVITEX GOLD 1KG,,6.0,6.0,406800.0,376290.0,OK,
2,CSB/PL/2606-0013,13912,10507,AV104,AVITEX GOLD 1KG,AV104,AVITEX GOLD 1KG,,4.0,4.0,271200.0,250860.0,OK,
2,CSB/PL/2606-0013,13913,10507,AV104,AVITEX GOLD 1KG,AV104,AVITEX GOLD 1KG,,2.0,2.0,135600.0,125430.0,OK,
2,CSB/PL/2606-0013,13914,7210,AV142,AVITEX GOLD BASE A 5KG,AV142,AVITEX GOLD BASE A 5KG,,12.0,12.0,2595600.0,2271150.0,OK,
2,CSB/PL/2606-0013,13915,7212,AV144,AVITEX GOLD BASE C 5KG,AV144,AVITEX GOLD BASE C 5KG,,12.0,12.0,2396400.0,2096850.0,OK,
2,CSB/PL/2606-0013,13916,9762,AV178,AVITEX GOLD BASE A 25KG,AV178,AVITEX GOLD BASE A 25KG,,4.0,4.0,4116400.0,3601850.0,OK,
2,CSB/PL/2606-0014,13919,8796,NP235,VINILEX SILVER ION 5 KG CCM PASTEL,NP235,VINILEX SILVER ION 5 KG CCM PASTEL,,20.0,20.0,3329320.0,3329320.0,OK,
2,CSB/PL/2606-0015,13922,333,NP020,BODELAC 3.75L,NP020,BODELAC 3.75L,,32.0,32.0,8921280.0,8921280.0,OK,
2,CSB/PL/2606-0016,13934,12379,NP371,NIPPON TIMBERCOAT 1L,NP371,NIPPON TIMBERCOAT 1L,,12.0,12.0,1025760.0,1025760.0,OK,
2,CSB/PL/2606-0016,13935,12379,NP371,NIPPON TIMBERCOAT 1L,NP371,NIPPON TIMBERCOAT 1L,,12.0,12.0,1025760.0,1025760.0,OK,
2,CSB/PL/2606-0016,13936,12379,NP371,NIPPON TIMBERCOAT 1L,NP371,NIPPON TIMBERCOAT 1L,,12.0,12.0,1025760.0,1025760.0,OK,
2,CSB/PL/2606-0016,13937,12379,NP371,NIPPON TIMBERCOAT 1L,NP371,NIPPON TIMBERCOAT 1L,,12.0,12.0,1025760.0,1025760.0,OK,
2,CSB/PL/2606-0016,13938,12379,NP371,NIPPON TIMBERCOAT 1L,NP371,NIPPON TIMBERCOAT 1L,,9.0,9.0,769320.0,769320.0,OK,
2,CSB/PL/2606-0016,13939,12379,NP371,NIPPON TIMBERCOAT 1L,NP371,NIPPON TIMBERCOAT 1L,,12.0,12.0,1025760.0,1025760.0,OK,
2,CSB/PL/2606-0016,13940,12379,NP371,NIPPON TIMBERCOAT 1L,NP371,NIPPON TIMBERCOAT 1L,,9.0,9.0,769320.0,769320.0,OK,
2,CSB/PL/2606-0016,13941,12379,NP371,NIPPON TIMBERCOAT 1L,NP371,NIPPON TIMBERCOAT 1L,,12.0,12.0,1025760.0,1025760.0,OK,
2,CSB/PL/2606-0016,13942,12379,NP371,NIPPON TIMBERCOAT 1L,NP371,NIPPON TIMBERCOAT 1L,,9.0,9.0,769320.0,769320.0,OK,
2,CSB/PL/2606-0016,13943,12379,NP371,NIPPON TIMBERCOAT 1L,NP371,NIPPON TIMBERCOAT 1L,,9.0,9.0,769320.0,769320.0,OK,
2,CSB/PL/2606-0016,13944,12379,NP371,NIPPON TIMBERCOAT 1L,NP371,NIPPON TIMBERCOAT 1L,,9.0,9.0,769320.0,769320.0,OK,
2,CSB/PL/2606-0017,13945,4947,NP126,WALL SEALER 5200 20L,NP126,WALL SEALER 5200 20L,,10.0,10.0,6442440.0,6442440.0,OK,
2,CSB/PL/2606-0018,14116,10119,AC043,LULA KM 101,AC043,LULA KM 101,,20.0,20.0,15092000.0,14292000.0,OK,
2,CSB/PL/2606-0019,14135,7211,AV143,AVITEX GOLD BASE B 5KG,AV143,AVITEX GOLD BASE B 5KG,,12.0,12.0,2497200.0,2185050.0,OK,
2,CSB/PL/2606-0019,14136,9762,AV178,AVITEX GOLD BASE A 25KG,AV178,AVITEX GOLD BASE A 25KG,,1.0,1.0,1029100.0,900462.5,OK,
2,CSB/PL/2606-0019,14137,9764,AV180,AVITEX GOLD BASE C 25KG,AV180,AVITEX GOLD BASE C 25KG,,3.0,3.0,2850000.0,2493750.0,OK,
2,CSB/PL/2606-0020,14304,12429,IMP041,IMP JM-S04 B93 FM,IMP041,IMP JM-S04 B93 FM,,3.0,3.0,5940000.0,5940000.0,OK,
2,CSB/PL/2606-0020,14305,12430,IMP042,IMP JM-S04 B94 FM,IMP042,IMP JM-S04 B94 FM,,3.0,3.0,5940000.0,5940000.0,OK,
2,CSB/PL/2606-0020,14306,12431,IMP043,IMP JM-S04 C26 FM,IMP043,IMP JM-S04 C26 FM,,1.0,1.0,1980000.0,1980000.0,OK,
2,CSB/PL/2606-0020,14307,12432,IMP044,IMP JM-S04 C27 FM,IMP044,IMP JM-S04 C27 FM,,3.0,3.0,5940000.0,5940000.0,OK,
2,CSB/PL/2606-0021,14308,8799,AV161,ARIES GOLD BASE A 1KG,AV161,ARIES GOLD BASE A 1KG,,12.0,12.0,404400.0,353850.0,OK,
2,CSB/PL/2606-0021,14309,8800,AV162,ARIES GOLD BASE B 1KG,AV162,ARIES GOLD BASE B 1KG,,12.0,12.0,391200.0,342300.0,OK,
2,CSB/PL/2606-0022,14310,8757,AV156,ARIES GOLD 1L,AV156,ARIES GOLD 1L,,12.0,12.0,427200.0,395160.0,OK,
2,CSB/PL/2606-0022,14311,8757,AV156,ARIES GOLD 1L,AV156,ARIES GOLD 1L,,12.0,12.0,427200.0,395160.0,OK,
2,CSB/PL/2606-0023,14327,12255,IMP023,OKELO HN-S02 C05 FM BF,IMP023,OKELO HN-S02 C05 FM BF,,3.0,3.0,3720000.0,3720000.0,OK,
2,CSB/PL/2606-0023,14328,12256,IMP024,OKELO HN-S02 C14 FM BR,IMP024,OKELO HN-S02 C14 FM BR,,2.0,2.0,2480000.0,2480000.0,OK,
2,CSB/PL/2606-0023,14329,12463,IMP045,OKELO HN-S02 C02 FM,IMP045,OKELO HN-S02 C02 FM,,3.0,3.0,3720000.0,3720000.0,OK,
2,CSB/PL/2606-0023,14330,12464,IMP046,OKELO JM-S02 C74 FM BF,IMP046,OKELO JM-S02 C74 FM BF,,2.0,2.0,2500000.0,2500000.0,OK,
2,CSB/PL/2606-0023,14331,12056,IMP010,IMPORTA PEVITA 6 KURSI,IMP010,IMPORTA PEVITA 6 KURSI,,10.0,10.0,15975960.0,15975960.0,OK,
2,CSB/PL/2606-0023,14332,12057,IMP014,IMPORTA PEVITA 4 KURSI,IMP014,IMPORTA PEVITA 4 KURSI,,10.0,10.0,11770170.0,11770170.0,OK,
2,CSB/PL/2606-0023,14333,12058,IMP015,IMPORTA MADIROSE 6 KURSI,IMP015,IMPORTA MADIROSE 6 KURSI,,6.0,6.0,11549478.0,11549478.0,OK,
2,CSB/PL/2606-0024,14334,8801,AV163,ARIES GOLD BASE C 1KG,AV163,ARIES GOLD BASE C 1KG,,6.0,6.0,187800.0,164325.0,OK,
2,CSB/PL/2606-0025,14357,8757,AV156,ARIES GOLD 1L,AV156,ARIES GOLD 1L,,5.0,5.0,178000.0,164650.0,OK,
2,CSB/PL/2606-0025,14358,8801,AV163,ARIES GOLD BASE C 1KG,AV163,ARIES GOLD BASE C 1KG,,6.0,6.0,187800.0,164325.0,OK,
2,CSB/PL/2605-0038,14425,10980,KR253,NEW DINARA BLACK 40X40,KR253,NEW DINARA BLACK 40X40,,756.0,756.0,44226000.0,44226000.0,OK,
2,CSB/PL/2605-0039,14426,12228,KR360,NEW DALILA BLUE 25X40,KR360,NEW DALILA BLUE 25X40,,360.0,360.0,21240000.0,21240000.0,OK,
2,CSB/PL/2605-0039,14427,12227,KR359,NEW DALILA GREY 25X40,KR359,NEW DALILA GREY 25X40,,360.0,360.0,21240000.0,21240000.0,OK,
2,CSB/PL/2605-0040,14431,12202,KR339,RAIHARA GOLD 60X60,KR339,RAIHARA GOLD 60X60,,400.0,400.0,59904000.0,59904000.0,OK,
2,CSB/PL/2605-0040,14432,12200,KR336,RAINER BLUE 60X60,KR336,RAINER BLUE 60X60,,400.0,400.0,59904000.0,59904000.0,OK,
2,CSB/PL/2605-0040,14433,12201,KR338,ROVER BLUE 60X60,KR338,ROVER BLUE 60X60,,266.0,266.0,44049600.0,44049600.0,OK,
2,CSB/PL/2605-0041,14434,12252,KR371,MALIQA BLUE 25X40,KR371,MALIQA BLUE 25X40,,312.0,312.0,16692000.0,16692000.0,OK,
2,CSB/PL/2606-0027,14435,5014,TN012,DRUM PLASTIK BIRU,TN012,DRUM PLASTIK BIRU,,50.0,50.0,12250000.0,12250000.0,OK,
2,CSB/PL/2606-0027,14436,5014,TN012,DRUM PLASTIK BIRU,TN012,DRUM PLASTIK BIRU,,75.0,75.0,19875000.0,19875000.0,OK,
2,CSB/PL/2605-0042,14437,5051,CB182,GEN ABU-ABU 30L,CB182,GEN ABU-ABU 30L,,97.0,97.0,3880000.0,3880000.0,OK,
2,CSB/PL/2605-0043,14438,5052,SG001,SENG GELOMBANG GALVALUM 020,SG001,SENG GELOMBANG GALVALUM 020,,3000.0,3000.0,100980000.0,100980000.0,OK,
2,CSB/PL/2605-0043,14439,98,SG003,SENG GELOMBANG MARON 020,SG003,SENG GELOMBANG MARON 020,,2000.0,2000.0,67000000.0,67000000.0,OK,
2,CSB/PL/2605-0044,14448,150,PRN021,"PARALON MOF 1/2"" AW",PRN021,"PARALON MOF 1/2"" AW",,1000.0,1000.0,12277000.0,12277000.0,OK,
2,CSB/PL/2605-0044,14449,151,PRN020,"PARALON MOF 3/4"" AW",PRN020,"PARALON MOF 3/4"" AW",,500.0,500.0,8793500.0,8793500.0,OK,
2,CSB/PL/2605-0044,14450,159,PRN012,"PARALON MOF 2 1/2"" D",PRN012,"PARALON MOF 2 1/2"" D",,50.0,50.0,2239800.0,2239800.0,OK,
2,CSB/PL/2605-0044,14451,158,PRN013,PARALON MOF 2 AW,PRN013,PARALON MOF 2 AW,,100.0,100.0,5803100.0,5803100.0,OK,
2,CSB/PL/2605-0044,14452,157,PRN014,"PARALON MOF 2"" D",PRN014,"PARALON MOF 2"" D",,200.0,200.0,6799200.0,6799200.0,OK,
2,CSB/PL/2605-0044,14453,163,PRN008,"PARALON MOF 4"" D",PRN008,"PARALON MOF 4"" D",,50.0,50.0,4863950.0,4863950.0,OK,
2,CSB/PL/2605-0044,14454,151,PRN020,"PARALON MOF 3/4"" AW",PRN020,"PARALON MOF 3/4"" AW",,1000.0,1000.0,17587000.0,17587000.0,OK,
2,CSB/PL/2605-0044,14455,152,PRN019,"PARALON MOF 1"" AW",PRN019,"PARALON MOF 1"" AW",,200.0,200.0,4409000.0,4409000.0,OK,
2,CSB/PL/2605-0044,14456,161,PRN010,"PARALON MOF 3"" D",PRN010,"PARALON MOF 3"" D",,50.0,50.0,3092650.0,3092650.0,OK,
2,CSB/PL/2605-0045,14458,12403,KR372,CAVALIER CREME 60X60,KR372,CAVALIER CREME 60X60,,440.0,440.0,50371200.0,50371200.0,OK,
2,CSB/PL/2605-0047,14461,12206,KR341,LUGERA BLACK REC 50X50,KR341,LUGERA BLACK REC 50X50,,480.0,480.0,30720000.0,30720000.0,OK,
2,CSB/PL/2605-0047,14462,8554,KR017,LIVERPOOL BLUE REC 50X50,KR017,LIVERPOOL BLUE REC 50X50,,480.0,480.0,26640000.0,26640000.0,OK,
2,CSB/PL/2605-0047,14463,12207,KR342,SEVILLE BLACK 60X60,KR342,SEVILLE BLACK 60X60,,320.0,320.0,29030400.0,29030400.0,OK,
2,CSB/PL/2605-0047,14464,11868,KR333,JENNE GOLD 60X60,KR333,JENNE GOLD 60X60,,200.0,200.0,19672000.0,19672000.0,OK,
2,CSB/PL/2605-0047,14465,12211,KR346,ARENA WHITE EMBOSSED REC 25X40,KR346,ARENA WHITE EMBOSSED REC 25X40,,528.0,528.0,29040000.0,29040000.0,OK,
2,CSB/PL/2605-0047,14466,12212,KR347,EMERALD BLUE 25X40,KR347,EMERALD BLUE 25X40,,528.0,528.0,26664000.0,26664000.0,OK,
2,CSB/PL/2605-0047,14467,12215,KR349,GRANADA BROWN EMBOSSED 20X40,KR349,GRANADA BROWN EMBOSSED 20X40,,240.0,240.0,12000000.0,12000000.0,OK,
2,CSB/PL/2605-0047,14468,12214,KR348,GRANADA GREY EMBOSSED 20X40,KR348,GRANADA GREY EMBOSSED 20X40,,240.0,240.0,12000000.0,12000000.0,OK,
2,CSB/PL/2605-0047,14469,12210,KR345,BULGARY GREY EMBOSSED 25X40,KR345,BULGARY GREY EMBOSSED 25X40,,264.0,264.0,13596000.0,13596000.0,OK,
2,CSB/PL/2605-0047,14470,12210,KR345,BULGARY GREY EMBOSSED 25X40,KR345,BULGARY GREY EMBOSSED 25X40,,264.0,264.0,13596000.0,13596000.0,OK,
2,CSB/PL/2605-0047,14471,10983,KR266,OSCAR BROWN 40X40,KR266,OSCAR BROWN 40X40,,960.0,960.0,45120000.0,45120000.0,OK,
2,CSB/PL/2605-0047,14472,11921,KR334,OMEGA GREY 40X40,KR334,OMEGA GREY 40X40,,384.0,384.0,17664000.0,17664000.0,OK,
2,CSB/PL/2605-0047,14473,12209,KR344,LILIAN GREY 50X50,KR344,LILIAN GREY 50X50,,768.0,768.0,43392000.0,43392000.0,OK,
2,CSB/PL/2605-0047,14474,12208,KR343,LOUIS GOLD 50X50,KR343,LOUIS GOLD 50X50,,960.0,960.0,57120000.0,57120000.0,OK,
2,CSB/PL/2605-0048,14475,10756,KR211,SMITH GOLD 60X60,KR211,SMITH GOLD 60X60,,240.0,240.0,21427200.0,21427200.0,OK,
2,CSB/PL/2605-0048,14476,12216,KR350,LILIAN CREAM 50X50,KR350,LILIAN CREAM 50X50,,768.0,768.0,43392000.0,43392000.0,OK,
2,CSB/PL/2605-0048,14477,12217,KR351,SAGRADA BROWN 60X60,KR351,SAGRADA BROWN 60X60,,320.0,320.0,29030400.0,29030400.0,OK,
2,CSB/PL/2605-0048,14478,10757,KR212,STUTTGART BLACK 60X60,KR212,STUTTGART BLACK 60X60,,200.0,200.0,18432000.0,18432000.0,OK,
2,CSB/PL/2605-0049,14479,12209,KR344,LILIAN GREY 50X50,KR344,LILIAN GREY 50X50,,480.0,480.0,28560000.0,28560000.0,OK,
2,CSB/PL/2605-0049,14480,12221,KR355,DIOR WHITE 50X50,KR355,DIOR WHITE 50X50,,480.0,480.0,25440000.0,25440000.0,OK,
2,CSB/PL/2605-0049,14481,12223,KR357,DEXTER WHITE 50X50,KR357,DEXTER WHITE 50X50,,480.0,480.0,24960000.0,24960000.0,OK,
2,CSB/PL/2605-0049,14482,12224,KR358,LECCE GREY 50X50,KR358,LECCE GREY 50X50,,480.0,480.0,28560000.0,28560000.0,OK,
2,CSB/PL/2605-0050,14483,12486,KR373,RIO GREY 25X25,KR373,RIO GREY 25X25,,288.0,288.0,13392000.0,13392000.0,OK,
2,CSB/PL/2605-0050,14484,12218,KR352,ARIANA GREY 25X40,KR352,ARIANA GREY 25X40,,528.0,528.0,27720000.0,27720000.0,OK,
2,CSB/PL/2605-0050,14485,12219,KR353,REGINA BROWN 25X25,KR353,REGINA BROWN 25X25,,288.0,288.0,13392000.0,13392000.0,OK,
2,CSB/PL/2605-0051,14486,12222,KR356,LIORA GOLD REC 50X50,KR356,LIORA GOLD REC 50X50,,960.0,960.0,57120000.0,57120000.0,OK,
2,CSB/PL/2605-0051,14487,12251,KR370,LEICA GREY REC 50X50,KR370,LEICA GREY REC 50X50,,480.0,480.0,28560000.0,28560000.0,OK,
2,CSB/PL/2605-0052,14488,5864,KR260,SWEDEN BROWN 60X60,KR260,SWEDEN BROWN 60X60,,1000.0,1000.0,93600000.0,93600000.0,OK,
2,CSB/PL/2606-0028,14490,8191,OP063,LOCKER 18T,OP063,LOCKER 18T,,6.0,6.0,14700000.0,14700000.0,OK,
2,CSB/PL/2606-0028,14491,12196,OP580,LOCKER BESI FRONTLINE LOCKER 9T,OP580,LOCKER BESI FRONTLINE LOCKER 9T,,5.0,5.0,9750000.0,9750000.0,OK,
2,CSB/PL/2606-0028,14492,11210,OP326,LEMARI ARSIP BESI FRONTLINE FC A 18,OP326,LEMARI ARSIP BESI FRONTLINE FC A 18,,5.0,5.0,9225000.0,9225000.0,OK,
2,CSB/PL/2606-0028,14493,10854,OP281,LEMARI ARSIP BESI FRONTLINE FC E 18 ABU-ABU TUA DAN MUDA,OP281,LEMARI ARSIP BESI FRONTLINE FC E 18 ABU-ABU TUA DAN MUDA,,10.0,10.0,18450000.0,18450000.0,OK,
2,CSB/PL/2606-0028,14494,8190,OP062,LEMARI ARSIP WLS 035,OP062,LEMARI ARSIP WLS 035,,5.0,5.0,10325000.0,10325000.0,OK,
2,CSB/PL/2606-0028,14495,11209,OP325,LEMARI ARSIP BESI FRONTLINE WLS 019,OP325,LEMARI ARSIP BESI FRONTLINE WLS 019,,5.0,5.0,9500000.0,9500000.0,OK,
2,CSB/PL/2606-0029,14496,10446,OP246,MEJA TULIS PANEL OLYMPIC SILVER MTB VENUS N CHERRY RABBIT,OP246,MEJA TULIS PANEL OLYMPIC SILVER MTB VENUS N CHERRY RABBIT,,5.0,5.0,3625000.0,3625000.0,OK,
2,CSB/PL/2606-0029,14497,8292,OP088,MEJA RIAS OLYMPIC SILVER MR HELENA,OP088,MEJA RIAS OLYMPIC SILVER MR HELENA,,4.0,4.0,4100000.0,4100000.0,OK,
2,CSB/PL/2606-0029,14498,11807,OP434,RAK TV OLYMPIC GOLD AVR HEMERA,OP434,RAK TV OLYMPIC GOLD AVR HEMERA,,2.0,2.0,1800000.0,1800000.0,OK,
2,CSB/PL/2606-0030,14499,12375,OP597,MEJA MAKAN SET OLYMPIC SILVER MK NATURA 4S HITAM HOYO,OP597,MEJA MAKAN SET OLYMPIC SILVER MK NATURA 4S HITAM HOYO,,3.0,3.0,5550000.0,5550000.0,OK,
2,CSB/PL/2606-0031,14500,12374,OP596,MEJA MAKAN SET OLYMPIC SILVER MK TERRA 4S HITAM HOYO,OP596,MEJA MAKAN SET OLYMPIC SILVER MK TERRA 4S HITAM HOYO,,3.0,3.0,4650000.0,4650000.0,OK,
2,CSB/PL/2606-0032,14515,1503,OL005,MEDITRAN 5L,OL005,MEDITRAN 5L,,40.0,40.0,10115160.0,10115160.0,OK,
2,CSB/PL/2606-0032,14516,1505,OL007,RORED 140,OL007,RORED 140,,16.0,16.0,4859312.0,4859312.0,OK,
2,CSB/PL/2606-0032,14517,1520,OL023,MESRAN 20-50 4L,OL023,MESRAN 20-50 4L,,30.0,30.0,5982960.0,5982960.0,OK,
2,CSB/PL/2606-0033,14528,275,AV005,ARIES GOLD 4.5L,AV005,ARIES GOLD 4.5L,,60.0,60.0,6576000.0,6082800.0,OK,
2,CSB/PL/2606-0034,14572,4207,NP118,ROLLER NP 9 INC 1000 PREMIUM,NP118,ROLLER NP 9 INC 1000 PREMIUM,,24.0,24.0,700104.0,700104.0,OK,
2,CSB/PL/2606-0034,14573,337,NP140,PILOX NIPPON,NP140,PILOX NIPPON,,60.0,60.0,1840680.0,1840680.0,OK,
2,CSB/PL/2606-0034,14574,337,NP140,PILOX NIPPON,NP140,PILOX NIPPON,,60.0,60.0,1840680.0,1840680.0,OK,
2,CSB/PL/2606-0034,14575,340,NP013,NIPPON AUTOLUX 66 PEPUTTY 0.98L,NP013,NIPPON AUTOLUX 66 PEPUTTY 0.98L,,60.0,60.0,2590440.0,2590440.0,OK,
2,CSB/PL/2606-0035,14590,11798,OP425,RAK SEPATU OLYMPLAST SRO 2SW,OP425,RAK SEPATU OLYMPLAST SRO 2SW,,2.0,2.0,1246000.0,1246000.0,OK,
2,CSB/PL/2606-0035,14591,11800,OP427,RAK SEPATU OLYMPLAST SRO 3SW,OP427,RAK SEPATU OLYMPLAST SRO 3SW,,4.0,4.0,3232000.0,3232000.0,OK,
2,CSB/PL/2606-0036,14592,11484,OP339,MEJA MANAGER FRONTLINE MD VINTAGE  BEECH,OP339,MEJA MANAGER FRONTLINE MD VINTAGE  BEECH,,10.0,10.0,18000000.0,18000000.0,OK,
2,CSB/PL/2606-0037,14593,11182,OP323,SOFA AMOURA RED PLUM 211+STOOL+MEJA,OP323,SOFA AMOURA RED PLUM 211+STOOL+MEJA,,1.0,1.0,3120000.0,3120000.0,OK,
2,CSB/PL/2606-0038,14594,10949,OP303,SOFA L CHESTER BLUDRU +SET MEJA SOFA CHESTER BLUDRU,OP303,SOFA L CHESTER BLUDRU +SET MEJA SOFA CHESTER BLUDRU,,2.0,2.0,10000000.0,10000000.0,OK,
2,CSB/PL/2606-0039,14595,11488,OP343,LEMARI PAKAIAN BESI  OLYMSTEEL OSW AB 4P,OP343,LEMARI PAKAIAN BESI  OLYMSTEEL OSW AB 4P,,1.0,1.0,4300000.0,4300000.0,OK,
2,CSB/PL/2606-0039,14596,11489,OP344,LEMARI PAKAIAN BESI OLYMSTEEL OSW MR 2P3L,OP344,LEMARI PAKAIAN BESI OLYMSTEEL OSW MR 2P3L,,2.0,2.0,5800000.0,5800000.0,OK,
2,CSB/PL/2606-0040,14597,8195,OP067,SPRINGBED SILVER HESTIA 180X200,OP067,SPRINGBED SILVER HESTIA 180X200,,6.0,6.0,17190000.0,17190000.0,OK,
2,CSB/PL/2606-0041,14598,11813,OP440,LACI OLYMPLAST ODC CLASSIC 05A,OP440,LACI OLYMPLAST ODC CLASSIC 05A,,2.0,2.0,2274000.0,2274000.0,OK,
2,CSB/PL/2606-0041,14599,11803,OP430,LACI OLYMPLAST ODC MODERN 04,OP430,LACI OLYMPLAST ODC MODERN 04,,2.0,2.0,1856000.0,1856000.0,OK,
2,CSB/PL/2606-0042,14600,11865,OP482,"STORAGE OLYMPLAST OMS 3X3 (LUXURY, PURE)",OP482,"STORAGE OLYMPLAST OMS 3X3 (LUXURY, PURE)",,3.0,3.0,2559000.0,2559000.0,OK,
2,CSB/PL/2606-0042,14601,11866,OP483,"STORAGE OLYMPLAST OMS 3X4 (LUXURY, PURE)",OP483,"STORAGE OLYMPLAST OMS 3X4 (LUXURY, PURE)",,1.0,1.0,1036000.0,1036000.0,OK,
2,CSB/PL/2606-0042,14602,11870,OP485,KABINET OLYMPLAST OTC CRENDENZA LUXURY,OP485,KABINET OLYMPLAST OTC CRENDENZA LUXURY,,3.0,3.0,2448000.0,2448000.0,OK,
2,CSB/PL/2606-0042,14603,6437,OP010,LEMARI PAKAIAN OLYMPLAST OTC SLIDING CLASIC,OP010,LEMARI PAKAIAN OLYMPLAST OTC SLIDING CLASIC,,7.0,7.0,12838000.0,12838000.0,OK,
2,CSB/PL/2606-0043,14605,11182,OP323,SOFA AMOURA RED PLUM 211+STOOL+MEJA,OP323,SOFA AMOURA RED PLUM 211+STOOL+MEJA,,1.0,1.0,3120000.0,3120000.0,OK,
2,CSB/PL/2603-0001,14610,4256,NP082,VINILEX PASTEL BASE 5KG,NP082,VINILEX PASTEL BASE 5KG,,12.0,12.0,1756176.0,1756176.0,OK,
2,CSB/PL/2603-0002,14611,4256,NP082,VINILEX PASTEL BASE 5KG,NP082,VINILEX PASTEL BASE 5KG,,44.0,44.0,6246152.0,6246152.0,OK,
2,CSB/PL/2603-0002,14612,4213,NP016,BODELAC 2 IN 1 ANTI KARAT ACCENT 2.7KG,NP016,BODELAC 2 IN 1 ANTI KARAT ACCENT 2.7KG,,4.0,4.0,612256.0,612256.0,OK,
2,CSB/PL/2606-0044,14616,12491,OP600,LACI OLYMPLAST ODC MODERN 05,OP600,LACI OLYMPLAST ODC MODERN 05,,2.0,2.0,2184000.0,2184000.0,OK,
2,CSB/PL/2606-0045,14617,12491,OP600,LACI OLYMPLAST ODC MODERN 05,OP600,LACI OLYMPLAST ODC MODERN 05,,2.0,2.0,2184000.0,2184000.0,OK,
2,CSB/PL/2606-0045,14618,11863,OP480,"STORAGE OLYMPLAST OMS 2X4 (LUXURY, PURE)",OP480,"STORAGE OLYMPLAST OMS 2X4 (LUXURY, PURE)",,5.0,5.0,3115000.0,3115000.0,OK,
2,CSB/PL/2606-0045,14619,11864,OP481,"STORAGE OLYMPLAST OMS 3X2 (LUXURY, PURE)",OP481,"STORAGE OLYMPLAST OMS 3X2 (LUXURY, PURE)",,1.0,1.0,853000.0,853000.0,OK,
2,CSB/PL/2605-0053,14620,12498,ST458,BMW NAMPAN BULAT POLO POLO-49,ST458,BMW NAMPAN BULAT POLO POLO-49,,100.0,100.0,1400000.0,1400000.0,OK,
2,CSB/PL/2605-0053,14621,12499,ST459,BMW GUNTING RH-009,ST459,BMW GUNTING RH-009,,240.0,240.0,1440000.0,1440000.0,OK,
2,CSB/PL/2605-0053,14622,12500,ST460,BMW PISAU VISANA 8PS-VS8,ST460,BMW PISAU VISANA 8PS-VS8,,240.0,240.0,1584000.0,1584000.0,OK,
2,CSB/PL/2605-0054,14623,12493,ST453,BMW BASKOM JUMBO PREMIUM 45 CM BJP-45,ST453,BMW BASKOM JUMBO PREMIUM 45 CM BJP-45,,90.0,90.0,4252500.0,4252500.0,OK,
2,CSB/PL/2605-0054,14624,12494,ST454,BMW BASKOM JUMBO PREMIUM 50 CM BJP-50,ST454,BMW BASKOM JUMBO PREMIUM 50 CM BJP-50,,80.0,80.0,4416000.0,4416000.0,OK,
2,CSB/PL/2605-0054,14625,12495,ST455,BMW BASKOM JUMBO PREMIUM 55 CM BJP-55,ST455,BMW BASKOM JUMBO PREMIUM 55 CM BJP-55,,70.0,70.0,4956000.0,4956000.0,OK,
2,CSB/PL/2605-0054,14626,11148,ST394,BMW BASKOM JUMBO PREMIUM 65 CM BJP-65,ST394,BMW BASKOM JUMBO PREMIUM 65 CM BJP-65,,25.0,25.0,2387500.0,2387500.0,OK,
2,CSB/PL/2605-0054,14627,12496,ST456,BMW SEPATULA SET SPT-SS-04 SPATULA+INNER,ST456,BMW SEPATULA SET SPT-SS-04 SPATULA+INNER,,60.0,60.0,1158000.0,1158000.0,OK,
2,CSB/PL/2605-0054,14628,12497,ST457,BMW NAMPAN BULAT POLO POLO-70,ST457,BMW NAMPAN BULAT POLO POLO-70,,25.0,25.0,1412500.0,1412500.0,OK,
2,CSB/PL/2607-0001,14670,11027,AV244,SUNGUARD BASIC BASE A 2.5LT,AV244,SUNGUARD BASIC BASE A 2.5LT,,2.0,2.0,673200.0,589050.0,OK,
2,CSB/PL/2605-0055,14680,12501,OK042,OKAYAMA CHOPER 375 2IN1 2LT+700ML,OK042,OKAYAMA CHOPER 375 2IN1 2LT+700ML,,30.0,30.0,3900000.0,3900000.0,OK,
2,CSB/PL/2607-0002,14685,12314,AC062,NEXA WU182 HMO-FR MGNO,AC062,NEXA WU182 HMO-FR MGNO,,1.0,1.0,5153700.0,5113700.0,OK,
2,CSB/PL/2605-0056,14719,8818,GS015,BASI PRASMANAN BULAT HIJAU BTPB 2043 H,GS015,BASI PRASMANAN BULAT HIJAU BTPB 2043 H,,6.0,6.0,695214.0,695214.0,OK,
2,CSB/PL/2605-0056,14720,11010,GS204,BASI TUTUP SEGI 4 PCS HIJAU BTS 2024-4 H,GS204,BASI TUTUP SEGI 4 PCS HIJAU BTS 2024-4 H,,6.0,6.0,397266.0,397266.0,OK,
2,CSB/PL/2605-0056,14721,12350,GS240,PIRING DAUN TENGAH HIJAU PDT 8018 H,GS240,PIRING DAUN TENGAH HIJAU PDT 8018 H,,144.0,144.0,698112.0,698112.0,OK,
2,CSB/PL/2605-0056,14722,7467,GS088,TEMPAT KUE HIJAU TK 1001 H,GS088,TEMPAT KUE HIJAU TK 1001 H,,6.0,6.0,529686.0,529686.0,OK,
2,CSB/PL/2605-0056,14723,12351,GS241,MANGKUK KUAH TUTUP HIJAU MKT 7024 H,GS241,MANGKUK KUAH TUTUP HIJAU MKT 7024 H,,48.0,48.0,345072.0,345072.0,OK,
2,CSB/PL/2605-0056,14724,9682,GS151,MUG TUTUP HIJAU MOK 7008 H,GS151,MUG TUTUP HIJAU MOK 7008 H,,72.0,72.0,409248.0,409248.0,OK,
2,CSB/PL/2605-0056,14725,12352,GS242,MUG TUTUP HIJAU MOKT 7028 H,GS242,MUG TUTUP HIJAU MOKT 7028 H,,72.0,72.0,872784.0,872784.0,OK,
2,CSB/PL/2605-0056,14726,11008,GS202,MUG TUTUP HIJAU MOKT 7035 H,GS202,MUG TUTUP HIJAU MOKT 7035 H,,72.0,72.0,397224.0,397224.0,OK,
2,CSB/PL/2605-0056,14727,8834,GS031,MUG TUTUP HIJAU MOKT 7036 H,GS031,MUG TUTUP HIJAU MOKT 7036 H,,72.0,72.0,318960.0,318960.0,OK,
2,CSB/PL/2605-0056,14728,7445,GS066,MUG HIJAU MOK 7012 H,GS066,MUG HIJAU MOK 7012 H,,144.0,144.0,481536.0,481536.0,OK,
2,CSB/PL/2604-0001,14738,12009,GS235,TEMPAT BAWANG LOMBOK TBL 1051 AB/MI,GS235,TEMPAT BAWANG LOMBOK TBL 1051 AB/MI,,36.0,36.0,276912.0,276912.0,OK,
2,CSB/PL/2604-0001,14739,10032,GS172,TEMPAT SERBA GUNA HIJAU TBS 1186,GS172,TEMPAT SERBA GUNA HIJAU TBS 1186,,4.0,4.0,150480.0,150480.0,OK,
2,CSB/PL/2604-0001,14740,10039,GS179,KOTAK LONJONG KECIL HIJAU KLK 3007 H,GS179,KOTAK LONJONG KECIL HIJAU KLK 3007 H,,72.0,72.0,361152.0,361152.0,OK,
2,CSB/PL/2604-0001,14741,10025,GS165,RAK AQUA 12 PCS HIJAU RA 9012A H,GS165,RAK AQUA 12 PCS HIJAU RA 9012A H,,72.0,72.0,794592.0,794592.0,OK,
2,CSB/PL/2604-0001,14742,7502,GS221,BASKOM SEGI KECIL HIJAU BSK 2001 H,GS221,BASKOM SEGI KECIL HIJAU BSK 2001 H,,72.0,72.0,397296.0,397296.0,OK,
2,CSB/PL/2604-0001,14743,7466,GS087,BASKOM BULAT KECIL HIJAU BBK 2054 H,GS087,BASKOM BULAT KECIL HIJAU BBK 2054 H,,36.0,36.0,358128.0,358128.0,OK,
2,CSB/PL/2604-0001,14744,7384,GS045,BASKOM BULAT KECIL HIJAU BBK 2055 H,GS045,BASKOM BULAT KECIL HIJAU BBK 2055 H,,36.0,36.0,517680.0,517680.0,OK,
2,CSB/PL/2604-0001,14745,10038,GS178,KOTAK SEGI KECIL HIJAU KSK 3006 H,GS178,KOTAK SEGI KECIL HIJAU KSK 3006 H,,72.0,72.0,319032.0,319032.0,OK,
2,CSB/PL/2604-0001,14746,7478,GS099,EMBER SEGI TRANSPARANT ES 4008,GS099,EMBER SEGI TRANSPARANT ES 4008,,12.0,12.0,401280.0,401280.0,OK,
2,CSB/PL/2604-0001,14747,7473,GS094,EMBER KECIL EK 4002,GS094,EMBER KECIL EK 4002,,24.0,24.0,290928.0,290928.0,OK,
2,CSB/PL/2604-0003,14761,7491,GS112,BASI TUTUP SEGI 2 PCS HIJAU BTS 2026-2H,GS112,BASI TUTUP SEGI 2 PCS HIJAU BTS 2026-2H,,12.0,12.0,319020.0,319020.0,OK,
2,CSB/PL/2604-0003,14762,11007,GS201,PIRING IKAN HIJAU PI 8007 H,GS201,PIRING IKAN HIJAU PI 8007 H,,72.0,72.0,650088.0,650088.0,OK,
2,CSB/PL/2604-0003,14763,7380,GS041,PIRING MAKAN HIJAU PM 805 H,GS041,PIRING MAKAN HIJAU PM 805 H,,36.0,36.0,358128.0,358128.0,OK,
2,CSB/PL/2604-0003,14764,11014,GS207,PIRING MAKAN HIJAU PM 8036 H,GS207,PIRING MAKAN HIJAU PM 8036 H,,144.0,144.0,674064.0,674064.0,OK,
2,CSB/PL/2604-0003,14765,9680,GS149,TEMPAT KUE HIJAU TK 1002,GS149,TEMPAT KUE HIJAU TK 1002,,6.0,6.0,529728.0,529728.0,OK,
2,CSB/PL/2604-0003,14766,8565,GS136,MUG LOVE PINK MOK 7060 PI,GS136,MUG LOVE PINK MOK 7060 PI,,144.0,144.0,577872.0,577872.0,OK,
2,CSB/PL/2604-0003,14767,7495,GS116,MUG HIJAU MOK 7005 H,GS116,MUG HIJAU MOK 7005 H,,144.0,144.0,638064.0,638064.0,OK,
2,CSB/PL/2604-0003,14768,8558,GS129,KAN AIR BESAR HIJAU KAB 3018 H,GS129,KAN AIR BESAR HIJAU KAB 3018 H,,24.0,24.0,555792.0,555792.0,OK,
2,CSB/PL/2604-0003,14769,7432,GS053,KAN AIR BESAR HIJAU KAB 3013 H,GS053,KAN AIR BESAR HIJAU KAB 3013 H,,36.0,36.0,595188.0,595188.0,OK,
2,CSB/PL/2604-0003,14770,10997,GS194,KAN AIR DIAMOND HIJAU KAUDT 3041 H,GS194,KAN AIR DIAMOND HIJAU KAUDT 3041 H,,12.0,12.0,351120.0,351120.0,OK,
2,CSB/PL/2604-0004,14771,11200,GS216,KAN SET 4 PCS BLUE TRANS KAK 3012 BT,GS216,KAN SET 4 PCS BLUE TRANS KAK 3012 BT,,24.0,24.0,441408.0,441408.0,OK,
2,CSB/PL/2604-0004,14772,5368,GS191,TUTUP SAYUR TSSB 1107,GS191,TUTUP SAYUR TSSB 1107,,12.0,12.0,505620.0,505620.0,OK,
2,CSB/PL/2604-0004,14773,8562,GS133,PIRING MAKAN PINK PM 179 PI,GS133,PIRING MAKAN PINK PM 179 PI,,144.0,144.0,650160.0,650160.0,OK,
2,CSB/PL/2604-0005,14774,12003,GS229,KAN INFUSED WATER HIJAU KAP 3042 H,GS229,KAN INFUSED WATER HIJAU KAP 3042 H,,24.0,24.0,260832.0,260832.0,OK,
2,CSB/PL/2604-0005,14775,12091,GS237,KAN INFUSED WATER HIJAU KAT 3043 H,GS237,KAN INFUSED WATER HIJAU KAT 3043 H,,24.0,24.0,321024.0,321024.0,OK,
2,CSB/PL/2604-0005,14776,10042,GS182,DISPENSER INFUSED WATER PUTIH TD 1206 PH,GS182,DISPENSER INFUSED WATER PUTIH TD 1206 PH,,12.0,12.0,451440.0,451440.0,OK,
2,CSB/PL/2604-0005,14777,10012,GS152,DISPENSER HIJAU/PINK TAA 1063 H/PI,GS152,DISPENSER HIJAU/PINK TAA 1063 H/PI,,4.0,4.0,421344.0,421344.0,OK,
2,CSB/PL/2604-0005,14778,10044,GS184,TEMPAT GELAS BULAT 6 PCS PINK TGB 1086 PI,GS184,TEMPAT GELAS BULAT 6 PCS PINK TGB 1086 PI,,48.0,48.0,553776.0,553776.0,OK,
2,CSB/PL/2604-0005,14779,10045,GS185,TEMPAT GELAS SEGI 6 PCS HIJAU TGS 1087 H,GS185,TEMPAT GELAS SEGI 6 PCS HIJAU TGS 1087 H,,48.0,48.0,581856.0,581856.0,OK,
2,CSB/PL/2604-0005,14780,7453,GS074,TEMPAT SENDOK BULAT HIJAU TSBD 1067 H,GS074,TEMPAT SENDOK BULAT HIJAU TSBD 1067 H,,48.0,48.0,425328.0,425328.0,OK,
2,CSB/PL/2604-0005,14781,7485,GS106,TEMPAT SENDOK HIJAU TS 1082 H,GS106,TEMPAT SENDOK HIJAU TS 1082 H,,48.0,48.0,401280.0,401280.0,OK,
2,CSB/PL/2604-0005,14782,10035,GS175,TEMPAT SENDOK HIJAU TS 1083 H,GS175,TEMPAT SENDOK HIJAU TS 1083 H,,48.0,48.0,489600.0,489600.0,OK,
2,CSB/PL/2604-0005,14783,12000,GS226,TEMPAT TISSUE SEGI IVORY TTS 1061 I,GS226,TEMPAT TISSUE SEGI IVORY TTS 1061 I,,48.0,48.0,601920.0,601920.0,OK,
2,CSB/PL/2604-0006,14784,8572,GS037,GAYUNG AIR PINK GA 110 PI,GS037,GAYUNG AIR PINK GA 110 PI,,48.0,48.0,212688.0,212688.0,OK,
2,CSB/PL/2604-0006,14785,8833,GS030,MUG HIJAU MOK 7015 H,GS030,MUG HIJAU MOK 7015 H,,144.0,144.0,565776.0,565776.0,OK,
2,CSB/PL/2604-0006,14786,11996,GS222,MANGKOK NASI HIJAU MKN 7009 H,GS222,MANGKOK NASI HIJAU MKN 7009 H,,144.0,144.0,421344.0,421344.0,OK,
2,CSB/PL/2605-0058,14787,8806,GS003,TUTUP SAYUR KECIL PINK TS 140 PI,GS003,TUTUP SAYUR KECIL PINK TS 140 PI,,36.0,36.0,300960.0,300960.0,OK,
2,CSB/PL/2605-0058,14788,8573,GS038,GAYUNG AIR PINK GA 111 PI,GS038,GAYUNG AIR PINK GA 111 PI,,48.0,48.0,160512.0,160512.0,OK,
2,CSB/PL/2605-0059,14789,11685,GS220,RAK SEPATU ABU-ABU RS 9031 AB,GS220,RAK SEPATU ABU-ABU RS 9031 AB,,3.0,3.0,326040.0,326040.0,OK,
2,CSB/PL/2607-0003,14817,11960,AV268,SUNGUARD BASIC BASE A 1L,AV268,SUNGUARD BASIC BASE A 1L,,2.0,2.0,356400.0,296239.68,OK,
2,CSB/PL/2607-0003,14818,11962,AV270,SUNGUARD BASIC BASE C 1L,AV270,SUNGUARD BASIC BASE C 1L,,2.0,2.0,328800.0,273298.56,OK,
2,CSB/PL/2604-0007,15133,7475,GS096,GAYUNG AIR HIJAU GA 5025 H,GS096,GAYUNG AIR HIJAU GA 5025 H,,48.0,48.0,316992.0,316992.0,OK,
2,CSB/PL/2604-0007,15134,8817,GS014,GELAS ICE CREAM HIJAU GEP 5009 H,GS014,GELAS ICE CREAM HIJAU GEP 5009 H,,144.0,144.0,565776.0,565776.0,OK,
2,CSB/PL/2604-0007,15135,7501,GS122,TEMPAT CETAKAN ICE CREAM HIJAU TCE 1073 H,GS122,TEMPAT CETAKAN ICE CREAM HIJAU TCE 1073 H,,48.0,48.0,581856.0,581856.0,OK,
2,CSB/PL/2604-0007,15136,12004,GS230,MANGKOK BUAH DIAMOND NATURAL MBBUD 7073 N,GS230,MANGKOK BUAH DIAMOND NATURAL MBBUD 7073 N,,4.0,4.0,367840.0,367840.0,OK,
2,CSB/PL/2604-0007,15137,10049,GS189,TEMPAT PERMEN NATURAL TGSD 1208 N,GS189,TEMPAT PERMEN NATURAL TGSD 1208 N,,6.0,6.0,476520.0,476520.0,OK,
2,CSB/PL/2604-0007,15138,12005,GS231,TOPLES MATAHARI TANGGUNG NATURAL TUM 1155 N,GS231,TOPLES MATAHARI TANGGUNG NATURAL TUM 1155 N,,36.0,36.0,541728.0,541728.0,OK,
2,CSB/PL/2604-0007,15139,8557,GS128,BASI TUTUP SEGI 2PCS PINK BTS 170-2 PI,GS128,BASI TUTUP SEGI 2PCS PINK BTS 170-2 PI,,12.0,12.0,319020.0,319020.0,OK,
2,CSB/PL/2604-0007,15140,12006,GS232,TEMPAT IKAN SARINGAN BESAR CHARCOAL TISB 187 CT,GS232,TEMPAT IKAN SARINGAN BESAR CHARCOAL TISB 187 CT,,24.0,24.0,674160.0,674160.0,OK,
2,CSB/PL/2604-0007,15141,12007,GS233,TOPLES BESAR NATURAL TMMB 135 N,GS233,TOPLES BESAR NATURAL TMMB 135 N,,12.0,12.0,319020.0,319020.0,OK,
2,CSB/PL/2604-0007,15142,12008,GS234,TOPLES TANGGUNG NATURAL TMMT 134 N,GS234,TOPLES TANGGUNG NATURAL TMMT 134 N,,12.0,12.0,277884.0,277884.0,OK,
2,CSB/PL/2605-0060,15145,7493,GS114,KAN AIR TANGUNG HIJAU KAT 3008 H,GS114,KAN AIR TANGUNG HIJAU KAT 3008 H,,36.0,36.0,358128.0,358128.0,OK,
2,CSB/PL/2605-0060,15146,7451,GS072,TEMPAT GELAS 6 PCS HIJAU TG 61037 H,GS072,TEMPAT GELAS 6 PCS HIJAU TG 61037 H,,48.0,48.0,477504.0,477504.0,OK,
2,CSB/PL/2605-0060,15147,7454,GS075,TEMPAT SENDOK SEGI HIJAU TSS 1027 H,GS075,TEMPAT SENDOK SEGI HIJAU TSS 1027 H,,36.0,36.0,758232.0,758232.0,OK,
2,CSB/PL/2605-0060,15148,7455,GS076,TEMPAT SENDOK GARPU 6 PCS HIJAU TST 1140 H,GS076,TEMPAT SENDOK GARPU 6 PCS HIJAU TST 1140 H,,36.0,36.0,451440.0,451440.0,OK,
2,CSB/PL/2605-0060,15149,12348,GS238,RANTANG PIKNIK LONJONG HIJAU RPL 9026 H,GS238,RANTANG PIKNIK LONJONG HIJAU RPL 9026 H,,12.0,12.0,860748.0,860748.0,OK,
2,CSB/PL/2605-0060,15150,12508,GS244,KOTAK SEGI 450ML CHARCOAL TKSK 1136 CT,GS244,KOTAK SEGI 450ML CHARCOAL TKSK 1136 CT,,72.0,72.0,210672.0,210672.0,OK,
2,CSB/PL/2605-0060,15151,7452,GS073,RAK PIRING HIJAU RP 9001 H,GS073,RAK PIRING HIJAU RP 9001 H,,12.0,12.0,397272.0,397272.0,OK,
2,CSB/PL/2605-0060,15152,8816,GS013,MANGKOK BUAH DIAMOND MBBUD 7072 N,GS013,MANGKOK BUAH DIAMOND MBBUD 7072 N,,4.0,4.0,434720.0,434720.0,OK,
2,CSB/PL/2605-0060,15153,12509,GS245,SENDOK SOUP PINK SS 147 PI,GS245,SENDOK SOUP PINK SS 147 PI,,288.0,288.0,866592.0,866592.0,OK,
2,CSB/PL/2607-0004,15154,4675,AV062,TINTA AVIAN BM,AV062,TINTA AVIAN BM,,6.0,6.0,1109400.0,1026195.0,OK,
2,CSB/PL/2607-0005,15159,2847,TX031,LIS KAYU 5X4,TX031,LIS KAYU 5X4,,200.0,200.0,7000000.0,7000000.0,OK,
2,CSB/PL/2607-0005,15160,2846,TX032,LIS KAYU 7X4,TX032,LIS KAYU 7X4,,100.0,100.0,5000000.0,5000000.0,OK,
2,CSB/PL/2607-0005,15161,2847,TX031,LIS KAYU 5X4,TX031,LIS KAYU 5X4,,40.0,40.0,1400000.0,0.0,OK,
2,CSB/PL/2607-0005,15162,2846,TX032,LIS KAYU 7X4,TX032,LIS KAYU 7X4,,10.0,10.0,500000.0,0.0,OK,
2,CSB/PL/2603-0003,15205,6377,AV114,AVITEX EXTERIOR BASE A 5KG,AV114,AVITEX EXTERIOR BASE A 5KG,,8.0,8.0,1486400.0,1300600.0,OK,
2,CSB/PL/2603-0003,15206,6379,AV116,AVITEX EXTERIOR BASE C 5KG,AV116,AVITEX EXTERIOR BASE C 5KG,,4.0,4.0,684800.0,599200.0,OK,
2,CSB/PL/2603-0003,15207,257,AV004,"AVIAN 0,9L",AV004,"AVIAN 0,9L",,24.0,24.0,2059200.0,1904760.0,OK,
2,CSB/PL/2603-0003,15208,257,AV004,"AVIAN 0,9L",AV004,"AVIAN 0,9L",,48.0,48.0,4118400.0,3809520.0,OK,
2,CSB/PL/2607-0006,15212,12379,NP371,NIPPON TIMBERCOAT 1L,NP371,NIPPON TIMBERCOAT 1L,,3.0,3.0,256440.0,256440.0,OK,
2,CSB/PL/2607-0007,15213,4921,NP106,SPOTLESS BRILIANT WHITE 20 L,NP106,SPOTLESS BRILIANT WHITE 20 L,,8.0,8.0,13858584.0,13858584.0,OK,
2,CSB/PL/2607-0007,15214,337,NP140,PILOX NIPPON,NP140,PILOX NIPPON,,60.0,60.0,1840680.0,1840680.0,OK,
2,CSB/PL/2607-0007,15215,337,NP140,PILOX NIPPON,NP140,PILOX NIPPON,,60.0,60.0,1840680.0,1840680.0,OK,
2,CSB/PL/2607-0007,15216,11026,NP287,ELASTEX WATERPROOF RED / BLACK 20L,NP287,ELASTEX WATERPROOF RED / BLACK 20L,,5.0,5.0,5343390.0,5343390.0,OK,
2,CSB/PL/2607-0007,15217,8354,NP205,MDF NP KUAS NP888 4 INCH,NP205,MDF NP KUAS NP888 4 INCH,,60.0,60.0,1064880.0,1064880.0,OK,
2,CSB/PL/2607-0007,15218,8355,NP206,MDF NP KUAS NP888 5 INCH,NP206,MDF NP KUAS NP888 5 INCH,,60.0,60.0,1346400.0,1346400.0,OK,
2,CSB/PL/2607-0008,15219,4152,NP185,TINTA WHITE KK,NP185,TINTA WHITE KK,,12.0,12.0,2962860.0,2962860.0,OK,
2,CSB/PL/2607-0009,15220,12125,NP333,NIPPON CEMENT MIX 1K,NP333,NIPPON CEMENT MIX 1K,,60.0,60.0,1536960.0,1536960.0,OK,
2,CSB/PL/2607-0010,15221,4921,NP106,SPOTLESS BRILIANT WHITE 20 L,NP106,SPOTLESS BRILIANT WHITE 20 L,,2.0,2.0,3464646.0,3464646.0,OK,
2,CSB/PL/2607-0011,15279,4874,AV165,LAKBAN KERTAS 24MM,AV165,LAKBAN KERTAS 24MM,,72.0,72.0,478080.0,442224.0,OK,
2,CSB/PL/2607-0011,15280,2676,AV129,LAKBAN KERTAS 48MM,AV129,LAKBAN KERTAS 48MM,,36.0,36.0,458280.0,423909.0,OK,
2,CSB/PL/2607-0012,15281,284,AV031,AVITEX 5KG,AV031,AVITEX 5KG,,20.0,20.0,3662000.0,3387350.0,OK,
2,CSB/PL/2607-0013,15282,2935,AV015,AVIAN 0.9L BASE A,AV015,AVIAN 0.9L BASE A,,24.0,24.0,2258400.0,1976100.0,OK,
2,CSB/PL/2607-0013,15283,257,AV004,"AVIAN 0,9L",AV004,"AVIAN 0,9L",,48.0,48.0,4766400.0,4408920.0,OK,
2,CSB/PL/2607-0014,15285,9388,AV176,"ARIES BLING EMULSION BASE A 4,5KG",AV176,"ARIES BLING EMULSION BASE A 4,5KG",,12.0,12.0,1090800.0,954450.0,OK,
2,CSB/PL/2607-0014,15286,284,AV031,AVITEX 5KG,AV031,AVITEX 5KG,,20.0,20.0,3662000.0,3387350.0,OK,
2,CSB/PL/2607-0014,15287,284,AV031,AVITEX 5KG,AV031,AVITEX 5KG,,36.0,36.0,6591600.0,6097230.0,OK,
2,CSB/PL/2607-0014,15288,2669,AV054,LEM EPOXY AVIAN 170GR,AV054,LEM EPOXY AVIAN 170GR,,30.0,30.0,2508000.0,2319900.0,OK,
2,CSB/PL/2607-0014,15289,11025,AV243,DEXTONE LEM KUNING SERBAGUNA 101-100GR,AV243,DEXTONE LEM KUNING SERBAGUNA 101-100GR,,12.0,12.0,126120.0,116661.0,OK,
2,CSB/PL/2607-0014,15290,11699,AV266,DEXTONE LEM PUTIH PVAC 350GR,AV266,DEXTONE LEM PUTIH PVAC 350GR,,24.0,24.0,268560.0,248418.0,OK,
2,CSB/PL/2605-0061,15418,3025,CB251,KARET PAKU SENG,CB251,KARET PAKU SENG,,1000.0,1000.0,510000.0,510000.0,OK,
2,CSB/PL/2607-0015,15451,7699,SH027,BODY KUNCI PELOR SB-010 SANSHAN 7016-8545,SH027,BODY KUNCI PELOR SB-010 SANSHAN 7016-8545,,8.0,8.0,800000.0,800000.0,OK,
2,CSB/PL/2607-0016,15457,277,AV007,ARIES GOLD BASE A 4.5L,AV007,ARIES GOLD BASE A 4.5L,,20.0,20.0,2076000.0,1816500.0,OK,
2,CSB/PL/2607-0016,15458,276,AV006,ARIES GOLD 18L,AV006,ARIES GOLD 18L,,10.0,10.0,4227000.0,3909975.0,OK,
2,CSB/PL/2607-0017,15459,286,AV033,AVITEX BASE A 5KG,AV033,AVITEX BASE A 5KG,,20.0,20.0,3490000.0,3053750.0,OK,
2,CSB/PL/2607-0017,15460,289,AV036,AVITEX BASE A 25KG,AV036,AVITEX BASE A 25KG,,10.0,10.0,8222000.0,7194250.0,OK,
2,CSB/PL/2607-0018,15463,4195,AV131,LEM AVIAN NON SAG 400G,AV131,LEM AVIAN NON SAG 400G,,30.0,30.0,2787000.0,2577975.0,OK,
2,CSB/PL/2607-0018,15464,4675,AV062,TINTA AVIAN BM,AV062,TINTA AVIAN BM,,3.0,3.0,554700.0,513097.5,OK,
2,CSB/PL/2607-0018,15465,4682,AV073,TINTA AVIAN WP,AV073,TINTA AVIAN WP,,6.0,6.0,2188200.0,2024085.0,OK,
2,CSB/PL/2607-0018,15466,10820,AV233,NO DROP OBAT COR ANTI BOCOR,AV233,NO DROP OBAT COR ANTI BOCOR,,24.0,24.0,1269600.0,1174380.0,OK,
2,CSB/PL/2607-0018,15467,12647,AV297,NO DROP PENCAMPUR SEMEN MULTIFUNGSI 1LT,AV297,NO DROP PENCAMPUR SEMEN MULTIFUNGSI 1LT,,2.0,2.0,137200.0,96451.6,OK,
2,CSB/PL/2607-0018,15468,8745,AV159,NO DROP TILE GROUT ANTI BOCOR 55,AV159,NO DROP TILE GROUT ANTI BOCOR 55,,12.0,12.0,307200.0,284160.0,OK,
2,CSB/PL/2607-0018,15469,2913,AV014,VIP 1L,AV014,VIP 1L,,24.0,24.0,2205600.0,2040180.0,OK,
2,CSB/PL/2607-0018,15470,2912,AV013,VIP 250G,AV013,VIP 250G,,48.0,48.0,1718400.0,1589520.0,OK,
2,CSB/PL/2607-0019,15496,122,SM001,SEMEN CONCH,SM001,SEMEN CONCH,,20000.0,20000.0,810000000.0,810000000.0,OK,
2,CSB/PL/2607-0020,15500,322,KW005,"KAWAT RAM 1""",KW005,"KAWAT RAM 1""",,60.0,60.0,6600000.0,6600000.0,OK,
2,CSB/PL/2607-0021,15550,299,AV046,NO DROP BASE B 4L,AV046,NO DROP BASE B 4L,,20.0,20.0,5900000.0,5162500.0,OK,
2,CSB/PL/2607-0022,15551,8757,AV156,ARIES GOLD 1L,AV156,ARIES GOLD 1L,,12.0,12.0,427200.0,395160.0,OK,
2,CSB/PL/2607-0023,15559,11025,AV243,DEXTONE LEM KUNING SERBAGUNA 101-100GR,AV243,DEXTONE LEM KUNING SERBAGUNA 101-100GR,,36.0,36.0,378360.0,349983.0,OK,
2,CSB/PL/2607-0023,15560,12672,AV298,DEXTONE LEM KUNING SERBAGUNA 888-1KG,AV298,DEXTONE LEM KUNING SERBAGUNA 888-1KG,,6.0,6.0,439200.0,406260.0,OK,
2,CSB/PL/2606-0046,15561,3405,OK,ONGKOS KIRIM,OK,ONGKOS KIRIM,,1.0,1.0,6836770.0,6836770.0,OK,
2,CSB/PL/2607-0025,15565,3405,OK,ONGKOS KIRIM,OK,ONGKOS KIRIM,,1.0,1.0,1753014.0,1753014.0,OK,
2,CSB/PL/2607-0026,15573,123,SM002,SEMEN CONCH KAPAL,SM002,SEMEN CONCH KAPAL,,5000.0,5000.0,208750000.0,208750000.0,OK,
2,CSB/PL/2607-0026,15574,123,SM002,SEMEN CONCH KAPAL,SM002,SEMEN CONCH KAPAL,,5000.0,5000.0,202500000.0,202500000.0,OK,
2,CSB/PL/2607-0027,15615,11961,AV269,SUNGUARD BASIC BASE B 1L,AV269,SUNGUARD BASIC BASE B 1L,,2.0,2.0,342800.0,284935.36,OK,
2,CSB/PL/2607-0028,15677,4111,NP116,NIPPON ELASTEX PASTEL BASE 20KG,NP116,NIPPON ELASTEX PASTEL BASE 20KG,,30.0,30.0,29195400.0,29195400.0,OK,
2,CSB/PL/2607-0029,15678,333,NP020,BODELAC 3.75L,NP020,BODELAC 3.75L,,40.0,40.0,11821480.0,11821480.0,OK,
2,CSB/PL/2607-0030,15758,290,AV037,AVITEX BASE B 25KG,AV037,AVITEX BASE B 25KG,,10.0,10.0,7907000.0,6918625.0,OK,
2,CSB/PL/2607-0031,15794,12739,IMP063,IMPORTA IMP IW-S02 C87 FM,IMP063,IMPORTA IMP IW-S02 C87 FM,,10.0,10.0,12900000.0,12900000.0,OK,
2,CSB/PL/2607-0031,15795,12740,IMP064,MPORTA IMP IW-S02 C96 FM BF,IMP064,MPORTA IMP IW-S02 C96 FM BF,,10.0,10.0,12900000.0,12900000.0,OK,
2,CSB/PL/2607-0031,15796,12741,IMP065,IMPORTA IMP IW-S02 D05 FM BL,IMP065,IMPORTA IMP IW-S02 D05 FM BL,,5.0,5.0,6450000.0,6450000.0,OK,
4,MDR/PL/2605-0001,7542,5873,NP101,MATEX PUTTY SUPER WHITE,NP101,MATEX PUTTY SUPER WHITE,,4.0,4.0,176976.0,176976.0,OK,
4,MDR/PL/2605-0001,7543,11898,NP327,MATEX PUTTY 002 SUPER WHITE 1L,NP327,MATEX PUTTY 002 SUPER WHITE 1L,,36.0,36.0,544968.0,544968.0,OK,
4,MDR/PL/2605-0002,8438,8800,AV162,ARIES GOLD BASE B 1KG,AV162,ARIES GOLD BASE B 1KG,,12.0,12.0,373200.0,326550.0,OK,
4,MDR/PL/2605-0002,8439,265,AV026,SUZUKA 200CC,AV026,SUZUKA 200CC,,12.0,12.0,362400.0,335220.0,OK,
4,MDR/PL/2605-0002,8440,265,AV026,SUZUKA 200CC,AV026,SUZUKA 200CC,,12.0,12.0,362400.0,335220.0,OK,
4,MDR/PL/2605-0003,8441,299,AV046,NO DROP BASE B 4L,AV046,NO DROP BASE B 4L,,20.0,20.0,5624000.0,4921000.0,OK,
4,MDR/PL/2605-0004,8442,257,AV004,"AVIAN 0,9L",AV004,"AVIAN 0,9L",,48.0,48.0,4497600.0,4160280.0,OK,
4,MDR/PB/2601-0021,9075,10752,OP277,KASUR BUSA OLYMPIC SUPER GOLD 140X200X20,OP277,KASUR BUSA OLYMPIC SUPER GOLD 140X200X20,,2.0,2.0,1200000.0,1200000.0,OK,
4,MDR/PB/2601-0022,9076,9991,OP149,KASUR BUSA OLYMPIC STANDART LIST BUNGA 160X200X20,OP149,KASUR BUSA OLYMPIC STANDART LIST BUNGA 160X200X20,,2.0,2.0,1252000.0,1252000.0,OK,
4,MDR/PB/2601-0023,9077,9991,OP149,KASUR BUSA OLYMPIC STANDART LIST BUNGA 160X200X20,OP149,KASUR BUSA OLYMPIC STANDART LIST BUNGA 160X200X20,,2.0,2.0,1252000.0,1252000.0,OK,
4,MDR/PB/2601-0009,9078,9040,AV168,BOYO WOOD STAIN 2 IN 1,AV168,BOYO WOOD STAIN 2 IN 1,,120.0,120.0,10008000.0,9257400.0,OK,
4,MDR/PB/2601-0010,9079,275,AV005,ARIES GOLD 4.5L,AV005,ARIES GOLD 4.5L,,60.0,60.0,5532000.0,5117100.0,OK,
4,MDR/PB/2601-0011,9080,275,AV005,ARIES GOLD 4.5L,AV005,ARIES GOLD 4.5L,,80.0,80.0,7376000.0,6822800.0,OK,
4,MDR/PB/2601-0012,9081,275,AV005,ARIES GOLD 4.5L,AV005,ARIES GOLD 4.5L,,4.0,4.0,368800.0,341140.0,OK,
4,MDR/PB/2601-0013,9082,325,AV066,PLITUR BOYO 1L,AV066,PLITUR BOYO 1L,,24.0,24.0,2100000.0,1942500.0,OK,
4,MDR/PB/2601-0016,9083,4157,NP114,PLATONE 8000 0.9L,NP114,PLATONE 8000 0.9L,,8.0,8.0,455392.0,455392.0,OK,
4,MDR/PB/2601-0017,9084,4131,NP021,PLATONE 8000 ACCENT BASE 0.81L,NP021,PLATONE 8000 ACCENT BASE 0.81L,,36.0,36.0,1974564.0,1974564.0,OK,
4,MDR/PB/2601-0018,9085,4171,NP081,VINILEX ACCENT BASE 5KG,NP081,VINILEX ACCENT BASE 5KG,,7.0,7.0,884611.0,884611.0,OK,
4,MDR/PB/2601-0019,9086,4157,NP114,PLATONE 8000 0.9L,NP114,PLATONE 8000 0.9L,,11.0,11.0,626164.0,626164.0,OK,
4,MDR/PB/2601-0115-01,9087,1228,CB334,SARUNG TANGAN TUKANG,CB334,SARUNG TANGAN TUKANG,,1000.0,1000.0,23750000.0,23750000.0,OK,
4,MDR/PB/2601-0031,9088,2847,TX031,LIS KAYU 5X4,TX031,LIS KAYU 5X4,,170.0,170.0,4250000.0,4250000.0,OK,
4,MDR/PB/2601-0031,9089,2847,TX031,LIS KAYU 5X4,TX031,LIS KAYU 5X4,,4.0,4.0,0.0,0.0,OK,
4,MDR/PB/2601-0081,9090,8752,OP115,KURSI OLYMPLAST OL 101,OP115,KURSI OLYMPLAST OL 101,,800.0,800.0,37920000.0,37920000.0,OK,
4,MDR/PB/2601-0092,9091,10530,OP260,MEJA MAKAN OLYMPIC GOLD DT PANDORA 6 KURSI 160X90,OP260,MEJA MAKAN OLYMPIC GOLD DT PANDORA 6 KURSI 160X90,,10.0,10.0,32500000.0,32500000.0,OK,
4,MDR/PB/2601-0092,9092,11533,OP360,MEJA MAKAN OLYMPIC GOLD DT PANDORA 4 KURSI 120X70,OP360,MEJA MAKAN OLYMPIC GOLD DT PANDORA 4 KURSI 120X70,,10.0,10.0,23000000.0,23000000.0,OK,
4,MDR/PB/2601-0154,9093,11652,OK040,OKAYAMA EXHAUST FAN DINDING OK 8 D,OK040,OKAYAMA EXHAUST FAN DINDING OK 8 D,,24.0,24.0,3480000.0,3480000.0,OK,
4,MDR/PB/2601-0154,9094,9572,OK026,OKAYAMA EXHAUST FAN DINDING OK 10 D,OK026,OKAYAMA EXHAUST FAN DINDING OK 10 D,,32.0,32.0,5440000.0,5440000.0,OK,
4,MDR/PB/2601-0154,9095,9573,OK027,OKAYAMA EXHAUST FAN DINDING OK 12 D,OK027,OKAYAMA EXHAUST FAN DINDING OK 12 D,,12.0,12.0,2280000.0,2280000.0,OK,
4,MDR/PB/2601-0154,9096,11650,OK038,OKAYAMA EXHAUST FAN PLAFON OK 10 X,OK038,OKAYAMA EXHAUST FAN PLAFON OK 10 X,,24.0,24.0,2640000.0,2640000.0,OK,
4,MDR/PB/2601-0154,9097,11651,OK039,OKAYAMA EXHAUST FAN PLAFON OK 12 X,OK039,OKAYAMA EXHAUST FAN PLAFON OK 12 X,,24.0,24.0,3300000.0,3300000.0,OK,
4,MDR/PB/2601-0221,9098,5780,TX034,LISPLANG 20CM X 3M,TX034,LISPLANG 20CM X 3M,,1000.0,1000.0,27100000.0,27100000.0,OK,
4,MDR/PB/2601-0221,9099,6357,TX025,GRC BOARD 4.5MM,TX025,GRC BOARD 4.5MM,,800.0,800.0,36960000.0,36960000.0,OK,
4,MDR/PB/2601-0222,9100,6356,TX024,GRC BOARD 3.5MM,TX024,GRC BOARD 3.5MM,,1450.0,1450.0,56550000.0,56550000.0,OK,
4,MDR/PB/2601-0068,9101,9991,OP149,KASUR BUSA OLYMPIC STANDART LIST BUNGA 160X200X20,OP149,KASUR BUSA OLYMPIC STANDART LIST BUNGA 160X200X20,,2.0,2.0,1252000.0,1252000.0,OK,
4,MDR/PB/2601-0119,9102,1851,OL024,MEDITRAN SAE S 40,OL024,MEDITRAN SAE S 40,,12.0,12.0,75698400.0,75698400.0,OK,
4,MDR/PB/2601-0119,9103,1852,OL025,MEDITRAN SAE S 10,OL025,MEDITRAN SAE S 10,,8.0,8.0,48109400.0,48109400.0,OK,
4,MDR/PB/2601-0156,9104,10364,SS029,MESIN CUCI SAMSUNG WT 16 B 5240 BA,SS029,MESIN CUCI SAMSUNG WT 16 B 5240 BA,,6.0,6.0,17850000.0,17850000.0,OK,
4,MDR/PB/2601-0156,9105,6478,SS010,MESIN CUCI 2 TABUNG SAMSUNG WT85H3210MB,SS010,MESIN CUCI 2 TABUNG SAMSUNG WT85H3210MB,,12.0,12.0,24300000.0,24300000.0,OK,
4,MDR/PB/2601-0156,9106,6418,SS003,MESIN CUCI 9.5KG SAMSUNG WT95H3330,SS003,MESIN CUCI 9.5KG SAMSUNG WT95H3330,,12.0,12.0,24960000.0,24960000.0,OK,
4,MDR/PB/2601-0157,9107,6427,SS001,AC SAMSUNG 1/2PK AR05TGHQASIN,SS001,AC SAMSUNG 1/2PK AR05TGHQASIN,,30.0,30.0,67500000.0,67500000.0,OK,
4,MDR/PB/2601-0158,9108,9123,SR013,FREZEER SHARP 6 RAK FJ-M186A,SR013,FREZEER SHARP 6 RAK FJ-M186A,,13.0,13.0,36400000.0,36400000.0,OK,
4,MDR/PB/2601-0158,9109,11613,SR026,FREZER SHARP FJM 198 A-HS,SR026,FREZER SHARP FJM 198 A-HS,,12.0,12.0,40560000.0,40560000.0,OK,
4,MDR/PB/2601-0177-01,9110,11610,SR024,LEMARI ES SHARP SJ 195 MDSB,SR024,LEMARI ES SHARP SJ 195 MDSB,,15.0,15.0,36900000.0,36900000.0,OK,
4,MDR/PB/2601-0177-01,9111,11611,SR025,LEMARI ES SHARP SJ 236 MNHS,SR025,LEMARI ES SHARP SJ 236 MNHS,,15.0,15.0,38850000.0,38850000.0,OK,
4,MDR/PB/2601-0177-01,9112,10747,SR017,LEMARI ES SHARP SJN 162 DSB,SR017,LEMARI ES SHARP SJN 162 DSB,,6.0,6.0,9300000.0,9300000.0,OK,
4,MDR/PB/2601-0182,9113,11605,SR023,LEMARI ES SHARP SJ 316 MGGB/MGGR,SR023,LEMARI ES SHARP SJ 316 MGGB/MGGR,,12.0,12.0,37680000.0,37680000.0,OK,
4,MDR/PB/2601-0182,9114,10747,SR017,LEMARI ES SHARP SJN 162 DSB,SR017,LEMARI ES SHARP SJN 162 DSB,,7.0,7.0,10850000.0,10850000.0,OK,
4,MDR/PB/2601-0182,9115,11644,SR030,LEMARI ES SHARP SJN 182 NHS,SR030,LEMARI ES SHARP SJN 182 NHS,,6.0,6.0,10320000.0,10320000.0,OK,
4,MDR/PB/2601-0182,9116,10748,SR018,LEMARI ES SHRAP SJX 197 WDW,SR018,LEMARI ES SHRAP SJX 197 WDW,,8.0,8.0,15800000.0,15800000.0,OK,
4,MDR/PB/2601-0178-01,9117,6488,MD009,FREEZER BOX MODENA MD 0303S,MD009,FREEZER BOX MODENA MD 0303S,,3.0,3.0,8700000.0,8700000.0,OK,
4,MDR/PB/2601-0183-01,9118,11608,MD014,FREZER BOX MODENA MD 0111 MAWH,MD014,FREZER BOX MODENA MD 0111 MAWH,,2.0,2.0,3200000.0,3200000.0,OK,
4,MDR/PB/2601-0183-01,9119,6488,MD009,FREEZER BOX MODENA MD 0303S,MD009,FREEZER BOX MODENA MD 0303S,,1.0,1.0,2900000.0,2900000.0,OK,
4,MDR/PB/2601-0064,9120,10889,OP292,RAK SERBAGUNA OLYMPIC REGULAR RH PINUMA,OP292,RAK SERBAGUNA OLYMPIC REGULAR RH PINUMA,,2.0,2.0,1200000.0,1200000.0,OK,
4,MDR/PB/2601-0065,9121,11485,OP340,KURSI DIREKTUR FRONTLINE EC 29 HITAM,OP340,KURSI DIREKTUR FRONTLINE EC 29 HITAM,,2.0,2.0,3400000.0,3400000.0,OK,
4,MDR/PB/2601-0065,9122,11493,OP348,MEJA PANEL FRONTLINE FT DASTAN 160 CERRY HITAM,OP348,MEJA PANEL FRONTLINE FT DASTAN 160 CERRY HITAM,,2.0,2.0,1380000.0,1380000.0,OK,
4,MDR/PB/2601-0066,9123,10918,OP298,LEMARI PAKAIAN PANEL OLYMPIC SILVER LL2P AXENA,OP298,LEMARI PAKAIAN PANEL OLYMPIC SILVER LL2P AXENA,,2.0,2.0,2600000.0,2600000.0,OK,
4,MDR/PB/2601-0067,9124,11488,OP343,LEMARI PAKAIAN BESI  OLYMSTEEL OSW AB 4P,OP343,LEMARI PAKAIAN BESI  OLYMSTEEL OSW AB 4P,,2.0,2.0,8100000.0,8100000.0,OK,
4,MDR/PB/2601-0067,9125,11489,OP344,LEMARI PAKAIAN BESI OLYMSTEEL OSW MR 2P3L,OP344,LEMARI PAKAIAN BESI OLYMSTEEL OSW MR 2P3L,,2.0,2.0,5400000.0,5400000.0,OK,
4,MDR/PB/2601-0067,9126,11490,OP345,LEMARI PAKAIAN BESI OLYMPSTEEL OSWS AB 2P,OP345,LEMARI PAKAIAN BESI OLYMPSTEEL OSWS AB 2P,,2.0,2.0,8000000.0,8000000.0,OK,
4,MDR/PB/2601-0069,9127,11478,OP333,MEJA TULIS OLYMPIC SILVER ST RUBIK CREAM WHITE,OP333,MEJA TULIS OLYMPIC SILVER ST RUBIK CREAM WHITE,,2.0,2.0,500000.0,500000.0,OK,
4,MDR/PB/2601-0069,9128,11508,OP356,LEMARI HIAS OLYMPIC SILVER WU ALFA,OP356,LEMARI HIAS OLYMPIC SILVER WU ALFA,,1.0,1.0,1150000.0,1150000.0,OK,
4,MDR/PB/2601-0069,9129,11509,OP357,LEMARI HIAS OLYMPIC SILVER WU OMEGA,OP357,LEMARI HIAS OLYMPIC SILVER WU OMEGA,,1.0,1.0,1450000.0,1450000.0,OK,
4,MDR/PB/2601-0069,9130,11510,OP358,LEMARI PAJANGAN OLYMPIC SILVER DC GOLIATH,OP358,LEMARI PAJANGAN OLYMPIC SILVER DC GOLIATH,,1.0,1.0,620000.0,620000.0,OK,
4,MDR/PB/2601-0072,9131,11497,OP351,MEJA TAMU OLYMPIC CT SIMPSON/STARLA,OP351,MEJA TAMU OLYMPIC CT SIMPSON/STARLA,,4.0,4.0,1400000.0,1400000.0,OK,
4,MDR/PB/2601-0124-01,9132,38,BS033,"BESI PIPA 2"" MEDIUM A",BS033,"BESI PIPA 2"" MEDIUM A",,25.0,25.0,12700000.0,12700000.0,OK,
4,MDR/PB/2601-0125,9133,22,BS017,BESI PLAT 2MM,BS017,BESI PLAT 2MM,,30.0,30.0,14700000.0,14700000.0,OK,
4,MDR/PB/2601-0127,9134,6566,KW001,BENDRAT,KW001,BENDRAT,,200.0,200.0,47580000.0,47580000.0,OK,
4,MDR/PB/2601-0145,9135,5415,KR220,FORESTSTONE GREY 40X40,KR220,FORESTSTONE GREY 40X40,,252.0,252.0,14112000.0,14112000.0,OK,
4,MDR/PB/2601-0145,9136,2776,KR326,ALDERWOOD BROWN 50x50,KR326,ALDERWOOD BROWN 50x50,,240.0,240.0,13320000.0,13320000.0,OK,
4,MDR/PB/2601-0176,9137,11608,MD014,FREZER BOX MODENA MD 0111 MAWH,MD014,FREZER BOX MODENA MD 0111 MAWH,,2.0,2.0,3200000.0,3200000.0,OK,
4,MDR/PB/2601-0176,9138,11609,MD015,FREZER BOX MODENA MD 0211 MAWH,MD015,FREZER BOX MODENA MD 0211 MAWH,,4.0,4.0,8800000.0,8800000.0,OK,
4,MDR/PB/2601-0184,9139,10625,LG018,AC LG H 09 TN4 (INDOOR+RMT),LG018,AC LG H 09 TN4 (INDOOR+RMT),,10.0,10.0,28200000.0,28200000.0,OK,
4,MDR/PB/2601-0185,9140,7866,PO021,POLYTRON M.CUCI PWM 1076,PO021,POLYTRON M.CUCI PWM 1076,,10.0,10.0,16350000.0,16350000.0,OK,
4,MDR/PB/2601-0187,9141,11617,PO039,SHOWCASE POLYTRON SCN 190,PO039,SHOWCASE POLYTRON SCN 190,,6.0,6.0,16560000.0,16560000.0,OK,
4,MDR/PB/2601-0200,9142,5912,PO013,MESIN CUCI POLYTRON PWM9076Y G,PO013,MESIN CUCI POLYTRON PWM9076Y G,,20.0,20.0,28300000.0,28300000.0,OK,
4,MDR/PB/2601-0186-01,9143,8539,PO022,MESIN CUCI POLYTRON 2 TABUNG PWM-8073,PO022,MESIN CUCI POLYTRON 2 TABUNG PWM-8073,,30.0,30.0,38400000.0,38400000.0,OK,
4,MDR/PB/2601-0204,9144,11619,SR027,LED SHARP 2T-C 24 HD 1500 I,SR027,LED SHARP 2T-C 24 HD 1500 I,,4.0,4.0,4500000.0,4500000.0,OK,
4,MDR/PB/2601-0118-01,9145,3340,PK011,PAKU PUTIH 7CM,PK011,PAKU PUTIH 7CM,,60.0,60.0,25320000.0,25320000.0,OK,
4,MDR/PB/2601-0118-01,9146,3339,PK012,PAKU PUTIH 10CM,PK012,PAKU PUTIH 10CM,,60.0,60.0,25320000.0,25320000.0,OK,
4,MDR/PB/2601-0118-01,9147,3338,PK013,PAKU PUTIH 12CM,PK013,PAKU PUTIH 12CM,,40.0,40.0,16880000.0,16880000.0,OK,
4,MDR/PB/2601-0214,9148,11614,LL111,FREZER BOX RSA CF 210,LL111,FREZER BOX RSA CF 210,,3.0,3.0,6750000.0,6750000.0,OK,
4,MDR/PB/2601-0214,9149,11604,LL110,FREEZER RSA CF-310 Q,LL110,FREEZER RSA CF-310 Q,,3.0,3.0,8520000.0,8520000.0,OK,
4,MDR/PB/2601-0214,9150,11616,LL113,FREZER BOX RSA CF 460,LL113,FREZER BOX RSA CF 460,,6.0,6.0,23700000.0,23700000.0,OK,
4,MDR/PB/2601-0214,9151,11615,LL112,FREZER BOX RSA CF 600 H,LL112,FREZER BOX RSA CF 600 H,,3.0,3.0,15120000.0,15120000.0,OK,
4,MDR/PB/2601-0215,9152,10575,LL003,FREEZER RSA CF-110,LL003,FREEZER RSA CF-110,,6.0,6.0,10200000.0,10200000.0,OK,
4,MDR/PB/2601-0215,9153,11614,LL111,FREZER BOX RSA CF 210,LL111,FREZER BOX RSA CF 210,,6.0,6.0,13500000.0,13500000.0,OK,
4,MDR/PB/2601-0215,9154,11604,LL110,FREEZER RSA CF-310 Q,LL110,FREEZER RSA CF-310 Q,,6.0,6.0,17040000.0,17040000.0,OK,
4,MDR/PB/2601-0215,9155,11618,LL114,FREZER BOX RSA CF 750 H,LL114,FREZER BOX RSA CF 750 H,,2.0,2.0,13500000.0,13500000.0,OK,
4,MDR/PB/2601-0205-01,9156,11635,SS031,LED SAMSUNG UA 43 U 8000 FKXXD,SS031,LED SAMSUNG UA 43 U 8000 FKXXD,,4.0,4.0,13000000.0,13000000.0,OK,
4,MDR/PB/2601-0205-01,9157,11619,SR027,LED SHARP 2T-C 24 HD 1500 I,SR027,LED SHARP 2T-C 24 HD 1500 I,,6.0,6.0,6750000.0,6750000.0,OK,
4,MDR/PB/2601-0206-01,9158,11635,SS031,LED SAMSUNG UA 43 U 8000 FKXXD,SS031,LED SAMSUNG UA 43 U 8000 FKXXD,,4.0,4.0,13000000.0,13000000.0,OK,
4,MDR/PB/2601-0206-01,9159,11619,SR027,LED SHARP 2T-C 24 HD 1500 I,SR027,LED SHARP 2T-C 24 HD 1500 I,,2.0,2.0,2250000.0,2250000.0,OK,
4,MDR/PB/2601-0206-01,9160,11618,LL114,FREZER BOX RSA CF 750 H,LL114,FREZER BOX RSA CF 750 H,,1.0,1.0,6750000.0,6750000.0,OK,
4,MDR/PB/2601-0216,9161,11618,LL114,FREZER BOX RSA CF 750 H,LL114,FREZER BOX RSA CF 750 H,,1.0,1.0,6750000.0,6750000.0,OK,
4,MDR/PB/2601-0216,9162,11635,SS031,LED SAMSUNG UA 43 U 8000 FKXXD,SS031,LED SAMSUNG UA 43 U 8000 FKXXD,,4.0,4.0,13000000.0,13000000.0,OK,
4,MDR/PB/2601-0189-01,9163,5911,PO012,MESIN CUCI POLYTRON PWM7076G/Y/ 7073B/DB/DG/P,PO012,MESIN CUCI POLYTRON PWM7076G/Y/ 7073B/DB/DG/P,,21.0,21.0,25725000.0,25725000.0,OK,
4,MDR/PB/2601-0117-02,9164,3347,PK004,PAKU 5CM,PK004,PAKU 5CM,,48.0,48.0,17424000.0,17424000.0,OK,
4,MDR/PB/2601-0117-02,9165,3346,PK005,PAKU 7CM,PK005,PAKU 7CM,,32.0,32.0,11616000.0,11616000.0,OK,
4,MDR/PB/2601-0117-02,9166,3345,PK006,PAKU 10CM,PK006,PAKU 10CM,,31.0,31.0,11253000.0,11253000.0,OK,
4,MDR/PB/2601-0129,9167,2410,MSB016,SHIMIZU 135,MSB016,SHIMIZU 135,,150.0,150.0,86980190.99999999,86980190.99999999,OK,
4,MDR/PB/2601-0129,9168,2409,MSB015,SHIMIZU 128,MSB015,SHIMIZU 128,,100.0,100.0,46913262.0,46913262.0,OK,
4,MDR/PB/2601-0137,9169,76,TX016,TRIPLEX 18MM SEMI,TX016,TRIPLEX 18MM SEMI,,225.0,225.0,52875000.0,52875000.0,OK,
4,MDR/PB/2601-0146,9170,5415,KR220,FORESTSTONE GREY 40X40,KR220,FORESTSTONE GREY 40X40,,480.0,480.0,26880000.0,26880000.0,OK,
4,MDR/PB/2601-0146,9171,2776,KR326,ALDERWOOD BROWN 50x50,KR326,ALDERWOOD BROWN 50x50,,480.0,480.0,26640000.0,26640000.0,OK,
4,MDR/PB/2601-0147,9172,8555,CS007,BLENDER COSMOS CB-281 G,CS007,BLENDER COSMOS CB-281 G,,8.0,8.0,2193312.0,2149445.76,OK,
4,MDR/PB/2601-0147,9173,7706,CS006,RICE COOKER COSMOS CRJ-3301/CRJ-3301 NB,CS006,RICE COOKER COSMOS CRJ-3301/CRJ-3301 NB,,6.0,6.0,1439640.0,1410847.2,OK,
4,MDR/PB/2601-0147,9174,6578,CS005,SETRIKA COSMOS CIS-428,CS005,SETRIKA COSMOS CIS-428,,12.0,12.0,1369332.0,1341945.36,OK,
4,MDR/PB/2601-0148,9175,4286,MY004,SETRIKA MIYAKO EL-1000M,MY004,SETRIKA MIYAKO EL-1000M,,10.0,10.0,1010490.0,980175.3,OK,
4,MDR/PB/2601-0148,9176,4859,MY007,DISPENSER MIYAKO WD290HC,MY007,DISPENSER MIYAKO WD290HC,,4.0,4.0,1311088.0,1271755.36,OK,
4,MDR/PB/2601-0148,9177,6082,MY015,SETRIKA MIYAKO EL-1008M,MY015,SETRIKA MIYAKO EL-1008M,,30.0,30.0,3031470.0,2940525.9,OK,
4,MDR/PB/2601-0148,9178,8749,MY033,MAGIC COM MIYAKO MCM-508 SBC,MY033,MAGIC COM MIYAKO MCM-508 SBC,,60.0,60.0,14622360.0,14183689.2,OK,
4,MDR/PB/2601-0148,9179,8750,MY034,MAGIC COM MIYAKO MCM-507 SBC,MY034,MAGIC COM MIYAKO MCM-507 SBC,,6.0,6.0,1518282.0,1472733.54,OK,
4,MDR/PB/2601-0148,9180,10644,MY043,DESK FAN MIYAKO KDB-18 PL,MY043,DESK FAN MIYAKO KDB-18 PL,,9.0,9.0,3370275.0,3269166.75,OK,
4,MDR/PB/2601-0148,9181,11649,MY045,BLENDER MIYAKO BL-102 PL,MY045,BLENDER MIYAKO BL-102 PL,,12.0,12.0,2557644.0,2480914.68,OK,
4,MDR/PB/2601-0149,9182,1035,MSP003,SETRIKA MASPION EX1000,MSP003,SETRIKA MASPION EX1000,,24.0,24.0,2345592.0,2345592.0,OK,
4,MDR/PB/2601-0149,9183,3065,MSP024,SETRIKA MASPION HA 110,MSP024,SETRIKA MASPION HA 110,,24.0,24.0,2542344.0,2542344.0,OK,
4,MDR/PB/2601-0150,9184,9634,MSP056,DISPENSER MASPION MD-19,MSP056,DISPENSER MASPION MD-19,,10.0,10.0,4247500.0,4247500.0,OK,
4,MDR/PB/2601-0151,9185,11044,MSP042,P/F MASPION 18 PW-455,MSP042,P/F MASPION 18 PW-455,,24.0,24.0,9548256.0,9548256.0,OK,
4,MDR/PB/2601-0151,9186,3235,MSP030,"KIPAS MASPION 18"" 1801 ST",MSP030,"KIPAS MASPION 18"" 1801 ST",,20.0,20.0,8236080.0,8236080.0,OK,
4,MDR/PB/2601-0151,9187,7718,MSP037,C/F FAN MASPION 10 CEF-25,MSP037,C/F FAN MASPION 10 CEF-25,,20.0,20.0,4560080.0,4560080.0,OK,
4,MDR/PB/2601-0151,9188,1028,MSP001,HAND MIXER MASPION 1193,MSP001,HAND MIXER MASPION 1193,,24.0,24.0,4262304.0,4262304.0,OK,
4,MDR/PB/2601-0151,9189,2380,MSP009,STAND MIXER MASPION MT 1194,MSP009,STAND MIXER MASPION MT 1194,,20.0,20.0,5258080.0,5258080.0,OK,
4,MDR/PB/2601-0151,9190,2972,MSP013,KIPAS MASPION MWF-41K,MSP013,KIPAS MASPION MWF-41K,,20.0,20.0,6266240.0,6266240.0,OK,
4,MDR/PB/2601-0151,9191,3040,MSP015,"DESK FAN MASPION 12"" EX307-220",MSP015,"DESK FAN MASPION 12"" EX307-220",,20.0,20.0,4513580.0,4513580.0,OK,
4,MDR/PB/2601-0151,9192,3043,MSP017,STAND FAN MASPION 16 EX 160 S-220,MSP017,STAND FAN MASPION 16 EX 160 S-220,,30.0,30.0,8585070.0,8585070.0,OK,
4,MDR/PB/2601-0152,9193,3073,MSP027,BLENDER MASPION MT1262 GL,MSP027,BLENDER MASPION MT1262 GL,,32.0,32.0,7884928.0,7884928.0,OK,
4,MDR/PB/2601-0152,9194,2376,MSP007,BLENDER MASPION MT 1272 GL,MSP007,BLENDER MASPION MT 1272 GL,,36.0,36.0,9063972.0,9063972.0,OK,
4,MDR/PB/2601-0152,9195,1048,MSP004,BLENDER MASPION  MT 1214,MSP004,BLENDER MASPION  MT 1214,,36.0,36.0,10307484.0,10307484.0,OK,
4,MDR/PB/2601-0152,9196,1069,ST015,WAJAN ALUMINIUM 46CM,ST015,WAJAN ALUMINIUM 46CM,,24.0,24.0,1781487.12,1781487.12,OK,
4,MDR/PB/2601-0152,9197,1070,ST016,WAJAN ALUMINIUM 41CM,ST016,WAJAN ALUMINIUM 41CM,,48.0,48.0,2753898.2399999998,2753898.2399999998,OK,
4,MDR/PB/2601-0152,9198,1083,ST029,DANDANG 22,ST029,DANDANG 22,,48.0,48.0,1918233.12,1918233.12,OK,
4,MDR/PB/2601-0152,9199,1105,ST047,MAXIM 20,ST047,MAXIM 20,,60.0,60.0,3969532.1999999997,3969532.1999999997,OK,
4,MDR/PB/2601-0152,9200,1106,ST048,MAXIM 22,ST048,MAXIM 22,,60.0,60.0,4420480.8,4420480.8,OK,
4,MDR/PB/2601-0153,9201,3044,MSP018,STAND FAN MASPION 16 EX167S-220,MSP018,STAND FAN MASPION 16 EX167S-220,,30.0,30.0,9585510.0,9585510.0,OK,
4,MDR/PB/2601-0153,9202,3045,MSP019,WALL FAN MASPION MWF 1602 RC220,MSP019,WALL FAN MASPION MWF 1602 RC220,,30.0,30.0,11051250.0,11051250.0,OK,
4,MDR/PB/2601-0153,9203,7902,MSP044,D/F MASPION 8F-20P,MSP044,D/F MASPION 8F-20P,,32.0,32.0,5484544.0,5484544.0,OK,
4,MDR/PB/2601-0164,9204,1124,ST057,SARINGAN DALAM KOMPOR 22,ST057,SARINGAN DALAM KOMPOR 22,,24.0,24.0,506160.0,425174.4,OK,
4,MDR/PB/2601-0164,9205,1125,ST058,SARINGAN DALAM KOMPOR 16,ST058,SARINGAN DALAM KOMPOR 16,,48.0,48.0,692640.0,581817.6,OK,
4,MDR/PB/2601-0165,9206,1108,ST049,MAXIM 24,ST049,MAXIM 24,,60.0,60.0,5232406.2,5232406.2,OK,
4,MDR/PB/2601-0165,9207,4401,ST122,PANCI JAWA 26,ST122,PANCI JAWA 26,,48.0,48.0,2370252.0,2370252.0,OK,
4,MDR/PB/2601-0165,9208,4400,ST121,PANCI JAWA 24,ST121,PANCI JAWA 24,,48.0,48.0,2153737.92,2153737.92,OK,
4,MDR/PB/2601-0165,9209,9968,ST148,TEMPAT NASI KILAP 22 CM + TTP,ST148,TEMPAT NASI KILAP 22 CM + TTP,,48.0,48.0,1861254.72,1861254.72,OK,
4,MDR/PB/2601-0188,9210,9147,PO028,LEMARI ES POLYTRON PRB219R/B,PO028,LEMARI ES POLYTRON PRB219R/B,,15.0,15.0,36075000.0,36075000.0,OK,
4,MDR/PB/2601-0193,9211,11620,PO040,LED POLYTRON OLD 43 BG 5058,PO040,LED POLYTRON OLD 43 BG 5058,,4.0,4.0,12660000.0,12660000.0,OK,
4,MDR/PB/2601-0194,9212,11620,PO040,LED POLYTRON OLD 43 BG 5058,PO040,LED POLYTRON OLD 43 BG 5058,,4.0,4.0,12660000.0,12660000.0,OK,
4,MDR/PB/2601-0195,9213,11620,PO040,LED POLYTRON OLD 43 BG 5058,PO040,LED POLYTRON OLD 43 BG 5058,,4.0,4.0,12660000.0,12660000.0,OK,
4,MDR/PB/2601-0197,9214,11698,SS032,LED SAMSUNG UA 55 U 8000 FKXXD,SS032,LED SAMSUNG UA 55 U 8000 FKXXD,,4.0,4.0,22400000.0,22400000.0,OK,
4,MDR/PB/2601-0198,9215,11698,SS032,LED SAMSUNG UA 55 U 8000 FKXXD,SS032,LED SAMSUNG UA 55 U 8000 FKXXD,,4.0,4.0,22400000.0,22400000.0,OK,
4,MDR/PB/2601-0199,9216,5911,PO012,MESIN CUCI POLYTRON PWM7076G/Y/ 7073B/DB/DG/P,PO012,MESIN CUCI POLYTRON PWM7076G/Y/ 7073B/DB/DG/P,,10.0,10.0,12050000.0,12050000.0,OK,
4,MDR/PB/2601-0199,9217,5911,PO012,MESIN CUCI POLYTRON PWM7076G/Y/ 7073B/DB/DG/P,PO012,MESIN CUCI POLYTRON PWM7076G/Y/ 7073B/DB/DG/P,,6.0,6.0,7350000.0,7350000.0,OK,
4,MDR/PB/2601-0201,9218,9150,PO031,POLYTRON MESIN CUCI PWM 1403,PO031,POLYTRON MESIN CUCI PWM 1403,,5.0,5.0,10325000.0,10325000.0,OK,
4,MDR/PB/2601-0207,9219,9144,PO025,LEMARI ES POLYTRON PRB159R/B,PO025,LEMARI ES POLYTRON PRB159R/B,,2.0,2.0,3020000.0,3020000.0,OK,
4,MDR/PB/2601-0209-02,9220,9801,LG012,MESIN CUCI LG MANUAL 7KG P7000N,LG012,MESIN CUCI LG MANUAL 7KG P7000N,,12.0,12.0,24660000.0,24660000.0,OK,
4,MDR/PB/2601-0196-01,9221,5913,PO014,LEMARI ES POLYTRON PRM 21DRX,PO014,LEMARI ES POLYTRON PRM 21DRX,,12.0,12.0,30540000.0,30540000.0,OK,
4,MDR/PB/2601-0217,9222,10575,LL003,FREEZER RSA CF-110,LL003,FREEZER RSA CF-110,,6.0,6.0,10200000.0,10200000.0,OK,
4,MDR/PB/2601-0217,9223,11614,LL111,FREZER BOX RSA CF 210,LL111,FREZER BOX RSA CF 210,,3.0,3.0,6750000.0,6750000.0,OK,
4,MDR/PB/2601-0217,9224,11604,LL110,FREEZER RSA CF-310 Q,LL110,FREEZER RSA CF-310 Q,,3.0,3.0,8520000.0,8520000.0,OK,
4,MDR/PB/2601-0217,9225,11615,LL112,FREZER BOX RSA CF 600 H,LL112,FREZER BOX RSA CF 600 H,,4.0,4.0,20160000.0,20160000.0,OK,
4,MDR/PB/2601-0217,9226,11618,LL114,FREZER BOX RSA CF 750 H,LL114,FREZER BOX RSA CF 750 H,,2.0,2.0,13500000.0,13500000.0,OK,
4,MDR/PB/2601-0218,9227,11614,LL111,FREZER BOX RSA CF 210,LL111,FREZER BOX RSA CF 210,,3.0,3.0,6750000.0,6750000.0,OK,
4,MDR/PB/2601-0218,9228,11604,LL110,FREEZER RSA CF-310 Q,LL110,FREEZER RSA CF-310 Q,,3.0,3.0,8520000.0,8520000.0,OK,
4,MDR/PB/2601-0218,9229,11616,LL113,FREZER BOX RSA CF 460,LL113,FREZER BOX RSA CF 460,,6.0,6.0,23700000.0,23700000.0,OK,
4,MDR/PB/2601-0218,9230,11615,LL112,FREZER BOX RSA CF 600 H,LL112,FREZER BOX RSA CF 600 H,,4.0,4.0,20160000.0,20160000.0,OK,
4,MDR/PB/2601-0210-03,9231,11608,MD014,FREZER BOX MODENA MD 0111 MAWH,MD014,FREZER BOX MODENA MD 0111 MAWH,,2.0,2.0,3200000.0,3200000.0,OK,
4,MDR/PB/2601-0210-03,9232,11609,MD015,FREZER BOX MODENA MD 0211 MAWH,MD015,FREZER BOX MODENA MD 0211 MAWH,,1.0,1.0,2200000.0,2200000.0,OK,
4,MDR/PB/2601-0074-01,9233,11458,TX115,PLAFON PVC 8MM SUBMARINE HT SH 106,TX115,PLAFON PVC 8MM SUBMARINE HT SH 106,,40.0,40.0,19200000.0,19200000.0,OK,
4,MDR/PB/2601-0074-01,9234,11459,TX116,PLAFON PVC 8MM SUBMARINE HT SH 109 (FB001),TX116,PLAFON PVC 8MM SUBMARINE HT SH 109 (FB001),,39.0,39.0,18720000.0,18720000.0,OK,
4,MDR/PB/2601-0074-01,9235,11463,TX120,PLAFON PVC 8MM SUBMARINE HT SH 124,TX120,PLAFON PVC 8MM SUBMARINE HT SH 124,,5.0,5.0,2400000.0,2400000.0,OK,
4,MDR/PB/2601-0074-01,9236,11464,TX121,PLAFON PVC 8MM SUBMARINE HT SH 126 (FB08),TX121,PLAFON PVC 8MM SUBMARINE HT SH 126 (FB08),,11.0,11.0,5280000.0,5280000.0,OK,
4,MDR/PB/2601-0074-01,9237,11467,TX124,PLAFON PVC 8MM SUBMARINE HT SH 182,TX124,PLAFON PVC 8MM SUBMARINE HT SH 182,,15.0,15.0,7200000.0,7200000.0,OK,
4,MDR/PB/2601-0074-01,9238,11468,TX125,PLAFON PVC 8MM SUBMARINE HT SH 185,TX125,PLAFON PVC 8MM SUBMARINE HT SH 185,,18.0,18.0,8640000.0,8640000.0,OK,
4,MDR/PB/2601-0074-01,9239,11469,TX126,PLAFON PVC 8MM SUBMARINE HT SH 128 NAT GOLD,TX126,PLAFON PVC 8MM SUBMARINE HT SH 128 NAT GOLD,,20.0,20.0,9600000.0,9600000.0,OK,
4,MDR/PB/2601-0121,9240,11,BS006,BESI 12 STD,BS006,BESI 12 STD,,3000.0,3000.0,241358010.0,241358010.0,OK,
4,MDR/PB/2601-0130,9241,98,SG003,SENG GELOMBANG MARON 020,SG003,SENG GELOMBANG MARON 020,,2000.0,2000.0,57600000.0,57600000.0,OK,
4,MDR/PB/2601-0191,9242,7565,PO019,POLYTRON KULKAS PRB 189R/B,PO019,POLYTRON KULKAS PRB 189R/B,,5.0,5.0,8575000.0,8575000.0,OK,
4,MDR/PB/2601-0191,9243,9149,PO030,POLYTRON MESIN CUCI PWM 1203X/B,PO030,POLYTRON MESIN CUCI PWM 1203X/B,,10.0,10.0,19800000.0,19800000.0,OK,
4,MDR/PB/2601-0192,9244,9782,PO034,OVEN LISTRIK POLYTRON PEO 33B1B/33B2W,PO034,OVEN LISTRIK POLYTRON PEO 33B1B/33B2W,,12.0,12.0,10560000.0,10560000.0,OK,
4,MDR/PB/2601-0202,9245,9150,PO031,POLYTRON MESIN CUCI PWM 1403,PO031,POLYTRON MESIN CUCI PWM 1403,,3.0,3.0,6195000.0,6195000.0,OK,
4,MDR/PB/2601-0120-01,9246,9,BS004,BESI 10 STD,BS004,BESI 10 STD,,7000.0,7000.0,389200000.0,389200000.0,OK,
4,MDR/PB/2601-0120-01,9247,9978,BS099,BESI 13 ULIR STD,BS099,BESI 13 ULIR STD,,4890.0,4890.0,517362000.0,517362000.0,OK,
4,MDR/PB/2601-0219,9248,11616,LL113,FREZER BOX RSA CF 460,LL113,FREZER BOX RSA CF 460,,2.0,2.0,10080000.0,10080000.0,OK,
4,MDR/PB/2601-0203-01,9249,11621,PO041,MESIN CUCI POLYTRON PWM 7081 Y,PO041,MESIN CUCI POLYTRON PWM 7081 Y,,3.0,3.0,3750000.0,3750000.0,OK,
4,MDR/PB/2601-0203-01,9250,7565,PO019,POLYTRON KULKAS PRB 189R/B,PO019,POLYTRON KULKAS PRB 189R/B,,10.0,10.0,17150000.0,17150000.0,OK,
4,MDR/PB/2601-0057-01,9251,6529,SM007,SEMEN TONASA,SM007,SEMEN TONASA,,15920.0,15920.0,740280000.0,740280000.0,OK,
4,MDR/PB/2601-0123,9252,18,BS013,BESI PLAT 0.8MM,BS013,BESI PLAT 0.8MM,,30.0,30.0,6600000.0,6600000.0,OK,
4,MDR/PB/2601-0131,9253,5675,SG039,SPANDEX GALVALUM 030X4M,SG039,SPANDEX GALVALUM 030X4M,,250.0,250.0,21400000.0,21400000.0,OK,
4,MDR/PB/2601-0138,9254,9221,KR304,HAGEN GOLD 50X50,KR304,HAGEN GOLD 50X50,,1560.0,1560.0,81120000.0,81120000.0,OK,
4,MDR/PB/2601-0161,9255,9164,ST268,WAJAN PANDA 10,ST268,WAJAN PANDA 10,,200.0,200.0,3200000.0,2944000.0,OK,
4,MDR/PB/2601-0161,9256,9165,ST269,WAJAN PANDA 13,ST269,WAJAN PANDA 13,,200.0,200.0,5800000.0,5336000.0,OK,
4,MDR/PB/2601-0161,9257,9167,ST271,WAJAN PANDA 16,ST271,WAJAN PANDA 16,,100.0,100.0,4850000.0,4462000.0,OK,
4,MDR/PB/2601-0161,9258,9168,ST272,WAJAN PANDA 20,ST272,WAJAN PANDA 20,,100.0,100.0,8150000.0,7498000.0,OK,
4,MDR/PB/2601-0161,9259,9169,ST273,WAJAN PANDA 22,ST273,WAJAN PANDA 22,,50.0,50.0,5225000.0,4807000.0,OK,
4,MDR/PB/2601-0162,9260,9394,CP477,COBEK 24,CP477,COBEK 24,,40.0,40.0,760000.0,760000.0,OK,
4,MDR/PB/2601-0162,9261,9395,CP478,COBEK 28,CP478,COBEK 28,,40.0,40.0,960000.0,960000.0,OK,
4,MDR/PB/2601-0162,9262,9396,CP479,COBEK 30,CP479,COBEK 30,,40.0,40.0,1120000.0,1120000.0,OK,
4,MDR/PB/2601-0162,9263,10952,CP529,RICE BUCKET 31 KP,CP529,RICE BUCKET 31 KP,,24.0,24.0,3120000.0,3120000.0,OK,
4,MDR/PB/2601-0162,9264,8253,CP433,RICE BUCKET USA 17L KIMPLAS,CP433,RICE BUCKET USA 17L KIMPLAS,,48.0,48.0,3600000.0,3600000.0,OK,
4,MDR/PB/2601-0162,9265,8254,CP434,RICE BUCKET USA 12L KIMPLAS,CP434,RICE BUCKET USA 12L KIMPLAS,,48.0,48.0,2928000.0,2928000.0,OK,
4,MDR/PB/2601-0126-01,9266,46,BS041,BESI KOTAK 4X6,BS041,BESI KOTAK 4X6,,100.0,100.0,12270000.0,12270000.0,OK,
4,MDR/PB/2601-0056,9267,10820,AV233,NO DROP OBAT COR ANTI BOCOR,AV233,NO DROP OBAT COR ANTI BOCOR,,12.0,12.0,528000.0,488400.0,OK,
4,MDR/PB/2601-0056,9268,10697,AV215,NO DROP OBAT COR ANTI BOCOR 5L,AV215,NO DROP OBAT COR ANTI BOCOR 5L,,6.0,6.0,1285800.0,1189365.0,OK,
4,MDR/PB/2601-0116,9269,180,PS032,"TEE 1/2""",PS032,"TEE 1/2""",,8000.0,8000.0,6193280.0,6193280.0,OK,
4,MDR/PB/2601-0116,9270,79,SL003,"SELANG WARNA 3/4"" STABILO HIJAU",SL003,"SELANG WARNA 3/4"" STABILO HIJAU",,100.0,100.0,15317295.000000002,15317295.000000002,OK,
4,MDR/PB/2601-0071,9271,123,SM002,SEMEN CONCH KAPAL,SM002,SEMEN CONCH KAPAL,,1680.0,1680.0,69132000.0,69132000.0,OK,
4,MDR/PB/2601-0071,9272,123,SM002,SEMEN CONCH KAPAL,SM002,SEMEN CONCH KAPAL,,160.0,160.0,6584000.0,6584000.0,OK,
4,MDR/PB/2601-0071,9273,122,SM001,SEMEN CONCH,SM001,SEMEN CONCH,,13160.0,13160.0,541534000.0,541534000.0,OK,
4,MDR/PB/2601-0111,9274,9596,OP134,LEMARI PAKAIAN BESI OLYMSTEEL OSW 4P TG,OP134,LEMARI PAKAIAN BESI OLYMSTEEL OSW 4P TG,,4.0,4.0,10400000.0,10400000.0,OK,
4,MDR/PB/2601-0169,9275,10508,ST330,RAK PIRING GSF 4440 / 802 B 40CM,ST330,RAK PIRING GSF 4440 / 802 B 40CM,,40.0,40.0,2800000.0,2800000.0,OK,
4,MDR/PB/2601-0169,9276,10051,ST150,PANCI STEAMER 2 SSN 28 CM GSF G 4128,ST150,PANCI STEAMER 2 SSN 28 CM GSF G 4128,,20.0,20.0,820000.0,820000.0,OK,
4,MDR/PB/2601-0169,9277,8249,ST356,WAJAN DIAMOND GSF 30CM,ST356,WAJAN DIAMOND GSF 30CM,,40.0,40.0,1360000.0,1360000.0,OK,
4,MDR/PB/2601-0190,9278,11610,SR024,LEMARI ES SHARP SJ 195 MDSB,SR024,LEMARI ES SHARP SJ 195 MDSB,,7.0,7.0,17220000.0,17220000.0,OK,
4,MDR/PB/2601-0190,9279,8887,SR002,SHARP KULKAS SJ-N192D-VR,SR002,SHARP KULKAS SJ-N192D-VR,,5.0,5.0,9125000.0,9125000.0,OK,
4,MDR/PB/2601-0190,9280,10748,SR018,LEMARI ES SHRAP SJX 197 WDW,SR018,LEMARI ES SHRAP SJX 197 WDW,,3.0,3.0,5925000.0,5925000.0,OK,
4,MDR/PB/2601-0208,9281,11610,SR024,LEMARI ES SHARP SJ 195 MDSB,SR024,LEMARI ES SHARP SJ 195 MDSB,,1.0,1.0,2460000.0,2460000.0,OK,
4,MDR/PB/2601-0073,9282,257,AV004,"AVIAN 0,9L",AV004,"AVIAN 0,9L",,72.0,72.0,6177600.0,5714280.0,OK,
4,MDR/PB/2601-0159,9283,10952,CP529,RICE BUCKET 31 KP,CP529,RICE BUCKET 31 KP,,6.0,6.0,780000.0,780000.0,OK,
4,MDR/PB/2601-0159,9284,9399,ST279,RAK PIRING SHOGUN (UK 146CMX74CMX43.5CM),ST279,RAK PIRING SHOGUN (UK 146CMX74CMX43.5CM),,12.0,12.0,5304000.0,5304000.0,OK,
4,MDR/PB/2601-0160,9285,10236,CP102,EZY BOX UK 150L,CP102,EZY BOX UK 150L,,40.0,40.0,6398360.0,6398360.0,OK,
4,MDR/PB/2601-0160,9286,10235,CP086,EZY BOX UK 130L,CP086,EZY BOX UK 130L,,40.0,40.0,5169720.0,5169720.0,OK,
4,MDR/PB/2601-0160,9287,10234,CP034,EZY BOX UK 95L,CP034,EZY BOX UK 95L,,40.0,40.0,4472840.0,4472840.0,OK,
4,MDR/PB/2601-0160,9288,10233,CP170,EZY BOX UK 75L,CP170,EZY BOX UK 75L,,42.0,42.0,3501078.0,3501078.0,OK,
4,MDR/PB/2601-0171,9289,2845,KR087,LIST GRANIT HITAM,KR087,LIST GRANIT HITAM,,44.0,44.0,13200000.0,13200000.0,OK,
4,MDR/PB/2601-0171,9290,4642,OPK,ONGKOS PETI KERAMIK,OPK,ONGKOS PETI KERAMIK,,1.0,1.0,125000.0,125000.0,OK,
4,MDR/PB/2601-0172,9291,7478,GS099,EMBER SEGI TRANSPARANT ES 4008,GS099,EMBER SEGI TRANSPARANT ES 4008,,48.0,48.0,1459200.0,1459200.0,OK,
4,MDR/PB/2601-0172,9292,8566,GS137,BASKOM BULAT TANGGUNG HIJAU BBT 2029 H,GS137,BASKOM BULAT TANGGUNG HIJAU BBT 2029 H,,72.0,72.0,1154592.0,1154592.0,OK,
4,MDR/PB/2601-0172,9293,8567,GS138,MUG TUTUP HIJAU MOKT 7039 H,GS138,MUG TUTUP HIJAU MOKT 7039 H,,144.0,144.0,864576.0,864576.0,OK,
4,MDR/PB/2601-0172,9294,8815,GS012,TOPLES KRISTAL BESAR NATURAL TKB 1101 N,GS012,TOPLES KRISTAL BESAR NATURAL TKB 1101 N,,24.0,24.0,875520.0,875520.0,OK,
4,MDR/PB/2601-0172,9295,7499,GS120,PIRING MAKAN HIJAU PM 8006 H,GS120,PIRING MAKAN HIJAU PM 8006 H,,72.0,72.0,361152.0,361152.0,OK,
4,MDR/PB/2601-0172,9296,11684,GS219,PIRING MAKAN SEGI HIJAU PMS 8037 H,GS219,PIRING MAKAN SEGI HIJAU PMS 8037 H,,144.0,144.0,744192.0,744192.0,OK,
4,MDR/PB/2601-0172,9297,10036,GS176,TEMPAT NASI KOTAK SEGI HIJAU TNKS 1132 H,GS176,TEMPAT NASI KOTAK SEGI HIJAU TNKS 1132 H,,48.0,48.0,481536.0,481536.0,OK,
4,MDR/PB/2601-0172,9298,8805,GS002,TEMPAT IKAN SARINGAN BESAR PINK TISB 187 PI,GS002,TEMPAT IKAN SARINGAN BESAR PINK TISB 187 PI,,24.0,24.0,612864.0,612864.0,OK,
4,MDR/PB/2601-0173,9299,8810,GS007,SLOKY NATURAL SK 145 N,GS007,SLOKY NATURAL SK 145 N,,72.0,72.0,432288.0,432288.0,OK,
4,MDR/PB/2601-0173,9300,8813,GS010,TOPLES SERBAGUNA SEDANG TSS 1198 PUTIH,GS010,TOPLES SERBAGUNA SEDANG TSS 1198 PUTIH,,36.0,36.0,629280.0,629280.0,OK,
4,MDR/PB/2601-0173,9301,8825,GS022,KAN AIR BESAR HJAU KBK 3011 H,GS022,KAN AIR BESAR HJAU KBK 3011 H,,36.0,36.0,454176.0,454176.0,OK,
4,MDR/PB/2601-0173,9302,8826,GS023,GELAS PINK G 5019 PI,GS023,GELAS PINK G 5019 PI,,144.0,144.0,328320.0,328320.0,OK,
4,MDR/PB/2601-0173,9303,8827,GS024,RANTANG KATERING BULAT HIJAU RKB 9006 H,GS024,RANTANG KATERING BULAT HIJAU RKB 9006 H,,36.0,36.0,508896.0,508896.0,OK,
4,MDR/PB/2601-0173,9304,8833,GS030,MUG HIJAU MOK 7015 H,GS030,MUG HIJAU MOK 7015 H,,144.0,144.0,514368.0,514368.0,OK,
4,MDR/PB/2601-0173,9305,8572,GS037,GAYUNG AIR PINK GA 110 PI,GS037,GAYUNG AIR PINK GA 110 PI,,48.0,48.0,193344.0,193344.0,OK,
4,MDR/PB/2601-0173,9306,8574,GS039,BASKOM BULAT BESAR HIJAU BBB 2057 H,GS039,BASKOM BULAT BESAR HIJAU BBB 2057 H,,36.0,36.0,722304.0,722304.0,OK,
4,MDR/PB/2601-0173,9307,7384,GS045,BASKOM BULAT KECIL HIJAU BBK 2055 H,GS045,BASKOM BULAT KECIL HIJAU BBK 2055 H,,36.0,36.0,470592.0,470592.0,OK,
4,MDR/PB/2601-0173,9308,7385,GS046,BASKOM BULAT KECIL HIJAU BBK 2033 H,GS046,BASKOM BULAT KECIL HIJAU BBK 2033 H,,48.0,48.0,412224.0,412224.0,OK,
4,MDR/PB/2601-0174,9309,7385,GS046,BASKOM BULAT KECIL HIJAU BBK 2033 H,GS046,BASKOM BULAT KECIL HIJAU BBK 2033 H,,72.0,72.0,618336.0,618336.0,OK,
4,MDR/PB/2601-0174,9310,7434,GS055,MANGKOK BESAR KAKI HIJAU MBB 7011 H,GS055,MANGKOK BESAR KAKI HIJAU MBB 7011 H,,24.0,24.0,722304.0,722304.0,OK,
4,MDR/PB/2601-0174,9311,7435,GS056,TEMPAT PISAU HIJAU TP 1042 H,GS056,TEMPAT PISAU HIJAU TP 1042 H,,36.0,36.0,503424.0,503424.0,OK,
4,MDR/PB/2601-0174,9312,7441,GS062,TEMPAT NASI BULAT PINK TNB 1055 PI,GS062,TEMPAT NASI BULAT PINK TNB 1055 PI,,24.0,24.0,518016.0,518016.0,OK,
4,MDR/PB/2601-0174,9313,7442,GS063,MANGKOK KUAH HIJAU MK 7001 H,GS063,MANGKOK KUAH HIJAU MK 7001 H,,144.0,144.0,481536.0,481536.0,OK,
4,MDR/PB/2601-0174,9314,7443,GS064,MANGKOK MIE BULAT HIJAU MMB 7019 H,GS064,MANGKOK MIE BULAT HIJAU MMB 7019 H,,144.0,144.0,601920.0,601920.0,OK,
4,MDR/PB/2601-0174,9315,7444,GS065,MANGKOK MIE HIJAU MKM 7010 H,GS065,MANGKOK MIE HIJAU MKM 7010 H,,144.0,144.0,569088.0,569088.0,OK,
4,MDR/PB/2601-0174,9316,7451,GS072,TEMPAT GELAS 6 PCS HIJAU TG 61037 H,GS072,TEMPAT GELAS 6 PCS HIJAU TG 61037 H,,48.0,48.0,434112.0,434112.0,OK,
4,MDR/PB/2601-0174,9317,7461,GS082,GELAS UKUR 1000 ML NATURAL GU 5042 N,GS082,GELAS UKUR 1000 ML NATURAL GU 5042 N,,72.0,72.0,470592.0,470592.0,OK,
4,MDR/PB/2601-0174,9318,7474,GS095,GAYUNG AIR GA 5027 H/B,GS095,GAYUNG AIR GA 5027 H/B,,48.0,48.0,288192.0,288192.0,OK,
4,MDR/PB/2601-0175,9319,7475,GS096,GAYUNG AIR HIJAU GA 5025 H,GS096,GAYUNG AIR HIJAU GA 5025 H,,48.0,48.0,288192.0,288192.0,OK,
4,MDR/PB/2601-0175,9320,7484,GS105,TEMPAT NASI HIJAU TN 1080 H,GS105,TEMPAT NASI HIJAU TN 1080 H,,24.0,24.0,492480.0,492480.0,OK,
4,MDR/PB/2601-0175,9321,7492,GS113,KAN AIR BESAR HIJAU KAB 3009 H,GS113,KAN AIR BESAR HIJAU KAB 3009 H,,36.0,36.0,361152.0,361152.0,OK,
4,MDR/PB/2601-0175,9322,7496,GS117,PIRING KUE SEGI HIJAU PKS 8012 H,GS117,PIRING KUE SEGI HIJAU PKS 8012 H,,288.0,288.0,569088.0,569088.0,OK,
4,MDR/PB/2601-0175,9323,7501,GS122,TEMPAT CETAKAN ICE CREAM HIJAU TCE 1073 H,GS122,TEMPAT CETAKAN ICE CREAM HIJAU TCE 1073 H,,48.0,48.0,528960.0,528960.0,OK,
4,MDR/PB/2601-0175,9324,8558,GS129,KAN AIR BESAR HIJAU KAB 3018 H,GS129,KAN AIR BESAR HIJAU KAB 3018 H,,24.0,24.0,505248.0,505248.0,OK,
4,MDR/PB/2601-0175,9325,8563,GS134,PIRING MAKAN PINK PM 180 PI,GS134,PIRING MAKAN PINK PM 180 PI,,144.0,144.0,590976.0,590976.0,OK,
4,MDR/PB/2601-0175,9326,9644,GS140,BASI TUTUP BULAT KECIL PINK BTBT 169 PI,GS140,BASI TUTUP BULAT KECIL PINK BTBT 169 PI,,24.0,24.0,384864.0,384864.0,OK,
4,MDR/PB/2601-0175,9327,9681,GS150,MUG TUTUP HIJAU MOK 7009 H,GS150,MUG TUTUP HIJAU MOK 7009 H,,60.0,60.0,182400.0,182400.0,OK,
4,MDR/PB/2601-0175,9328,9682,GS151,MUG TUTUP HIJAU MOK 7008 H,GS151,MUG TUTUP HIJAU MOK 7008 H,,72.0,72.0,372096.0,372096.0,OK,
4,MDR/PB/2601-0179,9329,10050,GS190,GELAS IKAN HIJAU GMI 5032 H,GS190,GELAS IKAN HIJAU GMI 5032 H,,72.0,72.0,361152.0,361152.0,OK,
4,MDR/PB/2601-0179,9330,10017,GS157,GELAS IKAN PINK GMI 5032 PI,GS157,GELAS IKAN PINK GMI 5032 PI,,72.0,72.0,361152.0,361152.0,OK,
4,MDR/PB/2601-0179,9331,10025,GS165,RAK AQUA 12 PCS HIJAU RA 9012A H,GS165,RAK AQUA 12 PCS HIJAU RA 9012A H,,72.0,72.0,722304.0,722304.0,OK,
4,MDR/PB/2601-0179,9332,10033,GS173,RANTANG PIKNIK SUSUN HIJAU RPS 9007 H,GS173,RANTANG PIKNIK SUSUN HIJAU RPS 9007 H,,24.0,24.0,777024.0,777024.0,OK,
4,MDR/PB/2601-0179,9333,10038,GS178,KOTAK SEGI KECIL HIJAU KSK 3006 H,GS178,KOTAK SEGI KECIL HIJAU KSK 3006 H,,72.0,72.0,290016.0,290016.0,OK,
4,MDR/PB/2601-0179,9334,10044,GS184,TEMPAT GELAS BULAT 6 PCS PINK TGB 1086 PI,GS184,TEMPAT GELAS BULAT 6 PCS PINK TGB 1086 PI,,48.0,48.0,503424.0,503424.0,OK,
4,MDR/PB/2601-0179,9335,10996,GS193,KAN AIR DIAMOND HIJAU KAUDT 3040 H,GS193,KAN AIR DIAMOND HIJAU KAUDT 3040 H,,12.0,12.0,273600.0,273600.0,OK,
4,MDR/PB/2601-0179,9336,10998,GS195,GELAS HIJAU G 5020 H,GS195,GELAS HIJAU G 5020 H,,144.0,144.0,393984.0,393984.0,OK,
4,MDR/PB/2601-0179,9337,11195,GS211,SENDOK SOUP KECIL HIJAU SSK 6002 H,GS211,SENDOK SOUP KECIL HIJAU SSK 6002 H,,288.0,288.0,262656.0,262656.0,OK,
4,MDR/PB/2601-0179,9338,11196,GS212,PIRING MAKAN HIJAU PM 8019 H,GS212,PIRING MAKAN HIJAU PM 8019 H,,144.0,144.0,514368.0,514368.0,OK,
4,MDR/PB/2601-0180,9339,11197,GS213,TEMPAT GANTUNGAN GELAS 6 PCS HIJAU TG 1062 H,GS213,TEMPAT GANTUNGAN GELAS 6 PCS HIJAU TG 1062 H,,36.0,36.0,432288.0,432288.0,OK,
4,MDR/PB/2601-0180,9340,11198,GS214,MANGKOK ULIR TANGGUNG HIJAU MUT 7042,GS214,MANGKOK ULIR TANGGUNG HIJAU MUT 7042,,144.0,144.0,448704.0,448704.0,OK,
4,MDR/PB/2601-0180,9341,11200,GS216,KAN SET 4 PCS BLUE TRANS KAK 3012 BT,GS216,KAN SET 4 PCS BLUE TRANS KAK 3012 BT,,24.0,24.0,401280.0,401280.0,OK,
4,MDR/PB/2601-0180,9342,11339,GS217,MUG SALEM MOK 7031 S,GS217,MUG SALEM MOK 7031 S,,144.0,144.0,437760.0,437760.0,OK,
4,MDR/PB/2601-0181,9343,11685,GS220,RAK SEPATU ABU-ABU RS 9031 AB,GS220,RAK SEPATU ABU-ABU RS 9031 AB,,3.0,3.0,296400.0,296400.0,OK,
4,MDR/PB/2601-0109,9344,11487,OP342,KURSI STAFF FRONTLINE OC 04 HITAM,OP342,KURSI STAFF FRONTLINE OC 04 HITAM,,2.0,2.0,1240000.0,1240000.0,OK,
4,MDR/PB/2601-0109,9345,11482,OP337,LACI ARSIP BESI FRONTLINE FC D3A,OP337,LACI ARSIP BESI FRONTLINE FC D3A,,1.0,1.0,1360000.0,1360000.0,OK,
4,MDR/PB/2601-0128,9346,5977,SG069,"SENG PLASTIK WALRUS 1,0X800X1800 PVC",SG069,"SENG PLASTIK WALRUS 1,0X800X1800 PVC",,60.0,60.0,6240000.0,6240000.0,OK,
4,MDR/PB/2601-0135,9347,8701,OP111,MEJA TULIS MT OLIVER 160,OP111,MEJA TULIS MT OLIVER 160,,30.0,30.0,31500000.0,31500000.0,OK,
4,MDR/PB/2601-0136,9348,8883,OP120,LEMARI ARSIP BEST FRONTLINE FC 06,OP120,LEMARI ARSIP BEST FRONTLINE FC 06,,10.0,10.0,14500000.0,14500000.0,OK,
4,MDR/PB/2601-0136,9349,10277,OP223,KURSI DIREKTUR FRONTLINE EC 26 HITAM,OP223,KURSI DIREKTUR FRONTLINE EC 26 HITAM,,10.0,10.0,13500000.0,13500000.0,OK,
4,MDR/PB/2601-0143,9350,2643,AT029,EMBER COR ORANGE,AT029,EMBER COR ORANGE,,2000.0,2000.0,8500000.0,8500000.0,OK,
4,MDR/PB/2601-0163,9351,10987,ST375,BMW LILY MILK POTS 18CM LY-MP 18,ST375,BMW LILY MILK POTS 18CM LY-MP 18,,60.0,60.0,1950000.0,1950000.0,OK,
4,MDR/PB/2601-0163,9352,10514,ST335,BMW NAMPAN ANGGUR 50 CM AGGR-50,ST335,BMW NAMPAN ANGGUR 50 CM AGGR-50,,240.0,240.0,5880000.0,5880000.0,OK,
4,MDR/PB/2601-0163,9353,10988,ST376,BMW LILY MILK POTS 20CM LY-MP 20,ST376,BMW LILY MILK POTS 20CM LY-MP 20,,60.0,60.0,2130000.0,2130000.0,OK,
4,MDR/PB/2601-0212-01,9354,9826,OP174,LEMARI PAKAIAN BEST PLAST BMC MARBLE GOLD 2RC,OP174,LEMARI PAKAIAN BEST PLAST BMC MARBLE GOLD 2RC,,25.0,25.0,14500000.0,14500000.0,OK,
4,MDR/PB/2601-0212-01,9355,9900,OP188,LEMARI PAKAIAN BEST PLAST BMC 3GC,OP188,LEMARI PAKAIAN BEST PLAST BMC 3GC,,44.0,44.0,38500000.0,38500000.0,OK,
4,MDR/PB/2601-0144,9356,650,TP003,TERPAL 3X4 A3,TP003,TERPAL 3X4 A3,,400.0,400.0,13680000.0,13680000.0,OK,
4,MDR/PB/2601-0144,9357,651,TP004,TERPAL 4X6 A3,TP004,TERPAL 4X6 A3,,1000.0,1000.0,68400000.0,68400000.0,OK,
4,MDR/PB/2601-0144,9358,654,TP007,TERPAL 6X8 A3,TP007,TERPAL 6X8 A3,,100.0,100.0,13680000.0,13680000.0,OK,
4,MDR/PB/2601-0144,9359,4199,TP009,TERPAL 3X4 A5,TP009,TERPAL 3X4 A5,,100.0,100.0,4680000.0,4680000.0,OK,
4,MDR/PB/2601-0170,9360,11664,ST419,SEROK GAGANG KAYU 3726,ST419,SEROK GAGANG KAYU 3726,,60.0,60.0,1260000.0,1260000.0,OK,
4,MDR/PB/2601-0170,9361,1140,ST067,RAK PIRING STENLIS,ST067,RAK PIRING STENLIS,,10.0,10.0,660000.0,660000.0,OK,
4,MDR/PB/2601-0170,9362,10508,ST330,RAK PIRING GSF 4440 / 802 B 40CM,ST330,RAK PIRING GSF 4440 / 802 B 40CM,,10.0,10.0,700000.0,700000.0,OK,
4,MDR/PB/2601-0170,9363,11049,ST379,TERMOS PLASTIK Q2 8100,ST379,TERMOS PLASTIK Q2 8100,,24.0,24.0,924000.0,924000.0,OK,
4,MDR/PB/2601-0170,9364,11665,ST420,PANCI JUMBO GSF 7150,ST420,PANCI JUMBO GSF 7150,,5.0,5.0,2075000.0,2075000.0,OK,
4,MDR/PB/2601-0170,9365,11666,ST421,WAJAN OMELET Q2 1817,ST421,WAJAN OMELET Q2 1817,,40.0,40.0,2340000.0,2340000.0,OK,
4,MDR/PB/2601-0170,9366,11667,ST422,CAKE PAN Q2 8420,ST422,CAKE PAN Q2 8420,,24.0,24.0,1644000.0,1644000.0,OK,
4,MDR/PB/2601-0170,9367,6630,CP324,GILINGAN MIE GSF G 4150,CP324,GILINGAN MIE GSF G 4150,,6.0,6.0,645000.0,645000.0,OK,
4,MDR/PB/2601-0170,9368,2456,ST072,GILINGAN MIE ATLAS 8150,ST072,GILINGAN MIE ATLAS 8150,,6.0,6.0,741000.0,741000.0,OK,
4,MDR/PB/2601-0170,9369,11668,ST423,FRYING PAN GSF Q2 3211,ST423,FRYING PAN GSF Q2 3211,,10.0,10.0,1235000.0,1235000.0,OK,
4,MDR/PB/2601-0170,9370,11669,ST424,CANGKIR ENAMEL GSF-5308,ST424,CANGKIR ENAMEL GSF-5308,,144.0,144.0,1440000.0,1440000.0,OK,
4,MDR/PB/2601-0170,9371,11670,ST425,GILINGAN MIE GSF-4450,ST425,GILINGAN MIE GSF-4450,,2.0,2.0,790000.0,790000.0,OK,
4,MDR/PB/2601-0170,9372,11671,ST426,CETAKAN KUE GSF-7505,ST426,CETAKAN KUE GSF-7505,,10.0,10.0,810000.0,810000.0,OK,
4,MDR/PB/2601-0170,9373,11672,ST427,RAK SEPATU AXLO  915,ST427,RAK SEPATU AXLO  915,,20.0,20.0,650000.0,650000.0,OK,
4,MDR/PB/2601-0170,9374,11673,ST428,RAK SEPATU GSF-3165,ST428,RAK SEPATU GSF-3165,,20.0,20.0,2000000.0,2000000.0,OK,
4,MDR/PB/2601-0170,9375,11053,ST383,BOWL SET GSF 2028,ST383,BOWL SET GSF 2028,,24.0,24.0,972000.0,972000.0,OK,
4,MDR/PB/2601-0170,9376,11674,ST429,CETAKAN KUE WAFEL KOTAK Q2 8301,ST429,CETAKAN KUE WAFEL KOTAK Q2 8301,,20.0,20.0,1680000.0,1680000.0,OK,
4,MDR/PB/2601-0170,9377,11675,ST430,CETAKAN KUE WAFEL BUNGA Q2 8302,ST430,CETAKAN KUE WAFEL BUNGA Q2 8302,,20.0,20.0,1630000.0,1630000.0,OK,
4,MDR/PB/2601-0170,9378,11676,ST431,GANTUNGAN BAJU GSF-5104,ST431,GANTUNGAN BAJU GSF-5104,,12.0,12.0,582000.0,582000.0,OK,
4,MDR/PB/2601-0170,9379,7815,CP390,MEJA BELAJAR ANAK,CP390,MEJA BELAJAR ANAK,,10.0,10.0,350000.0,350000.0,OK,
4,MDR/PB/2601-0170,9380,11677,ST432,PANCI SET AXLO 632,ST432,PANCI SET AXLO 632,,6.0,6.0,630000.0,630000.0,OK,
4,MDR/PB/2601-0170,9381,11678,ST433,PANCI SET GSF 0820,ST433,PANCI SET GSF 0820,,12.0,12.0,822000.0,822000.0,OK,
4,MDR/PB/2601-0132,9382,5498,SG012,SPANDEX BIRU 020X4M,SG012,SPANDEX BIRU 020X4M,,250.0,250.0,16000000.0,16000000.0,OK,
4,MDR/PB/2601-0140,9383,6362,KR279,GEMSTONE BLACK 40X40,KR279,GEMSTONE BLACK 40X40,,640.0,640.0,35840000.0,35840000.0,OK,
4,MDR/PB/2601-0140,9384,11624,KR324,HYATTSTONE GREY 50X50,KR324,HYATTSTONE GREY 50X50,,503.0,503.0,27916500.0,27916500.0,OK,
4,MDR/PB/2601-0140,9385,11625,KR325,HANEDA BLACK 50X50,KR325,HANEDA BLACK 50X50,,640.0,640.0,35520000.0,35520000.0,OK,
4,MDR/PB/2601-0141,9386,9787,KR154,HARUKA BLUE 50X50,KR154,HARUKA BLUE 50X50,,910.0,910.0,47320000.0,47320000.0,OK,
4,MDR/PB/2601-0142,9387,382,KR025,THUNDER GREY 50X50,KR025,THUNDER GREY 50X50,,960.0,960.0,49920000.0,49920000.0,OK,
4,MDR/PB/2601-0155,9388,5429,CP237,EMBER TC18,CP237,EMBER TC18,,800.0,800.0,5320000.0,5320000.0,OK,
4,MDR/PB/2601-0155,9389,2955,CP061,EMBER TC24,CP061,EMBER TC24,,350.0,350.0,3675000.0,3675000.0,OK,
4,MDR/PB/2601-0122-01,9390,13,BS008,BESI 13 ULIR FULL,BS008,BESI 13 ULIR FULL,,600.0,600.0,66690000.0,66690000.0,OK,
4,MDR/PB/2601-0122-01,9391,10540,BS104,BESI 16 POLOS FULL,BS104,BESI 16 POLOS FULL,,1056.0,1056.0,178599991.68,178599991.68,OK,
4,MDR/PB/2601-0220,9392,11900,ST436,PANCI JUMBO GSF 7140,ST436,PANCI JUMBO GSF 7140,,8.0,8.0,1720000.0,1720000.0,OK,
4,MDR/PB/2601-0220,9393,11901,ST437,CETAKAN KUE Q2 8505,ST437,CETAKAN KUE Q2 8505,,10.0,10.0,790000.0,790000.0,OK,
4,MDR/PB/2601-0220,9394,11902,ST438,GUNTING SERBA GUNA GSF 3725,ST438,GUNTING SERBA GUNA GSF 3725,,250.0,250.0,2625000.0,2625000.0,OK,
4,MDR/PB/2601-0220,9395,11148,ST394,BMW BASKOM JUMBO PREMIUM 65 CM BJP-65,ST394,BMW BASKOM JUMBO PREMIUM 65 CM BJP-65,,150.0,150.0,13875000.0,13875000.0,OK,
4,MDR/PB/2601-0220,9396,11150,ST396,BMW BASKOM JUMBO PREMIUM 70 CM BJP-70,ST396,BMW BASKOM JUMBO PREMIUM 70 CM BJP-70,,160.0,160.0,17600000.0,17600000.0,OK,
4,MDR/PB/2601-0220,9397,11151,ST397,BMW BASKOM JUMBO PREMIUM 80 CM BJP-80,ST397,BMW BASKOM JUMBO PREMIUM 80 CM BJP-80,,150.0,150.0,24450000.0,24450000.0,OK,
4,MDR/PB/2601-0108,9398,11481,OP336,CREDENZA OLYMPIC SILVER CSD FUERTE,OP336,CREDENZA OLYMPIC SILVER CSD FUERTE,,1.0,1.0,810000.0,810000.0,OK,
4,MDR/PB/2601-0108,9399,11554,OP373,TAK TV OLYMPIC SILVER AVR NAVARO CREAM,OP373,TAK TV OLYMPIC SILVER AVR NAVARO CREAM,,1.0,1.0,965000.0,965000.0,OK,
4,MDR/PB/2601-0133,9400,5500,SG014,SPANDEX MARON 020X4M,SG014,SPANDEX MARON 020X4M,,250.0,250.0,16000000.0,16000000.0,OK,
4,MDR/PB/2601-0166,9401,6602,PG010,ESKAN MINI CK PINGUIN,PG010,ESKAN MINI CK PINGUIN,,56.0,56.0,2118480.0,2118480.0,OK,
4,MDR/PB/2601-0166,9402,6608,PG016,ESKAN JB 4.1LT ELORA PTH PINGUIN,PG016,ESKAN JB 4.1LT ELORA PTH PINGUIN,,4.0,4.0,457840.0,457840.0,OK,
4,MDR/PB/2601-0166,9403,6609,PG017,ESKAN MINI PTH TRANS PINGUIN,PG017,ESKAN MINI PTH TRANS PINGUIN,,28.0,28.0,1303680.0,1303680.0,OK,
4,MDR/PB/2601-0166,9404,6613,PG021,RANTANG S2 DX PINGUIN NEW,PG021,RANTANG S2 DX PINGUIN NEW,,10.0,10.0,1047600.0,1047600.0,OK,
4,MDR/PB/2601-0166,9405,8680,PG030,TOPLES MIAO 2KG WARNA PINGUIN,PG030,TOPLES MIAO 2KG WARNA PINGUIN,,16.0,16.0,1443360.0,1443360.0,OK,
4,MDR/PB/2601-0166,9406,8917,PG025,MUG MERCY PINGUIN,PG025,MUG MERCY PINGUIN,,64.0,64.0,2234880.0,2234880.0,OK,
4,MDR/PB/2601-0166,9407,10303,PG052,FOLDING HANGER 20 STICK DX PINGUINS,PG052,FOLDING HANGER 20 STICK DX PINGUINS,,10.0,10.0,1731450.0,1731450.0,OK,
4,MDR/PB/2601-0167,9408,10911,GP022,SW 10 LT PTH TRANS POLOS + TTP LOLYPOP,GP022,SW 10 LT PTH TRANS POLOS + TTP LOLYPOP,,24.0,24.0,2910000.0,2910000.0,OK,
4,MDR/PB/2601-0167,9409,8915,GP002,WKL TTP FUJITO MB GOPLAST,GP002,WKL TTP FUJITO MB GOPLAST,,15.0,15.0,814800.0,814800.0,OK,
4,MDR/PB/2601-0167,9410,10912,GP023,SW 5 LT PTH TRANS POLOS + TTP LOLYPOP,GP023,SW 5 LT PTH TRANS POLOS + TTP LOLYPOP,,36.0,36.0,2514204.0,2514204.0,OK,
4,MDR/PB/2601-0167,9411,10377,GP021,RTG ISAMU S2 COSMO GOPLAST,GP021,RTG ISAMU S2 COSMO GOPLAST,,32.0,32.0,4035200.0,4035200.0,OK,
4,MDR/PB/2601-0167,9412,10376,GP020,BASI TTP SUKI JB MB GOPLAST,GP020,BASI TTP SUKI JB MB GOPLAST,,60.0,60.0,2444340.0,2444340.0,OK,
4,MDR/PB/2601-0167,9413,9640,GP019,BAK NAKAMURA 45 AVOCADO GOPLAST,GP019,BAK NAKAMURA 45 AVOCADO GOPLAST,,100.0,100.0,18915000.0,18915000.0,OK,
4,MDR/PB/2601-0167,9414,9131,GP015,TONG 80 GRS CK+TTP GOPLAST,GP015,TONG 80 GRS CK+TTP GOPLAST,,20.0,20.0,9020980.0,9020980.0,OK,
4,MDR/PB/2601-0167,9415,8728,GP012,WSK 16 TAKUMI CK GOPLAST,GP012,WSK 16 TAKUMI CK GOPLAST,,76.0,76.0,2395900.0,2395900.0,OK,
4,MDR/PB/2601-0167,9416,8727,GP011,BASI+TUTUP ZAGGA LOLIPOP GOPLAST,GP011,BASI+TUTUP ZAGGA LOLIPOP GOPLAST,,16.0,16.0,776000.0,776000.0,OK,
4,MDR/PB/2601-0167,9417,8667,GP005,BAK USA 45 CK GOPLAST,GP005,BAK USA 45 CK GOPLAST,,12.0,12.0,1978800.0,1978800.0,OK,
4,MDR/PB/2601-0167,9418,8729,PG034,RTG FUMIKO S3 COSMO PINGUINS,PG034,RTG FUMIKO S3 COSMO PINGUINS,,12.0,12.0,1594680.0,1594680.0,OK,
4,MDR/PB/2601-0167,9419,10114,PG049,CANGKIR SORA LOLYPOP PINGUIN,PG049,CANGKIR SORA LOLYPOP PINGUIN,,240.0,240.0,3259200.0,3259200.0,OK,
4,MDR/PB/2601-0167,9420,10338,PG054,PIRING UKIR CK PINGUINS,PG054,PIRING UKIR CK PINGUINS,,120.0,120.0,1513200.0,1513200.0,OK,
4,MDR/PB/2601-0167,9421,11656,PG056,TIMBA 1.5GL LOLYPOP PINGUIN,PG056,TIMBA 1.5GL LOLYPOP PINGUIN,,27.0,27.0,1217808.0,1217808.0,OK,
4,MDR/PB/2601-0134,9422,6816,SG045,SPANDEX GALVALUM 035X4M,SG045,SPANDEX GALVALUM 035X4M,,750.0,750.0,73800000.0,73800000.0,OK,
4,MDR/PB/2601-0168,9423,11662,ST417,RAK TV DX300,ST417,RAK TV DX300,,20.0,20.0,1800000.0,1800000.0,OK,
4,MDR/PB/2601-0168,9424,11663,ST418,RAK HANDUK SAYAP,ST418,RAK HANDUK SAYAP,,40.0,40.0,3520000.0,3520000.0,OK,
4,MDR/PB/2601-0168,9425,11658,CP412,COBEK KAYU 20,CP412,COBEK KAYU 20,,50.0,50.0,675000.0,675000.0,OK,
4,MDR/PB/2601-0168,9426,11659,CP417,COBEK KAYU 24,CP417,COBEK KAYU 24,,50.0,50.0,1025000.0,1025000.0,OK,
4,MDR/PB/2601-0168,9427,11660,CP207,LUMPANG KAYU BESAR,CP207,LUMPANG KAYU BESAR,,32.0,32.0,1344000.0,1344000.0,OK,
4,MDR/PB/2601-0168,9428,11631,ST416,RAK MAGIC COM,ST416,RAK MAGIC COM,,18.0,18.0,1620000.0,1620000.0,OK,
4,MDR/PB/2601-0168,9429,11661,CP114,KEMUCING BALI JUMBO,CP114,KEMUCING BALI JUMBO,,10.0,10.0,3300000.0,3300000.0,OK,
4,MDR/PB/2601-0168,9430,11657,SE042,MATA PARUT LISTRIK,SE042,MATA PARUT LISTRIK,,50.0,50.0,800000.0,800000.0,OK,
4,MDR/PB/2601-0097,9431,325,AV066,PLITUR BOYO 1L,AV066,PLITUR BOYO 1L,,24.0,24.0,2100000.0,1942500.0,OK,
4,MDR/PB/2601-0110,9432,11481,OP336,CREDENZA OLYMPIC SILVER CSD FUERTE,OP336,CREDENZA OLYMPIC SILVER CSD FUERTE,,1.0,1.0,810000.0,810000.0,OK,
4,MDR/PB/2601-0213-02,9433,7960,OP019,MEJA MAKAN SET 4 KURSI OLYMPIC DTM SIMPSON SONOMA OAK CREAM,OP019,MEJA MAKAN SET 4 KURSI OLYMPIC DTM SIMPSON SONOMA OAK CREAM,,5.0,5.0,7695000.0,7695000.0,OK,
4,MDR/PB/2601-0213-02,9434,11642,OP383,MEJA MAKAN SET 6 KURSI OLYMPIC DTM MARBLE,OP383,MEJA MAKAN SET 6 KURSI OLYMPIC DTM MARBLE,,5.0,5.0,10500000.0,10500000.0,OK,
4,MDR/PB/2601-0213-02,9435,9717,OP156,MEJA MAKAN SET 4 KURSI OLYMPIC DTM MARBLE,OP156,MEJA MAKAN SET 4 KURSI OLYMPIC DTM MARBLE,,10.0,10.0,16700000.0,16700000.0,OK,
4,MDR/PB/2601-0213-02,9436,7961,OP020,MEJA MAKAN SET 4 KURSI OLYMPIC DTM ALMA,OP020,MEJA MAKAN SET 4 KURSI OLYMPIC DTM ALMA,,5.0,5.0,8350000.0,8350000.0,OK,
4,MDR/PB/2602-0006,10241,9920,NP243,PLATONE 8000 0.2L,NP243,PLATONE 8000 0.2L,,6.0,6.0,98160.0,98160.0,OK,
4,MDR/PB/2602-0006,10242,4157,NP114,PLATONE 8000 0.9L,NP114,PLATONE 8000 0.9L,,12.0,12.0,746400.0,746400.0,OK,
4,MDR/PB/2602-0007,10243,9920,NP243,PLATONE 8000 0.2L,NP243,PLATONE 8000 0.2L,,24.0,24.0,392640.0,392640.0,OK,
4,MDR/PB/2602-0008,10244,9920,NP243,PLATONE 8000 0.2L,NP243,PLATONE 8000 0.2L,,6.0,6.0,98160.0,98160.0,OK,
4,MDR/PB/2602-0009,10245,9920,NP243,PLATONE 8000 0.2L,NP243,PLATONE 8000 0.2L,,6.0,6.0,98160.0,98160.0,OK,
4,MDR/PB/2602-0010,10246,4157,NP114,PLATONE 8000 0.9L,NP114,PLATONE 8000 0.9L,,24.0,24.0,1492800.0,1492800.0,OK,
4,MDR/PB/2602-0011,10247,4157,NP114,PLATONE 8000 0.9L,NP114,PLATONE 8000 0.9L,,60.0,60.0,3415440.0,3415440.0,OK,
4,MDR/PB/2602-0012,10248,7858,NP197,WEATHERBOND MAX 1001 BRILLIANT WHITE 2.5L,NP197,WEATHERBOND MAX 1001 BRILLIANT WHITE 2.5L,,8.0,8.0,2490400.0,2490400.0,OK,
4,MDR/PB/2602-0013,10249,4919,NP089,VINILEX WHITE 5 LITER,NP089,VINILEX WHITE 5 LITER,,16.0,16.0,2497872.0,2497872.0,OK,
4,MDR/PB/2602-0014,10250,6783,NP132,KOMILEX GOLD ACCENT BASE 15.48KG,NP132,KOMILEX GOLD ACCENT BASE 15.48KG,,5.0,5.0,1119600.0,1119600.0,OK,
4,MDR/PB/2602-0015,10251,5993,NP137,KOMILEX GOLD PASTEL BASE 4.5KG,NP137,KOMILEX GOLD PASTEL BASE 4.5KG,,7.0,7.0,460110.0,460110.0,OK,
4,MDR/PB/2602-0016,10252,5221,NP130,KOMILEX READY MIX 4.5KG,NP130,KOMILEX READY MIX 4.5KG,,3.0,3.0,214221.0,214221.0,OK,
4,MDR/PB/2602-0017,10253,3305,NP141,PILOX NIPPON AUTOLUX,NP141,PILOX NIPPON AUTOLUX,,12.0,12.0,540348.0,540348.0,OK,
4,MDR/PB/2602-0020,10254,255,AV002,AVIAN 100CC,AV002,AVIAN 100CC,,12.0,12.0,156396.0,144666.3,OK,
4,MDR/PB/2602-0020,10255,327,AV068,AVIAN 0.45L,AV068,AVIAN 0.45L,,24.0,24.0,1173600.0,1085580.0,OK,
4,MDR/PB/2602-0021,10256,289,AV036,AVITEX BASE A 25KG,AV036,AVITEX BASE A 25KG,,5.0,5.0,3848000.0,3367000.0,OK,
4,MDR/PB/2602-0087,10257,9381,OP130,MEJA TULIS OLYMPIC SILVER MT OLIVER 120,OP130,MEJA TULIS OLYMPIC SILVER MT OLIVER 120,,20.0,20.0,15000000.0,15000000.0,OK,
4,MDR/PB/2602-0087,10258,10319,OP233,MEJA BELAJAR OLYMPIC SILVER SDB ALORA,OP233,MEJA BELAJAR OLYMPIC SILVER SDB ALORA,,3.0,3.0,1680000.0,1680000.0,OK,
4,MDR/PB/2602-0088,10259,9381,OP130,MEJA TULIS OLYMPIC SILVER MT OLIVER 120,OP130,MEJA TULIS OLYMPIC SILVER MT OLIVER 120,,40.0,40.0,30000000.0,30000000.0,OK,
4,MDR/PB/2602-0088,10260,10299,OP228,MEJA BELAJAR OLYMPIC SILVER SDB KANTO,OP228,MEJA BELAJAR OLYMPIC SILVER SDB KANTO,,17.0,17.0,9520000.0,9520000.0,OK,
4,MDR/PB/2602-0088,10261,10319,OP233,MEJA BELAJAR OLYMPIC SILVER SDB ALORA,OP233,MEJA BELAJAR OLYMPIC SILVER SDB ALORA,,17.0,17.0,9520000.0,9520000.0,OK,
4,MDR/PB/2602-0088,10262,10853,OP280,MEJA TAMU OLYMPIC CT MARBLE 02,OP280,MEJA TAMU OLYMPIC CT MARBLE 02,,19.0,19.0,5415000.0,5415000.0,OK,
4,MDR/PB/2602-0089,10263,8276,OP084,MEJA MAKAN DTM ALMA GS 6 KURSI,OP084,MEJA MAKAN DTM ALMA GS 6 KURSI,,12.0,12.0,24000000.0,24000000.0,OK,
4,MDR/PB/2602-0092-01,10264,10948,OP302,MEJA SEKOLAH SET FRONTLINE MBS 01,OP302,MEJA SEKOLAH SET FRONTLINE MBS 01,,50.0,50.0,29250000.0,29250000.0,OK,
4,MDR/PB/2602-0027,10265,257,AV004,"AVIAN 0,9L",AV004,"AVIAN 0,9L",,168.0,168.0,14414400.0,13333320.0,OK,
4,MDR/PB/2602-0033,10266,122,SM001,SEMEN CONCH,SM001,SEMEN CONCH,,17680.0,17680.0,727532000.0,727532000.0,OK,
4,MDR/PB/2602-0033,10267,123,SM002,SEMEN CONCH KAPAL,SM002,SEMEN CONCH KAPAL,,320.0,320.0,13168000.0,13168000.0,OK,
4,MDR/PB/2602-0094,10268,7960,OP019,MEJA MAKAN SET 4 KURSI OLYMPIC DTM SIMPSON SONOMA OAK CREAM,OP019,MEJA MAKAN SET 4 KURSI OLYMPIC DTM SIMPSON SONOMA OAK CREAM,,5.0,5.0,8350000.0,8350000.0,OK,
4,MDR/PB/2602-0095,10269,3400,KR110,LIST GRANIT HITAM VARIASI,KR110,LIST GRANIT HITAM VARIASI,,1056.0,1056.0,14256000.0,14256000.0,OK,
4,MDR/PB/2602-0095,10270,4642,OPK,ONGKOS PETI KERAMIK,OPK,ONGKOS PETI KERAMIK,,1.0,1.0,125000.0,125000.0,OK,
4,MDR/PB/2602-0093-04,10271,6429,OP002,LEMARI PAKAIAN BESI OLYMPIC OSWS 120,OP002,LEMARI PAKAIAN BESI OLYMPIC OSWS 120,,10.0,10.0,18000000.0,18000000.0,OK,
4,MDR/PB/2602-0093-04,10272,6429,OP002,LEMARI PAKAIAN BESI OLYMPIC OSWS 120,OP002,LEMARI PAKAIAN BESI OLYMPIC OSWS 120,,10.0,10.0,18000000.0,18000000.0,OK,
4,MDR/PB/2602-0093-04,10273,11643,OP384,MEJA MAKAN OLYMPIC GOLD DT DANVILLE 120X70,OP384,MEJA MAKAN OLYMPIC GOLD DT DANVILLE 120X70,,10.0,10.0,23000000.0,23000000.0,OK,
4,MDR/PB/2602-0093-04,10274,7960,OP019,MEJA MAKAN SET 4 KURSI OLYMPIC DTM SIMPSON SONOMA OAK CREAM,OP019,MEJA MAKAN SET 4 KURSI OLYMPIC DTM SIMPSON SONOMA OAK CREAM,,10.0,10.0,16700000.0,16700000.0,OK,
4,MDR/PB/2602-0093-04,10275,7960,OP019,MEJA MAKAN SET 4 KURSI OLYMPIC DTM SIMPSON SONOMA OAK CREAM,OP019,MEJA MAKAN SET 4 KURSI OLYMPIC DTM SIMPSON SONOMA OAK CREAM,,10.0,10.0,16700000.0,16700000.0,OK,
4,MDR/PB/2602-0093-04,10276,11642,OP383,MEJA MAKAN SET 6 KURSI OLYMPIC DTM MARBLE,OP383,MEJA MAKAN SET 6 KURSI OLYMPIC DTM MARBLE,,5.0,5.0,10500000.0,10500000.0,OK,
4,MDR/PB/2602-0093-04,10277,8277,OP085,MEJA MAKAN DTM SIMPSON 6 KURSI,OP085,MEJA MAKAN DTM SIMPSON 6 KURSI,,13.0,13.0,26000000.0,26000000.0,OK,
4,MDR/PB/2602-0093-04,10278,8277,OP085,MEJA MAKAN DTM SIMPSON 6 KURSI,OP085,MEJA MAKAN DTM SIMPSON 6 KURSI,,15.0,15.0,30000000.0,30000000.0,OK,
4,MDR/PB/2602-0093-04,10279,9824,OP172,MEJA RIAS BESI OLYMSTEL OMR 001,OP172,MEJA RIAS BESI OLYMSTEL OMR 001,,12.0,12.0,15600000.0,15600000.0,OK,
4,MDR/PB/2602-0093-04,10280,9716,OP155,MEJA MAKAN SET 4 KURSI OLYMPIC DTM WINSTON,OP155,MEJA MAKAN SET 4 KURSI OLYMPIC DTM WINSTON,,10.0,10.0,19000000.0,19000000.0,OK,
4,MDR/PB/2602-0034,10281,11565,NP313,WEATHERBOND MAX 1001 BRILLIANT WHITE 20L,NP313,WEATHERBOND MAX 1001 BRILLIANT WHITE 20L,,1.0,1.0,2243022.0,2243022.0,OK,
4,MDR/PB/2602-0040,10282,2937,AV017,AVIAN 0.9L BASE C,AV017,AVIAN 0.9L BASE C,,24.0,24.0,1910400.0,1671600.0,OK,
4,MDR/PB/2602-0041,10283,11590,AV158,DEXTONE SILICONE RED 30GR,AV158,DEXTONE SILICONE RED 30GR,,24.0,24.0,210240.0,194472.0,OK,
4,MDR/PB/2602-0041,10284,11591,AV211,DEXTONE SILICONE RED 70GR,AV211,DEXTONE SILICONE RED 70GR,,24.0,24.0,420240.0,388722.0,OK,
4,MDR/PB/2602-0041,10285,10698,AV216,ARIES BLING EMULSION SW 18KG,AV216,ARIES BLING EMULSION SW 18KG,,5.0,5.0,1540500.0,1139970.0,OK,
4,MDR/PB/2602-0041,10286,7217,AV148,AVITEX BASE C 1KG,AV148,AVITEX BASE C 1KG,,24.0,24.0,964800.0,844200.0,OK,
4,MDR/PB/2602-0041,10287,285,AV032,AVITEX 25KG,AV032,AVITEX 25KG,,5.0,5.0,3861000.0,3571425.0,OK,
4,MDR/PB/2602-0041,10288,312,AV059,THINER AVIAN A 5L,AV059,THINER AVIAN A 5L,,20.0,20.0,3930000.0,3635250.0,OK,
4,MDR/PB/2602-0042,10289,2847,TX031,LIS KAYU 5X4,TX031,LIS KAYU 5X4,,100.0,100.0,2500000.0,2500000.0,OK,
4,MDR/PB/2602-0042,10291,2847,TX031,LIS KAYU 5X4,TX031,LIS KAYU 5X4,,2.0,2.0,0.0,0.0,OK,
4,MDR/PB/2602-0043,10290,2847,TX031,LIS KAYU 5X4,TX031,LIS KAYU 5X4,,100.0,100.0,2800000.0,2800000.0,OK,
4,MDR/PB/2602-0043,10292,2847,TX031,LIS KAYU 5X4,TX031,LIS KAYU 5X4,,5.0,5.0,0.0,0.0,OK,
4,MDR/PB/2602-0091,10293,9144,PO025,LEMARI ES POLYTRON PRB159R/B,PO025,LEMARI ES POLYTRON PRB159R/B,,15.0,15.0,22650000.0,22650000.0,OK,
4,MDR/PB/2602-0091,10294,9145,PO026,LEMARI ES POLYTRON PRB179B/R,PO026,LEMARI ES POLYTRON PRB179B/R,,15.0,15.0,24075000.0,24075000.0,OK,
4,MDR/PB/2602-0091,10295,7866,PO021,POLYTRON M.CUCI PWM 1076,PO021,POLYTRON M.CUCI PWM 1076,,10.0,10.0,16350000.0,16350000.0,OK,
4,MDR/PB/2602-0096,10296,323,KW006,KAWAT DURI,KW006,KAWAT DURI,,500.0,500.0,23450000.0,23450000.0,OK,
4,MDR/PB/2602-0050,10297,4919,NP089,VINILEX WHITE 5 LITER,NP089,VINILEX WHITE 5 LITER,,8.0,8.0,1248936.0,1248936.0,OK,
4,MDR/PB/2602-0051,10298,4157,NP114,PLATONE 8000 0.9L,NP114,PLATONE 8000 0.9L,,36.0,36.0,2239200.0,2239200.0,OK,
4,MDR/PB/2602-0052,10299,6351,NP119,ELASTEX WATERPROOF READY MIXED 1KG,NP119,ELASTEX WATERPROOF READY MIXED 1KG,,12.0,12.0,595056.0,595056.0,OK,
4,MDR/PB/2602-0053,10300,3305,NP141,PILOX NIPPON AUTOLUX,NP141,PILOX NIPPON AUTOLUX,,12.0,12.0,540348.0,540348.0,OK,
4,MDR/PB/2602-0054,10301,9920,NP243,PLATONE 8000 0.2L,NP243,PLATONE 8000 0.2L,,6.0,6.0,98160.0,98160.0,OK,
4,MDR/PB/2602-0072-01,10302,1718,OL029,GREASE COBRA,OL029,GREASE COBRA,,96.0,96.0,2669760.0,2669760.0,OK,
4,MDR/PB/2602-0072-01,10303,10930,OL073,COBRA CHASSIS GREASE GOLD NO 3 500 GRAM,OL073,COBRA CHASSIS GREASE GOLD NO 3 500 GRAM,,24.0,24.0,614160.0,614160.0,OK,
4,MDR/PB/2602-0072-01,10304,10929,OL072,COBRA KING BEARING GREASE EP-3 500 GRAM,OL072,COBRA KING BEARING GREASE EP-3 500 GRAM,,24.0,24.0,1152480.0,1152480.0,OK,
4,MDR/PB/2602-0072-01,10305,10972,OL080,COBRA ALPHEX HD BEARING GREASE MR3,OL080,COBRA ALPHEX HD BEARING GREASE MR3,,24.0,24.0,876720.0,876720.0,OK,
4,MDR/PB/2602-0072-01,10306,1718,OL029,GREASE COBRA,OL029,GREASE COBRA,,96.0,96.0,2669760.0,2669760.0,OK,
4,MDR/PB/2602-0058,10307,2937,AV017,AVIAN 0.9L BASE C,AV017,AVIAN 0.9L BASE C,,72.0,72.0,5731200.0,5014800.0,OK,
4,MDR/PB/2602-0059,10308,284,AV031,AVITEX 5KG,AV031,AVITEX 5KG,,40.0,40.0,6552000.0,6060600.0,OK,
4,MDR/PB/2602-0059,10309,257,AV004,"AVIAN 0,9L",AV004,"AVIAN 0,9L",,72.0,72.0,6177600.0,5714280.0,OK,
4,MDR/PB/2602-0066,10310,6686,PRN026,"PARALON POWER 2"" AW",PRN026,"PARALON POWER 2"" AW",,100.0,100.0,10907100.0,9281942.1,OK,
4,MDR/PB/2602-0066,10311,9574,PRN058,"PARALON POWER 4""D",PRN058,"PARALON POWER 4""D",,20.0,20.0,3812500.0,3244437.5,OK,
4,MDR/PB/2602-0067,10312,286,AV033,AVITEX BASE A 5KG,AV033,AVITEX BASE A 5KG,,40.0,40.0,6528000.0,5712000.0,OK,
4,MDR/PB/2602-0067,10313,288,AV035,AVITEX BASE C 5KG,AV035,AVITEX BASE C 5KG,,24.0,24.0,3621600.0,3168900.0,OK,
4,MDR/PB/2602-0068,10314,279,AV009,ARIES GOLD BASE C 4.5L,AV009,ARIES GOLD BASE C 4.5L,,20.0,20.0,1872000.0,1638000.0,OK,
4,MDR/PB/2602-0069,10315,11632,AV256,ARIES BLING EMULSION SW 1KG,AV256,ARIES BLING EMULSION SW 1KG,,2.0,2.0,54200.0,38102.6,OK,
4,MDR/PB/2602-0069,10316,283,AV030,AVITEX 1KG,AV030,AVITEX 1KG,,24.0,24.0,1051200.0,972360.0,OK,
4,MDR/PB/2602-0073,10317,260,NP001,NIPPE 2000 1L,NP001,NIPPE 2000 1L,,24.0,24.0,2097720.0,2097720.0,OK,
4,MDR/PB/2602-0073,10318,260,NP001,NIPPE 2000 1L,NP001,NIPPE 2000 1L,,24.0,24.0,2097720.0,2097720.0,OK,
4,MDR/PB/2602-0073,10319,4257,NP084,VINILEX TINT BASE 5KG,NP084,VINILEX TINT BASE 5KG,,8.0,8.0,1107296.0,1107296.0,OK,
4,MDR/PB/2602-0073,10320,4121,NP090,MATEX ACCENT BASE 4.5KG,NP090,MATEX ACCENT BASE 4.5KG,,8.0,8.0,747704.0,747704.0,OK,
4,MDR/PB/2602-0073,10321,4119,NP093,MATEX TINT BASE 4.5KG,NP093,MATEX TINT BASE 4.5KG,,20.0,20.0,2032520.0,2032520.0,OK,
4,MDR/PB/2602-0074,10322,4157,NP114,PLATONE 8000 0.9L,NP114,PLATONE 8000 0.9L,,24.0,24.0,1492800.0,1492800.0,OK,
4,MDR/PB/2602-0075,10323,4157,NP114,PLATONE 8000 0.9L,NP114,PLATONE 8000 0.9L,,15.0,15.0,853860.0,853860.0,OK,
4,MDR/PB/2602-0076,10324,6875,NP144,LEM PUTIH PVAC NIPPON,NP144,LEM PUTIH PVAC NIPPON,,240.0,240.0,2941440.0,2941440.0,OK,
4,MDR/PB/2602-0077,10325,4157,NP114,PLATONE 8000 0.9L,NP114,PLATONE 8000 0.9L,,60.0,60.0,3415440.0,3415440.0,OK,
4,MDR/PB/2602-0090,10326,11498,OP352,SOFA 1 SEATER PROCELLA PILLO VIENA,OP352,SOFA 1 SEATER PROCELLA PILLO VIENA,,4.0,4.0,5200000.0,5200000.0,OK,
4,MDR/PB/2602-0090,10327,11499,OP353,SOFA 2 SEATER PROCELLA PILLO VIENA,OP353,SOFA 2 SEATER PROCELLA PILLO VIENA,,2.0,2.0,3800000.0,3800000.0,OK,
4,MDR/PB/2603-0063,10852,3400,KR110,LIST GRANIT HITAM VARIASI,KR110,LIST GRANIT HITAM VARIASI,,1440.0,1440.0,19440000.0,19440000.0,OK,
4,MDR/PB/2603-0063,10853,4642,OPK,ONGKOS PETI KERAMIK,OPK,ONGKOS PETI KERAMIK,,1.0,1.0,125000.0,125000.0,OK,
4,MDR/PB/2603-0069,10854,9,BS004,BESI 10 STD,BS004,BESI 10 STD,,13900.0,13900.0,729221800.0,729221800.0,OK,
4,MDR/PB/2603-0069,10855,7,BS002,BESI 8 STD,BS002,BESI 8 STD,,7260.0,7260.0,236850240.0,236850240.0,OK,
4,MDR/PB/2603-0059,10856,11925,TX132,WPC PANEL 160MMX22MMX2.9M (A131-14),TX132,WPC PANEL 160MMX22MMX2.9M (A131-14),,15.0,15.0,8250000.0,8250000.0,OK,
4,MDR/PB/2603-0059,10857,11926,TX133,WPC PANEL 160MMX22MMX2.9M (A131-15),TX133,WPC PANEL 160MMX22MMX2.9M (A131-15),,15.0,15.0,8250000.0,8250000.0,OK,
4,MDR/PB/2603-0059,10858,11927,TX134,WPC PANEL 160MMX22MMX2.9M (WL1015),TX134,WPC PANEL 160MMX22MMX2.9M (WL1015),,15.0,15.0,8250000.0,8250000.0,OK,
4,MDR/PB/2603-0059,10859,11920,CB460,CLIP WPC PANEL,CB460,CLIP WPC PANEL,,500.0,500.0,350000.0,350000.0,OK,
4,MDR/PB/2603-0001,10860,10294,AV196,ARIES BLING EMULSION SW 4.5KG,AV196,ARIES BLING EMULSION SW 4.5KG,,20.0,20.0,1598000.0,1182520.0,OK,
4,MDR/PB/2603-0001,10861,257,AV004,"AVIAN 0,9L",AV004,"AVIAN 0,9L",,370.0,370.0,31746000.0,29365050.0,OK,
4,MDR/PB/2603-0001,10862,2935,AV015,AVIAN 0.9L BASE A,AV015,AVIAN 0.9L BASE A,,96.0,96.0,8275200.0,7240800.0,OK,
4,MDR/PB/2603-0003,10863,122,SM001,SEMEN CONCH,SM001,SEMEN CONCH,,12000.0,12000.0,493800000.0,493800000.0,OK,
4,MDR/PB/2603-0006,10864,3305,NP141,PILOX NIPPON AUTOLUX,NP141,PILOX NIPPON AUTOLUX,,36.0,36.0,1621044.0,1621044.0,OK,
4,MDR/PB/2603-0007,10865,11356,NP312,"NIPPON LEM EPOXY NON SAG 3,2KG",NP312,"NIPPON LEM EPOXY NON SAG 3,2KG",,18.0,18.0,3752406.0,3752406.0,OK,
4,MDR/PB/2603-0060,10866,11921,KR334,OMEGA GREY 40X40,KR334,OMEGA GREY 40X40,,288.0,288.0,12384000.0,12384000.0,OK,
4,MDR/PB/2603-0060,10867,11922,KR335,OAKLAND GREY 40X40,KR335,OAKLAND GREY 40X40,,960.0,960.0,41280000.0,41280000.0,OK,
4,MDR/PB/2603-0060,10868,8594,KR015,ETON GREY 25X40,KR015,ETON GREY 25X40,,1056.0,1056.0,53328000.0,53328000.0,OK,
4,MDR/PB/2603-0061,10869,11923,KR337,OREGON GREY 40X40,KR337,OREGON GREY 40X40,,768.0,768.0,34560000.0,34560000.0,OK,
4,MDR/PB/2603-0061,10870,11734,KR332,ETON BLUE EMBOSSED 25X40,KR332,ETON BLUE EMBOSSED 25X40,,1056.0,1056.0,53328000.0,53328000.0,OK,
4,MDR/PB/2603-0061,10871,11921,KR334,OMEGA GREY 40X40,KR334,OMEGA GREY 40X40,,480.0,480.0,20640000.0,20640000.0,OK,
4,MDR/PB/2603-0062,10872,11868,KR333,JENNE GOLD 60X60,KR333,JENNE GOLD 60X60,,320.0,320.0,36224000.0,36224000.0,OK,
4,MDR/PB/2603-0062,10873,11731,KR329,STERLING GOLD 60X60,KR329,STERLING GOLD 60X60,,320.0,320.0,27648000.0,27648000.0,OK,
4,MDR/PB/2603-0064,10874,21,BS016,BESI PLAT 1.5MM,BS016,BESI PLAT 1.5MM,,15.0,15.0,6037500.0,6037500.0,OK,
4,MDR/PB/2603-0064,10875,22,BS017,BESI PLAT 2MM,BS017,BESI PLAT 2MM,,40.0,40.0,20868000.0,20868000.0,OK,
4,MDR/PB/2603-0064,10876,24,BS019,BESI PLAT 4MM,BS019,BESI PLAT 4MM,,30.0,30.0,30690000.0,30690000.0,OK,
4,MDR/PB/2603-0065,10877,52,BS047,BESI SIKU 3X3 TIPIS,BS047,BESI SIKU 3X3 TIPIS,,120.0,120.0,6240000.0,6240000.0,OK,
4,MDR/PB/2603-0065,10878,55,BS050,BESI SIKU 5X5 TIPIS,BS050,BESI SIKU 5X5 TIPIS,,200.0,200.0,31200000.0,31200000.0,OK,
4,MDR/PB/2603-0065,10879,56,BS051,BESI SIKU 5X5 TEBAL,BS051,BESI SIKU 5X5 TEBAL,,200.0,200.0,41800000.0,41800000.0,OK,
4,MDR/PB/2603-0065,10880,57,BS052,BESI SIKU 7X7,BS052,BESI SIKU 7X7,,23.0,23.0,10074000.0,10074000.0,OK,
4,MDR/PB/2603-0009,10881,4690,AV081,TINTA AVIAN BO,AV081,TINTA AVIAN BO,,3.0,3.0,1051500.0,972637.5,OK,
4,MDR/PB/2603-0009,10882,4686,AV077,TINTA AVIAN YV,AV077,TINTA AVIAN YV,,6.0,6.0,7848600.0,7259955.0,OK,
4,MDR/PB/2603-0009,10883,4692,AV083,TINTA AVIAN RE,AV083,TINTA AVIAN RE,,6.0,6.0,2525400.0,2335995.0,OK,
4,MDR/PB/2603-0009,10884,4685,AV076,TINTA AVIAN YK,AV076,TINTA AVIAN YK,,6.0,6.0,3233400.0,2990895.0,OK,
4,MDR/PB/2603-0009,10885,4682,AV073,TINTA AVIAN WP,AV073,TINTA AVIAN WP,,9.0,9.0,3282300.0,3036127.5,OK,
4,MDR/PB/2603-0009,10886,4681,AV072,TINTA AVIAN RV,AV072,TINTA AVIAN RV,,3.0,3.0,2566500.0,2374012.5,OK,
4,MDR/PB/2603-0009,10887,4679,AV070,TINTA AVIAN PT,AV070,TINTA AVIAN PT,,6.0,6.0,1815000.0,1678875.0,OK,
4,MDR/PB/2603-0010,10888,11705,AC060,COZY LADDER 40 B,AC060,COZY LADDER 40 B,,2.0,2.0,1240000.0,1089588.0,OK,
4,MDR/PB/2603-0066,10889,21,BS016,BESI PLAT 1.5MM,BS016,BESI PLAT 1.5MM,,25.0,25.0,10062500.0,10062500.0,OK,
4,MDR/PB/2603-0067,10890,57,BS052,BESI SIKU 7X7,BS052,BESI SIKU 7X7,,17.0,17.0,7446000.0,7446000.0,OK,
4,MDR/PB/2603-0036,10891,8641,OP102,KASUR BUSA OLYMPIC SUPER GOLD 120X200X14,OP102,KASUR BUSA OLYMPIC SUPER GOLD 120X200X14,,5.0,5.0,2045000.0,2045000.0,OK,
4,MDR/PB/2603-0036,10892,9988,OP173,KASUR BUSA OLYMPIC SUPER GOLD LIST 160 X 200 X 14,OP173,KASUR BUSA OLYMPIC SUPER GOLD LIST 160 X 200 X 14,,5.0,5.0,3030000.0,3030000.0,OK,
4,MDR/PB/2603-0036,10893,8882,OP119,KASUR BUSA OLYMPIC SUPER GOLD LIST 90X200X14,OP119,KASUR BUSA OLYMPIC SUPER GOLD LIST 90X200X14,,5.0,5.0,1850000.0,1850000.0,OK,
4,MDR/PB/2603-0050,10894,8697,OP107,KASUR BUSA STANDART 160X200X14,OP107,KASUR BUSA STANDART 160X200X14,,10.0,10.0,4700000.0,4700000.0,OK,
4,MDR/PB/2603-0050,10895,9989,OP143,KASUR BUSA OLYMPIC STANDART LIST BUNGA 90X200X20,OP143,KASUR BUSA OLYMPIC STANDART LIST BUNGA 90X200X20,,5.0,5.0,1915000.0,1915000.0,OK,
4,MDR/PB/2603-0050,10896,9990,OP144,KASUR BUSA OLYMPIC STANDART LIST BUNGA 120X200X20,OP144,KASUR BUSA OLYMPIC STANDART LIST BUNGA 120X200X20,,5.0,5.0,2525000.0,2525000.0,OK,
4,MDR/PB/2603-0050,10897,9991,OP149,KASUR BUSA OLYMPIC STANDART LIST BUNGA 160X200X20,OP149,KASUR BUSA OLYMPIC STANDART LIST BUNGA 160X200X20,,5.0,5.0,3135000.0,3135000.0,OK,
4,MDR/PB/2603-0049,10898,7983,OP042,SPRINGBED SENTRAT 160X200,OP042,SPRINGBED SENTRAT 160X200,,2.0,2.0,3300000.0,3300000.0,OK,
4,MDR/PB/2603-0049,10899,8171,OP046,GULING PROCELLA DACRON,OP046,GULING PROCELLA DACRON,,2.0,2.0,90090.0,0.0,OK,
4,MDR/PB/2603-0056,10900,6835,SG048,SPANDEX BIRU 030X4M,SG048,SPANDEX BIRU 030X4M,,500.0,500.0,42600000.0,42600000.0,OK,
4,MDR/PB/2603-0056,10901,5499,SG013,SPANDEX GALVALUM 020X4M,SG013,SPANDEX GALVALUM 020X4M,,250.0,250.0,17944250.0,17944250.0,OK,
4,MDR/PB/2603-0056,10902,4804,BS094,CANAL C 75/75 TEBAL,BS094,CANAL C 75/75 TEBAL,,500.0,500.0,35600000.0,35600000.0,OK,
4,MDR/PB/2603-0057,10903,10309,SG092,SPANDEX GALVALUM 040X4M,SG092,SPANDEX GALVALUM 040X4M,,360.0,360.0,43632000.0,43632000.0,OK,
4,MDR/PB/2603-0057,10904,11924,SG100,SENG TALANG GALVALUM 040X45X30M,SG100,SENG TALANG GALVALUM 040X45X30M,,2.0,2.0,909000.0,909000.0,OK,
4,MDR/PB/2603-0058,10905,4804,BS094,CANAL C 75/75 TEBAL,BS094,CANAL C 75/75 TEBAL,,1000.0,1000.0,71200000.0,71200000.0,OK,
4,MDR/PB/2603-0016,10906,4256,NP082,VINILEX PASTEL BASE 5KG,NP082,VINILEX PASTEL BASE 5KG,,16.0,16.0,2294736.0,2294736.0,OK,
4,MDR/PB/2603-0017,10907,6782,NP133,KOMILEX GOLD PASTEL BASE 16.92KG,NP133,KOMILEX GOLD PASTEL BASE 16.92KG,,5.0,5.0,1248795.0,1248795.0,OK,
4,MDR/PB/2603-0017,10908,5993,NP137,KOMILEX GOLD PASTEL BASE 4.5KG,NP137,KOMILEX GOLD PASTEL BASE 4.5KG,,8.0,8.0,526176.0,526176.0,OK,
4,MDR/PB/2603-0017,10909,4216,NP099,MATEX CEILING WHITE 20KG,NP099,MATEX CEILING WHITE 20KG,,8.0,8.0,4031888.0,4031888.0,OK,
4,MDR/PB/2603-0017,10910,4156,NP098,MATEX BLACK 20KG,NP098,MATEX BLACK 20KG,,2.0,2.0,1007972.0,1007972.0,OK,
4,MDR/PB/2603-0048,10911,8642,OP103,KASUR BUSA OLYMPIC SUPER GOLD 160X200x20,OP103,KASUR BUSA OLYMPIC SUPER GOLD 160X200x20,,5.0,5.0,3785000.0,3785000.0,OK,
4,MDR/PB/2603-0053,10912,9913,TN015,TANKI MARINE 1100L ORANGE/KUNING/HITAM/BIRU (FG),TN015,TANKI MARINE 1100L ORANGE/KUNING/HITAM/BIRU (FG),,24.0,24.0,42000000.0,23940000.0,OK,
4,MDR/PB/2603-0054,10913,9913,TN015,TANKI MARINE 1100L ORANGE/KUNING/HITAM/BIRU (FG),TN015,TANKI MARINE 1100L ORANGE/KUNING/HITAM/BIRU (FG),,31.0,31.0,54250000.0,30922500.0,OK,
4,MDR/PB/2603-0055,10914,9913,TN015,TANKI MARINE 1100L ORANGE/KUNING/HITAM/BIRU (FG),TN015,TANKI MARINE 1100L ORANGE/KUNING/HITAM/BIRU (FG),,5.0,5.0,8750000.0,4987500.0,OK,
4,MDR/PB/2603-0018,10915,4157,NP114,PLATONE 8000 0.9L,NP114,PLATONE 8000 0.9L,,12.0,12.0,746400.0,746400.0,OK,
4,MDR/PB/2603-0019,10916,337,NP140,PILOX NIPPON,NP140,PILOX NIPPON,,72.0,72.0,1982664.0,1982664.0,OK,
4,MDR/PB/2603-0021,10917,337,NP140,PILOX NIPPON,NP140,PILOX NIPPON,,12.0,12.0,330444.0,330444.0,OK,
4,MDR/PB/2603-0022,10918,4157,NP114,PLATONE 8000 0.9L,NP114,PLATONE 8000 0.9L,,5.0,5.0,284710.0,284710.0,OK,
4,MDR/PB/2603-0023,10919,4157,NP114,PLATONE 8000 0.9L,NP114,PLATONE 8000 0.9L,,12.0,12.0,746400.0,746400.0,OK,
4,MDR/PB/2603-0024,10920,6781,NP134,KOMILEX GOLD DEEP BASE 16.20KG,NP134,KOMILEX GOLD DEEP BASE 16.20KG,,5.0,5.0,1154320.0,1154320.0,OK,
4,MDR/PB/2603-0025,10921,4105,NP005,THINER NIPPE 2000 SUPER 3.75L,NP005,THINER NIPPE 2000 SUPER 3.75L,,8.0,8.0,809568.0,809568.0,OK,
4,MDR/PB/2603-0026,10922,4105,NP005,THINER NIPPE 2000 SUPER 3.75L,NP005,THINER NIPPE 2000 SUPER 3.75L,,52.0,52.0,5262192.0,5262192.0,OK,
4,MDR/PB/2603-0027,10923,11717,NP317,KOMILEX 1102 WHITE 18K,NP317,KOMILEX 1102 WHITE 18K,,10.0,10.0,2776180.0,2776180.0,OK,
4,MDR/PB/2603-0028,10924,4690,AV081,TINTA AVIAN BO,AV081,TINTA AVIAN BO,,2.0,2.0,701000.0,648425.0,OK,
4,MDR/PB/2603-0028,10925,4692,AV083,TINTA AVIAN RE,AV083,TINTA AVIAN RE,,1.0,1.0,855500.0,791337.5,OK,
4,MDR/PB/2603-0029,10926,2937,AV017,AVIAN 0.9L BASE C,AV017,AVIAN 0.9L BASE C,,288.0,288.0,22924800.0,20059200.0,OK,
4,MDR/PB/2603-0030,10927,8748,AV160,AVIAN CLING 0.86L,AV160,AVIAN CLING 0.86L,,48.0,48.0,3302400.0,3054720.0,OK,
4,MDR/PB/2603-0068,10928,11930,BS112,"BESI PLAT GALVANIS 0.6MMX4X8""",BS112,"BESI PLAT GALVANIS 0.6MMX4X8""",,10.0,10.0,4055000.0,4055000.0,OK,
4,MDR/PB/2603-0039,10929,4596,AV134,PLAMIR GIANT MORTAR,AV134,PLAMIR GIANT MORTAR,,4200.0,4200.0,114240000.0,95104800.0,OK,
4,MDR/PB/2603-0037-01,10930,2847,TX031,LIS KAYU 5X4,TX031,LIS KAYU 5X4,,100.0,100.0,2800000.0,2800000.0,OK,
4,MDR/PB/2603-0047,10931,9789,OP165,KASUR BUSA OLYMPIC SUPER GOLD LIST 90X200X20,OP165,KASUR BUSA OLYMPIC SUPER GOLD LIST 90X200X20,,5.0,5.0,2285000.0,2285000.0,OK,
4,MDR/PB/2603-0070,10932,6429,OP002,LEMARI PAKAIAN BESI OLYMPIC OSWS 120,OP002,LEMARI PAKAIAN BESI OLYMPIC OSWS 120,,10.0,10.0,16500000.0,16500000.0,OK,
4,MDR/PB/2603-0041,10933,264,AV025,SUZUKA METALIC 1L,AV025,SUZUKA METALIC 1L,,6.0,6.0,803400.0,743145.0,OK,
4,MDR/PB/2603-0042,10934,4681,AV072,TINTA AVIAN RV,AV072,TINTA AVIAN RV,,2.0,2.0,1711000.0,1582675.0,OK,
4,MDR/PB/2603-0043,10935,4690,AV081,TINTA AVIAN BO,AV081,TINTA AVIAN BO,,1.0,1.0,350500.0,324212.5,OK,
4,MDR/PB/2603-0044,10936,7131,PRN023,"PARALON POWER 1/2"" AW",PRN023,"PARALON POWER 1/2"" AW",,200.0,200.0,5350000.0,4552850.0,OK,
4,MDR/PB/2603-0044,10937,6688,PRN024,"PARALON POWER 3/4"" AW",PRN024,"PARALON POWER 3/4"" AW",,200.0,200.0,7256600.0,6175366.6,OK,
4,MDR/PB/2603-0044,10938,6687,PRN025,"PARALON POWER 1"" AW",PRN025,"PARALON POWER 1"" AW",,300.0,300.0,14874000.0,12657774.0,OK,
4,MDR/PB/2603-0044,10939,11513,PRN063,PARALON POWER 1 1/2 AW,PRN063,PARALON POWER 1 1/2 AW,,100.0,100.0,8516800.0,7247796.8,OK,
4,MDR/PB/2603-0044,10940,11284,PRN062,"PARALON POWER 2 1/2"" AW",PRN062,"PARALON POWER 2 1/2"" AW",,20.0,20.0,3180680.0,2706758.68,OK,
4,MDR/PB/2603-0044,10941,7130,PRN027,"PARALON POWER 3"" AW",PRN027,"PARALON POWER 3"" AW",,20.0,20.0,4479660.0,3812190.66,OK,
4,MDR/PB/2603-0044,10942,4673,PRN028,PARALON POWER 4 AW,PRN028,PARALON POWER 4 AW,,20.0,20.0,7425080.0,6318743.08,OK,
4,MDR/PB/2603-0051-01,10943,1500,OL002,MESRAN 2T 1L,OL002,MESRAN 2T 1L,,15.0,15.0,13709955.0,13024457.25,OK,
4,MDR/PB/2603-0051-01,10944,1504,OL006,RORED 90,OL006,RORED 90,,5.0,5.0,4328005.0,4111604.75,OK,
4,MDR/PB/2603-0051-01,10945,1505,OL007,RORED 140,OL007,RORED 140,,5.0,5.0,4594005.0,4364304.75,OK,
4,MDR/PB/2603-0051-01,10946,1502,OL004,MEDITRAN 1L,OL004,MEDITRAN 1L,,5.0,5.0,4349980.0,4132481.0,OK,
4,MDR/PB/2603-0051-01,10947,3250,OL062,ENDURO RACING 1L,OL062,ENDURO RACING 1L,,5.0,5.0,1816915.0,1726069.25,OK,
4,MDR/PB/2603-0051-01,10948,4325,OL064,MESRAN 20-50 0.8L,OL064,MESRAN 20-50 0.8L,,8.0,8.0,7699176.0,7314217.2,OK,
4,MDR/PB/2603-0052,10949,1734,OL049,GREASE COBRA PAIL,OL049,GREASE COBRA PAIL,,12.0,12.0,9090000.0,6544800.0,OK,
4,MDR/PB/2604-0006,11520,4888,NP122,ELASTEX WATERPROOF WHITE 20L,NP122,ELASTEX WATERPROOF WHITE 20L,,2.0,2.0,1856460.0,1856460.0,OK,
4,MDR/PB/2604-0006,11521,11026,NP287,ELASTEX WATERPROOF RED / BLACK 20L,NP287,ELASTEX WATERPROOF RED / BLACK 20L,,2.0,2.0,1856460.0,1856460.0,OK,
4,MDR/PB/2604-0006,11522,5216,NP120,ELASTEX WATERPROOF READY MIX 4KG,NP120,ELASTEX WATERPROOF READY MIX 4KG,,12.0,12.0,2426544.0,2426544.0,OK,
4,MDR/PB/2604-0006,11523,4258,NP112,ELASTEX PASTEL BASE 4KG,NP112,ELASTEX PASTEL BASE 4KG,,12.0,12.0,2309172.0,2309172.0,OK,
4,MDR/PB/2604-0007,11524,11736,NP320,LEM EPOXY NON SAG 0.35 GRAM,NP320,LEM EPOXY NON SAG 0.35 GRAM,,18.0,18.0,911484.0,911484.0,OK,
4,MDR/PB/2604-0009,11525,4106,NP004,THINER NIPPE 2000 1L,NP004,THINER NIPPE 2000 1L,,60.0,60.0,1619100.0,1619100.0,OK,
4,MDR/PB/2604-0010,11526,4106,NP004,THINER NIPPE 2000 1L,NP004,THINER NIPPE 2000 1L,,51.0,51.0,1376235.0,1376235.0,OK,
4,MDR/PB/2604-0011,11527,3305,NP141,PILOX NIPPON AUTOLUX,NP141,PILOX NIPPON AUTOLUX,,12.0,12.0,540336.0,540336.0,OK,
4,MDR/PB/2604-0012,11528,4114,NP095,MATEX PASTEL BASE 20KG,NP095,MATEX PASTEL BASE 20KG,,3.0,3.0,1339461.0,1339461.0,OK,
4,MDR/PB/2604-0012,11529,4118,NP091,MATEX PASTEL BASE 4.5KG,NP091,MATEX PASTEL BASE 4.5KG,,24.0,24.0,2538960.0,2538960.0,OK,
4,MDR/PB/2604-0012,11530,4167,NP076,VINILEX PASTEL BASE 25KG,NP076,VINILEX PASTEL BASE 25KG,,5.0,5.0,3404950.0,3404950.0,OK,
4,MDR/PB/2604-0012,11531,8798,NP170,VINILEX SILVER ION 5 KG CCM TINT,NP170,VINILEX SILVER ION 5 KG CCM TINT,,8.0,8.0,1294808.0,1294808.0,OK,
4,MDR/PB/2604-0012,11532,8795,NP234,VINILEX SILVER ION 5 KG CCM ACCENT,NP234,VINILEX SILVER ION 5 KG CCM ACCENT,,4.0,4.0,592096.0,592096.0,OK,
4,MDR/PB/2604-0012,11533,5873,NP101,MATEX PUTTY SUPER WHITE,NP101,MATEX PUTTY SUPER WHITE,,8.0,8.0,353952.0,353952.0,OK,
4,MDR/PB/2604-0013,11534,337,NP140,PILOX NIPPON,NP140,PILOX NIPPON,,36.0,36.0,991296.0,991296.0,OK,
4,MDR/PB/2604-0008-01,11535,4105,NP005,THINER NIPPE 2000 SUPER 3.75L,NP005,THINER NIPPE 2000 SUPER 3.75L,,60.0,60.0,6071760.0,6071760.0,OK,
4,MDR/PB/2604-0004,11536,10294,AV196,ARIES BLING EMULSION SW 4.5KG,AV196,ARIES BLING EMULSION SW 4.5KG,,20.0,20.0,1598000.0,1182520.0,OK,
4,MDR/PB/2604-0004,11537,286,AV033,AVITEX BASE A 5KG,AV033,AVITEX BASE A 5KG,,20.0,20.0,3264000.0,2856000.0,OK,
4,MDR/PB/2604-0004,11538,285,AV032,AVITEX 25KG,AV032,AVITEX 25KG,,5.0,5.0,3861000.0,3571425.0,OK,
4,MDR/PB/2604-0004,11539,311,AV058,THINER AVIAN A 1L,AV058,THINER AVIAN A 1L,,120.0,120.0,5484000.0,5072700.0,OK,
4,MDR/PB/2604-0004,11540,312,AV059,THINER AVIAN A 5L,AV059,THINER AVIAN A 5L,,40.0,40.0,7860000.0,7270500.0,OK,
4,MDR/PB/2604-0005,11541,311,AV058,THINER AVIAN A 1L,AV058,THINER AVIAN A 1L,,166.0,166.0,7586200.0,7017235.0,OK,
4,MDR/PB/2604-0005,11542,312,AV059,THINER AVIAN A 5L,AV059,THINER AVIAN A 5L,,40.0,40.0,7860000.0,7270500.0,OK,
4,MDR/PB/2604-0014,11543,8796,NP235,VINILEX SILVER ION 5 KG CCM PASTEL,NP235,VINILEX SILVER ION 5 KG CCM PASTEL,,8.0,8.0,1345456.0,1345456.0,OK,
4,MDR/PB/2604-0015,11544,4157,NP114,PLATONE 8000 0.9L,NP114,PLATONE 8000 0.9L,,18.0,18.0,1119582.0,1119582.0,OK,
4,MDR/PB/2604-0032,11545,272,NP006,NIPPON MELAMIC SENDING 1KG,NP006,NIPPON MELAMIC SENDING 1KG,,108.0,108.0,6735096.0,6735096.0,OK,
4,MDR/PB/2604-0032,11546,273,NP007,NIPPON CLEAR 1200 1 KG,NP007,NIPPON CLEAR 1200 1 KG,,120.0,120.0,7483440.0,7483440.0,OK,
4,MDR/PB/2604-0032,11547,274,NP008,NIPPON CLEAR 1250 1 KG,NP008,NIPPON CLEAR 1250 1 KG,,60.0,60.0,3741720.0,3741720.0,OK,
4,MDR/PB/2604-0033,11548,260,NP001,NIPPE 2000 1L,NP001,NIPPE 2000 1L,,48.0,48.0,4195440.0,4195440.0,OK,
4,MDR/PB/2604-0034-02,11549,4106,NP004,THINER NIPPE 2000 1L,NP004,THINER NIPPE 2000 1L,,9.0,9.0,242865.0,242865.0,OK,
4,MDR/PB/2604-0035,11550,272,NP006,NIPPON MELAMIC SENDING 1KG,NP006,NIPPON MELAMIC SENDING 1KG,,60.0,60.0,3741720.0,3741720.0,OK,
4,MDR/PB/2604-0036,11551,338,NP002,NIPPE 2000 1L MERAH,NP002,NIPPE 2000 1L MERAH,,24.0,24.0,2513136.0,2513136.0,OK,
4,MDR/PB/2604-0037,11552,4157,NP114,PLATONE 8000 0.9L,NP114,PLATONE 8000 0.9L,,9.0,9.0,559800.0,559800.0,OK,
4,MDR/PB/2604-0038,11553,4157,NP114,PLATONE 8000 0.9L,NP114,PLATONE 8000 0.9L,,84.0,84.0,5224800.0,5224800.0,OK,
4,MDR/PB/2604-0039,11554,333,NP020,BODELAC 3.75L,NP020,BODELAC 3.75L,,60.0,60.0,14412960.0,14412960.0,OK,
4,MDR/PB/2604-0039,11555,4208,NP015,NIPSEA SB EPOXY FILLER BASE,NP015,NIPSEA SB EPOXY FILLER BASE,,80.0,80.0,8024240.0,8024240.0,OK,
4,MDR/PB/2604-0040,11556,284,AV031,AVITEX 5KG,AV031,AVITEX 5KG,,20.0,20.0,3276000.0,3030300.0,OK,
4,MDR/PB/2604-0040,11557,256,AV003,AVIAN 200CC,AV003,AVIAN 200CC,,12.0,12.0,288504.0,266866.2,OK,
4,MDR/PB/2604-0040,11558,6971,AV119,THINER AVIAN A 1/2L,AV119,THINER AVIAN A 1/2L,,180.0,180.0,5094000.0,4711950.0,OK,
4,MDR/PB/2604-0041,11559,357,NP031,NIPPON TIMBERTONE 1L,NP031,NIPPON TIMBERTONE 1L,,84.0,84.0,6207264.0,6207264.0,OK,
4,MDR/PB/2604-0042,11560,11495,AV253,"NO DROP 2K KOLAM IKAN 2,5KG",AV253,"NO DROP 2K KOLAM IKAN 2,5KG",,4.0,4.0,691600.0,639730.0,OK,
4,MDR/PB/2604-0043,11561,10543,AV208,LEM AVIAN NON SAG 170G,AV208,LEM AVIAN NON SAG 170G,,80.0,80.0,3864000.0,3574200.0,OK,
4,MDR/PB/2604-0051,11562,11777,NP326,NIPSEA AUTOLUX 66 PE PUTTY BASE 3.29L,NP326,NIPSEA AUTOLUX 66 PE PUTTY BASE 3.29L,,8.0,8.0,1198936.0,1198936.0,OK,
4,MDR/PB/2604-0051,11563,4217,NP014,NIPESEA AUTOLUX 66 E PUTTY 2.94KG,NP014,NIPESEA AUTOLUX 66 E PUTTY 2.94KG,,12.0,12.0,1348560.0,1348560.0,OK,
4,MDR/PB/2604-0052,11564,271,NP110,NIPPON WOOD FILLER 1KG,NP110,NIPPON WOOD FILLER 1KG,,80.0,80.0,3161280.0,3161280.0,OK,
4,MDR/PB/2604-0052,11565,272,NP006,NIPPON MELAMIC SENDING 1KG,NP006,NIPPON MELAMIC SENDING 1KG,,12.0,12.0,748344.0,748344.0,OK,
4,MDR/PB/2604-0058,11566,6378,AV115,AVITEX EXTERIOR BASE B 5KG,AV115,AVITEX EXTERIOR BASE B 5KG,,8.0,8.0,1484800.0,1299200.0,OK,
4,MDR/PB/2604-0059,11567,2668,AV053,LEM EPOXY AVIAN 1L,AV053,LEM EPOXY AVIAN 1L,,30.0,30.0,2655000.0,2455875.0,OK,
4,MDR/PB/2604-0060,11568,2669,AV054,LEM EPOXY AVIAN 170GR,AV054,LEM EPOXY AVIAN 170GR,,30.0,30.0,2388000.0,2208900.0,OK,
4,MDR/PB/2604-0061,11569,4157,NP114,PLATONE 8000 0.9L,NP114,PLATONE 8000 0.9L,,12.0,12.0,746400.0,746400.0,OK,
4,MDR/PB/2604-0062,11570,333,NP020,BODELAC 3.75L,NP020,BODELAC 3.75L,,20.0,20.0,4804320.0,4804320.0,OK,
4,MDR/PB/2604-0062,11571,4208,NP015,NIPSEA SB EPOXY FILLER BASE,NP015,NIPSEA SB EPOXY FILLER BASE,,12.0,12.0,1203636.0,1203636.0,OK,
4,MDR/PB/2604-0063,11572,5197,NP102,MATEX READY MIX 4.5L,NP102,MATEX READY MIX 4.5L,,20.0,20.0,2385180.0,2385180.0,OK,
4,MDR/PB/2604-0064,11573,5018,NP189,MATEX LINEN WHITE 20KG,NP189,MATEX LINEN WHITE 20KG,,3.0,3.0,1511958.0,1511958.0,OK,
4,MDR/PB/2604-0065,11574,4256,NP082,VINILEX PASTEL BASE 5KG,NP082,VINILEX PASTEL BASE 5KG,,40.0,40.0,5914280.0,5914280.0,OK,
4,MDR/PB/2604-0066,11575,274,NP008,NIPPON CLEAR 1250 1 KG,NP008,NIPPON CLEAR 1250 1 KG,,60.0,60.0,3741780.0,3741780.0,OK,
4,MDR/PB/2604-0067,11576,4208,NP015,NIPSEA SB EPOXY FILLER BASE,NP015,NIPSEA SB EPOXY FILLER BASE,,16.0,16.0,1604848.0,1604848.0,OK,
4,MDR/PB/2604-0068,11577,4888,NP122,ELASTEX WATERPROOF WHITE 20L,NP122,ELASTEX WATERPROOF WHITE 20L,,3.0,3.0,2784693.0,2784693.0,OK,
4,MDR/PB/2604-0069,11578,5216,NP120,ELASTEX WATERPROOF READY MIX 4KG,NP120,ELASTEX WATERPROOF READY MIX 4KG,,16.0,16.0,3235392.0,3235392.0,OK,
4,MDR/PB/2604-0070,11579,4157,NP114,PLATONE 8000 0.9L,NP114,PLATONE 8000 0.9L,,3.0,3.0,186600.0,186600.0,OK,
4,MDR/PB/2604-0071,11580,122,SM001,SEMEN CONCH,SM001,SEMEN CONCH,,35420.0,35420.0,1478785000.0,1478785000.0,OK,
4,MDR/PB/2604-0071,11581,123,SM002,SEMEN CONCH KAPAL,SM002,SEMEN CONCH KAPAL,,1080.0,1080.0,45090000.0,45090000.0,OK,
4,MDR/PL/2605-0005,12199,4136,NP173,TINTA LAMP BLACK B,NP173,TINTA LAMP BLACK B,,6.0,6.0,721050.0,721050.0,OK,
4,MDR/PL/2605-0006,12200,4208,NP015,NIPSEA SB EPOXY FILLER BASE,NP015,NIPSEA SB EPOXY FILLER BASE,,12.0,12.0,1203636.0,1203636.0,OK,
4,MDR/PL/2605-0006,12201,4136,NP173,TINTA LAMP BLACK B,NP173,TINTA LAMP BLACK B,,6.0,6.0,721050.0,721050.0,OK,
4,MDR/PL/2605-0007,12225,333,NP020,BODELAC 3.75L,NP020,BODELAC 3.75L,,20.0,20.0,4804300.0,4804300.0,OK,
4,MDR/PL/2605-0008,12226,2847,TX031,LIS KAYU 5X4,TX031,LIS KAYU 5X4,,315.0,315.0,9599940.0,9599940.0,OK,
4,MDR/PL/2605-0009,12591,10835,AV235,DEXTONE LEM PIPA PVC TUBE 40GR,AV235,DEXTONE LEM PIPA PVC TUBE 40GR,,24.0,24.0,140160.0,129648.0,OK,
4,MDR/PL/2605-0010,12592,12174,AV280,AVITEX METALIC MT 200CC,AV280,AVITEX METALIC MT 200CC,,6.0,6.0,312600.0,260958.48,OK,
4,MDR/PL/2605-0011,12593,265,AV026,SUZUKA 200CC,AV026,SUZUKA 200CC,,12.0,12.0,381600.0,352980.0,OK,
4,MDR/PL/2605-0012,12594,289,AV036,AVITEX BASE A 25KG,AV036,AVITEX BASE A 25KG,,5.0,5.0,4111000.0,3597125.0,OK,
4,MDR/PL/2606-0001,12871,6971,AV119,THINER AVIAN A 1/2L,AV119,THINER AVIAN A 1/2L,,108.0,108.0,5497200.0,5084910.0,OK,
4,MDR/PL/2606-0002,12872,6971,AV119,THINER AVIAN A 1/2L,AV119,THINER AVIAN A 1/2L,,72.0,72.0,3664800.0,3389940.0,OK,
4,MDR/PL/2606-0003,12873,6875,NP144,LEM PUTIH PVAC NIPPON,NP144,LEM PUTIH PVAC NIPPON,,205.0,205.0,3064340.0,3064340.0,OK,
4,MDR/PL/2606-0004,12874,333,NP020,BODELAC 3.75L,NP020,BODELAC 3.75L,,20.0,20.0,4804300.0,4804300.0,OK,
4,MDR/PL/2606-0005,12875,4157,NP114,PLATONE 8000 0.9L,NP114,PLATONE 8000 0.9L,,12.0,12.0,746388.0,746388.0,OK,
4,MDR/PL/2606-0006,12876,271,NP110,NIPPON WOOD FILLER 1KG,NP110,NIPPON WOOD FILLER 1KG,,12.0,12.0,474192.0,474192.0,OK,
4,MDR/PL/2606-0007,13347,12271,IMP032,LC-4P JM STANDING,IMP032,LC-4P JM STANDING,,2.0,2.0,2760000.0,1794000.0,OK,
4,MDR/PL/2605-0013,13348,12254,IMP022,IMP KEISHI CABINET 2D 80 WD,IMP022,IMP KEISHI CABINET 2D 80 WD,,2.0,2.0,5120000.0,3328000.0,OK,
4,MDR/PL/2605-0013,13349,12060,IMP017,IMPORTA OBELIX HAYDEN,IMP017,IMPORTA OBELIX HAYDEN,,8.0,8.0,8800000.0,5720000.0,OK,
4,MDR/PL/2605-0014,13350,12255,IMP023,OKELO HN-S02 C05 FM BF,IMP023,OKELO HN-S02 C05 FM BF,,3.0,3.0,3795000.0,3644998.83,OK,
4,MDR/PL/2605-0014,13351,12256,IMP024,OKELO HN-S02 C14 FM BR,IMP024,OKELO HN-S02 C14 FM BR,,3.0,3.0,3795000.0,3644998.83,OK,
4,MDR/PL/2605-0014,13352,12257,IMP025,OKELO HN-S02 C20 FM,IMP025,OKELO HN-S02 C20 FM,,2.0,2.0,2530000.0,2429999.22,OK,
4,MDR/PL/2605-0014,13353,12258,IMP026,OKELO HN-S02 C21 FM,IMP026,OKELO HN-S02 C21 FM,,2.0,2.0,2530000.0,2429999.22,OK,
4,MDR/PL/2605-0014,13354,12259,IMP027,OKELO HN-S02 C22 FM,IMP027,OKELO HN-S02 C22 FM,,2.0,2.0,2530000.0,2429999.22,OK,
4,MDR/PL/2605-0014,13355,12260,IMP028,OKELO HN-S02 C23 FM,IMP028,OKELO HN-S02 C23 FM,,3.0,3.0,3795000.0,3644998.83,OK,
4,MDR/PL/2605-0014,13356,12261,IMP029,OKELO HN-S02 D32 FM,IMP029,OKELO HN-S02 D32 FM,,2.0,2.0,2530000.0,2429999.22,OK,
4,MDR/PL/2605-0014,13357,12262,IMP030,OKELO HN-S02 D35 FM,IMP030,OKELO HN-S02 D35 FM,,3.0,3.0,3795000.0,3644998.83,OK,
4,MDR/PL/2605-0014,13358,11743,IMP001,IMPORTA IMP AR-M04 B38 DM,IMP001,IMPORTA IMP AR-M04 B38 DM,,2.0,2.0,9300000.0,5017350.0,OK,
4,MDR/PL/2605-0014,13359,11744,IMP002,IMPORTA IMP AR-MO4 B60 DM,IMP002,IMPORTA IMP AR-MO4 B60 DM,,2.0,2.0,9300000.0,5017350.0,OK,
4,MDR/PL/2605-0014,13360,12263,IMP031,IMP IW-003 GM,IMP031,IMP IW-003 GM,,2.0,2.0,6600000.0,3689400.0,OK,
4,MDR/PL/2606-0008,13881,4258,NP112,ELASTEX PASTEL BASE 4KG,NP112,ELASTEX PASTEL BASE 4KG,,16.0,16.0,3531104.0,3531104.0,OK,
4,MDR/PL/2606-0008,13882,4260,NP111,ELASTEX ACCENT BASE 4KG,NP111,ELASTEX ACCENT BASE 4KG,,20.0,20.0,3889320.0,3889320.0,OK,
4,MDR/PL/2606-0008,13883,4259,NP113,ELASTEX DEEP BASE 4KG,NP113,ELASTEX DEEP BASE 4KG,,8.0,8.0,1632704.0,1632704.0,OK,
4,MDR/PL/2606-0008,13884,5221,NP130,KOMILEX READY MIX 4.5KG,NP130,KOMILEX READY MIX 4.5KG,,24.0,24.0,2107128.0,2107128.0,OK,
4,MDR/PL/2606-0008,13885,5993,NP137,KOMILEX GOLD PASTEL BASE 4.5KG,NP137,KOMILEX GOLD PASTEL BASE 4.5KG,,24.0,24.0,1885944.0,1885944.0,OK,
4,MDR/PL/2606-0008,13886,5994,NP139,KOMILEX GOLD TINT BASE 4.5KG,NP139,KOMILEX GOLD TINT BASE 4.5KG,,4.0,4.0,304512.0,304512.0,OK,
4,MDR/PL/2606-0008,13887,4149,NP180,TINTA PHTHALO GREEN D,NP180,TINTA PHTHALO GREEN D,,6.0,6.0,1296180.0,1296180.0,OK,
4,MDR/PL/2606-0008,13888,4148,NP179,TINTA PHTHALO BLUE E,NP179,TINTA PHTHALO BLUE E,,6.0,6.0,1077864.0,1077864.0,OK,
4,MDR/PL/2606-0008,13889,4136,NP173,TINTA LAMP BLACK B,NP173,TINTA LAMP BLACK B,,6.0,6.0,721050.0,721050.0,OK,
4,MDR/PL/2606-0008,13890,4152,NP185,TINTA WHITE KK,NP185,TINTA WHITE KK,,6.0,6.0,1481430.0,1481430.0,OK,
4,MDR/PL/2606-0008,13891,4520,NP177,TINTA ORGANIC YELLOW A,NP177,TINTA ORGANIC YELLOW A,,6.0,6.0,2446440.0,2446440.0,OK,
4,MDR/PL/2606-0009,13892,6875,NP144,LEM PUTIH PVAC NIPPON,NP144,LEM PUTIH PVAC NIPPON,,515.0,515.0,7698220.0,7698220.0,OK,
4,MDR/PL/2606-0010,13893,271,NP110,NIPPON WOOD FILLER 1KG,NP110,NIPPON WOOD FILLER 1KG,,88.0,88.0,3477408.0,3477408.0,OK,
4,MDR/PL/2606-0011,13894,8796,NP235,VINILEX SILVER ION 5 KG CCM PASTEL,NP235,VINILEX SILVER ION 5 KG CCM PASTEL,,4.0,4.0,672728.0,672728.0,OK,
4,MDR/PL/2606-0012,13895,8367,NP217,NP ROLLER MINI 4 INCH,NP217,NP ROLLER MINI 4 INCH,,200.0,200.0,3318400.0,3318400.0,OK,
4,MDR/PL/2606-0012,13896,8349,NP200,MDF NP KUAS NP888 1 INCH,NP200,MDF NP KUAS NP888 1 INCH,,24.0,24.0,102816.0,102816.0,OK,
4,MDR/PL/2606-0012,13897,8351,NP202,MDF NP KUAS NP888 2 INCH,NP202,MDF NP KUAS NP888 2 INCH,,24.0,24.0,192552.0,192552.0,OK,
4,MDR/PL/2606-0012,13898,8353,NP204,MDF NP KUAS NP888 3 INCH,NP204,MDF NP KUAS NP888 3 INCH,,24.0,24.0,290496.0,290496.0,OK,
4,MDR/PL/2606-0012,13899,8354,NP205,MDF NP KUAS NP888 4 INCH,NP205,MDF NP KUAS NP888 4 INCH,,24.0,24.0,425928.0,425928.0,OK,
4,MDR/PL/2606-0012,13900,8355,NP206,MDF NP KUAS NP888 5 INCH,NP206,MDF NP KUAS NP888 5 INCH,,12.0,12.0,269280.0,269280.0,OK,
4,MDR/PL/2606-0012,13901,8356,NP207,MDF NP KUAS NP888 6 INCH,NP207,MDF NP KUAS NP888 6 INCH,,12.0,12.0,323136.0,323136.0,OK,
4,MDR/PL/2606-0013,13902,281,AV011,ARIES GOLD BASE B 18KG,AV011,ARIES GOLD BASE B 18KG,,5.0,5.0,1954500.0,1710187.5,OK,
4,MDR/PL/2605-0016,13979,6833,BS070,BESI UNP 12,BS070,BESI UNP 12,,40.0,40.0,36000000.0,36000000.0,OK,
4,MDR/PL/2605-0016,13980,46,BS041,BESI KOTAK 4X6,BS041,BESI KOTAK 4X6,,500.0,500.0,75000000.0,75000000.0,OK,
4,MDR/PL/2605-0017,13981,158,PRN013,PARALON MOF 2 AW,PRN013,PARALON MOF 2 AW,,300.0,300.0,17409300.0,17409300.0,OK,
4,MDR/PL/2605-0017,13982,157,PRN014,"PARALON MOF 2"" D",PRN014,"PARALON MOF 2"" D",,200.0,200.0,6799200.0,6799200.0,OK,
4,MDR/PL/2605-0017,13983,159,PRN012,"PARALON MOF 2 1/2"" D",PRN012,"PARALON MOF 2 1/2"" D",,50.0,50.0,2239800.0,2239800.0,OK,
4,MDR/PL/2605-0017,13984,152,PRN019,"PARALON MOF 1"" AW",PRN019,"PARALON MOF 1"" AW",,200.0,200.0,4409000.0,4409000.0,OK,
4,MDR/PL/2605-0017,13985,151,PRN020,"PARALON MOF 3/4"" AW",PRN020,"PARALON MOF 3/4"" AW",,1000.0,1000.0,17587000.0,17587000.0,OK,
4,MDR/PL/2605-0017,13986,161,PRN010,"PARALON MOF 3"" D",PRN010,"PARALON MOF 3"" D",,50.0,50.0,3092650.0,3092650.0,OK,
4,MDR/PL/2606-0014,13987,6356,TX024,GRC BOARD 3.5MM,TX024,GRC BOARD 3.5MM,,2900.0,2900.0,113100000.0,113100000.0,OK,
4,MDR/PL/2605-0018,13988,12395,CB466,GAMPING/KAPUR API 80KG,CB466,GAMPING/KAPUR API 80KG,,50.0,50.0,20000000.0,20000000.0,OK,
4,MDR/PL/2605-0019,13989,5051,CB182,GEN ABU-ABU 30L,CB182,GEN ABU-ABU 30L,,203.0,203.0,8120000.0,8120000.0,OK,
4,MDR/PL/2606-0015,13990,5014,TN012,DRUM PLASTIK BIRU,TN012,DRUM PLASTIK BIRU,,50.0,50.0,12250000.0,12250000.0,OK,
4,MDR/PL/2606-0015,13991,5014,TN012,DRUM PLASTIK BIRU,TN012,DRUM PLASTIK BIRU,,75.0,75.0,19875000.0,19875000.0,OK,
4,MDR/PL/2605-0020,13992,10980,KR253,NEW DINARA BLACK 40X40,KR253,NEW DINARA BLACK 40X40,,756.0,756.0,44226000.0,44226000.0,OK,
4,MDR/PL/2605-0021,13993,12227,KR359,NEW DALILA GREY 25X40,KR359,NEW DALILA GREY 25X40,,360.0,360.0,21240000.0,21240000.0,OK,
4,MDR/PL/2605-0021,13994,12228,KR360,NEW DALILA BLUE 25X40,KR360,NEW DALILA BLUE 25X40,,360.0,360.0,21240000.0,21240000.0,OK,
4,MDR/PL/2605-0022,13995,12252,KR371,MALIQA BLUE 25X40,KR371,MALIQA BLUE 25X40,,312.0,312.0,16692000.0,16692000.0,OK,
4,MDR/PL/2605-0023,13996,12201,KR338,ROVER BLUE 60X60,KR338,ROVER BLUE 60X60,,320.0,320.0,52992000.0,52992000.0,OK,
4,MDR/PL/2605-0023,13997,12202,KR339,RAIHARA GOLD 60X60,KR339,RAIHARA GOLD 60X60,,400.0,400.0,59904000.0,59904000.0,OK,
4,MDR/PL/2605-0023,13998,12200,KR336,RAINER BLUE 60X60,KR336,RAINER BLUE 60X60,,400.0,400.0,59904000.0,59904000.0,OK,
4,MDR/PL/2605-0024,13999,12211,KR346,ARENA WHITE EMBOSSED REC 25X40,KR346,ARENA WHITE EMBOSSED REC 25X40,,328.0,328.0,18040000.0,18040000.0,OK,
4,MDR/PL/2605-0024,14000,12210,KR345,BULGARY GREY EMBOSSED 25X40,KR345,BULGARY GREY EMBOSSED 25X40,,528.0,528.0,27192000.0,27192000.0,OK,
4,MDR/PL/2605-0024,14001,12212,KR347,EMERALD BLUE 25X40,KR347,EMERALD BLUE 25X40,,528.0,528.0,26664000.0,26664000.0,OK,
4,MDR/PL/2605-0024,14002,12214,KR348,GRANADA GREY EMBOSSED 20X40,KR348,GRANADA GREY EMBOSSED 20X40,,240.0,240.0,12000000.0,12000000.0,OK,
4,MDR/PL/2605-0024,14003,12211,KR346,ARENA WHITE EMBOSSED REC 25X40,KR346,ARENA WHITE EMBOSSED REC 25X40,,68.0,68.0,3740000.0,3740000.0,OK,
4,MDR/PL/2605-0024,14004,12207,KR342,SEVILLE BLACK 60X60,KR342,SEVILLE BLACK 60X60,,320.0,320.0,29030400.0,29030400.0,OK,
4,MDR/PL/2605-0024,14005,11868,KR333,JENNE GOLD 60X60,KR333,JENNE GOLD 60X60,,200.0,200.0,19672000.0,19672000.0,OK,
4,MDR/PL/2605-0024,14006,8554,KR017,LIVERPOOL BLUE REC 50X50,KR017,LIVERPOOL BLUE REC 50X50,,480.0,480.0,26640000.0,26640000.0,OK,
4,MDR/PL/2605-0025,14007,12209,KR344,LILIAN GREY 50X50,KR344,LILIAN GREY 50X50,,288.0,288.0,17136000.0,17136000.0,OK,
4,MDR/PL/2605-0025,14008,12206,KR341,LUGERA BLACK REC 50X50,KR341,LUGERA BLACK REC 50X50,,480.0,480.0,31680000.0,31680000.0,OK,
4,MDR/PL/2605-0025,14009,5864,KR260,SWEDEN BROWN 60X60,KR260,SWEDEN BROWN 60X60,,520.0,520.0,48672000.0,48672000.0,OK,
4,MDR/PL/2605-0026,14010,10756,KR211,SMITH GOLD 60X60,KR211,SMITH GOLD 60X60,,160.0,160.0,14284800.0,14284800.0,OK,
4,MDR/PL/2605-0026,14011,12216,KR350,LILIAN CREAM 50X50,KR350,LILIAN CREAM 50X50,,768.0,768.0,43392000.0,43392000.0,OK,
4,MDR/PL/2605-0026,14012,12217,KR351,SAGRADA BROWN 60X60,KR351,SAGRADA BROWN 60X60,,320.0,320.0,29030400.0,29030400.0,OK,
4,MDR/PL/2605-0026,14013,12220,KR354,LAZZARO DARK GREY REC 50X50,KR354,LAZZARO DARK GREY REC 50X50,,192.0,192.0,12288000.0,12288000.0,OK,
4,MDR/PL/2605-0026,14014,12220,KR354,LAZZARO DARK GREY REC 50X50,KR354,LAZZARO DARK GREY REC 50X50,,576.0,576.0,36864000.0,36864000.0,OK,
4,MDR/PL/2605-0026,14015,12208,KR343,LOUIS GOLD 50X50,KR343,LOUIS GOLD 50X50,,96.0,96.0,5712000.0,5712000.0,OK,
4,MDR/PL/2605-0026,14016,10983,KR266,OSCAR BROWN 40X40,KR266,OSCAR BROWN 40X40,,480.0,480.0,22560000.0,22560000.0,OK,
4,MDR/PL/2605-0026,14017,11921,KR334,OMEGA GREY 40X40,KR334,OMEGA GREY 40X40,,384.0,384.0,17664000.0,17664000.0,OK,
4,MDR/PL/2605-0026,14018,12218,KR352,ARIANA GREY 25X40,KR352,ARIANA GREY 25X40,,528.0,528.0,27720000.0,27720000.0,OK,
4,MDR/PL/2605-0026,14019,12219,KR353,REGINA BROWN 25X25,KR353,REGINA BROWN 25X25,,288.0,288.0,13392000.0,13392000.0,OK,
4,MDR/PL/2605-0027,14020,12208,KR343,LOUIS GOLD 50X50,KR343,LOUIS GOLD 50X50,,864.0,864.0,51408000.0,51408000.0,OK,
4,MDR/PL/2605-0027,14021,10757,KR212,STUTTGART BLACK 60X60,KR212,STUTTGART BLACK 60X60,,200.0,200.0,18432000.0,18432000.0,OK,
4,MDR/PL/2605-0027,14022,12223,KR357,DEXTER WHITE 50X50,KR357,DEXTER WHITE 50X50,,480.0,480.0,24960000.0,24960000.0,OK,
4,MDR/PL/2605-0027,14023,12224,KR358,LECCE GREY 50X50,KR358,LECCE GREY 50X50,,480.0,480.0,28560000.0,28560000.0,OK,
4,MDR/PL/2605-0027,14024,12209,KR344,LILIAN GREY 50X50,KR344,LILIAN GREY 50X50,,192.0,192.0,11424000.0,11424000.0,OK,
4,MDR/PL/2605-0027,14025,12221,KR355,DIOR WHITE 50X50,KR355,DIOR WHITE 50X50,,480.0,480.0,25440000.0,25440000.0,OK,
4,MDR/PL/2605-0027,14026,12222,KR356,LIORA GOLD REC 50X50,KR356,LIORA GOLD REC 50X50,,960.0,960.0,57120000.0,57120000.0,OK,
4,MDR/PL/2605-0028,14081,12403,KR372,CAVALIER CREME 60X60,KR372,CAVALIER CREME 60X60,,462.0,462.0,52889760.0,52889760.0,OK,
4,MDR/PL/2606-0016,14295,12429,IMP041,IMP JM-S04 B93 FM,IMP041,IMP JM-S04 B93 FM,,3.0,3.0,5940000.0,5940000.0,OK,
4,MDR/PL/2606-0016,14296,12430,IMP042,IMP JM-S04 B94 FM,IMP042,IMP JM-S04 B94 FM,,3.0,3.0,5940000.0,5940000.0,OK,
4,MDR/PL/2606-0016,14297,12431,IMP043,IMP JM-S04 C26 FM,IMP043,IMP JM-S04 C26 FM,,1.0,1.0,1980000.0,1980000.0,OK,
4,MDR/PL/2606-0016,14298,12432,IMP044,IMP JM-S04 C27 FM,IMP044,IMP JM-S04 C27 FM,,3.0,3.0,5940000.0,5940000.0,OK,
4,MDR/PL/2606-0017,14299,12463,IMP045,OKELO HN-S02 C02 FM,IMP045,OKELO HN-S02 C02 FM,,3.0,3.0,3720000.0,3720000.0,OK,
4,MDR/PL/2606-0017,14300,12464,IMP046,OKELO JM-S02 C74 FM BF,IMP046,OKELO JM-S02 C74 FM BF,,1.0,1.0,1250000.0,1250000.0,OK,
4,MDR/PL/2606-0017,14301,12057,IMP014,IMPORTA PEVITA 4 KURSI,IMP014,IMPORTA PEVITA 4 KURSI,,10.0,10.0,11770170.0,11770170.0,OK,
4,MDR/PL/2606-0017,14302,12056,IMP010,IMPORTA PEVITA 6 KURSI,IMP010,IMPORTA PEVITA 6 KURSI,,10.0,10.0,15975960.0,15975960.0,OK,
4,MDR/PL/2606-0017,14303,12058,IMP015,IMPORTA MADIROSE 6 KURSI,IMP015,IMPORTA MADIROSE 6 KURSI,,5.0,5.0,9624565.0,9624565.0,OK,
4,MDR/PL/2606-0018,14312,11683,AV265,DEXTONE INSTANT GLUE 15GR,AV265,DEXTONE INSTANT GLUE 15GR,,60.0,60.0,449400.0,415695.0,OK,
4,MDR/PL/2606-0018,14313,11679,AV261,DEXTONE EPOXY STEEL 2 JAM WHITE 48GR,AV261,DEXTONE EPOXY STEEL 2 JAM WHITE 48GR,,12.0,12.0,181200.0,167610.0,OK,
4,MDR/PL/2606-0018,14314,356,AV202,LEM BESI DEXTONE EPOXY,AV202,LEM BESI DEXTONE EPOXY,,48.0,48.0,805920.0,745476.0,OK,
4,MDR/PL/2606-0018,14315,356,AV202,LEM BESI DEXTONE EPOXY,AV202,LEM BESI DEXTONE EPOXY,,12.0,12.0,201480.0,186369.0,OK,
4,MDR/PL/2606-0018,14316,11025,AV243,DEXTONE LEM KUNING SERBAGUNA 101-100GR,AV243,DEXTONE LEM KUNING SERBAGUNA 101-100GR,,12.0,12.0,126120.0,116661.0,OK,
4,MDR/PL/2606-0018,14317,10835,AV235,DEXTONE LEM PIPA PVC TUBE 40GR,AV235,DEXTONE LEM PIPA PVC TUBE 40GR,,12.0,12.0,70080.0,64824.0,OK,
4,MDR/PL/2606-0018,14318,11699,AV266,DEXTONE LEM PUTIH PVAC 350GR,AV266,DEXTONE LEM PUTIH PVAC 350GR,,12.0,12.0,134280.0,124209.0,OK,
4,MDR/PL/2606-0018,14319,11680,AV262,DEXTONE LEM PUTIH PVAC 1KG,AV262,DEXTONE LEM PUTIH PVAC 1KG,,6.0,6.0,234300.0,216727.5,OK,
4,MDR/PL/2606-0018,14320,11681,AV263,DEXTONE WATERBASED NO MORE NAIL 130ML,AV263,DEXTONE WATERBASED NO MORE NAIL 130ML,,6.0,6.0,150480.0,139194.0,OK,
4,MDR/PL/2606-0018,14321,11682,AV264,DEXTONE SILICON SEALANT TUBE 70GR,AV264,DEXTONE SILICON SEALANT TUBE 70GR,,12.0,12.0,212040.0,196137.0,OK,
4,MDR/PL/2606-0018,14322,10616,AV210,DEXTONE SILICON SEALANT TABUNG MULTI PURPOSE BLACK / WHITE 300ML,AV210,DEXTONE SILICON SEALANT TABUNG MULTI PURPOSE BLACK / WHITE 300ML,,12.0,12.0,385320.0,356421.0,OK,
4,MDR/PL/2606-0018,14323,10616,AV210,DEXTONE SILICON SEALANT TABUNG MULTI PURPOSE BLACK / WHITE 300ML,AV210,DEXTONE SILICON SEALANT TABUNG MULTI PURPOSE BLACK / WHITE 300ML,,12.0,12.0,385320.0,356421.0,OK,
4,MDR/PL/2606-0018,14324,12272,AV282,DEXTONE SILICON SEALANT TABUNG NETRAL,AV282,DEXTONE SILICON SEALANT TABUNG NETRAL,,6.0,6.0,211920.0,196026.0,OK,
4,MDR/PL/2606-0018,14325,12272,AV282,DEXTONE SILICON SEALANT TABUNG NETRAL,AV282,DEXTONE SILICON SEALANT TABUNG NETRAL,,6.0,6.0,211920.0,196026.0,OK,
4,MDR/PL/2606-0018,14326,11590,AV158,DEXTONE SILICONE RED 30GR,AV158,DEXTONE SILICONE RED 30GR,,12.0,12.0,115680.0,107004.0,OK,
4,MDR/PL/2606-0019,14391,11490,OP345,LEMARI PAKAIAN BESI OLYMPSTEEL OSWS AB 2P,OP345,LEMARI PAKAIAN BESI OLYMPSTEEL OSWS AB 2P,,1.0,1.0,4300000.0,4300000.0,OK,
4,MDR/PL/2606-0019,14392,11488,OP343,LEMARI PAKAIAN BESI  OLYMSTEEL OSW AB 4P,OP343,LEMARI PAKAIAN BESI  OLYMSTEEL OSW AB 4P,,1.0,1.0,4300000.0,4300000.0,OK,
4,MDR/PL/2606-0019,14393,11489,OP344,LEMARI PAKAIAN BESI OLYMSTEEL OSW MR 2P3L,OP344,LEMARI PAKAIAN BESI OLYMSTEEL OSW MR 2P3L,,2.0,2.0,5800000.0,5800000.0,OK,
4,MDR/PL/2606-0019,14394,8421,OP095,LEMARI PAKAIAN BESI OLYMPIC OSW 90,OP095,LEMARI PAKAIAN BESI OLYMPIC OSW 90,,10.0,10.0,17500000.0,17500000.0,OK,
4,MDR/PL/2606-0020,14395,10446,OP246,MEJA TULIS PANEL OLYMPIC SILVER MTB VENUS N CHERRY RABBIT,OP246,MEJA TULIS PANEL OLYMPIC SILVER MTB VENUS N CHERRY RABBIT,,5.0,5.0,3625000.0,3625000.0,OK,
4,MDR/PL/2606-0020,14396,10888,OP291,MEJA RIAS OLYMPIC SILVER MR VIVIEN,OP291,MEJA RIAS OLYMPIC SILVER MR VIVIEN,,2.0,2.0,1910000.0,1910000.0,OK,
4,MDR/PL/2606-0021,14518,9217,OL070,RORED 90 1L,OL070,RORED 90 1L,,20.0,20.0,1179900.0,1179900.0,OK,
4,MDR/PL/2606-0021,14519,1501,OL003,MESRAN 40 1L,OL003,MESRAN 40 1L,,400.0,400.0,19950000.0,19950000.0,OK,
4,MDR/PL/2606-0021,14520,1503,OL005,MEDITRAN 5L,OL005,MEDITRAN 5L,,40.0,40.0,9906600.0,9906600.0,OK,
4,MDR/PL/2606-0021,14521,1520,OL023,MESRAN 20-50 4L,OL023,MESRAN 20-50 4L,,18.0,18.0,3515742.0,3515742.0,OK,
4,MDR/PL/2606-0022,14552,10835,AV235,DEXTONE LEM PIPA PVC TUBE 40GR,AV235,DEXTONE LEM PIPA PVC TUBE 40GR,,720.0,720.0,4204800.0,3889440.0,OK,
4,MDR/PL/2606-0023,14553,278,AV008,ARIES GOLD BASE B 4.5L,AV008,ARIES GOLD BASE B 4.5L,,12.0,12.0,1201200.0,1051050.0,OK,
4,MDR/PL/2606-0024,14569,11863,OP480,"STORAGE OLYMPLAST OMS 2X4 (LUXURY, PURE)",OP480,"STORAGE OLYMPLAST OMS 2X4 (LUXURY, PURE)",,2.0,2.0,1498000.0,1498000.0,OK,
4,MDR/PL/2606-0024,14570,11864,OP481,"STORAGE OLYMPLAST OMS 3X2 (LUXURY, PURE)",OP481,"STORAGE OLYMPLAST OMS 3X2 (LUXURY, PURE)",,1.0,1.0,623000.0,623000.0,OK,
4,MDR/PL/2606-0024,14571,11865,OP482,"STORAGE OLYMPLAST OMS 3X3 (LUXURY, PURE)",OP482,"STORAGE OLYMPLAST OMS 3X3 (LUXURY, PURE)",,1.0,1.0,853000.0,853000.0,OK,
4,MDR/PL/2607-0001,14671,12487,AV285,AVIAN CLING 2IN1 0.9L,AV285,AVIAN CLING 2IN1 0.9L,,2.0,2.0,175600.0,146590.88,OK,
4,MDR/PL/2607-0002,14672,11636,AV257,AVIAN EPOXY SERBAGUNA 002/005,AV257,AVIAN EPOXY SERBAGUNA 002/005,,3.0,3.0,416100.0,384892.5,OK,
4,MDR/PL/2607-0003,14673,11636,AV257,AVIAN EPOXY SERBAGUNA 002/005,AV257,AVIAN EPOXY SERBAGUNA 002/005,,2.0,2.0,277400.0,256595.0,OK,
4,MDR/PL/2607-0003,14674,325,AV066,PLITUR BOYO 1L,AV066,PLITUR BOYO 1L,,2.0,2.0,204600.0,189255.0,OK,
4,MDR/PL/2605-0029,14686,150,PRN021,"PARALON MOF 1/2"" AW",PRN021,"PARALON MOF 1/2"" AW",,1000.0,1000.0,12277000.0,12277000.0,OK,
4,MDR/PL/2605-0029,14687,151,PRN020,"PARALON MOF 3/4"" AW",PRN020,"PARALON MOF 3/4"" AW",,500.0,500.0,8793500.0,8793500.0,OK,
4,MDR/PL/2606-0025,14713,6411,SG042,SPANDEX MARON 030X4M,SG042,SPANDEX MARON 030X4M,,250.0,250.0,24800000.0,24800000.0,OK,
4,MDR/PL/2607-0004,14980,122,SM001,SEMEN CONCH,SM001,SEMEN CONCH,,10000.0,10000.0,417500000.0,417500000.0,OK,
4,MDR/PL/2607-0005,15012,2846,TX032,LIS KAYU 7X4,TX032,LIS KAYU 7X4,,104.0,104.0,4699968.0,4699968.0,OK,
4,MDR/PL/2607-0005,15013,2847,TX031,LIS KAYU 5X4,TX031,LIS KAYU 5X4,,210.0,210.0,6399960.0,6399960.0,OK,
4,MDR/PL/2606-0026,15129,11488,OP343,LEMARI PAKAIAN BESI  OLYMSTEEL OSW AB 4P,OP343,LEMARI PAKAIAN BESI  OLYMSTEEL OSW AB 4P,,2.0,2.0,8600000.0,8600000.0,OK,
4,MDR/PL/2606-0026,15130,11489,OP344,LEMARI PAKAIAN BESI OLYMSTEEL OSW MR 2P3L,OP344,LEMARI PAKAIAN BESI OLYMSTEEL OSW MR 2P3L,,1.0,1.0,2900000.0,2900000.0,OK,
4,MDR/PL/2606-0027,15131,9338,OP125,LEMARI PAKAIAN ANAK BESI OLYMSTEEL OSWS KIDS,OP125,LEMARI PAKAIAN ANAK BESI OLYMSTEEL OSWS KIDS,,2.0,2.0,4200000.0,4200000.0,OK,
4,MDR/PL/2606-0027,15132,10321,OP235,LEMARI PAKAIAN ANAK BESI OLYMSTEEL OSW 3P KIDS,OP235,LEMARI PAKAIAN ANAK BESI OLYMSTEEL OSW 3P KIDS,,2.0,2.0,4100000.0,4100000.0,OK,
4,MDR/PL/2607-0006,15143,8757,AV156,ARIES GOLD 1L,AV156,ARIES GOLD 1L,,48.0,48.0,1708800.0,1580640.0,OK,
4,MDR/PL/2607-0007,15144,283,AV030,AVITEX 1KG,AV030,AVITEX 1KG,,24.0,24.0,1176000.0,1087800.0,OK,
4,MDR/PL/2605-0030,15164,9,BS004,BESI 10 STD,BS004,BESI 10 STD,,4800.0,4800.0,248745600.0,248745600.0,OK,
4,MDR/PL/2607-0008,15222,12379,NP371,NIPPON TIMBERCOAT 1L,NP371,NIPPON TIMBERCOAT 1L,,12.0,12.0,1025760.0,1025760.0,OK,
4,MDR/PL/2607-0009,15223,12125,NP333,NIPPON CEMENT MIX 1K,NP333,NIPPON CEMENT MIX 1K,,60.0,60.0,1536960.0,1536960.0,OK,
4,MDR/PL/2607-0010,15224,340,NP013,NIPPON AUTOLUX 66 PEPUTTY 0.98L,NP013,NIPPON AUTOLUX 66 PEPUTTY 0.98L,,60.0,60.0,2590440.0,2590440.0,OK,
4,MDR/PL/2607-0011,15226,4128,NP023,PLATONE 8000 PASTEL BASE 0.85L,NP023,PLATONE 8000 PASTEL BASE 0.85L,,12.0,12.0,961860.0,961860.0,OK,
4,MDR/PL/2607-0011,15227,4129,NP024,PLATONE 8000 TINT BASE 0.83L,NP024,PLATONE 8000 TINT BASE 0.83L,,12.0,12.0,933300.0,933300.0,OK,
4,MDR/PL/2607-0011,15228,4130,NP022,PLATONE 8000 DEEP 0.81L,NP022,PLATONE 8000 DEEP 0.81L,,12.0,12.0,888408.0,888408.0,OK,
4,MDR/PL/2607-0011,15229,4131,NP021,PLATONE 8000 ACCENT BASE 0.81L,NP021,PLATONE 8000 ACCENT BASE 0.81L,,12.0,12.0,858828.0,858828.0,OK,
4,MDR/PL/2607-0011,15230,4213,NP016,BODELAC 2 IN 1 ANTI KARAT ACCENT 2.7KG,NP016,BODELAC 2 IN 1 ANTI KARAT ACCENT 2.7KG,,8.0,8.0,1502712.0,1502712.0,OK,
4,MDR/PL/2607-0012,15537,325,AV066,PLITUR BOYO 1L,AV066,PLITUR BOYO 1L,,2.0,2.0,204600.0,189255.0,OK,
4,MDR/PL/2607-0013,15638,122,SM001,SEMEN CONCH,SM001,SEMEN CONCH,,3000.0,3000.0,121500000.0,121500000.0,OK,
4,MDR/PL/2607-0013,15639,122,SM001,SEMEN CONCH,SM001,SEMEN CONCH,,11000.0,11000.0,459250000.0,459250000.0,OK,
4,MDR/PL/2607-0014,15692,12379,NP371,NIPPON TIMBERCOAT 1L,NP371,NIPPON TIMBERCOAT 1L,,36.0,0.0,3077280.0,3077280.0,OK,
4,MDR/PL/2607-0015,15721,2847,TX031,LIS KAYU 5X4,TX031,LIS KAYU 5X4,,148.0,0.0,4479960.0,4479960.0,OK,
4,MDR/PL/2607-0016,15759,12739,IMP063,IMPORTA IMP IW-S02 C87 FM,IMP063,IMPORTA IMP IW-S02 C87 FM,,10.0,10.0,12900000.0,12900000.0,OK,
4,MDR/PL/2607-0016,15760,12740,IMP064,MPORTA IMP IW-S02 C96 FM BF,IMP064,MPORTA IMP IW-S02 C96 FM BF,,5.0,5.0,6450000.0,6450000.0,OK,
4,MDR/PL/2607-0016,15761,12741,IMP065,IMPORTA IMP IW-S02 D05 FM BL,IMP065,IMPORTA IMP IW-S02 D05 FM BL,,5.0,5.0,6450000.0,6450000.0,OK,
7,PRU/PL/2604-0004,7333,10220,OP218,RAK TV ALBATROS SPRING TV RACK,OP218,RAK TV ALBATROS SPRING TV RACK,,1.0,1.0,1635000.0,1635000.0,OK,
7,PRU/PL/2604-0004,7334,10107,OP204,RAK TV ALBATROS AUTUMM TV RACK,OP204,RAK TV ALBATROS AUTUMM TV RACK,,1.0,1.0,1690000.0,1690000.0,OK,
7,PRU/PL/2604-0004,7335,11776,OP410,NAKAS ALBATROS NIGHT STAND WINTER,OP410,NAKAS ALBATROS NIGHT STAND WINTER,,2.0,2.0,1780000.0,1780000.0,OK,
7,PRU/PL/2604-0004,7336,10320,OP234,RAK TV ALBATROS SUMMER TV RACK,OP234,RAK TV ALBATROS SUMMER TV RACK,,1.0,1.0,1725000.0,1725000.0,OK,
7,PRU/PL/2604-0004,7337,10222,OP220,NAKAS ALBATROS NIGHT STAND SPRING,OP220,NAKAS ALBATROS NIGHT STAND SPRING,,2.0,2.0,2140000.0,2140000.0,OK,
7,PRU/PL/2604-0004,7338,10108,OP205,NAKAS ALBATROS NIGHT STAND AUTUMN,OP205,NAKAS ALBATROS NIGHT STAND AUTUMN,,2.0,2.0,2140000.0,2140000.0,OK,
7,PRU/PL/2604-0004,7339,9822,OP170,RAK TV ALBATROS WINTER TV RACK,OP170,RAK TV ALBATROS WINTER TV RACK,,1.0,1.0,1800000.0,1800000.0,OK,
7,PRU/PL/2604-0004,7340,10213,OP211,NAKAS ALBATROS NIGHT STAND SUMMER,OP211,NAKAS ALBATROS NIGHT STAND SUMMER,,2.0,2.0,1670000.0,1670000.0,OK,
7,PRU/PL/2604-0008,7349,11588,OP378,MEJA TAMU OLYMPIC CT MARBLE 01,OP378,MEJA TAMU OLYMPIC CT MARBLE 01,,7.0,7.0,3325000.0,3325000.0,OK,
7,PRU/PL/2604-0010,7352,11478,OP333,MEJA TULIS OLYMPIC SILVER ST RUBIK CREAM WHITE,OP333,MEJA TULIS OLYMPIC SILVER ST RUBIK CREAM WHITE,,2.0,2.0,560000.0,560000.0,OK,
7,PRU/PL/2604-0010,7353,11740,OP394,MEJA TULIS OLYMPIC URBAN CLEAN PINEWOOD MT 120,OP394,MEJA TULIS OLYMPIC URBAN CLEAN PINEWOOD MT 120,,2.0,2.0,1760000.0,1760000.0,OK,
7,PRU/PL/2604-0010,7354,11741,OP395,MEJA TULIS OLYMPIC URBAN MODERN NATURAL MT 120,OP395,MEJA TULIS OLYMPIC URBAN MODERN NATURAL MT 120,,6.0,6.0,6720000.0,6720000.0,OK,
7,PRU/PL/2604-0010,7355,10446,OP246,MEJA TULIS PANEL OLYMPIC SILVER MTB VENUS N CHERRY RABBIT,OP246,MEJA TULIS PANEL OLYMPIC SILVER MTB VENUS N CHERRY RABBIT,,2.0,2.0,1450000.0,1450000.0,OK,
7,PRU/PL/2604-0010,7356,10487,OP253,MEJA TULIS OLYMPIC SILVER MTS VENUS N CHERRY,OP253,MEJA TULIS OLYMPIC SILVER MTS VENUS N CHERRY,,2.0,2.0,1310000.0,1310000.0,OK,
7,PRU/PL/2604-0012,7361,7964,OP023,"KURSI BANDARA FRONTLINE PC F,T 01 HITAM",OP023,"KURSI BANDARA FRONTLINE PC F,T 01 HITAM",,2.0,2.0,2400000.0,2400000.0,OK,
7,PRU/PL/2604-0013,7362,9715,OP154,KURSI MANAGER FRONTLINE MI O8 HITAM,OP154,KURSI MANAGER FRONTLINE MI O8 HITAM,,2.0,2.0,2416000.0,2416000.0,OK,
7,PRU/PL/2604-0013,7363,11767,OP401,KURSI DIREKTUR FRONTLINE EC 98 HITAM,OP401,KURSI DIREKTUR FRONTLINE EC 98 HITAM,,2.0,2.0,9200000.0,9200000.0,OK,
7,PRU/PL/2604-0013,7364,11485,OP340,KURSI DIREKTUR FRONTLINE EC 29 HITAM,OP340,KURSI DIREKTUR FRONTLINE EC 29 HITAM,,2.0,2.0,3500000.0,3500000.0,OK,
7,PRU/PL/2604-0013,7365,10277,OP223,KURSI DIREKTUR FRONTLINE EC 26 HITAM,OP223,KURSI DIREKTUR FRONTLINE EC 26 HITAM,,2.0,2.0,3090000.0,3090000.0,OK,
7,PRU/PL/2604-0013,7366,11768,OP402,KURSI DIREKTUR FRONTLINE EC 18 HITAM,OP402,KURSI DIREKTUR FRONTLINE EC 18 HITAM,,2.0,2.0,3700000.0,3700000.0,OK,
7,PRU/PL/2604-0014,7367,11490,OP345,LEMARI PAKAIAN BESI OLYMPSTEEL OSWS AB 2P,OP345,LEMARI PAKAIAN BESI OLYMPSTEEL OSWS AB 2P,,3.0,3.0,12750000.0,12750000.0,OK,
7,PRU/PL/2604-0014,7368,11489,OP344,LEMARI PAKAIAN BESI OLYMSTEEL OSW MR 2P3L,OP344,LEMARI PAKAIAN BESI OLYMSTEEL OSW MR 2P3L,,8.0,8.0,23200000.0,23200000.0,OK,
7,PRU/PL/2604-0014,7369,11536,OP363,LEMARI PAKAIAN BESI OLYMPIC OSW C 3P,OP363,LEMARI PAKAIAN BESI OLYMPIC OSW C 3P,,2.0,2.0,6400000.0,6400000.0,OK,
7,PRU/PL/2604-0014,7370,11488,OP343,LEMARI PAKAIAN BESI  OLYMSTEEL OSW AB 4P,OP343,LEMARI PAKAIAN BESI  OLYMSTEEL OSW AB 4P,,6.0,6.0,25800000.0,25800000.0,OK,
7,PRU/PL/2604-0015,7371,10008,OP077,LEMARI PAKAIAN BESI OLYMSTEEL OSWS WALNUT 2L PALE BROWN,OP077,LEMARI PAKAIAN BESI OLYMSTEEL OSWS WALNUT 2L PALE BROWN,,15.0,15.0,36750000.0,36750000.0,OK,
7,PRU/PL/2604-0015,7372,7959,OP018,LEMARI PAKAIAN BESI OLYMSTEEL OSW 5P2L 5 PINTU,OP018,LEMARI PAKAIAN BESI OLYMSTEEL OSW 5P2L 5 PINTU,,5.0,5.0,22250000.0,22250000.0,OK,
7,PRU/PL/2604-0015,7373,11351,OP331,LEMARI PAKAIAN BESI OLYMSTEEL OSW ALVARE 3P,OP331,LEMARI PAKAIAN BESI OLYMSTEEL OSW ALVARE 3P,,3.0,3.0,13650000.0,13650000.0,OK,
7,PRU/PL/2604-0015,7374,9824,OP172,MEJA RIAS BESI OLYMSTEL OMR 001,OP172,MEJA RIAS BESI OLYMSTEL OMR 001,,8.0,8.0,12000000.0,12000000.0,OK,
7,PRU/PL/2604-0016,7375,6429,OP002,LEMARI PAKAIAN BESI OLYMPIC OSWS 120,OP002,LEMARI PAKAIAN BESI OLYMPIC OSWS 120,,8.0,0.0,14400000.0,14400000.0,OK,
7,PRU/PL/2604-0016,7376,8299,OP089,LEMARI PAKAIAN BESI OLYMSTEEL OSWS 3PIL,OP089,LEMARI PAKAIAN BESI OLYMSTEEL OSWS 3PIL,,4.0,0.0,11400000.0,11400000.0,OK,
7,PRU/PL/2604-0016,7377,11567,OP377,LEMARI PAKAIAN BESI OLYMSTEEL OSWS 4P2L,OP377,LEMARI PAKAIAN BESI OLYMSTEEL OSWS 4P2L,,3.0,0.0,9900000.0,9900000.0,OK,
7,PRU/PL/2604-0017,7564,11492,OP347,KURSI DIREKTUR FRONTLINE EC 69 HITAM,OP347,KURSI DIREKTUR FRONTLINE EC 69 HITAM,,2.0,2.0,4200000.0,4200000.0,OK,
7,PRU/PL/2604-0017,7565,10278,OP224,KURSI DIREKTUR FRONTLINE EC 27 HITAM,OP224,KURSI DIREKTUR FRONTLINE EC 27 HITAM,,1.0,1.0,1900000.0,1900000.0,OK,
7,PRU/PL/2604-0018,7576,11351,OP331,LEMARI PAKAIAN BESI OLYMSTEEL OSW ALVARE 3P,OP331,LEMARI PAKAIAN BESI OLYMSTEEL OSW ALVARE 3P,,1.0,1.0,4550000.0,4550000.0,OK,
7,PRU/PL/2605-0001,7597,9920,NP243,PLATONE 8000 0.2L,NP243,PLATONE 8000 0.2L,,6.0,0.0,97344.0,97344.0,OK,
7,PRU/PL/2605-0002,7598,4615,NP108,ELASTEX PASTEL BASE 1L,NP108,ELASTEX PASTEL BASE 1L,,24.0,24.0,1431288.0,1431288.0,OK,
7,PRU/PL/2605-0002,7599,4616,NP107,ELASTEX ACCENT BASE 1L,NP107,ELASTEX ACCENT BASE 1L,,24.0,24.0,1259736.0,1259736.0,OK,
7,PRU/PL/2605-0003,7600,333,NP020,BODELAC 3.75L,NP020,BODELAC 3.75L,,4.0,4.0,952520.0,952520.0,OK,
7,PRU/PL/2605-0003,7601,5221,NP130,KOMILEX READY MIX 4.5KG,NP130,KOMILEX READY MIX 4.5KG,,12.0,12.0,856884.0,856884.0,OK,
7,PRU/PL/2605-0004,7602,6781,NP134,KOMILEX GOLD DEEP BASE 16.20KG,NP134,KOMILEX GOLD DEEP BASE 16.20KG,,6.0,6.0,1385178.0,1385178.0,OK,
7,PRU/PL/2605-0005,7603,4153,NP187,TINTA YELLOW OXIDE C,NP187,TINTA YELLOW OXIDE C,,18.0,18.0,3214800.0,3214800.0,OK,
7,PRU/PL/2605-0006,7604,5714,NP171,TINTA COBALT BLUE CB,NP171,TINTA COBALT BLUE CB,,5.0,5.0,7322600.0,7322600.0,OK,
7,PRU/PL/2605-0007,7605,4138,NP058,NIPPON WEATHERBOND PASTEL BASE 2.35L,NP058,NIPPON WEATHERBOND PASTEL BASE 2.35L,,4.0,4.0,986248.0,986248.0,OK,
7,PRU/PL/2605-0008,7606,5197,NP102,MATEX READY MIX 4.5L,NP102,MATEX READY MIX 4.5L,,4.0,4.0,462332.0,462332.0,OK,
7,PRU/PL/2605-0009,7607,5221,NP130,KOMILEX READY MIX 4.5KG,NP130,KOMILEX READY MIX 4.5KG,,16.0,16.0,1142512.0,1142512.0,OK,
7,PRU/PL/2605-0010,7608,5221,NP130,KOMILEX READY MIX 4.5KG,NP130,KOMILEX READY MIX 4.5KG,,12.0,12.0,856884.0,856884.0,OK,
7,PRU/PL/2605-0011,7609,5221,NP130,KOMILEX READY MIX 4.5KG,NP130,KOMILEX READY MIX 4.5KG,,24.0,24.0,1713768.0,1713768.0,OK,
7,PRU/PL/2605-0011,7610,9916,NP241,MATEX READY MIX 1KG,NP241,MATEX READY MIX 1KG,,12.0,12.0,456864.0,456864.0,OK,
7,PRU/PL/2605-0012,7611,5216,NP120,ELASTEX WATERPROOF READY MIX 4KG,NP120,ELASTEX WATERPROOF READY MIX 4KG,,16.0,16.0,3225408.0,3225408.0,OK,
7,PRU/PL/2605-0013,7612,10450,NP260,BODELAC METAL PRIMER BESI 5K (MENI BESI),NP260,BODELAC METAL PRIMER BESI 5K (MENI BESI),,1.0,1.0,197272.0,197272.0,OK,
7,PRU/PL/2604-0019,7613,7964,OP023,"KURSI BANDARA FRONTLINE PC F,T 01 HITAM",OP023,"KURSI BANDARA FRONTLINE PC F,T 01 HITAM",,4.0,4.0,5000000.0,5000000.0,OK,
7,PRU/PL/2605-0014,7614,4266,NP036,NIPPON SPOT LESS TINT BASE 18.4L,NP036,NIPPON SPOT LESS TINT BASE 18.4L,,1.0,1.0,1423404.0,1423404.0,OK,
7,PRU/PL/2605-0014,7615,4271,NP039,NIPPON SPOT LESS DEEP BASE 2.25,NP039,NIPPON SPOT LESS DEEP BASE 2.25,,4.0,4.0,755740.0,755740.0,OK,
7,PRU/PL/2605-0015,7616,4139,NP060,NIPPON WEATHERBOND TINT BASE 2.30L,NP060,NIPPON WEATHERBOND TINT BASE 2.30L,,4.0,4.0,947260.0,947260.0,OK,
7,PRU/PL/2605-0016,7617,4157,NP114,PLATONE 8000 0.9L,NP114,PLATONE 8000 0.9L,,24.0,24.0,1480488.0,1480488.0,OK,
7,PRU/PL/2604-0020,7618,10312,OP231,SOFA OLYMPLAST SO EAZY 1 SEAT (A),OP231,SOFA OLYMPLAST SO EAZY 1 SEAT (A),,8.0,8.0,10656000.0,10656000.0,OK,
7,PRU/PL/2604-0020,7619,10455,OP247,MEJA OLYMPLAST SO EAZY WHITE,OP247,MEJA OLYMPLAST SO EAZY WHITE,,4.0,4.0,2968000.0,2968000.0,OK,
7,PRU/PL/2605-0017,7620,11280,NP293,NIPPON SPOT-LESS PASTEL BASE 0.84L,NP293,NIPPON SPOT-LESS PASTEL BASE 0.84L,,12.0,12.0,1289568.0,1289568.0,OK,
7,PRU/PL/2605-0017,7621,11282,NP295,NIPPON SPOT-LESS DEEP BASE 0.81L,NP295,NIPPON SPOT-LESS DEEP BASE 0.81L,,12.0,12.0,1186512.0,1186512.0,OK,
7,PRU/PL/2605-0018,7622,4129,NP024,PLATONE 8000 TINT BASE 0.83L,NP024,PLATONE 8000 TINT BASE 0.83L,,12.0,12.0,715260.0,715260.0,OK,
7,PRU/PL/2605-0019,7623,4919,NP089,VINILEX WHITE 5 LITER,NP089,VINILEX WHITE 5 LITER,,12.0,12.0,1873404.0,1873404.0,OK,
7,PRU/PL/2605-0020,7624,4141,NP057,NIPPON WEATHERBOND ACCENT BASE 2.15L,NP057,NIPPON WEATHERBOND ACCENT BASE 2.15L,,4.0,4.0,868708.0,868708.0,OK,
7,PRU/PL/2605-0021,7625,337,NP140,PILOX NIPPON,NP140,PILOX NIPPON,,12.0,12.0,318312.0,318312.0,OK,
7,PRU/PL/2605-0022,7626,5221,NP130,KOMILEX READY MIX 4.5KG,NP130,KOMILEX READY MIX 4.5KG,,12.0,12.0,856884.0,856884.0,OK,
7,PRU/PL/2605-0023,7627,4151,NP184,TINTA RED OXIDE F,NP184,TINTA RED OXIDE F,,18.0,18.0,4027050.0,4027050.0,OK,
7,PRU/PL/2605-0024,7628,9920,NP243,PLATONE 8000 0.2L,NP243,PLATONE 8000 0.2L,,24.0,24.0,389400.0,389400.0,OK,
7,PRU/PL/2605-0025,7629,5197,NP102,MATEX READY MIX 4.5L,NP102,MATEX READY MIX 4.5L,,14.0,14.0,1618162.0,1618162.0,OK,
7,PRU/PL/2605-0026,7630,357,NP031,NIPPON TIMBERTONE 1L,NP031,NIPPON TIMBERTONE 1L,,12.0,12.0,933420.0,933420.0,OK,
7,PRU/PL/2605-0027,7631,5197,NP102,MATEX READY MIX 4.5L,NP102,MATEX READY MIX 4.5L,,24.0,24.0,2773992.0,2773992.0,OK,
7,PRU/PL/2605-0028,7632,4257,NP084,VINILEX TINT BASE 5KG,NP084,VINILEX TINT BASE 5KG,,48.0,48.0,6639600.0,6639600.0,OK,
7,PRU/PL/2605-0029,7637,4157,NP114,PLATONE 8000 0.9L,NP114,PLATONE 8000 0.9L,,12.0,12.0,740244.0,740244.0,OK,
7,PRU/PL/2605-0030,7638,9920,NP243,PLATONE 8000 0.2L,NP243,PLATONE 8000 0.2L,,24.0,24.0,389400.0,389400.0,OK,
7,PRU/PL/2605-0031,7639,5221,NP130,KOMILEX READY MIX 4.5KG,NP130,KOMILEX READY MIX 4.5KG,,36.0,36.0,2570652.0,2570652.0,OK,
7,PRU/PL/2605-0031,7640,9916,NP241,MATEX READY MIX 1KG,NP241,MATEX READY MIX 1KG,,36.0,36.0,1370592.0,1370592.0,OK,
7,PRU/PL/2605-0032,7641,4137,NP174,TINTA MAGENTA V,NP174,TINTA MAGENTA V,,18.0,18.0,6665580.0,6665580.0,OK,
7,PRU/PL/2604-0021,7642,11567,OP377,LEMARI PAKAIAN BESI OLYMSTEEL OSWS 4P2L,OP377,LEMARI PAKAIAN BESI OLYMSTEEL OSWS 4P2L,,2.0,2.0,6600000.0,6600000.0,OK,
7,PRU/PL/2604-0021,7643,11787,OP420,"LEMARI PAKAIAN BESI OLYMSTEEL OSWS RH (LENO,FREYA,ALBA)",OP420,"LEMARI PAKAIAN BESI OLYMSTEEL OSWS RH (LENO,FREYA,ALBA)",,6.0,6.0,19500000.0,19500000.0,OK,
7,PRU/PL/2604-0021,7644,10007,OP053,LEMARI SEPATU BESI OLYMSTEEL SR 004 PUTIH,OP053,LEMARI SEPATU BESI OLYMSTEEL SR 004 PUTIH,,2.0,2.0,2630000.0,2630000.0,OK,
7,PRU/PL/2604-0021,7645,11788,OP421,"LEMARI PAKAIAN BESI OLYMSTEEL OSWS MR FREYA,ALBA,LENO",OP421,"LEMARI PAKAIAN BESI OLYMSTEEL OSWS MR FREYA,ALBA,LENO",,6.0,6.0,21900000.0,21900000.0,OK,
7,PRU/PL/2604-0021,7646,11107,OP318,LEMARI SEPATU BESI OLYMSTEEL SR 003 MARBLE,OP318,LEMARI SEPATU BESI OLYMSTEEL SR 003 MARBLE,,2.0,2.0,3230000.0,3230000.0,OK,
7,PRU/PL/2605-0033,7647,4520,NP177,TINTA ORGANIC YELLOW A,NP177,TINTA ORGANIC YELLOW A,,18.0,18.0,7339320.0,7339320.0,OK,
7,PRU/PL/2605-0037,7653,4260,NP111,ELASTEX ACCENT BASE 4KG,NP111,ELASTEX ACCENT BASE 4KG,,48.0,48.0,7731744.0,7731744.0,OK,
7,PRU/PL/2605-0037,7654,4256,NP082,VINILEX PASTEL BASE 5KG,NP082,VINILEX PASTEL BASE 5KG,,105.0,105.0,15049755.0,15049755.0,OK,
7,PRU/PL/2605-0037,7655,4263,NP073,VINILEX DEEP BASE 1.3KG,NP073,VINILEX DEEP BASE 1.3KG,,24.0,24.0,1242264.0,1242264.0,OK,
7,PRU/PL/2605-0038,7656,5713,NP186,TINTA YELLOW EY,NP186,TINTA YELLOW EY,,6.0,6.0,3696456.0,3696456.0,OK,
7,PRU/PL/2605-0039,7657,4157,NP114,PLATONE 8000 0.9L,NP114,PLATONE 8000 0.9L,,12.0,12.0,740244.0,740244.0,OK,
7,PRU/PL/2605-0041,7661,4270,NP040,NIPPON SPOT LESS TINT BASE 2.30L,NP040,NIPPON SPOT LESS TINT BASE 2.30L,,4.0,4.0,790700.0,790700.0,OK,
7,PRU/PL/2605-0041,7662,4174,NP043,NIPPON SPOT LESS PLUS DEEP BASE 18L,NP043,NIPPON SPOT LESS PLUS DEEP BASE 18L,,1.0,1.0,1481273.0,1481273.0,OK,
7,PRU/PL/2605-0041,7663,4159,NP046,NIPPON SPOT LESS PLUS PASTEL BASE 2.35L,NP046,NIPPON SPOT LESS PLUS PASTEL BASE 2.35L,,4.0,4.0,892396.0,892396.0,OK,
7,PRU/PL/2605-0042,7675,11928,NP328,EPOXYGUARD LIGHT GREY BASE 12L,NP328,EPOXYGUARD LIGHT GREY BASE 12L,,12.0,12.0,11181900.0,11181900.0,OK,
7,PRU/PL/2605-0042,7676,11929,NP329,PENETRATING EPOXY PRIMER-CLEAR BASE 9.6L,NP329,PENETRATING EPOXY PRIMER-CLEAR BASE 9.6L,,5.0,5.0,5313780.0,5313780.0,OK,
7,PRU/PL/2605-0043,7681,8296,AC025,COZY STC 50 A/B - SILVER,AC025,COZY STC 50 A/B - SILVER,,20.0,20.0,9482000.0,5689200.0,OK,
7,PRU/PL/2605-0044,7682,7131,PRN023,"PARALON POWER 1/2"" AW",PRN023,"PARALON POWER 1/2"" AW",,99.0,99.0,2913570.0,2479448.07,OK,
7,PRU/PL/2605-0044,7683,6688,PRN024,"PARALON POWER 3/4"" AW",PRN024,"PARALON POWER 3/4"" AW",,99.0,99.0,3951090.0,3362377.59,OK,
7,PRU/PL/2605-0044,7684,6686,PRN026,"PARALON POWER 2"" AW",PRN026,"PARALON POWER 2"" AW",,33.0,33.0,3959340.0,3369398.34,OK,
7,PRU/PL/2605-0045,7685,11027,AV244,SUNGUARD BASIC BASE A 2.5LT,AV244,SUNGUARD BASIC BASE A 2.5LT,,2.0,2.0,641600.0,561400.0,OK,
7,PRU/PL/2605-0045,7686,11030,AV247,SUNGUARD BASIC BASE A 20LT,AV247,SUNGUARD BASIC BASE A 20LT,,1.0,1.0,2273300.0,1989137.5,OK,
7,PRU/PL/2605-0046,7687,11705,AC060,COZY LADDER 40 B,AC060,COZY LADDER 40 B,,2.0,2.0,1364000.0,1261700.0,OK,
7,PRU/PL/2605-0047,8015,11948,IMP012,MADISON DINING S 4K 4 KURSI,IMP012,MADISON DINING S 4K 4 KURSI,,3.0,3.0,4038354.0,4038354.0,OK,
7,PRU/PL/2605-0047,8016,11949,IMP013,MADISON DINING 6K 6 KURSI,IMP013,MADISON DINING 6K 6 KURSI,,3.0,3.0,5774748.0,5774748.0,OK,
7,PRU/PL/2604-0022,8319,11769,OP403,RAK SERBAGUNA BESI OLYMSTEEL LHBK BRENDA 1P2L,OP403,RAK SERBAGUNA BESI OLYMSTEEL LHBK BRENDA 1P2L,,4.0,4.0,7400000.0,7400000.0,OK,
7,PRU/PL/2604-0022,8320,11770,OP404,RAK SERBAGUNA BESI OLYMSTEEL LHBK CHERYL 3S,OP404,RAK SERBAGUNA BESI OLYMSTEEL LHBK CHERYL 3S,,4.0,4.0,5600000.0,5600000.0,OK,
7,PRU/PL/2604-0022,8321,8288,OP087,RAK OMKC 35 001,OP087,RAK OMKC 35 001,,2.0,2.0,2140000.0,2140000.0,OK,
7,PRU/PL/2604-0022,8322,8704,OP114,RAK SERBAGUNA BESI OMKC 001 4S,OP114,RAK SERBAGUNA BESI OMKC 001 4S,,2.0,2.0,2630000.0,2630000.0,OK,
7,PRU/PL/2604-0022,8323,11771,OP405,RAK SERBAGUNA BESI OLYMSTEEL RSG CHERYL  1P,OP405,RAK SERBAGUNA BESI OLYMSTEEL RSG CHERYL  1P,,2.0,2.0,5000000.0,5000000.0,OK,
7,PRU/PL/2604-0022,8324,11754,OP398,RAK TV BESI OLYMSTEEL AVR BRENDA,OP398,RAK TV BESI OLYMSTEEL AVR BRENDA,,2.0,2.0,3780000.0,3780000.0,OK,
7,PRU/PL/2604-0022,8325,11753,OP397,RAK TV BESI OLYMSTEEL AVR CHERYL,OP397,RAK TV BESI OLYMSTEEL AVR CHERYL,,2.0,2.0,4000000.0,4000000.0,OK,
7,PRU/PL/2605-0051,8354,11683,AV265,DEXTONE INSTANT GLUE 15GR,AV265,DEXTONE INSTANT GLUE 15GR,,60.0,60.0,449400.0,415695.0,OK,
7,PRU/PL/2605-0051,8355,356,AV202,LEM BESI DEXTONE EPOXY,AV202,LEM BESI DEXTONE EPOXY,,60.0,60.0,1007400.0,931845.0,OK,
7,PRU/PL/2605-0051,8356,11025,AV243,DEXTONE LEM KUNING SERBAGUNA 101-100GR,AV243,DEXTONE LEM KUNING SERBAGUNA 101-100GR,,12.0,12.0,126120.0,116661.0,OK,
7,PRU/PL/2605-0051,8357,11699,AV266,DEXTONE LEM PUTIH PVAC 350GR,AV266,DEXTONE LEM PUTIH PVAC 350GR,,12.0,12.0,134280.0,124209.0,OK,
7,PRU/PL/2605-0051,8358,11680,AV262,DEXTONE LEM PUTIH PVAC 1KG,AV262,DEXTONE LEM PUTIH PVAC 1KG,,6.0,6.0,234300.0,216727.5,OK,
7,PRU/PL/2605-0051,8359,11681,AV263,DEXTONE WATERBASED NO MORE NAIL 130ML,AV263,DEXTONE WATERBASED NO MORE NAIL 130ML,,6.0,6.0,150480.0,139194.0,OK,
7,PRU/PL/2605-0051,8360,11682,AV264,DEXTONE SILICON SEALANT TUBE 70GR,AV264,DEXTONE SILICON SEALANT TUBE 70GR,,12.0,12.0,212040.0,196137.0,OK,
7,PRU/PL/2605-0051,8361,10616,AV210,DEXTONE SILICON SEALANT TABUNG MULTI PURPOSE BLACK / WHITE 300ML,AV210,DEXTONE SILICON SEALANT TABUNG MULTI PURPOSE BLACK / WHITE 300ML,,36.0,36.0,1194480.0,1104894.0,OK,
7,PRU/PL/2605-0051,8362,11590,AV158,DEXTONE SILICONE RED 30GR,AV158,DEXTONE SILICONE RED 30GR,,12.0,12.0,115680.0,107004.0,OK,
7,PRU/PL/2605-0051,8363,11679,AV261,DEXTONE EPOXY STEEL 2 JAM WHITE 48GR,AV261,DEXTONE EPOXY STEEL 2 JAM WHITE 48GR,,12.0,12.0,181200.0,167610.0,OK,
7,PRU/PL/2605-0052,8366,10835,AV235,DEXTONE LEM PIPA PVC TUBE 40GR,AV235,DEXTONE LEM PIPA PVC TUBE 40GR,,24.0,24.0,140160.0,129648.0,OK,
7,PRU/PL/2605-0053,8367,8296,AC025,COZY STC 50 A/B - SILVER,AC025,COZY STC 50 A/B - SILVER,,20.0,20.0,9482000.0,5689200.0,OK,
7,PRU/PL/2605-0054,8368,8296,AC025,COZY STC 50 A/B - SILVER,AC025,COZY STC 50 A/B - SILVER,,20.0,20.0,9482000.0,5689200.0,OK,
7,PRU/PL/2605-0055,8369,8397,AC028,FORTE KC 100B,AC028,FORTE KC 100B,,1.0,1.0,3543500.0,2126100.0,OK,
7,PRU/PL/2605-0055,8370,8398,AC029,FORTE SI 162B,AC029,FORTE SI 162B,,8.0,8.0,42964000.0,25778400.0,OK,
7,PRU/PL/2605-0056,8372,4675,AV062,TINTA AVIAN BM,AV062,TINTA AVIAN BM,,3.0,3.0,554700.0,513097.5,OK,
7,PRU/PL/2605-0056,8373,4690,AV081,TINTA AVIAN BO,AV081,TINTA AVIAN BO,,3.0,3.0,1051500.0,972637.5,OK,
7,PRU/PL/2605-0056,8374,4676,AV064,TINTA AVIAN DB,AV064,TINTA AVIAN DB,,3.0,3.0,768900.0,711232.5,OK,
7,PRU/PL/2605-0056,8375,4677,AV067,TINTA AVIAN GK,AV067,TINTA AVIAN GK,,3.0,3.0,889200.0,822510.0,OK,
7,PRU/PL/2605-0056,8376,4678,AV069,TINTA AVIAN HP,AV069,TINTA AVIAN HP,,3.0,3.0,2470500.0,2285212.5,OK,
7,PRU/PL/2605-0056,8377,4691,AV082,TINTA AVIAN OS,AV082,TINTA AVIAN OS,,3.0,3.0,2409000.0,2228325.0,OK,
7,PRU/PL/2605-0056,8378,4679,AV070,TINTA AVIAN PT,AV070,TINTA AVIAN PT,,3.0,3.0,907500.0,839437.5,OK,
7,PRU/PL/2605-0056,8379,4680,AV071,TINTA AVIAN RD,AV071,TINTA AVIAN RD,,3.0,3.0,767100.0,709567.5,OK,
7,PRU/PL/2605-0056,8380,4692,AV083,TINTA AVIAN RE,AV083,TINTA AVIAN RE,,3.0,3.0,1167997.5,1167975.0,OK,
7,PRU/PL/2605-0056,8381,4681,AV072,TINTA AVIAN RV,AV072,TINTA AVIAN RV,,3.0,3.0,2566500.0,2374012.5,OK,
7,PRU/PL/2605-0056,8382,4682,AV073,TINTA AVIAN WP,AV073,TINTA AVIAN WP,,3.0,3.0,1094100.0,1012042.5,OK,
7,PRU/PL/2605-0056,8383,4683,AV074,TINTA AVIAN YD,AV074,TINTA AVIAN YD,,3.0,3.0,640800.0,592740.0,OK,
7,PRU/PL/2605-0056,8384,4685,AV076,TINTA AVIAN YK,AV076,TINTA AVIAN YK,,3.0,3.0,1616700.0,1495447.5,OK,
7,PRU/PL/2605-0056,8385,4686,AV077,TINTA AVIAN YV,AV077,TINTA AVIAN YV,,3.0,3.0,3924300.0,3629977.5,OK,
7,PRU/PL/2605-0056,8386,4684,AV075,TINTA AVIAN YE,AV075,TINTA AVIAN YE,,3.0,3.0,1041900.0,963757.5,OK,
7,PRU/PL/2604-0023,8391,7092,SH025,TANGGA SANSHAN JZ/ST-901-5A,SH025,TANGGA SANSHAN JZ/ST-901-5A,,10.0,10.0,5662500.0,5379375.0,OK,
7,PRU/PL/2604-0023,8392,6715,SH012,TANGGA SANSHAN JZ/ST-901-6A,SH012,TANGGA SANSHAN JZ/ST-901-6A,,10.0,10.0,6645000.0,6312750.0,OK,
7,PRU/PL/2604-0024,8407,11941,OP491,SOFA SET 331 SEATER ALBATROS PREMIUM SUMMER 351,OP491,SOFA SET 331 SEATER ALBATROS PREMIUM SUMMER 351,,1.0,1.0,24500000.0,24500000.0,OK,
7,PRU/PL/2604-0025,8408,11943,OP493,SOFA 2 SEATER PROCELLA FREYA OSCAR GREY-BEIGE,OP493,SOFA 2 SEATER PROCELLA FREYA OSCAR GREY-BEIGE,,2.0,2.0,11000000.0,11000000.0,OK,
7,PRU/PL/2604-0025,8409,11944,OP494,SOFA 2 SEATER PROCELLA EDITH,OP494,SOFA 2 SEATER PROCELLA EDITH,,2.0,2.0,6000000.0,6000000.0,OK,
7,PRU/PL/2604-0025,8410,11945,OP495,MEJA TAMU OLYMPIC CT AMODA,OP495,MEJA TAMU OLYMPIC CT AMODA,,4.0,4.0,1400000.0,0.0,OK,
7,PRU/PL/2604-0026,8411,11942,OP492,SOFA 2 SEATER ALBATROS PREMIUM WINTER FF-23,OP492,SOFA 2 SEATER ALBATROS PREMIUM WINTER FF-23,,1.0,1.0,14200000.0,14200000.0,OK,
7,PRU/PL/2604-0027,8412,11646,OP386,SOFA PROCELLA LEXY BLUDRU 3 SEATER+ 2 PUFF+ MEJA,OP386,SOFA PROCELLA LEXY BLUDRU 3 SEATER+ 2 PUFF+ MEJA,,2.0,2.0,7600000.0,7600000.0,OK,
7,PRU/PL/2604-0028,8413,8199,OP071,SOFA BED CLOUD,OP071,SOFA BED CLOUD,,1.0,1.0,2935000.0,2935000.0,OK,
7,PRU/PL/2604-0030,8418,10950,OP304,SOFA 211 SEATER PROCELLA BALLERINA BLUDRU+MEJA,OP304,SOFA 211 SEATER PROCELLA BALLERINA BLUDRU+MEJA,,2.0,2.0,11000000.0,10000000.0,OK,
7,PRU/PL/2604-0030,8419,8180,OP054,"SOFA 1 SEATER CHESTER UNGU, COKLAT",OP054,"SOFA 1 SEATER CHESTER UNGU, COKLAT",,2.0,2.0,2500000.0,2500000.0,OK,
7,PRU/PL/2604-0030,8420,8181,OP055,"SOFA 2 SEATER CHESTER UNGU, COKLAT",OP055,"SOFA 2 SEATER CHESTER UNGU, COKLAT",,1.0,1.0,2500000.0,2500000.0,OK,
7,PRU/PL/2604-0030,8421,8301,OP091,"MEJA SOFA PROCELLA CLASIC+KACA UNGU, COKLAT",OP091,"MEJA SOFA PROCELLA CLASIC+KACA UNGU, COKLAT",,1.0,1.0,500000.0,0.0,OK,
7,PRU/PL/2604-0031,8422,11773,OP407,LEMARI PAJANGAN ALBATROS SPRING DISPLAY CABINET,OP407,LEMARI PAJANGAN ALBATROS SPRING DISPLAY CABINET,,1.0,1.0,3590000.0,3590000.0,OK,
7,PRU/PL/2604-0031,8423,10109,OP206,LEMARI PAJANGAN ALBATROS AUTUMN DISPLAY CABINET,OP206,LEMARI PAJANGAN ALBATROS AUTUMN DISPLAY CABINET,,1.0,1.0,3590000.0,3590000.0,OK,
7,PRU/PL/2604-0031,8424,10105,OP202,CREDENZA ALBATROS SPRING CREDENZA,OP202,CREDENZA ALBATROS SPRING CREDENZA,,1.0,1.0,2145000.0,2145000.0,OK,
7,PRU/PL/2604-0031,8425,9823,OP171,LEMARI PAJANGAN ALBATROS WINTER DISPLAY CABINET,OP171,LEMARI PAJANGAN ALBATROS WINTER DISPLAY CABINET,,1.0,1.0,4235000.0,4235000.0,OK,
7,PRU/PL/2604-0031,8426,10104,OP201,CREDENZA ALBATROS CREDENZA SUMMER,OP201,CREDENZA ALBATROS CREDENZA SUMMER,,1.0,1.0,2520000.0,2520000.0,OK,
7,PRU/PL/2604-0031,8427,10106,OP203,CREDENZA ALBATROS AUTUMN CREDENZA,OP203,CREDENZA ALBATROS AUTUMN CREDENZA,,1.0,1.0,2855000.0,2855000.0,OK,
7,PRU/PL/2604-0031,8428,11772,OP406,LEMARI PAJANGAN ALBATROS SUMMER DISPLAY CABINET,OP406,LEMARI PAJANGAN ALBATROS SUMMER DISPLAY CABINET,,1.0,1.0,3900000.0,3900000.0,OK,
7,PRU/PL/2604-0031,8429,10103,OP200,CREDENZA ALBATROS CREDENZA WINTER,OP200,CREDENZA ALBATROS CREDENZA WINTER,,1.0,1.0,2667000.0,2667000.0,OK,
7,PRU/PL/2604-0033,8436,7971,OP030,LACI BESTPLAST BDC ST 04,OP030,LACI BESTPLAST BDC ST 04,,10.0,10.0,3820000.0,3820000.0,OK,
7,PRU/PL/2604-0033,8437,7970,OP029,LACI BESTPLAST BDC ST 05,OP029,LACI BESTPLAST BDC ST 05,,10.0,10.0,4350000.0,4350000.0,OK,
7,PRU/PL/2604-0034,8451,11809,OP436,LACI OLYMPLAST ODC CLASSIC 03A,OP436,LACI OLYMPLAST ODC CLASSIC 03A,,1.0,1.0,942000.0,942000.0,OK,
7,PRU/PL/2604-0034,8452,11810,OP437,LACI OLYMPLAST ODC CLASSIC 04A,OP437,LACI OLYMPLAST ODC CLASSIC 04A,,2.0,2.0,2360000.0,2360000.0,OK,
7,PRU/PL/2604-0034,8453,11811,OP438,LACI OLYMPLAST ODC CLASSIC 04B,OP438,LACI OLYMPLAST ODC CLASSIC 04B,,2.0,2.0,2480000.0,2480000.0,OK,
7,PRU/PL/2604-0034,8454,11812,OP439,LACI OLYMPLAST ODC CLASSIC 04C,OP439,LACI OLYMPLAST ODC CLASSIC 04C,,2.0,2.0,2600000.0,2600000.0,OK,
7,PRU/PL/2604-0034,8455,11813,OP440,LACI OLYMPLAST ODC CLASSIC 05A,OP440,LACI OLYMPLAST ODC CLASSIC 05A,,2.0,2.0,2840000.0,2840000.0,OK,
7,PRU/PL/2604-0034,8456,11814,OP441,LACI OLYMPLAST ODC CLASSIC 05C,OP441,LACI OLYMPLAST ODC CLASSIC 05C,,2.0,2.0,3080000.0,3080000.0,OK,
7,PRU/PL/2604-0034,8457,11802,OP429,LACI OLYMPLAST ODC MODERN 03,OP429,LACI OLYMPLAST ODC MODERN 03,,2.0,2.0,1864000.0,1864000.0,OK,
7,PRU/PL/2604-0034,8458,11803,OP430,LACI OLYMPLAST ODC MODERN 04,OP430,LACI OLYMPLAST ODC MODERN 04,,4.0,4.0,4640000.0,4640000.0,OK,
7,PRU/PL/2604-0035,8459,11803,OP430,LACI OLYMPLAST ODC MODERN 04,OP430,LACI OLYMPLAST ODC MODERN 04,,8.0,8.0,9280000.0,9280000.0,OK,
7,PRU/PL/2604-0035,8460,11804,OP431,LACI OLYMPLAST ODC TSUM TSUM 04,OP431,LACI OLYMPLAST ODC TSUM TSUM 04,,2.0,2.0,2650000.0,2650000.0,OK,
7,PRU/PL/2604-0036,8461,11806,OP433,MEJA RIAS OLYMPIC GOLD DRT HEMARA,OP433,MEJA RIAS OLYMPIC GOLD DRT HEMARA,,2.0,2.0,4600000.0,4600000.0,OK,
7,PRU/PL/2604-0036,8462,11807,OP434,RAK TV OLYMPIC GOLD AVR HEMERA,OP434,RAK TV OLYMPIC GOLD AVR HEMERA,,2.0,2.0,1800000.0,1800000.0,OK,
7,PRU/PL/2604-0036,8463,9384,OP133,MEJA BELAJAR KARAKTER G STAR MBB,OP133,MEJA BELAJAR KARAKTER G STAR MBB,,2.0,2.0,900000.0,900000.0,OK,
7,PRU/PL/2604-0036,8464,11808,OP435,MEJA PROJECT MEJA STAFF AMBON,OP435,MEJA PROJECT MEJA STAFF AMBON,,1.0,1.0,3800000.0,3800000.0,OK,
7,PRU/PL/2604-0037,8465,9384,OP133,MEJA BELAJAR KARAKTER G STAR MBB,OP133,MEJA BELAJAR KARAKTER G STAR MBB,,6.0,6.0,3690000.0,3690000.0,OK,
7,PRU/PL/2604-0037,8466,9383,OP132,"MEJA BELAJAR KARAKTER OLYMPIC SILVER SDS, SDB, RDS RED",OP132,"MEJA BELAJAR KARAKTER OLYMPIC SILVER SDS, SDB, RDS RED",,2.0,2.0,1000000.0,1000000.0,OK,
7,PRU/PL/2605-0058,8467,10772,AV227,AVIAN SYNTHETIC BASE A 2.5L,AV227,AVIAN SYNTHETIC BASE A 2.5L,,8.0,8.0,1944800.0,1701700.0,OK,
7,PRU/PL/2605-0058,8468,10773,AV228,AVIAN SYNTHETIC BASE B 2.5L,AV228,AVIAN SYNTHETIC BASE B 2.5L,,8.0,8.0,1868000.0,1634500.0,OK,
7,PRU/PL/2605-0058,8469,10774,AV229,AVIAN SYNTHETIC BASE C 2.5L,AV229,AVIAN SYNTHETIC BASE C 2.5L,,8.0,8.0,1792000.0,1568000.0,OK,
7,PRU/PL/2605-0060,8471,8851,AV065,AVIAN CAT LAPANGAN 5KG,AV065,AVIAN CAT LAPANGAN 5KG,,8.0,8.0,2482400.0,2066598.0,OK,
7,PRU/PL/2605-0060,8472,9036,AV166,AVIAN CAT LAPANGAN BASE A 5KG,AV166,AVIAN CAT LAPANGAN BASE A 5KG,,4.0,4.0,1184400.0,932715.0,OK,
7,PRU/PL/2605-0060,8473,9037,AV167,AVIAN CAT LAPANGAN BASE C 5KG,AV167,AVIAN CAT LAPANGAN BASE C 5KG,,4.0,4.0,1092000.0,859950.0,OK,
7,PRU/PL/2605-0060,8474,10762,AV223,AVIAN CAT LAPANGAN BASE A 25L,AV223,AVIAN CAT LAPANGAN BASE A 25L,,1.0,1.0,1303600.0,1026585.0,OK,
7,PRU/PL/2605-0060,8475,10237,AV117,AVIAN CAT LAPANGAN BASE C 25KG,AV117,AVIAN CAT LAPANGAN BASE C 25KG,,1.0,1.0,1202400.0,946890.0,OK,
7,PRU/PL/2605-0061,8476,8748,AV160,AVIAN CLING 0.86L,AV160,AVIAN CLING 0.86L,,72.0,72.0,5414400.0,5008320.0,OK,
7,PRU/PL/2605-0061,8477,4194,AV130,LEM AVIAN NON SAG 1.6KG,AV130,LEM AVIAN NON SAG 1.6KG,,6.0,6.0,1850400.0,1711620.0,OK,
7,PRU/PL/2605-0062,8478,10633,AV212,HOME DECO METALLIC PAINT 02 0.75L,AV212,HOME DECO METALLIC PAINT 02 0.75L,,12.0,12.0,1639200.0,1516260.0,OK,
7,PRU/PL/2605-0062,8479,8745,AV159,NO DROP TILE GROUT ANTI BOCOR 55,AV159,NO DROP TILE GROUT ANTI BOCOR 55,,12.0,12.0,292800.0,270840.0,OK,
7,PRU/PL/2605-0063,8480,487,SB051,RANTAI OREGON BESAR,SB051,RANTAI OREGON BESAR,,200.0,200.0,42000000.0,42000000.0,OK,
7,PRU/PL/2604-0038,8481,11966,PU028,PINTU UPVC VAPELY L-01,PU028,PINTU UPVC VAPELY L-01,,5.0,5.0,3425000.0,3253750.0,OK,
7,PRU/PL/2604-0038,8482,10883,PU021,PINTU PVC VAPELY L-03,PU021,PINTU PVC VAPELY L-03,,5.0,5.0,3425000.0,3253750.0,OK,
7,PRU/PL/2604-0038,8483,6717,PU010,PINTU PVC VAPELY R-03,PU010,PINTU PVC VAPELY R-03,,5.0,5.0,3425000.0,3253750.0,OK,
7,PRU/PL/2605-0064,8484,10593,AV192,AVIAN PLATINUM SYNTHETIC 4 0.9L,AV192,AVIAN PLATINUM SYNTHETIC 4 0.9L,,12.0,12.0,1437600.0,1329780.0,OK,
7,PRU/PL/2605-0064,8485,7215,AV146,AVITEX BASE A 1KG,AV146,AVITEX BASE A 1KG,,12.0,12.0,532800.0,466200.0,OK,
7,PRU/PL/2605-0064,8486,7216,AV147,AVITEX BASE B 1KG,AV147,AVITEX BASE B 1KG,,12.0,12.0,511200.0,447300.0,OK,
7,PRU/PL/2605-0064,8487,7217,AV148,AVITEX BASE C 1KG,AV148,AVITEX BASE C 1KG,,12.0,12.0,492000.0,430500.0,OK,
7,PRU/PL/2605-0064,8488,283,AV030,AVITEX 1KG,AV030,AVITEX 1KG,,24.0,24.0,1120800.0,1036740.0,OK,
7,PRU/PL/2605-0064,8489,286,AV033,AVITEX BASE A 5KG,AV033,AVITEX BASE A 5KG,,20.0,20.0,3330000.0,2913750.0,OK,
7,PRU/PL/2605-0064,8490,287,AV034,AVITEX BASE B 5KG,AV034,AVITEX BASE B 5KG,,20.0,20.0,3200000.0,2800000.0,OK,
7,PRU/PL/2605-0064,8491,288,AV035,AVITEX BASE C 5KG,AV035,AVITEX BASE C 5KG,,8.0,8.0,1231200.0,1077300.0,OK,
7,PRU/PL/2605-0064,8492,284,AV031,AVITEX 5KG,AV031,AVITEX 5KG,,8.0,8.0,1397600.0,1292780.0,OK,
7,PRU/PL/2605-0064,8493,289,AV036,AVITEX BASE A 25KG,AV036,AVITEX BASE A 25KG,,5.0,5.0,3925000.0,3434375.0,OK,
7,PRU/PL/2605-0064,8494,7210,AV142,AVITEX GOLD BASE A 5KG,AV142,AVITEX GOLD BASE A 5KG,,16.0,16.0,3302400.0,2889600.0,OK,
7,PRU/PL/2605-0064,8495,7211,AV143,AVITEX GOLD BASE B 5KG,AV143,AVITEX GOLD BASE B 5KG,,16.0,16.0,3176000.0,2779000.0,OK,
7,PRU/PL/2605-0064,8496,7212,AV144,AVITEX GOLD BASE C 5KG,AV144,AVITEX GOLD BASE C 5KG,,16.0,16.0,3049600.0,2668400.0,OK,
7,PRU/PL/2605-0064,8497,9763,AV179,AVITEX GOLD BASE B 25KG,AV179,AVITEX GOLD BASE B 25KG,,2.0,2.0,1888600.0,1652525.0,OK,
7,PRU/PL/2605-0064,8498,257,AV004,"AVIAN 0,9L",AV004,"AVIAN 0,9L",,60.0,60.0,5622000.0,5200350.0,OK,
7,PRU/PL/2605-0064,8499,327,AV068,AVIAN 0.45L,AV068,AVIAN 0.45L,,324.0,324.0,17334000.0,16033950.0,OK,
7,PRU/PL/2605-0064,8500,325,AV066,PLITUR BOYO 1L,AV066,PLITUR BOYO 1L,,36.0,36.0,3441600.0,3183480.0,OK,
7,PRU/PL/2605-0064,8501,3006,AV029,PLITUR BOYO 0.5L,AV029,PLITUR BOYO 0.5L,,45.0,45.0,2416500.0,2235262.5,OK,
7,PRU/PL/2605-0064,8502,11699,AV266,DEXTONE LEM PUTIH PVAC 350GR,AV266,DEXTONE LEM PUTIH PVAC 350GR,,48.0,48.0,537120.0,496836.0,OK,
7,PRU/PL/2605-0064,8503,5663,AV112,AVITEX GOLD 5KG,AV112,AVITEX GOLD 5KG,,8.0,8.0,1748800.0,1617640.0,OK,
7,PRU/PL/2604-0039,8504,11742,OP396,LEMARI PANJANGAN OLYMPIC GOLD DCH CLARO 1K,OP396,LEMARI PANJANGAN OLYMPIC GOLD DCH CLARO 1K,,1.0,1.0,2845000.0,2845000.0,OK,
7,PRU/PL/2604-0039,8505,11509,OP357,LEMARI HIAS OLYMPIC SILVER WU OMEGA,OP357,LEMARI HIAS OLYMPIC SILVER WU OMEGA,,1.0,1.0,1615000.0,1615000.0,OK,
7,PRU/PL/2604-0039,8506,11508,OP356,LEMARI HIAS OLYMPIC SILVER WU ALFA,OP356,LEMARI HIAS OLYMPIC SILVER WU ALFA,,1.0,1.0,1280000.0,1280000.0,OK,
7,PRU/PL/2604-0039,8507,10919,OP299,LEMARI SEPATU OLYMPIC SILVER LS VANILLA,OP299,LEMARI SEPATU OLYMPIC SILVER LS VANILLA,,2.0,2.0,1670000.0,1670000.0,OK,
7,PRU/PL/2604-0039,8508,11480,OP335,CREDENZA OLYMPIC SILVER CSD AXENA,OP335,CREDENZA OLYMPIC SILVER CSD AXENA,,1.0,1.0,1080000.0,1080000.0,OK,
7,PRU/PL/2604-0039,8509,11831,OP458,CREDENZA OLYMPIC SILVER CSD NAVARO,OP458,CREDENZA OLYMPIC SILVER CSD NAVARO,,1.0,1.0,1155000.0,1155000.0,OK,
7,PRU/PL/2605-0065,8510,11931,DT093,DAT PASSIVE BMB AK 105,DT093,DAT PASSIVE BMB AK 105,,3.0,3.0,3900000.0,3900000.0,OK,
7,PRU/PL/2605-0065,8511,8049,DT035,DAT BMB SPEAKER DK 124,DT035,DAT BMB SPEAKER DK 124,,3.0,3.0,4950000.0,4950000.0,OK,
7,PRU/PL/2605-0065,8512,8760,DT049,DAT PASIVE SX 151,DT049,DAT PASIVE SX 151,,2.0,2.0,5600000.0,5600000.0,OK,
7,PRU/PL/2605-0065,8513,11932,DT094,DAT AMPLY DA 806,DT094,DAT AMPLY DA 806,,4.0,4.0,4800000.0,4800000.0,OK,
7,PRU/PL/2605-0065,8514,5409,DT016,DAT AMPLY 6250,DT016,DAT AMPLY 6250,,6.0,6.0,3750000.0,3750000.0,OK,
7,PRU/PL/2605-0065,8515,11940,DT102,DAT AMPLY DA 215,DT102,DAT AMPLY DA 215,,2.0,2.0,6000000.0,6000000.0,OK,
7,PRU/PL/2605-0065,8516,11933,DT095,DAT SPEAKER CAR SUBWOOFER CS 12,DT095,DAT SPEAKER CAR SUBWOOFER CS 12,,3.0,3.0,3300000.0,3300000.0,OK,
7,PRU/PL/2605-0065,8517,11934,DT096,DAT SPEAKER CAR SUBWOOFER CS 10,DT096,DAT SPEAKER CAR SUBWOOFER CS 10,,3.0,3.0,2850000.0,2850000.0,OK,
7,PRU/PL/2605-0065,8518,11935,DT097,DAT SOUND BANK 12XD,DT097,DAT SOUND BANK 12XD,,3.0,3.0,2100000.0,2100000.0,OK,
7,PRU/PL/2605-0065,8519,11350,DT087,DAT TROLLEY MAX 115 PV,DT087,DAT TROLLEY MAX 115 PV,,2.0,2.0,6800000.0,6800000.0,OK,
7,PRU/PL/2605-0065,8520,8759,DT048,DAT TROLLEY SPEAKER DT 1501,DT048,DAT TROLLEY SPEAKER DT 1501,,1.0,1.0,1850000.0,1850000.0,OK,
7,PRU/PL/2605-0065,8521,5661,DT023,DAT TROLLEY SPEAKER DT 1535,DT023,DAT TROLLEY SPEAKER DT 1535,,5.0,5.0,9500000.0,9500000.0,OK,
7,PRU/PL/2605-0065,8522,10875,DT078,DAT TROLLEY SPEAKER DT-2166,DT078,DAT TROLLEY SPEAKER DT-2166,,2.0,2.0,5800000.0,5800000.0,OK,
7,PRU/PL/2605-0065,8523,10873,DT076,DAT TROLLEY SPEAKER DT-2112,DT076,DAT TROLLEY SPEAKER DT-2112,,2.0,2.0,9100000.0,9100000.0,OK,
7,PRU/PL/2605-0065,8524,11936,DT098,DAT TROLLEY SPEAKER MS15,DT098,DAT TROLLEY SPEAKER MS15,,4.0,4.0,12400000.0,12400000.0,OK,
7,PRU/PL/2605-0065,8525,6970,DT031,"DAT ULTIMATE 15"" MAX 1570 SPK PASIVE",DT031,"DAT ULTIMATE 15"" MAX 1570 SPK PASIVE",,5.0,5.0,11000000.0,11000000.0,OK,
7,PRU/PL/2605-0065,8526,6969,DT030,DAT PASSIVE 1533 ULTIMATE,DT030,DAT PASSIVE 1533 ULTIMATE,,5.0,5.0,10000000.0,10000000.0,OK,
7,PRU/PL/2605-0065,8527,11937,DT099,DAT PASSIVE BMB 4500,DT099,DAT PASSIVE BMB 4500,,3.0,3.0,4800000.0,4800000.0,OK,
7,PRU/PL/2605-0065,8528,11938,DT100,DAT PASSIVE BMB AK100,DT100,DAT PASSIVE BMB AK100,,3.0,3.0,3900000.0,3900000.0,OK,
7,PRU/PL/2605-0065,8529,8659,DT047,DAT TROLLEY SPEAKER DT 1822,DT047,DAT TROLLEY SPEAKER DT 1822,,3.0,3.0,9000000.0,9000000.0,OK,
7,PRU/PL/2605-0065,8530,11572,DT091,DAT SPEAKER DV 152,DT091,DAT SPEAKER DV 152,,5.0,5.0,31500000.0,31500000.0,OK,
7,PRU/PL/2605-0065,8531,11573,DT092,DAT SPEAKERR DW 122,DT092,DAT SPEAKERR DW 122,,3.0,3.0,11700000.0,11700000.0,OK,
7,PRU/PL/2605-0065,8532,8052,DT038,DAT TROLLEY SPEAKER DT 1511 2 MIC,DT038,DAT TROLLEY SPEAKER DT 1511 2 MIC,,4.0,4.0,6600000.0,6600000.0,OK,
7,PRU/PL/2605-0065,8533,9836,DT057,DAT TROLLEY SPEAKER DT 887 8X2,DT057,DAT TROLLEY SPEAKER DT 887 8X2,,4.0,4.0,12000000.0,12000000.0,OK,
7,PRU/PL/2605-0065,8534,10874,DT077,DAT TROLLEY SPEAKER DT-1010,DT077,DAT TROLLEY SPEAKER DT-1010,,2.0,2.0,6800000.0,6800000.0,OK,
7,PRU/PL/2605-0065,8535,8047,DT033,DAT TROLLEY SPEAKER  DT 1220 ST,DT033,DAT TROLLEY SPEAKER  DT 1220 ST,,4.0,4.0,4600000.0,4600000.0,OK,
7,PRU/PL/2605-0065,8536,11346,DT083,DAT TROLLEY DT 101 ELITE,DT083,DAT TROLLEY DT 101 ELITE,,4.0,4.0,12800000.0,12800000.0,OK,
7,PRU/PL/2605-0065,8537,11939,DT101,DAT TROLLEY SPEAKER DT1516,DT101,DAT TROLLEY SPEAKER DT1516,,5.0,5.0,7500000.0,7500000.0,OK,
7,PRU/PL/2604-0040,8538,10889,OP292,RAK SERBAGUNA OLYMPIC REGULAR RH PINUMA,OP292,RAK SERBAGUNA OLYMPIC REGULAR RH PINUMA,,2.0,2.0,1370000.0,1370000.0,OK,
7,PRU/PL/2604-0040,8539,10885,OP288,RAK SERBAGUNA OLYMPIC REGULAR CSD KANTO PINE,OP288,RAK SERBAGUNA OLYMPIC REGULAR CSD KANTO PINE,,2.0,2.0,1950000.0,1950000.0,OK,
7,PRU/PL/2604-0040,8540,11816,OP443,"LEMARI PAKAIAN SLIDING OLYMPIC SILVER  WSD PALAZIO,FUERTE",OP443,"LEMARI PAKAIAN SLIDING OLYMPIC SILVER  WSD PALAZIO,FUERTE",,2.0,2.0,5580000.0,5580000.0,OK,
7,PRU/PL/2604-0040,8541,11817,OP444,LEMARI PAKAIAN PANEL OLYMPIC GOLD WRD BRAUN DAR GLOSS,OP444,LEMARI PAKAIAN PANEL OLYMPIC GOLD WRD BRAUN DAR GLOSS,,1.0,1.0,1930000.0,1930000.0,OK,
7,PRU/PL/2604-0041,8566,11795,OP422,LEMARI DUA PINTU OLYMPLAST OTC 2PL ST2 CLASSIC,OP422,LEMARI DUA PINTU OLYMPLAST OTC 2PL ST2 CLASSIC,,2.0,2.0,3180000.0,3180000.0,OK,
7,PRU/PL/2604-0041,8567,6435,OP008,LEMARI DUA PINTU OLYMPLAST OTC 2PL ST2 MODERN,OP008,LEMARI DUA PINTU OLYMPLAST OTC 2PL ST2 MODERN,,2.0,2.0,3006000.0,3006000.0,OK,
7,PRU/PL/2604-0041,8568,7980,OP039,LEMRI 2 PINTU OLYMPLAST SCO-C 2PB,OP039,LEMRI 2 PINTU OLYMPLAST SCO-C 2PB,,2.0,2.0,2590000.0,2590000.0,OK,
7,PRU/PL/2604-0041,8569,10736,OP273,LEMARI 4 PINTU OLYMPLAST OTC 4PL ST2 LUXURY,OP273,LEMARI 4 PINTU OLYMPLAST OTC 4PL ST2 LUXURY,,2.0,2.0,6000000.0,6000000.0,OK,
7,PRU/PL/2604-0042,8570,10319,OP233,MEJA BELAJAR OLYMPIC SILVER SDB ALORA,OP233,MEJA BELAJAR OLYMPIC SILVER SDB ALORA,,1.0,1.0,860000.0,860000.0,OK,
7,PRU/PL/2604-0042,8571,10299,OP228,MEJA BELAJAR OLYMPIC SILVER SDB KANTO,OP228,MEJA BELAJAR OLYMPIC SILVER SDB KANTO,,1.0,1.0,860000.0,860000.0,OK,
7,PRU/PL/2604-0042,8572,11834,OP461,MEJA PROJECT MEJA DIREKSI AMBON,OP461,MEJA PROJECT MEJA DIREKSI AMBON,,1.0,1.0,7400000.0,7400000.0,OK,
7,PRU/PL/2604-0042,8573,11835,OP462,MEJA PROJECT MEJA DIREKSI AMBON 2.0,OP462,MEJA PROJECT MEJA DIREKSI AMBON 2.0,,1.0,1.0,8200000.0,8200000.0,OK,
7,PRU/PL/2604-0042,8574,11836,OP463,MEJA TULIS OLYMPIC SILVER MT 80 RUBIK,OP463,MEJA TULIS OLYMPIC SILVER MT 80 RUBIK,,1.0,1.0,450000.0,450000.0,OK,
7,PRU/PL/2604-0043,8585,10279,OP225,KURSI MANAGER FRONTLINE MI 07 OSCAR HITAM,OP225,KURSI MANAGER FRONTLINE MI 07 OSCAR HITAM,,2.0,2.0,1900000.0,1900000.0,OK,
7,PRU/PL/2604-0043,8586,11832,OP459,KURSI LIPAT FRONTLINE KLBP CAT MERAH,OP459,KURSI LIPAT FRONTLINE KLBP CAT MERAH,,2.0,2.0,860000.0,860000.0,OK,
7,PRU/PL/2604-0043,8587,11833,OP460,KURSI LIPAT FRONTLINE KLF CELLIO,OP460,KURSI LIPAT FRONTLINE KLF CELLIO,,2.0,2.0,980000.0,980000.0,OK,
7,PRU/PL/2604-0043,8588,7965,OP024,KURSI KULIAH FRONTLINE KK 101 HITAM,OP024,KURSI KULIAH FRONTLINE KK 101 HITAM,,2.0,2.0,1170000.0,1170000.0,OK,
7,PRU/PL/2604-0044,8589,11821,OP448,MEJA DIREKTUR FRONTLINE ED CIERRA NATURAL,OP448,MEJA DIREKTUR FRONTLINE ED CIERRA NATURAL,,2.0,2.0,9200000.0,9200000.0,OK,
7,PRU/PL/2604-0044,8590,11822,OP449,MEJA SEKOLAH FRONTLINE MT KIDS T 800X800,OP449,MEJA SEKOLAH FRONTLINE MT KIDS T 800X800,,2.0,2.0,980000.0,980000.0,OK,
7,PRU/PL/2604-0044,8591,11823,OP450,KURSI STAFF MORATA KS,OP450,KURSI STAFF MORATA KS,,4.0,4.0,2400000.0,2400000.0,OK,
7,PRU/PL/2604-0044,8592,11824,OP451,KURSI STAFF FRONTLINE OC OLIVER,OP451,KURSI STAFF FRONTLINE OC OLIVER,,2.0,2.0,5900000.0,5900000.0,OK,
7,PRU/PL/2604-0044,8593,11825,OP452,KURSI STAFF FRONTLINE OC 08 HITAM,OP452,KURSI STAFF FRONTLINE OC 08 HITAM,,2.0,2.0,1700000.0,1700000.0,OK,
7,PRU/PL/2604-0045,8599,11815,OP442,LEMARI PANJANGAN OLYMPIC GOLD DCH CLARO 2K,OP442,LEMARI PANJANGAN OLYMPIC GOLD DCH CLARO 2K,,1.0,1.0,2880000.0,2880000.0,OK,
7,PRU/PL/2604-0046,8600,11787,OP420,"LEMARI PAKAIAN BESI OLYMSTEEL OSWS RH (LENO,FREYA,ALBA)",OP420,"LEMARI PAKAIAN BESI OLYMSTEEL OSWS RH (LENO,FREYA,ALBA)",,5.0,5.0,16250000.0,16250000.0,OK,
7,PRU/PL/2604-0046,8601,11351,OP331,LEMARI PAKAIAN BESI OLYMSTEEL OSW ALVARE 3P,OP331,LEMARI PAKAIAN BESI OLYMSTEEL OSW ALVARE 3P,,2.0,2.0,9100000.0,9100000.0,OK,
7,PRU/PL/2604-0046,8602,11536,OP363,LEMARI PAKAIAN BESI OLYMPIC OSW C 3P,OP363,LEMARI PAKAIAN BESI OLYMPIC OSW C 3P,,3.0,3.0,9600000.0,9600000.0,OK,
7,PRU/PL/2604-0047,8603,11801,OP428,"LEMARI 2 PINTU OLYMPLAST OMC ST1 (GRAHA,CREAM, JALUSI)",OP428,"LEMARI 2 PINTU OLYMPLAST OMC ST1 (GRAHA,CREAM, JALUSI)",,4.0,4.0,5232000.0,5232000.0,OK,
7,PRU/PL/2604-0049,8604,7974,OP033,KURSI ANAK OLYMPLAST OK 305 PINK,OP033,KURSI ANAK OLYMPLAST OK 305 PINK,,12.0,12.0,864000.0,864000.0,OK,
7,PRU/PL/2604-0049,8605,11798,OP425,RAK SEPATU OLYMPLAST SRO 2SW,OP425,RAK SEPATU OLYMPLAST SRO 2SW,,2.0,2.0,1556000.0,1556000.0,OK,
7,PRU/PL/2604-0049,8606,11799,OP426,RAK SEPATU OLYMPLAST SRO 2SW1L,OP426,RAK SEPATU OLYMPLAST SRO 2SW1L,,2.0,2.0,1816000.0,1816000.0,OK,
7,PRU/PL/2604-0049,8607,11800,OP427,RAK SEPATU OLYMPLAST SRO 3SW,OP427,RAK SEPATU OLYMPLAST SRO 3SW,,2.0,2.0,2020000.0,2020000.0,OK,
7,PRU/PL/2604-0050,8609,10734,OP271,LEMARI 2 PINTU OLYMPLAST OTC 2PL ST2 LUXURY,OP271,LEMARI 2 PINTU OLYMPLAST OTC 2PL ST2 LUXURY,,2.0,2.0,3160000.0,3160000.0,OK,
7,PRU/PL/2604-0050,8610,7980,OP039,LEMRI 2 PINTU OLYMPLAST SCO-C 2PB,OP039,LEMRI 2 PINTU OLYMPLAST SCO-C 2PB,,1.0,1.0,1295000.0,1295000.0,OK,
7,PRU/PL/2604-0050,8611,11805,OP432,LEMARI 4 PINTU OLYMPLAST OTC 4PL,OP432,LEMARI 4 PINTU OLYMPLAST OTC 4PL,,2.0,2.0,5614000.0,5614000.0,OK,
7,PRU/PL/2604-0051,8612,8192,OP064,KERANJANG OLB,OP064,KERANJANG OLB,,6.0,6.0,1020000.0,1020000.0,OK,
7,PRU/PL/2604-0051,8613,9783,OP162,KOTAK PENYIMPANAN OLYMPLAST OSB,OP162,KOTAK PENYIMPANAN OLYMPLAST OSB,,19.0,19.0,1045000.0,1045000.0,OK,
7,PRU/PL/2604-0051,8614,11869,OP484,LACI ANAK OLYMPLAST ODC 05,OP484,LACI ANAK OLYMPLAST ODC 05,,3.0,3.0,4095000.0,4095000.0,OK,
7,PRU/PL/2604-0052,8615,11852,OP469,BOOK CABINET OLYMPLAST BCO 2K-2P,OP469,BOOK CABINET OLYMPLAST BCO 2K-2P,,2.0,2.0,2278000.0,2278000.0,OK,
7,PRU/PL/2604-0052,8616,11853,OP470,BOOK CABINET OLYMPLAST BCO 2R-2P,OP470,BOOK CABINET OLYMPLAST BCO 2R-2P,,2.0,2.0,1854000.0,1854000.0,OK,
7,PRU/PL/2604-0052,8617,11854,OP471,BOOK CABINET OLYMPLAST BCO 4K,OP471,BOOK CABINET OLYMPLAST BCO 4K,,2.0,2.0,2446000.0,2446000.0,OK,
7,PRU/PL/2604-0052,8618,11855,OP472,BOOK CABINET OLYMPLAST BCO 4R,OP472,BOOK CABINET OLYMPLAST BCO 4R,,2.0,2.0,1612000.0,1612000.0,OK,
7,PRU/PL/2604-0052,8619,11856,OP473,BED FOUNDATION PLASTIK OLYMPLAST OBF 160 TALL HEADBOARD,OP473,BED FOUNDATION PLASTIK OLYMPLAST OBF 160 TALL HEADBOARD,,1.0,1.0,2036000.0,2036000.0,OK,
7,PRU/PL/2604-0052,8620,11857,OP474,BED FOUNDATION PLASTIK OLYMPLAST OBF 90 SHORT HEADBOARD,OP474,BED FOUNDATION PLASTIK OLYMPLAST OBF 90 SHORT HEADBOARD,,1.0,1.0,1267000.0,1267000.0,OK,
7,PRU/PL/2604-0053,8696,11809,OP436,LACI OLYMPLAST ODC CLASSIC 03A,OP436,LACI OLYMPLAST ODC CLASSIC 03A,,1.0,1.0,942000.0,942000.0,OK,
7,PRU/PL/2605-0066,8698,8748,AV160,AVIAN CLING 0.86L,AV160,AVIAN CLING 0.86L,,168.0,168.0,12633600.0,11686080.0,OK,
7,PRU/PL/2605-0066,8699,10541,AV206,AVIAN CLING 200CC,AV206,AVIAN CLING 200CC,,96.0,96.0,2187168.0,2023130.4,OK,
7,PRU/PL/2605-0066,8700,8757,AV156,ARIES GOLD 1L,AV156,ARIES GOLD 1L,,138.0,138.0,4692000.0,4340100.0,OK,
7,PRU/PL/2605-0066,8701,8757,AV156,ARIES GOLD 1L,AV156,ARIES GOLD 1L,,6.0,6.0,204000.0,179254.8,OK,
7,PRU/PL/2605-0066,8702,8799,AV161,ARIES GOLD BASE A 1KG,AV161,ARIES GOLD BASE A 1KG,,12.0,12.0,386400.0,338100.0,OK,
7,PRU/PL/2605-0066,8703,8800,AV162,ARIES GOLD BASE B 1KG,AV162,ARIES GOLD BASE B 1KG,,12.0,12.0,373200.0,326550.0,OK,
7,PRU/PL/2605-0066,8704,8801,AV163,ARIES GOLD BASE C 1KG,AV163,ARIES GOLD BASE C 1KG,,12.0,12.0,358800.0,313950.0,OK,
7,PRU/PL/2605-0066,8705,275,AV005,ARIES GOLD 4.5L,AV005,ARIES GOLD 4.5L,,64.0,64.0,6700800.0,6198240.0,OK,
7,PRU/PL/2605-0066,8706,10543,AV208,LEM AVIAN NON SAG 170G,AV208,LEM AVIAN NON SAG 170G,,80.0,80.0,3864000.0,3574200.0,OK,
7,PRU/PL/2605-0066,8707,4195,AV131,LEM AVIAN NON SAG 400G,AV131,LEM AVIAN NON SAG 400G,,30.0,30.0,2655000.0,2455875.0,OK,
7,PRU/PL/2605-0066,8708,10100,AV185,AVITEX TOP SW 5KG,AV185,AVITEX TOP SW 5KG,,8.0,8.0,1229600.0,1023642.0,OK,
7,PRU/PL/2605-0066,8709,295,AV042,NO DROP 1L,AV042,NO DROP 1L,,34.0,34.0,2641800.0,2443665.0,OK,
7,PRU/PL/2605-0066,8710,305,AV052,NO DROP BASE Y 1L,AV052,NO DROP BASE Y 1L,,2.0,2.0,159800.0,139825.0,OK,
7,PRU/PL/2605-0066,8711,296,AV043,NO DROP 4L,AV043,NO DROP 4L,,36.0,36.0,10584000.0,9790200.0,OK,
7,PRU/PL/2605-0066,8712,299,AV046,NO DROP BASE B 4L,AV046,NO DROP BASE B 4L,,2.0,2.0,492100.0,492075.0,OK,
7,PRU/PL/2605-0066,8713,4734,AV092,NO DROP BASE A 20KG,AV092,NO DROP BASE A 20KG,,1.0,1.0,1337900.0,1170662.5,OK,
7,PRU/PL/2605-0066,8714,4735,AV093,NO DROP BASE B 20KG,AV093,NO DROP BASE B 20KG,,1.0,1.0,1285000.0,1124375.0,OK,
7,PRU/PL/2605-0066,8715,4736,AV094,NO DROP BASE C 20KG,AV094,NO DROP BASE C 20KG,,1.0,1.0,1233500.0,1079312.5,OK,
7,PRU/PL/2605-0066,8716,4737,AV098,NO DROP BASE Y 20KG,AV098,NO DROP BASE Y 20KG,,1.0,1.0,1381000.0,1208375.0,OK,
7,PRU/PL/2605-0066,8717,263,AV024,SUZUKA STANDART 1L,AV024,SUZUKA STANDART 1L,,24.0,24.0,2644800.0,2446440.0,OK,
7,PRU/PL/2605-0066,8718,265,AV026,SUZUKA 200CC,AV026,SUZUKA 200CC,,36.0,36.0,1087200.0,1005660.0,OK,
7,PRU/PL/2605-0066,8719,4519,AV061,SUZUKA 200CC METALIC,AV061,SUZUKA 200CC METALIC,,24.0,24.0,904800.0,836940.0,OK,
7,PRU/PL/2605-0066,8720,336,AV097,PILOX SUZUKA 300CC,AV097,PILOX SUZUKA 300CC,,66.0,66.0,2171400.0,2008545.0,OK,
7,PRU/PL/2605-0066,8721,3001,AV028,PILOX SUZUKA SF 300CC,AV028,PILOX SUZUKA SF 300CC,,30.0,30.0,1308000.0,1209900.0,OK,
7,PRU/PL/2605-0066,8722,2913,AV014,VIP 1L,AV014,VIP 1L,,12.0,12.0,1051200.0,972360.0,OK,
7,PRU/PL/2605-0066,8723,280,AV010,ARIES GOLD BASE A 18KG,AV010,ARIES GOLD BASE A 18KG,,6.0,6.0,2328600.0,2037525.0,OK,
7,PRU/PL/2605-0066,8724,281,AV011,ARIES GOLD BASE B 18KG,AV011,ARIES GOLD BASE B 18KG,,6.0,6.0,2242800.0,1962450.0,OK,
7,PRU/PL/2605-0066,8725,282,AV012,ARIES GOLD BASE C 18KG,AV012,ARIES GOLD BASE C 18KG,,6.0,6.0,2155800.0,1886325.0,OK,
7,PRU/PL/2604-0055,8726,7973,OP032,MEJA ANAK OLYMPLAST OKT,OP032,MEJA ANAK OLYMPLAST OKT,,12.0,12.0,2748000.0,2748000.0,OK,
7,PRU/PL/2604-0056,8727,11871,OP486,LEMARI PAKAIAN PANEL OLYMPIC SILVER LPL,OP486,LEMARI PAKAIAN PANEL OLYMPIC SILVER LPL,,1.0,1.0,4555000.0,4555000.0,OK,
7,PRU/PL/2604-0057,8728,11870,OP485,KABINET OLYMPLAST OTC CRENDENZA LUXURY,OP485,KABINET OLYMPLAST OTC CRENDENZA LUXURY,,3.0,3.0,4440000.0,4440000.0,OK,
7,PRU/PL/2604-0057,8729,11873,OP488,KABINET OLYMPLAST OTC LOCKER (A),OP488,KABINET OLYMPLAST OTC LOCKER (A),,3.0,3.0,2844000.0,2844000.0,OK,
7,PRU/PL/2604-0057,8730,11874,OP489,KABINET OLYMPLAST OTC LOCKER (B),OP489,KABINET OLYMPLAST OTC LOCKER (B),,3.0,3.0,3375000.0,3375000.0,OK,
7,PRU/PL/2604-0057,8731,11875,OP490,KABINET OLYMPLAST OTC LOCKER (C),OP490,KABINET OLYMPLAST OTC LOCKER (C),,3.0,3.0,3639000.0,3639000.0,OK,
7,PRU/PL/2604-0057,8732,9778,OP159,KERANJANG LIPAT OLYMPLAST OFB CREAM,OP159,KERANJANG LIPAT OLYMPLAST OFB CREAM,,6.0,6.0,750000.0,750000.0,OK,
7,PRU/PL/2604-0058,8733,10862,OP285,RAK TV BESI OLYMSTEEL AVR SERENITY,OP285,RAK TV BESI OLYMSTEEL AVR SERENITY,,1.0,1.0,1050000.0,1050000.0,OK,
7,PRU/PL/2604-0059,8734,11863,OP480,"STORAGE OLYMPLAST OMS 2X4 (LUXURY, PURE)",OP480,"STORAGE OLYMPLAST OMS 2X4 (LUXURY, PURE)",,10.0,10.0,9360000.0,9360000.0,OK,
7,PRU/PL/2604-0059,8735,11864,OP481,"STORAGE OLYMPLAST OMS 3X2 (LUXURY, PURE)",OP481,"STORAGE OLYMPLAST OMS 3X2 (LUXURY, PURE)",,10.0,10.0,7780000.0,7780000.0,OK,
7,PRU/PL/2604-0059,8736,11865,OP482,"STORAGE OLYMPLAST OMS 3X3 (LUXURY, PURE)",OP482,"STORAGE OLYMPLAST OMS 3X3 (LUXURY, PURE)",,10.0,10.0,10660000.0,10660000.0,OK,
7,PRU/PL/2604-0059,8737,11866,OP483,"STORAGE OLYMPLAST OMS 3X4 (LUXURY, PURE)",OP483,"STORAGE OLYMPLAST OMS 3X4 (LUXURY, PURE)",,10.0,10.0,12450000.0,12450000.0,OK,
7,PRU/PL/2604-0060,8738,8421,OP095,LEMARI PAKAIAN BESI OLYMPIC OSW 90,OP095,LEMARI PAKAIAN BESI OLYMPIC OSW 90,,4.0,4.0,7000000.0,7000000.0,OK,
7,PRU/PL/2604-0060,8739,6429,OP002,LEMARI PAKAIAN BESI OLYMPIC OSWS 120,OP002,LEMARI PAKAIAN BESI OLYMPIC OSWS 120,,2.0,2.0,3700000.0,3700000.0,OK,
7,PRU/PL/2604-0061,8740,11858,OP475,KABINET OLYMPLAST OTC CREDENZA CLASIC,OP475,KABINET OLYMPLAST OTC CREDENZA CLASIC,,3.0,3.0,4167000.0,4167000.0,OK,
7,PRU/PL/2604-0062,8741,7967,OP026,TROLLY PENYIMPANAN OLYMPLAST OFT 03,OP026,TROLLY PENYIMPANAN OLYMPLAST OFT 03,,10.0,10.0,2250000.0,2250000.0,OK,
7,PRU/PL/2605-0067,8742,6964,INL061,IN LITE BULB INB007 3W PUTIH,INL061,IN LITE BULB INB007 3W PUTIH,,200.0,200.0,1808400.0,1808400.0,OK,
7,PRU/PL/2605-0067,8743,6887,INL004,IN LITE BULB INB007 7W KUNING,INL004,IN LITE BULB INB007 7W KUNING,,100.0,100.0,1539000.0,1539000.0,OK,
7,PRU/PL/2605-0067,8744,6891,INL008,IN LITE BULB INB007 12W KUNING,INL008,IN LITE BULB INB007 12W KUNING,,100.0,100.0,2289200.0,2289200.0,OK,
7,PRU/PL/2605-0067,8745,10959,INL130,IN LITE BULB INB007 5W PUTIH 2 FREE 1,INL130,IN LITE BULB INB007 5W PUTIH 2 FREE 1,,256.0,256.0,6497280.0,6497280.0,OK,
7,PRU/PL/2605-0067,8746,11968,INL138,INLITE BULB INB007 7W PUTIH 2 FREE 1,INL138,INLITE BULB INB007 7W PUTIH 2 FREE 1,,32.0,32.0,1036800.0,1036800.0,OK,
7,PRU/PL/2605-0067,8747,11969,INL139,INLITE BULB INB007 9W PUTIH 2 FREE 1,INL139,INLITE BULB INB007 9W PUTIH 2 FREE 1,,64.0,64.0,2522880.0,2522880.0,OK,
7,PRU/PL/2605-0067,8748,10960,INL131,IN LITE BULB INB007 12W PUTIH 2 FREE 1,INL131,IN LITE BULB INB007 12W PUTIH 2 FREE 1,,64.0,64.0,3084480.0,3084480.0,OK,
7,PRU/PL/2605-0067,8749,9433,INL101,IN LITE INPS 628S 6W 3000K GALAXY PANEL,INL101,IN LITE INPS 628S 6W 3000K GALAXY PANEL,,20.0,20.0,840680.0,840680.0,OK,
7,PRU/PL/2605-0067,8750,6904,INL021,IN LITE INPS 628S 9W 6500K GALAXY PANEL,INL021,IN LITE INPS 628S 9W 6500K GALAXY PANEL,,60.0,60.0,3423660.0,3423660.0,OK,
7,PRU/PL/2605-0067,8751,6906,INL023,IN LITE INSS 628R 12W 6500K GALAXY PANEL,INL023,IN LITE INSS 628R 12W 6500K GALAXY PANEL,,60.0,60.0,4755720.0,4755720.0,OK,
7,PRU/PL/2605-0067,8752,6907,INL024,IN LITE INSS 628S 12W 6500K GALAXY PANEL,INL024,IN LITE INSS 628S 12W 6500K GALAXY PANEL,,60.0,60.0,4983180.0,4983180.0,OK,
7,PRU/PL/2605-0067,8753,6908,INL025,IN LITE INPS 628R 12W 6500K SWITCH TUNEABEL PANEL,INL025,IN LITE INPS 628R 12W 6500K SWITCH TUNEABEL PANEL,,20.0,20.0,1338860.0,1338860.0,OK,
7,PRU/PL/2605-0067,8754,11970,INL140,INLITE FLOOD LIGHT-058 200W 6500K,INL140,INLITE FLOOD LIGHT-058 200W 6500K,,5.0,5.0,2851000.0,2851000.0,OK,
7,PRU/PL/2605-0067,8755,11505,INL135,IN LITE DOWNLIGHT INDS605R 24W PUTIH 2 FREE 1,INL135,IN LITE DOWNLIGHT INDS605R 24W PUTIH 2 FREE 1,,20.0,20.0,3297720.0,3297720.0,OK,
7,PRU/PL/2605-0067,8756,9907,INL103,IN LITE EMERGENCY LED BULB INBE005 12W STEP DIMM 6500K,INL103,IN LITE EMERGENCY LED BULB INBE005 12W STEP DIMM 6500K,,100.0,100.0,5985000.0,5985000.0,OK,
7,PRU/PL/2605-0067,8757,7023,INL063,IN LITE WALL LIGHT 320R 9W 3 BLACK,INL063,IN LITE WALL LIGHT 320R 9W 3 BLACK,,20.0,20.0,1908080.0,1908080.0,OK,
7,PRU/PL/2605-0067,8758,6931,INL049,IN LITE GARDEN LIGHT SPIKE INGL011 7W KUNING,INL049,IN LITE GARDEN LIGHT SPIKE INGL011 7W KUNING,,30.0,30.0,1141410.0,1141410.0,OK,
7,PRU/PL/2605-0067,8759,6932,INL050,IN LITE GARDEN LIGHT PLAT BASE 1NGL013 7W KUNING,INL050,IN LITE GARDEN LIGHT PLAT BASE 1NGL013 7W KUNING,,50.0,50.0,1902350.0,1902350.0,OK,
7,PRU/PL/2605-0067,8760,6903,INL020,IN LITE INPS 628S 6W 6500K GALAXY PANEL,INL020,IN LITE INPS 628S 6W 6500K GALAXY PANEL,,20.0,20.0,840680.0,840680.0,OK,
7,PRU/PL/2605-0068,8761,191,PS043,"SOK LURUS 1/2""",PS043,"SOK LURUS 1/2""",,300.0,300.0,723000.0,615273.0,OK,
7,PRU/PL/2605-0068,8762,192,PS044,"SOK LURUS 3/4""",PS044,"SOK LURUS 3/4""",,200.0,200.0,586000.0,498686.0,OK,
7,PRU/PL/2605-0068,8763,193,PS045,"SOK LURUS 1""",PS045,"SOK LURUS 1""",,100.0,100.0,426000.0,362526.0,OK,
7,PRU/PL/2605-0068,8764,174,PS026,"ELBOW 2""",PS026,"ELBOW 2""",,100.0,100.0,809000.0,688459.0,OK,
7,PRU/PL/2605-0068,8765,186,PS038,"TEE 2 1/2""",PS038,"TEE 2 1/2""",,32.0,32.0,613760.0,522309.76,OK,
7,PRU/PL/2604-0063,8774,5362,CP231,KESET MUTIARA,CP231,KESET MUTIARA,,400.0,400.0,1740000.0,1740000.0,OK,
7,PRU/PL/2605-0071,12122,228,PS080,"OVERSOK 1/2""X1",PS080,"OVERSOK 1/2""X1",,210.0,210.0,651000.0,554001.0,OK,
7,PRU/PL/2605-0071,12123,10301,PS175,"SOK DRAT LUAR 1 X 1/2""",PS175,"SOK DRAT LUAR 1 X 1/2""",,200.0,200.0,606000.0,515706.0,OK,
7,PRU/PL/2605-0071,12124,11988,PS051,SOK DRAT DALAM 1X3/4,PS051,SOK DRAT DALAM 1X3/4,,130.0,130.0,543400.0,462433.4,OK,
7,PRU/PL/2605-0071,12125,2851,PS106,"SOK DRAT LUAR 1""",PS106,"SOK DRAT LUAR 1""",,174.0,174.0,635100.0,540470.1,OK,
7,PRU/PL/2605-0071,12126,233,PS085,"OVERSOK 3/4""X 1 1/4""",PS085,"OVERSOK 3/4""X 1 1/4""",,110.0,110.0,575300.0,489580.3,OK,
7,PRU/PL/2605-0071,12127,230,PS082,"OVERSOK 1/2""X1 1/2""",PS082,"OVERSOK 1/2""X1 1/2""",,72.0,72.0,466560.0,397042.56,OK,
7,PRU/PL/2605-0071,12128,206,PS058,"SOK DRAT DALAM 1 1/2""",PS058,"SOK DRAT DALAM 1 1/2""",,40.0,40.0,422800.0,359802.8,OK,
7,PRU/PL/2605-0071,12129,207,PS059,"SOK DRAT DALAM 2""",PS059,"SOK DRAT DALAM 2""",,24.0,24.0,311040.0,264695.04,OK,
7,PRU/PL/2605-0071,12130,214,PS066,"SOK DRAT LUAR 2""",PS066,"SOK DRAT LUAR 2""",,40.0,40.0,518400.0,441158.4,OK,
7,PRU/PL/2605-0071,12131,239,PS091,"OVERSOK 1""X3""",PS091,"OVERSOK 1""X3""",,16.0,16.0,273920.0,233105.91999999998,OK,
7,PRU/PL/2605-0072,12132,11993,AC061,COZY STC 51 A RED SILVER,AC061,COZY STC 51 A RED SILVER,,30.0,30.0,13989000.0,8393400.0,OK,
7,PRU/PL/2605-0073,12133,11993,AC061,COZY STC 51 A RED SILVER,AC061,COZY STC 51 A RED SILVER,,30.0,30.0,13989000.0,8393400.0,OK,
7,PRU/PL/2601-0001,12134,9826,OP174,LEMARI PAKAIAN BEST PLAST BMC MARBLE GOLD 2RC,OP174,LEMARI PAKAIAN BEST PLAST BMC MARBLE GOLD 2RC,,45.0,45.0,26100000.0,26100000.0,OK,
7,PRU/PL/2602-0001,12135,8752,OP115,KURSI OLYMPLAST OL 101,OP115,KURSI OLYMPLAST OL 101,,1450.0,1450.0,64525000.0,64525000.0,OK,
7,PRU/PL/2602-0001,12136,9899,OP187,KURSI OLYMPLAST OL 205 R,OP187,KURSI OLYMPLAST OL 205 R,,35.0,35.0,2275000.0,2275000.0,OK,
7,PRU/PL/2605-0074,12145,4136,NP173,TINTA LAMP BLACK B,NP173,TINTA LAMP BLACK B,,18.0,18.0,2163150.0,2163150.0,OK,
7,PRU/PL/2605-0075,12149,9920,NP243,PLATONE 8000 0.2L,NP243,PLATONE 8000 0.2L,,16.0,16.0,259584.0,259584.0,OK,
7,PRU/PL/2605-0076,12150,9920,NP243,PLATONE 8000 0.2L,NP243,PLATONE 8000 0.2L,,2.0,2.0,32448.0,32448.0,OK,
7,PRU/PL/2605-0077,12151,4257,NP084,VINILEX TINT BASE 5KG,NP084,VINILEX TINT BASE 5KG,,4.0,4.0,553300.0,553300.0,OK,
7,PRU/PL/2605-0078,12155,4162,NP045,NIPPON SPOT LESS PLUS ACCENT BASE 2.15L,NP045,NIPPON SPOT LESS PLUS ACCENT BASE 2.15L,,4.0,4.0,788152.0,788152.0,OK,
7,PRU/PL/2605-0079,12156,5197,NP102,MATEX READY MIX 4.5L,NP102,MATEX READY MIX 4.5L,,3.0,3.0,346749.0,346749.0,OK,
7,PRU/PL/2605-0080,12157,4157,NP114,PLATONE 8000 0.9L,NP114,PLATONE 8000 0.9L,,12.0,12.0,740244.0,740244.0,OK,
7,PRU/PL/2605-0081,12158,5993,NP137,KOMILEX GOLD PASTEL BASE 4.5KG,NP137,KOMILEX GOLD PASTEL BASE 4.5KG,,4.0,4.0,262920.0,262920.0,OK,
7,PRU/PL/2605-0082,12162,5221,NP130,KOMILEX READY MIX 4.5KG,NP130,KOMILEX READY MIX 4.5KG,,3.0,3.0,214221.0,214221.0,OK,
7,PRU/PL/2605-0083,12165,333,NP020,BODELAC 3.75L,NP020,BODELAC 3.75L,,10.0,10.0,2381300.0,2381300.0,OK,
7,PRU/PL/2605-0085,12174,122,SM001,SEMEN CONCH,SM001,SEMEN CONCH,,200.0,200.0,14800000.0,14800000.0,OK,
7,PRU/PL/2605-0086,12175,122,SM001,SEMEN CONCH,SM001,SEMEN CONCH,,200.0,200.0,14800000.0,14800000.0,OK,
7,PRU/PL/2605-0087,12176,122,SM001,SEMEN CONCH,SM001,SEMEN CONCH,,250.0,250.0,18500000.0,18500000.0,OK,
7,PRU/PL/2605-0088,12178,122,SM001,SEMEN CONCH,SM001,SEMEN CONCH,,150.0,150.0,11100000.0,11100000.0,OK,
7,PRU/PL/2605-0089,12179,122,SM001,SEMEN CONCH,SM001,SEMEN CONCH,,200.0,200.0,14800000.0,14800000.0,OK,
7,PRU/PL/2605-0090,12180,122,SM001,SEMEN CONCH,SM001,SEMEN CONCH,,200.0,200.0,14800000.0,14800000.0,OK,
7,PRU/PL/2605-0091,12192,4126,NP027,PLATONE 8000 DEEP BASE 2.25L,NP027,PLATONE 8000 DEEP BASE 2.25L,,4.0,4.0,567364.0,567364.0,OK,
7,PRU/PL/2605-0092,12193,5197,NP102,MATEX READY MIX 4.5L,NP102,MATEX READY MIX 4.5L,,28.0,28.0,3236324.0,3236324.0,OK,
7,PRU/PL/2605-0093,12194,4257,NP084,VINILEX TINT BASE 5KG,NP084,VINILEX TINT BASE 5KG,,20.0,20.0,2766500.0,2766500.0,OK,
7,PRU/PL/2605-0094,12195,4617,NP109,ELASTEX DEEP BASE 1L,NP109,ELASTEX DEEP BASE 1L,,24.0,24.0,1323840.0,1323840.0,OK,
7,PRU/PL/2605-0094,12196,4257,NP084,VINILEX TINT BASE 5KG,NP084,VINILEX TINT BASE 5KG,,32.0,32.0,4426400.0,4426400.0,OK,
7,PRU/PL/2605-0095,12197,5216,NP120,ELASTEX WATERPROOF READY MIX 4KG,NP120,ELASTEX WATERPROOF READY MIX 4KG,,8.0,8.0,1612696.0,1612696.0,OK,
7,PRU/PL/2605-0096,12198,4596,AV134,PLAMIR GIANT MORTAR,AV134,PLAMIR GIANT MORTAR,,600.0,600.0,18540000.0,15434550.0,OK,
7,PRU/PL/2605-0097,12202,10265,AV188,SUNGUARD EM ALL IN ONE BASE A 2.5L,AV188,SUNGUARD EM ALL IN ONE BASE A 2.5L,,2.0,2.0,960200.0,840175.0,OK,
7,PRU/PL/2605-0097,12203,10266,AV189,SUNGUARD EM ALL IN ONE BASE B 2.5L,AV189,SUNGUARD EM ALL IN ONE BASE B 2.5L,,2.0,2.0,922200.0,806925.0,OK,
7,PRU/PL/2605-0097,12204,10267,AV190,SUNGUARD EM ALL IN ONE BASE C 2.5L,AV190,SUNGUARD EM ALL IN ONE BASE C 2.5L,,2.0,2.0,884000.0,773500.0,OK,
7,PRU/PL/2605-0097,12205,10281,AV193,SUPERSILK ANTI NODA BASE A 2.5KG,AV193,SUPERSILK ANTI NODA BASE A 2.5KG,,2.0,2.0,651000.0,569625.0,OK,
7,PRU/PL/2605-0097,12206,10282,AV194,SUPERSILK ANTI NODA BASE B 2.5KG,AV194,SUPERSILK ANTI NODA BASE B 2.5KG,,2.0,2.0,625400.0,547225.0,OK,
7,PRU/PL/2605-0097,12207,10283,AV195,SUPERSILK ANTI NODA BASE C 2.5KG,AV195,SUPERSILK ANTI NODA BASE C 2.5KG,,2.0,2.0,599800.0,524825.0,OK,
7,PRU/PL/2605-0097,12208,10264,AV187,SUPERSILK ANTI NODA BASE Y 2.5KG,AV187,SUPERSILK ANTI NODA BASE Y 2.5KG,,2.0,2.0,676400.0,591850.0,OK,
7,PRU/PL/2605-0097,12209,7214,AV145,SUPERSILK ANTI NODA BASE A 20L,AV145,SUPERSILK ANTI NODA BASE A 20L,,1.0,1.0,2353800.0,2059575.0,OK,
7,PRU/PL/2605-0097,12210,7852,AV153,SUPERSILK ANTI NODA BASE B 20L,AV153,SUPERSILK ANTI NODA BASE B 20L,,1.0,1.0,2261200.0,1978550.0,OK,
7,PRU/PL/2605-0097,12211,7853,AV154,SUPERSILK ANTI NODA BASE C 20L,AV154,SUPERSILK ANTI NODA BASE C 20L,,1.0,1.0,2168700.0,1897612.5,OK,
7,PRU/PL/2605-0097,12212,7788,AV152,SUPERSILK ANTI NODA BASE Y 20L,AV152,SUPERSILK ANTI NODA BASE Y 20L,,1.0,1.0,2446300.0,2140512.5,OK,
7,PRU/PL/2605-0097,12213,11989,AV274,SUPERSILK SEMI KILAP BASE A 1L,AV274,SUPERSILK SEMI KILAP BASE A 1L,,4.0,4.0,749200.0,622735.04,OK,
7,PRU/PL/2605-0097,12214,11990,AV275,SUPERSILK SEMI KILAP BASE B 1L,AV275,SUPERSILK SEMI KILAP BASE B 1L,,4.0,4.0,718800.0,597466.56,OK,
7,PRU/PL/2605-0097,12215,11991,AV276,SUPERSILK SEMI KILAP BASE C 1L,AV276,SUPERSILK SEMI KILAP BASE C 1L,,2.0,2.0,344600.0,286431.52,OK,
7,PRU/PL/2605-0097,12216,12055,AV279,SUPERSILK SEMI KILAP BASE D 1L,AV279,SUPERSILK SEMI KILAP BASE D 1L,,4.0,4.0,660000.0,548592.0,OK,
7,PRU/PL/2605-0097,12217,10260,AV181,"SUPERSILK SEMI KILAP BASE A 2,5L",AV181,"SUPERSILK SEMI KILAP BASE A 2,5L",,2.0,2.0,708200.0,619675.0,OK,
7,PRU/PL/2605-0097,12218,10261,AV182,"SUPERSILK SEMI KILAP BASE B 2,5L",AV182,"SUPERSILK SEMI KILAP BASE B 2,5L",,2.0,2.0,680200.0,595175.0,OK,
7,PRU/PL/2605-0097,12219,10262,AV183,"SUPERSILK SEMI KILAP BASE C 2,5L",AV183,"SUPERSILK SEMI KILAP BASE C 2,5L",,2.0,2.0,652400.0,570850.0,OK,
7,PRU/PL/2605-0097,12220,10263,AV184,"SUPERSILK SEMI KILAP BASE D 2,5L",AV184,"SUPERSILK SEMI KILAP BASE D 2,5L",,2.0,2.0,624400.0,546350.0,OK,
7,PRU/PL/2605-0097,12221,10573,AV191,SUPERSILK SEMI KILAP BASE A 20L,AV191,SUPERSILK SEMI KILAP BASE A 20L,,1.0,1.0,2574300.0,2252512.5,OK,
7,PRU/PL/2605-0097,12222,10715,AV221,SUPERSILK SEMI KILAP BASE B 20L,AV221,SUPERSILK SEMI KILAP BASE B 20L,,1.0,1.0,2473000.0,2163875.0,OK,
7,PRU/PL/2605-0097,12223,10716,AV222,SUPERSILK SEMI KILAP BASE C 20L,AV222,SUPERSILK SEMI KILAP BASE C 20L,,1.0,1.0,2371500.0,2075062.5,OK,
7,PRU/PL/2605-0097,12224,11992,AV277,SUPERSILK SEMI KILAP BASE D 20L,AV277,SUPERSILK SEMI KILAP BASE D 20L,,1.0,1.0,2270200.0,1986425.0,OK,
7,PRU/PL/2605-0100,12237,12062,IMP019,IMPORTA LC-15P JM,IMP019,IMPORTA LC-15P JM,,5.0,5.0,8827000.0,8827000.0,OK,
7,PRU/PL/2605-0100,12238,12063,IMP020,IMPORTA SC-A18 JM,IMP020,IMPORTA SC-A18 JM,,7.0,7.0,8385650.0,8385650.0,OK,
7,PRU/PL/2605-0100,12239,12064,IMP021,IMPORTA SC-06 MS,IMP021,IMPORTA SC-06 MS,,5.0,5.0,6873750.0,6873750.0,OK,
7,PRU/PL/2605-0101,12240,12056,IMP010,IMPORTA PEVITA 6 KURSI,IMP010,IMPORTA PEVITA 6 KURSI,,15.0,15.0,24195600.0,24195600.0,OK,
7,PRU/PL/2605-0101,12241,12057,IMP014,IMPORTA PEVITA 4 KURSI,IMP014,IMPORTA PEVITA 4 KURSI,,16.0,16.0,19014320.0,19014320.0,OK,
7,PRU/PL/2605-0102,12242,12058,IMP015,IMPORTA MADIROSE 6 KURSI,IMP015,IMPORTA MADIROSE 6 KURSI,,12.0,12.0,23098956.0,23098956.0,OK,
7,PRU/PL/2605-0103,12244,295,AV042,NO DROP 1L,AV042,NO DROP 1L,,12.0,12.0,979200.0,905760.0,OK,
7,PRU/PL/2605-0104,12245,255,AV002,AVIAN 100CC,AV002,AVIAN 100CC,,36.0,36.0,542088.0,501431.4,OK,
7,PRU/PL/2605-0104,12246,256,AV003,AVIAN 200CC,AV003,AVIAN 200CC,,36.0,36.0,1000800.0,925740.0,OK,
7,PRU/PL/2605-0105,12247,6971,AV119,THINER AVIAN A 1/2L,AV119,THINER AVIAN A 1/2L,,108.0,108.0,5497200.0,5084910.0,OK,
7,PRU/PL/2605-0105,12248,9040,AV168,BOYO WOOD STAIN 2 IN 1,AV168,BOYO WOOD STAIN 2 IN 1,,48.0,48.0,4468800.0,4133640.0,OK,
7,PRU/PL/2605-0106,12249,4735,AV093,NO DROP BASE B 20KG,AV093,NO DROP BASE B 20KG,,5.0,5.0,6741000.0,5898375.0,OK,
7,PRU/PL/2605-0107,12250,122,SM001,SEMEN CONCH,SM001,SEMEN CONCH,,20000.0,20000.0,835000000.0,835000000.0,OK,
7,PRU/PL/2605-0108,12251,12104,LL116,HP XIAOMI REDMI NOTE 15 8/256GB,LL116,HP XIAOMI REDMI NOTE 15 8/256GB,,4.0,4.0,12480000.0,12480000.0,OK,
7,PRU/PL/2604-0065,12252,11200,GS216,KAN SET 4 PCS BLUE TRANS KAK 3012 BT,GS216,KAN SET 4 PCS BLUE TRANS KAK 3012 BT,,48.0,48.0,882816.0,882816.0,OK,
7,PRU/PL/2604-0065,12253,10036,GS176,TEMPAT NASI KOTAK SEGI HIJAU TNKS 1132 H,GS176,TEMPAT NASI KOTAK SEGI HIJAU TNKS 1132 H,,96.0,96.0,1059456.0,1059456.0,OK,
7,PRU/PL/2604-0065,12254,5368,GS191,TUTUP SAYUR TSSB 1107,GS191,TUTUP SAYUR TSSB 1107,,12.0,12.0,505620.0,505620.0,OK,
7,PRU/PL/2604-0065,12255,8562,GS133,PIRING MAKAN PINK PM 179 PI,GS133,PIRING MAKAN PINK PM 179 PI,,144.0,144.0,650160.0,650160.0,OK,
7,PRU/PL/2604-0066,12256,7431,GS052,BASI TUTUTP BULAT HIJAU BTB 2021 H,GS052,BASI TUTUTP BULAT HIJAU BTB 2021 H,,48.0,48.0,770496.0,770496.0,OK,
7,PRU/PL/2604-0066,12257,7491,GS112,BASI TUTUP SEGI 2 PCS HIJAU BTS 2026-2H,GS112,BASI TUTUP SEGI 2 PCS HIJAU BTS 2026-2H,,24.0,24.0,638040.0,638040.0,OK,
7,PRU/PL/2604-0066,12258,8831,GS028,BASI TUTUP SEGI HIJAU BTS 2027 H,GS028,BASI TUTUP SEGI HIJAU BTS 2027 H,,48.0,48.0,1011264.0,1011264.0,OK,
7,PRU/PL/2604-0066,12259,11684,GS219,PIRING MAKAN SEGI HIJAU PMS 8037 H,GS219,PIRING MAKAN SEGI HIJAU PMS 8037 H,,144.0,144.0,818640.0,818640.0,OK,
7,PRU/PL/2604-0066,12260,7496,GS117,PIRING KUE SEGI HIJAU PKS 8012 H,GS117,PIRING KUE SEGI HIJAU PKS 8012 H,,288.0,288.0,626112.0,626112.0,OK,
7,PRU/PL/2604-0066,12261,12010,GS236,TEMPAT KUE HIJAU TK 1079 H,GS236,TEMPAT KUE HIJAU TK 1079 H,,24.0,24.0,1853928.0,1853928.0,OK,
7,PRU/PL/2604-0066,12262,11997,GS223,TEMPAT KUE HIJAU TK 1026 H,GS223,TEMPAT KUE HIJAU TK 1026 H,,24.0,24.0,1589088.0,1589088.0,OK,
7,PRU/PL/2604-0066,12263,9648,GS144,TEMPAT KUE NATURAL TKK 1205 N,GS144,TEMPAT KUE NATURAL TKK 1205 N,,24.0,24.0,2307360.0,2307360.0,OK,
7,PRU/PL/2604-0066,12264,11198,GS214,MANGKOK ULIR TANGGUNG HIJAU MUT 7042,GS214,MANGKOK ULIR TANGGUNG HIJAU MUT 7042,,144.0,144.0,493632.0,493632.0,OK,
7,PRU/PL/2604-0066,12265,7443,GS064,MANGKOK MIE BULAT HIJAU MMB 7019 H,GS064,MANGKOK MIE BULAT HIJAU MMB 7019 H,,144.0,144.0,662112.0,662112.0,OK,
7,PRU/PL/2604-0067,12266,9662,GS148,GELAS HIJAU G 5018 H,GS148,GELAS HIJAU G 5018 H,,24.0,24.0,2118768.0,2118768.0,OK,
7,PRU/PL/2604-0067,12267,10012,GS152,DISPENSER HIJAU/PINK TAA 1063 H/PI,GS152,DISPENSER HIJAU/PINK TAA 1063 H/PI,,12.0,12.0,1264032.0,1264032.0,OK,
7,PRU/PL/2604-0068,12268,7478,GS099,EMBER SEGI TRANSPARANT ES 4008,GS099,EMBER SEGI TRANSPARANT ES 4008,,24.0,24.0,802560.0,802560.0,OK,
7,PRU/PL/2604-0068,12269,7501,GS122,TEMPAT CETAKAN ICE CREAM HIJAU TCE 1073 H,GS122,TEMPAT CETAKAN ICE CREAM HIJAU TCE 1073 H,,48.0,48.0,581856.0,581856.0,OK,
7,PRU/PL/2604-0068,12270,7459,GS080,MANGKOK BUAH IKAN HIJAU MBMI 7060 H,GS080,MANGKOK BUAH IKAN HIJAU MBMI 7060 H,,12.0,12.0,361152.0,361152.0,OK,
7,PRU/PL/2604-0068,12271,8813,GS010,TOPLES SERBAGUNA SEDANG TSS 1198 PUTIH,GS010,TOPLES SERBAGUNA SEDANG TSS 1198 PUTIH,,36.0,36.0,692208.0,692208.0,OK,
7,PRU/PL/2604-0068,12272,10049,GS189,TEMPAT PERMEN NATURAL TGSD 1208 N,GS189,TEMPAT PERMEN NATURAL TGSD 1208 N,,12.0,12.0,953040.0,953040.0,OK,
7,PRU/PL/2604-0068,12273,11020,GS209,TEMPAT NASI KOTAK SEGI PINK TNKS 119 PI,GS209,TEMPAT NASI KOTAK SEGI PINK TNKS 119 PI,,36.0,36.0,577872.0,577872.0,OK,
7,PRU/PL/2604-0068,12274,12002,GS228,TEMPAT TISSUE NATURAL TT 150 N,GS228,TEMPAT TISSUE NATURAL TT 150 N,,48.0,48.0,1163712.0,1163712.0,OK,
7,PRU/PL/2604-0068,12275,8559,GS130,TEMPAT MINYAK 2000ML PINK TMG 125 PI,GS130,TEMPAT MINYAK 2000ML PINK TMG 125 PI,,24.0,24.0,361152.0,361152.0,OK,
7,PRU/PL/2604-0068,12276,8572,GS037,GAYUNG AIR PINK GA 110 PI,GS037,GAYUNG AIR PINK GA 110 PI,,48.0,48.0,212688.0,212688.0,OK,
7,PRU/PL/2604-0068,12277,7427,GS048,BASI PRASMANAN BULAT HIJAU BTPB 2018 H,GS048,BASI PRASMANAN BULAT HIJAU BTPB 2018 H,,18.0,18.0,1787706.0,1787706.0,OK,
7,PRU/PL/2604-0069,12278,12000,GS226,TEMPAT TISSUE SEGI IVORY TTS 1061 I,GS226,TEMPAT TISSUE SEGI IVORY TTS 1061 I,,48.0,48.0,601920.0,601920.0,OK,
7,PRU/PL/2604-0069,12279,10027,GS167,TEMPAT MERICA 3 PCS HIJAU TM 1127/3H,GS167,TEMPAT MERICA 3 PCS HIJAU TM 1127/3H,,36.0,36.0,451440.0,451440.0,OK,
7,PRU/PL/2604-0069,12280,10032,GS172,TEMPAT SERBA GUNA HIJAU TBS 1186,GS172,TEMPAT SERBA GUNA HIJAU TBS 1186,,16.0,16.0,601920.0,601920.0,OK,
7,PRU/PL/2604-0069,12281,10033,GS173,RANTANG PIKNIK SUSUN HIJAU RPS 9007 H,GS173,RANTANG PIKNIK SUSUN HIJAU RPS 9007 H,,48.0,48.0,1709472.0,1709472.0,OK,
7,PRU/PL/2604-0069,12282,10025,GS165,RAK AQUA 12 PCS HIJAU RA 9012A H,GS165,RAK AQUA 12 PCS HIJAU RA 9012A H,,216.0,216.0,2383776.0,2383776.0,OK,
7,PRU/PL/2604-0069,12283,10026,GS166,RAK AQUA 16 PCS HIJAU RA 9016A H,GS166,RAK AQUA 16 PCS HIJAU RA 9016A H,,48.0,48.0,626016.0,626016.0,OK,
7,PRU/PL/2604-0069,12284,11998,GS224,BASKOM TANGGUNG  HIJAU BKT 2041 H,GS224,BASKOM TANGGUNG  HIJAU BKT 2041 H,,36.0,36.0,559800.0,559800.0,OK,
7,PRU/PL/2604-0069,12285,7384,GS045,BASKOM BULAT KECIL HIJAU BBK 2055 H,GS045,BASKOM BULAT KECIL HIJAU BBK 2055 H,,36.0,36.0,517680.0,517680.0,OK,
7,PRU/PL/2604-0069,12286,8566,GS137,BASKOM BULAT TANGGUNG HIJAU BBT 2029 H,GS137,BASKOM BULAT TANGGUNG HIJAU BBT 2029 H,,36.0,36.0,635040.0,635040.0,OK,
7,PRU/PL/2604-0069,12287,10024,GS164,TUTUP SAYUR BULAT HIJAU TSBT 1105 H,GS164,TUTUP SAYUR BULAT HIJAU TSBT 1105 H,,24.0,24.0,613968.0,613968.0,OK,
7,PRU/PL/2604-0070,12288,11996,GS222,MANGKOK NASI HIJAU MKN 7009 H,GS222,MANGKOK NASI HIJAU MKN 7009 H,,144.0,144.0,421344.0,421344.0,OK,
7,PRU/PL/2604-0070,12289,12001,GS227,MUG TUTUP HIJAU MOKT 7034 H,GS227,MUG TUTUP HIJAU MOKT 7034 H,,72.0,72.0,337104.0,337104.0,OK,
7,PRU/PL/2604-0070,12290,8565,GS136,MUG LOVE PINK MOK 7060 PI,GS136,MUG LOVE PINK MOK 7060 PI,,144.0,144.0,577872.0,577872.0,OK,
7,PRU/PL/2604-0070,12291,8558,GS129,KAN AIR BESAR HIJAU KAB 3018 H,GS129,KAN AIR BESAR HIJAU KAB 3018 H,,24.0,24.0,555792.0,555792.0,OK,
7,PRU/PL/2604-0070,12292,10997,GS194,KAN AIR DIAMOND HIJAU KAUDT 3041 H,GS194,KAN AIR DIAMOND HIJAU KAUDT 3041 H,,12.0,12.0,351120.0,351120.0,OK,
7,PRU/PL/2604-0070,12293,12091,GS237,KAN INFUSED WATER HIJAU KAT 3043 H,GS237,KAN INFUSED WATER HIJAU KAT 3043 H,,24.0,24.0,321024.0,321024.0,OK,
7,PRU/PL/2604-0070,12294,10042,GS182,DISPENSER INFUSED WATER PUTIH TD 1206 PH,GS182,DISPENSER INFUSED WATER PUTIH TD 1206 PH,,24.0,24.0,902880.0,902880.0,OK,
7,PRU/PL/2604-0070,12295,10044,GS184,TEMPAT GELAS BULAT 6 PCS PINK TGB 1086 PI,GS184,TEMPAT GELAS BULAT 6 PCS PINK TGB 1086 PI,,48.0,48.0,553776.0,553776.0,OK,
7,PRU/PL/2604-0070,12296,10035,GS175,TEMPAT SENDOK HIJAU TS 1083 H,GS175,TEMPAT SENDOK HIJAU TS 1083 H,,48.0,48.0,489600.0,489600.0,OK,
7,PRU/PL/2604-0070,12297,11999,GS225,TEMPAT SENDOK GARPU 6 PCS PUTIH TSN 1178 PH,GS225,TEMPAT SENDOK GARPU 6 PCS PUTIH TSN 1178 PH,,108.0,108.0,1354320.0,1354320.0,OK,
7,PRU/PL/2605-0109,12298,8292,OP088,MEJA RIAS OLYMPIC SILVER MR HELENA,OP088,MEJA RIAS OLYMPIC SILVER MR HELENA,,3.0,3.0,3075000.0,3075000.0,OK,
7,PRU/PL/2605-0109,12299,8193,OP065,MEJA RIAS OLYMPIC SILVER MR SEAMUS N,OP065,MEJA RIAS OLYMPIC SILVER MR SEAMUS N,,2.0,2.0,1530000.0,1530000.0,OK,
7,PRU/PL/2605-0109,12300,10888,OP291,MEJA RIAS OLYMPIC SILVER MR VIVIEN,OP291,MEJA RIAS OLYMPIC SILVER MR VIVIEN,,3.0,3.0,2865000.0,2865000.0,OK,
7,PRU/PL/2605-0110,12301,9675,OP147,MEJA TULIS OLYMPIC SILVER MTS TITAN CREAM,OP147,MEJA TULIS OLYMPIC SILVER MTS TITAN CREAM,,5.0,5.0,3650000.0,3650000.0,OK,
7,PRU/PL/2605-0110,12302,9674,OP146,"MEJA TULIS G STAR MT CHERRY, BROWN, DARK",OP146,"MEJA TULIS G STAR MT CHERRY, BROWN, DARK",,6.0,6.0,2100000.0,2100000.0,OK,
7,PRU/PL/2605-0110,12303,9381,OP130,MEJA TULIS OLYMPIC SILVER MT OLIVER 120,OP130,MEJA TULIS OLYMPIC SILVER MT OLIVER 120,,3.0,3.0,2715000.0,2715000.0,OK,
7,PRU/PL/2605-0110,12304,11840,OP467,MEJA TULIS OLYMPIC SILVER MTS ONYX,OP467,MEJA TULIS OLYMPIC SILVER MTS ONYX,,3.0,3.0,2565000.0,2565000.0,OK,
7,PRU/PL/2605-0111,12305,12019,OP507,KABINET G STAR BLC,OP507,KABINET G STAR BLC,,4.0,4.0,1600000.0,1600000.0,OK,
7,PRU/PL/2605-0112,12306,9384,OP133,MEJA BELAJAR KARAKTER G STAR MBB,OP133,MEJA BELAJAR KARAKTER G STAR MBB,,1.0,1.0,615000.0,615000.0,OK,
7,PRU/PL/2605-0113,12307,12067,OP545,LEMARI PAKAIAN KARAKTER OLYMPIC SILVER LPK,OP545,LEMARI PAKAIAN KARAKTER OLYMPIC SILVER LPK,,4.0,4.0,2000000.0,2000000.0,OK,
7,PRU/PL/2605-0113,12308,10719,OP175,LEMARI ANAK KARAKTER G STAR LAK  AVENGERS 2.0 G BLUE,OP175,LEMARI ANAK KARAKTER G STAR LAK  AVENGERS 2.0 G BLUE,,2.0,2.0,900000.0,900000.0,OK,
7,PRU/PL/2605-0114,12309,12026,OP514,MATRAS SPRING BED PROCELLA REVIVE MORNING DEW23 180X200,OP514,MATRAS SPRING BED PROCELLA REVIVE MORNING DEW23 180X200,,1.0,1.0,3437000.0,3437000.0,OK,
7,PRU/PL/2605-0115,12310,12027,OP515,MATRAS PROCELLA ATHENA STANDART 90 X 200,OP515,MATRAS PROCELLA ATHENA STANDART 90 X 200,,3.0,3.0,5064000.0,5064000.0,OK,
7,PRU/PL/2605-0115,12311,12028,OP516,MATRAS OLYMPIC SILVER MARIBEL POLLOW TOP 160X200,OP516,MATRAS OLYMPIC SILVER MARIBEL POLLOW TOP 160X200,,3.0,3.0,6039000.0,6039000.0,OK,
7,PRU/PL/2605-0116,12312,12078,OP556,MATRAS SPRING BED OLYMPIC GOLD HEMERA23 160X200,OP556,MATRAS SPRING BED OLYMPIC GOLD HEMERA23 160X200,,1.0,1.0,3559000.0,3559000.0,OK,
7,PRU/PL/2605-0116,12313,12079,OP557,MATRAS SPRING BED OLYMPIC GOLD HEMERA23 180X200,OP557,MATRAS SPRING BED OLYMPIC GOLD HEMERA23 180X200,,1.0,1.0,3869000.0,3869000.0,OK,
7,PRU/PL/2605-0117,12314,6441,OP014,MATRAS VICA STANDART 090X200,OP014,MATRAS VICA STANDART 090X200,,3.0,3.0,2919000.0,2919000.0,OK,
7,PRU/PL/2605-0117,12315,10953,OP306,MATRAS VICA STANDART 120X200,OP306,MATRAS VICA STANDART 120X200,,3.0,3.0,3606000.0,3606000.0,OK,
7,PRU/PL/2605-0118,12316,11537,OP364,MATRAS SPRING BED OLYMPIC GOLD EIRENE23 160X200,OP364,MATRAS SPRING BED OLYMPIC GOLD EIRENE23 160X200,,2.0,2.0,6750000.0,6750000.0,OK,
7,PRU/PL/2605-0119,12317,6440,OP013,MATRAS VICA STANDART 160X200,OP013,MATRAS VICA STANDART 160X200,,3.0,3.0,4911000.0,4911000.0,OK,
7,PRU/PL/2605-0119,12318,12025,OP513,MATRAS VICA STANDART 180X200,OP513,MATRAS VICA STANDART 180X200,,1.0,1.0,1837000.0,1837000.0,OK,
7,PRU/PL/2604-0071,12319,10951,OP305,BED SET RELUCIA AVELIS25 160X200,OP305,BED SET RELUCIA AVELIS25 160X200,,1.0,1.0,16808000.0,16808000.0,OK,
7,PRU/PL/2604-0071,12320,8172,OP047,BANTAL PROCCELA DACRON,OP047,BANTAL PROCCELA DACRON,,2.0,2.0,126000.0,0.0,OK,
7,PRU/PL/2604-0071,12321,8171,OP046,GULING PROCELLA DACRON,OP046,GULING PROCELLA DACRON,,2.0,2.0,126000.0,0.0,OK,
7,PRU/PL/2605-0120,12322,12020,OP508,LEMARI PAKAIAN PANEL G STAR LCSP,OP508,LEMARI PAKAIAN PANEL G STAR LCSP,,3.0,3.0,1650000.0,1650000.0,OK,
7,PRU/PL/2604-0072,12323,10433,OP243,BED SET PROCELLA MOTION REST LIFE STYLE 180X200,OP243,BED SET PROCELLA MOTION REST LIFE STYLE 180X200,,1.0,1.0,16449000.0,16449000.0,OK,
7,PRU/PL/2604-0072,12324,8172,OP047,BANTAL PROCCELA DACRON,OP047,BANTAL PROCCELA DACRON,,2.0,2.0,126000.0,0.0,OK,
7,PRU/PL/2604-0072,12325,8171,OP046,GULING PROCELLA DACRON,OP046,GULING PROCELLA DACRON,,2.0,2.0,126000.0,0.0,OK,
7,PRU/PL/2605-0121,12326,11838,OP465,RAK TV OLYMPIC SILVER AVR AXENA,OP465,RAK TV OLYMPIC SILVER AVR AXENA,,3.0,3.0,2970000.0,2970000.0,OK,
7,PRU/PL/2605-0121,12327,9674,OP146,"MEJA TULIS G STAR MT CHERRY, BROWN, DARK",OP146,"MEJA TULIS G STAR MT CHERRY, BROWN, DARK",,3.0,3.0,1050000.0,1050000.0,OK,
7,PRU/PL/2605-0121,12328,11807,OP434,RAK TV OLYMPIC GOLD AVR HEMERA,OP434,RAK TV OLYMPIC GOLD AVR HEMERA,,3.0,3.0,2700000.0,2700000.0,OK,
7,PRU/PL/2605-0122,12331,7981,OP040,SPRINGBED SENTRAT 90X200,OP040,SPRINGBED SENTRAT 90X200,,3.0,3.0,3861000.0,3861000.0,OK,
7,PRU/PL/2605-0122,12332,7982,OP041,SPRINGBED SENTRAT 120X200,OP041,SPRINGBED SENTRAT 120X200,,2.0,2.0,3186000.0,3186000.0,OK,
7,PRU/PL/2605-0122,12333,7983,OP042,SPRINGBED SENTRAT 160X200,OP042,SPRINGBED SENTRAT 160X200,,3.0,3.0,5736000.0,5736000.0,OK,
7,PRU/PL/2605-0122,12334,8287,OP086,SPRINGBED SENTRAT 180X200,OP086,SPRINGBED SENTRAT 180X200,,3.0,3.0,6285000.0,6285000.0,OK,
7,PRU/PL/2605-0122,12335,12011,OP499,MATRAS PROCELLA RELAX JASMINE PILLOW TOP 120X200,OP499,MATRAS PROCELLA RELAX JASMINE PILLOW TOP 120X200,,3.0,3.0,6660000.0,6660000.0,OK,
7,PRU/PL/2605-0122,12336,12012,OP500,MATRAS PROCELLA RELAX JASMINE PILLOW TOP 160X200,OP500,MATRAS PROCELLA RELAX JASMINE PILLOW TOP 160X200,,3.0,3.0,8814000.0,8814000.0,OK,
7,PRU/PL/2605-0122,12337,12013,OP501,MATRAS PROCELLA RELAX JASMINE PILLOW TOP 180X200,OP501,MATRAS PROCELLA RELAX JASMINE PILLOW TOP 180X200,,3.0,3.0,10200000.0,10200000.0,OK,
7,PRU/PL/2605-0122,12338,6990,OP017,MATRAS PROCELLA RELAX JASMINE PILOW TOP 200X200,OP017,MATRAS PROCELLA RELAX JASMINE PILOW TOP 200X200,,3.0,3.0,11010000.0,11010000.0,OK,
7,PRU/PL/2604-0073,12339,12036,OP524,BED SET MULTIBED PROCELLA VEGAS HITAM STANDART 160X200,OP524,BED SET MULTIBED PROCELLA VEGAS HITAM STANDART 160X200,,1.0,1.0,4375000.0,4375000.0,OK,
7,PRU/PL/2604-0073,12340,8172,OP047,BANTAL PROCCELA DACRON,OP047,BANTAL PROCCELA DACRON,,2.0,2.0,126000.0,0.0,OK,
7,PRU/PL/2604-0073,12341,8171,OP046,GULING PROCELLA DACRON,OP046,GULING PROCELLA DACRON,,1.0,1.0,63000.0,0.0,OK,
7,PRU/PL/2605-0123,12342,12021,OP509,LEMARI PAKAIAN PANEL G STAR LLIP,OP509,LEMARI PAKAIAN PANEL G STAR LLIP,,2.0,2.0,800000.0,800000.0,OK,
7,PRU/PL/2605-0124,12343,12018,OP506,LEMARI PAKAIAN PANEL G STAR LCBP,OP506,LEMARI PAKAIAN PANEL G STAR LCBP,,1.0,1.0,650000.0,650000.0,OK,
7,PRU/PL/2605-0125,12344,12018,OP506,LEMARI PAKAIAN PANEL G STAR LCBP,OP506,LEMARI PAKAIAN PANEL G STAR LCBP,,5.0,5.0,3250000.0,3250000.0,OK,
7,PRU/PL/2605-0126,12345,12082,OP559,BED SET PROCELLA MOTION REST LIFESTYLE 160X200,OP559,BED SET PROCELLA MOTION REST LIFESTYLE 160X200,,1.0,1.0,13718000.0,13718000.0,OK,
7,PRU/PL/2605-0126,12346,8171,OP046,GULING PROCELLA DACRON,OP046,GULING PROCELLA DACRON,,2.0,2.0,126000.0,0.0,OK,
7,PRU/PL/2605-0126,12347,8172,OP047,BANTAL PROCCELA DACRON,OP047,BANTAL PROCCELA DACRON,,129.0,129.0,8127000.0,0.0,OK,
7,PRU/PL/2604-0074,12348,12035,OP523,BED SET MULTIBED PROCELLA VEGAS BIRU STANDART 120X200,OP523,BED SET MULTIBED PROCELLA VEGAS BIRU STANDART 120X200,,1.0,1.0,3375000.0,3375000.0,OK,
7,PRU/PL/2604-0074,12349,8172,OP047,BANTAL PROCCELA DACRON,OP047,BANTAL PROCCELA DACRON,,1.0,1.0,63000.0,0.0,OK,
7,PRU/PL/2604-0074,12350,8171,OP046,GULING PROCELLA DACRON,OP046,GULING PROCELLA DACRON,,1.0,1.0,63000.0,0.0,OK,
7,PRU/PL/2605-0127,12351,12014,OP502,LEMARI PAKAIAN PANEL OLYMPIC SILVER LP 2P,OP502,LEMARI PAKAIAN PANEL OLYMPIC SILVER LP 2P,,4.0,4.0,2800000.0,2800000.0,OK,
7,PRU/PL/2605-0128,12352,12024,OP512,LEMARI PAKAIAN PANEL OLYMPIC SILVER LP 3P,OP512,LEMARI PAKAIAN PANEL OLYMPIC SILVER LP 3P,,3.0,3.0,2700000.0,2700000.0,OK,
7,PRU/PL/2605-0129,12353,11553,OP372,RAK TV OLYMPIC GOLD AVR HAZEL & HAZEL LIGHT,OP372,RAK TV OLYMPIC GOLD AVR HAZEL & HAZEL LIGHT,,2.0,2.0,2040000.0,2040000.0,OK,
7,PRU/PL/2605-0129,12354,11841,OP468,MEJA TULIS OLYMPIC GOLD MT HICKORY,OP468,MEJA TULIS OLYMPIC GOLD MT HICKORY,,3.0,3.0,2205000.0,2205000.0,OK,
7,PRU/PL/2604-0075,12359,10431,OP241,BED SET 3 IN 1 BOX PROCELLA REVIVE FOREST DREAM 120X200,OP241,BED SET 3 IN 1 BOX PROCELLA REVIVE FOREST DREAM 120X200,,1.0,1.0,6238000.0,6238000.0,OK,
7,PRU/PL/2604-0075,12360,8172,OP047,BANTAL PROCCELA DACRON,OP047,BANTAL PROCCELA DACRON,,2.0,2.0,126000.0,0.0,OK,
7,PRU/PL/2604-0075,12361,8171,OP046,GULING PROCELLA DACRON,OP046,GULING PROCELLA DACRON,,1.0,1.0,63000.0,0.0,OK,
7,PRU/PL/2605-0130,12362,12046,OP534,BED SET PROCELLA RELUCIA AVELIS25 180X200,OP534,BED SET PROCELLA RELUCIA AVELIS25 180X200,,1.0,1.0,18128000.0,18128000.0,OK,
7,PRU/PL/2605-0130,12363,8172,OP047,BANTAL PROCCELA DACRON,OP047,BANTAL PROCCELA DACRON,,2.0,2.0,126000.0,0.0,OK,
7,PRU/PL/2605-0130,12364,8171,OP046,GULING PROCELLA DACRON,OP046,GULING PROCELLA DACRON,,2.0,2.0,126000.0,0.0,OK,
7,PRU/PL/2605-0131,12365,9380,OP129,BED SET ATHENA 160X200,OP129,BED SET ATHENA 160X200,,1.0,1.0,4500000.0,4500000.0,OK,
7,PRU/PL/2605-0131,12366,8172,OP047,BANTAL PROCCELA DACRON,OP047,BANTAL PROCCELA DACRON,,2.0,2.0,126000.0,0.0,OK,
7,PRU/PL/2605-0131,12367,8171,OP046,GULING PROCELLA DACRON,OP046,GULING PROCELLA DACRON,,2.0,2.0,126000.0,0.0,OK,
7,PRU/PL/2605-0132,12368,11500,OP354,LEMARI PAKAIAN PANEL ALBATROS WARDROBE WINTER,OP354,LEMARI PAKAIAN PANEL ALBATROS WARDROBE WINTER,,1.0,1.0,8712000.0,8712000.0,OK,
7,PRU/PL/2605-0132,12369,10110,OP207,LEMARI PAKAIAN PANEL ALBATROS WARDROBE AUTUMN 3 DOOR,OP207,LEMARI PAKAIAN PANEL ALBATROS WARDROBE AUTUMN 3 DOOR,,1.0,1.0,7155000.0,7155000.0,OK,
7,PRU/PL/2605-0133,12370,10957,OP307,BED SET RELUCIA NOVERA25 160X200+MATRAS PROTECTOR +BED LINEN SET,OP307,BED SET RELUCIA NOVERA25 160X200+MATRAS PROTECTOR +BED LINEN SET,,1.0,1.0,13173000.0,13173000.0,OK,
7,PRU/PL/2605-0133,12371,8172,OP047,BANTAL PROCCELA DACRON,OP047,BANTAL PROCCELA DACRON,,2.0,2.0,126000.0,0.0,OK,
7,PRU/PL/2605-0133,12372,8171,OP046,GULING PROCELLA DACRON,OP046,GULING PROCELLA DACRON,,2.0,2.0,126000.0,0.0,OK,
7,PRU/PL/2605-0134,12373,11164,OP321,BED SET PROCELLA  SOLENNE25 180X200,OP321,BED SET PROCELLA  SOLENNE25 180X200,,1.0,1.0,18445000.0,18445000.0,OK,
7,PRU/PL/2605-0134,12374,8172,OP047,BANTAL PROCCELA DACRON,OP047,BANTAL PROCCELA DACRON,,2.0,2.0,126000.0,0.0,OK,
7,PRU/PL/2605-0134,12375,8171,OP046,GULING PROCELLA DACRON,OP046,GULING PROCELLA DACRON,,2.0,2.0,126000.0,0.0,OK,
7,PRU/PL/2605-0135,12376,12068,OP546,BED SET PROCELLA CALISTA STANDART 160X200,OP546,BED SET PROCELLA CALISTA STANDART 160X200,,1.0,1.0,4012000.0,4012000.0,OK,
7,PRU/PL/2605-0135,12377,8172,OP047,BANTAL PROCCELA DACRON,OP047,BANTAL PROCCELA DACRON,,2.0,2.0,126000.0,0.0,OK,
7,PRU/PL/2605-0135,12378,8171,OP046,GULING PROCELLA DACRON,OP046,GULING PROCELLA DACRON,,2.0,2.0,126000.0,0.0,OK,
7,PRU/PL/2605-0136,12379,9673,OP145,BED SET TWIN BOX RHEA23 120X200,OP145,BED SET TWIN BOX RHEA23 120X200,,1.0,1.0,4539000.0,4539000.0,OK,
7,PRU/PL/2605-0136,12380,8172,OP047,BANTAL PROCCELA DACRON,OP047,BANTAL PROCCELA DACRON,,2.0,2.0,126000.0,0.0,OK,
7,PRU/PL/2605-0136,12381,8171,OP046,GULING PROCELLA DACRON,OP046,GULING PROCELLA DACRON,,1.0,1.0,63000.0,0.0,OK,
7,PRU/PL/2605-0137,12382,10430,OP240,BED SET PROCELA JASMINE PUTIH PLUSH PILLOW TOP 160X200,OP240,BED SET PROCELA JASMINE PUTIH PLUSH PILLOW TOP 160X200,,1.0,1.0,5250000.0,5250000.0,OK,
7,PRU/PL/2605-0137,12383,8172,OP047,BANTAL PROCCELA DACRON,OP047,BANTAL PROCCELA DACRON,,2.0,2.0,126000.0,0.0,OK,
7,PRU/PL/2605-0137,12384,8171,OP046,GULING PROCELLA DACRON,OP046,GULING PROCELLA DACRON,,2.0,2.0,126000.0,0.0,OK,
7,PRU/PL/2605-0138,12385,12083,OP560,BED SET OLYMPIC SILVER MINERVA23 160X200,OP560,BED SET OLYMPIC SILVER MINERVA23 160X200,,1.0,1.0,4723000.0,4723000.0,OK,
7,PRU/PL/2605-0138,12386,8172,OP047,BANTAL PROCCELA DACRON,OP047,BANTAL PROCCELA DACRON,,2.0,2.0,126000.0,0.0,OK,
7,PRU/PL/2605-0138,12387,8171,OP046,GULING PROCELLA DACRON,OP046,GULING PROCELLA DACRON,,2.0,2.0,126000.0,0.0,OK,
7,PRU/PL/2605-0139,12388,10217,OP215,MEJA MAKAN SET ALBATROS DT AUTUM 1108,OP215,MEJA MAKAN SET ALBATROS DT AUTUM 1108,,2.0,2.0,29814000.0,29814000.0,OK,
7,PRU/PL/2605-0139,12389,10219,OP217,MEJA MAKAN SET ALBATROS DT SPRING 9098,OP217,MEJA MAKAN SET ALBATROS DT SPRING 9098,,1.0,1.0,19177000.0,19177000.0,OK,
7,PRU/PL/2605-0139,12390,10216,OP214,MEJA MAKAN SET ALBATROS DT SUMMER 9008,OP214,MEJA MAKAN SET ALBATROS DT SUMMER 9008,,1.0,1.0,13134000.0,13134000.0,OK,
7,PRU/PL/2605-0140,12392,8757,AV156,ARIES GOLD 1L,AV156,ARIES GOLD 1L,,6.0,6.0,213600.0,197580.0,OK,
7,PRU/PL/2605-0140,12393,275,AV005,ARIES GOLD 4.5L,AV005,ARIES GOLD 4.5L,,16.0,16.0,1753600.0,1622080.0,OK,
7,PRU/PL/2605-0140,12394,4675,AV062,TINTA AVIAN BM,AV062,TINTA AVIAN BM,,3.0,3.0,554700.0,513097.5,OK,
7,PRU/PL/2605-0140,12395,4677,AV067,TINTA AVIAN GK,AV067,TINTA AVIAN GK,,3.0,3.0,889200.0,822510.0,OK,
7,PRU/PL/2605-0140,12396,4682,AV073,TINTA AVIAN WP,AV073,TINTA AVIAN WP,,3.0,3.0,1094100.0,1012042.5,OK,
7,PRU/PL/2605-0140,12397,10282,AV194,SUPERSILK ANTI NODA BASE B 2.5KG,AV194,SUPERSILK ANTI NODA BASE B 2.5KG,,8.0,8.0,2624800.0,2296700.0,OK,
7,PRU/PL/2605-0140,12398,10283,AV195,SUPERSILK ANTI NODA BASE C 2.5KG,AV195,SUPERSILK ANTI NODA BASE C 2.5KG,,8.0,8.0,2517600.0,2202900.0,OK,
7,PRU/PL/2605-0140,12399,336,AV097,PILOX SUZUKA 300CC,AV097,PILOX SUZUKA 300CC,,60.0,60.0,2076000.0,1920300.0,OK,
7,PRU/PL/2605-0141,12401,257,AV004,"AVIAN 0,9L",AV004,"AVIAN 0,9L",,96.0,96.0,9532800.0,8817840.0,OK,
7,PRU/PL/2605-0142,12405,285,AV032,AVITEX 25KG,AV032,AVITEX 25KG,,10.0,10.0,8626000.0,7979050.0,OK,
7,PRU/PL/2605-0143,12406,9764,AV180,AVITEX GOLD BASE C 25KG,AV180,AVITEX GOLD BASE C 25KG,,5.0,5.0,4750000.0,4156250.0,OK,
7,PRU/PL/2605-0144,12407,9762,AV178,AVITEX GOLD BASE A 25KG,AV178,AVITEX GOLD BASE A 25KG,,5.0,5.0,5145500.0,4502312.5,OK,
7,PRU/PL/2605-0144,12408,9763,AV179,AVITEX GOLD BASE B 25KG,AV179,AVITEX GOLD BASE B 25KG,,5.0,5.0,4947000.0,4328625.0,OK,
7,PRU/PL/2605-0145,12410,8397,AC028,FORTE KC 100B,AC028,FORTE KC 100B,,3.0,3.0,11699700.0,7019820.0,OK,
7,PRU/PL/2605-0146,12418,12078,OP556,MATRAS SPRING BED OLYMPIC GOLD HEMERA23 160X200,OP556,MATRAS SPRING BED OLYMPIC GOLD HEMERA23 160X200,,3.0,3.0,10677000.0,10677000.0,OK,
7,PRU/PL/2605-0146,12419,12079,OP557,MATRAS SPRING BED OLYMPIC GOLD HEMERA23 180X200,OP557,MATRAS SPRING BED OLYMPIC GOLD HEMERA23 180X200,,3.0,3.0,11607000.0,11607000.0,OK,
7,PRU/PL/2605-0146,12420,11104,OP315,MATRAS SPRING BED OLYMPIC SILVER EDEN23 180X200,OP315,MATRAS SPRING BED OLYMPIC SILVER EDEN23 180X200,,3.0,3.0,12300000.0,12300000.0,OK,
7,PRU/PL/2605-0147,12421,12065,OP543,MATRAS SPRING BED OLYMPIC SILVER MAIA23 120X200,OP543,MATRAS SPRING BED OLYMPIC SILVER MAIA23 120X200,,1.0,1.0,2295000.0,2295000.0,OK,
7,PRU/PL/2605-0147,12422,11102,OP313,MATRAS SPRING BED OLYMPIC SILVER MAIA23 160X200,OP313,MATRAS SPRING BED OLYMPIC SILVER MAIA23 160X200,,1.0,1.0,2944000.0,2944000.0,OK,
7,PRU/PL/2605-0147,12423,11103,OP314,MATRAS SPRING BED OLYMPIC SILVER MAIA23 180X200,OP314,MATRAS SPRING BED OLYMPIC SILVER MAIA23 180X200,,1.0,1.0,3262000.0,3262000.0,OK,
7,PRU/PL/2605-0147,12424,10125,OP209,MATRAS SPRING BED PROCELLA REVIVE AUTUMN BREEZE23 160X200,OP209,MATRAS SPRING BED PROCELLA REVIVE AUTUMN BREEZE23 160X200,,2.0,2.0,5436000.0,5436000.0,OK,
7,PRU/PL/2605-0147,12425,12077,OP555,MATRAS SPRING BED PROCELLA REVIVE MORNING DEW23 160X200,OP555,MATRAS SPRING BED PROCELLA REVIVE MORNING DEW23 160X200,,1.0,1.0,3072000.0,3072000.0,OK,
7,PRU/PL/2605-0148,12426,10125,OP209,MATRAS SPRING BED PROCELLA REVIVE AUTUMN BREEZE23 160X200,OP209,MATRAS SPRING BED PROCELLA REVIVE AUTUMN BREEZE23 160X200,,3.0,3.0,8154000.0,8154000.0,OK,
7,PRU/PL/2605-0148,12427,10124,OP157,MATRAS SPRING BED PROCELLA REVIVE AUTUMN BREEZE23 180X200,OP157,MATRAS SPRING BED PROCELLA REVIVE AUTUMN BREEZE23 180X200,,3.0,3.0,9177000.0,9177000.0,OK,
7,PRU/PL/2605-0148,12428,12077,OP555,MATRAS SPRING BED PROCELLA REVIVE MORNING DEW23 160X200,OP555,MATRAS SPRING BED PROCELLA REVIVE MORNING DEW23 160X200,,3.0,3.0,9216000.0,9216000.0,OK,
7,PRU/PL/2605-0148,12429,12026,OP514,MATRAS SPRING BED PROCELLA REVIVE MORNING DEW23 180X200,OP514,MATRAS SPRING BED PROCELLA REVIVE MORNING DEW23 180X200,,3.0,3.0,10311000.0,10311000.0,OK,
7,PRU/PL/2605-0148,12430,12015,OP503,MATRAS SPRING BED PROCELLA PEDIC PROPEDIC24 120X200,OP503,MATRAS SPRING BED PROCELLA PEDIC PROPEDIC24 120X200,,3.0,3.0,10056000.0,10056000.0,OK,
7,PRU/PL/2605-0148,12431,9663,OP135,MATRAS SPRING BED PROCELLA PEDIC PROPEDIC24 160X200,OP135,MATRAS SPRING BED PROCELLA PEDIC PROPEDIC24 160X200,,1.0,1.0,4143000.0,4143000.0,OK,
7,PRU/PL/2605-0148,12432,10958,OP308,MATRAS SPRING BED PROCELLA PEDIC PROPEDIC24 180X200,OP308,MATRAS SPRING BED PROCELLA PEDIC PROPEDIC24 180X200,,3.0,3.0,13710000.0,13710000.0,OK,
7,PRU/PL/2605-0149,12531,6529,SM007,SEMEN TONASA,SM007,SEMEN TONASA,,600.0,600.0,40800000.0,40800000.0,OK,
7,PRU/PL/2605-0150,12532,6529,SM007,SEMEN TONASA,SM007,SEMEN TONASA,,200.0,200.0,13600000.0,13600000.0,OK,
7,PRU/PL/2605-0151,12618,295,AV042,NO DROP 1L,AV042,NO DROP 1L,,48.0,48.0,3916800.0,3623040.0,OK,
7,PRU/PL/2605-0151,12619,304,AV051,NO DROP BASE C 1L,AV051,NO DROP BASE C 1L,,6.0,6.0,450600.0,394275.0,OK,
7,PRU/PL/2605-0151,12620,296,AV043,NO DROP 4L,AV043,NO DROP 4L,,12.0,12.0,3700800.0,3423240.0,OK,
7,PRU/PL/2605-0151,12621,4734,AV092,NO DROP BASE A 20KG,AV092,NO DROP BASE A 20KG,,5.0,5.0,7015000.0,6138125.0,OK,
7,PRU/PL/2605-0151,12622,4736,AV094,NO DROP BASE C 20KG,AV094,NO DROP BASE C 20KG,,5.0,5.0,6467000.0,5658625.0,OK,
7,PRU/PL/2605-0152,12624,296,AV043,NO DROP 4L,AV043,NO DROP 4L,,12.0,12.0,3700800.0,3423240.0,OK,
7,PRU/PL/2605-0153,12626,10903,OP294,BED LINEN SET PROCELLA SOFTWEAVE LUX 180 T35,OP294,BED LINEN SET PROCELLA SOFTWEAVE LUX 180 T35,,20.0,20.0,4380000.0,4380000.0,OK,
7,PRU/PL/2605-0154,12627,10902,OP293,BED LINEN SET PROCELLA  SOFTWEAVE LUX 160  T35,OP293,BED LINEN SET PROCELLA  SOFTWEAVE LUX 160  T35,,20.0,20.0,4140000.0,4140000.0,OK,
7,PRU/PL/2605-0155,12629,11535,OP362,BED LINEN SET PROCELLA SOFTWEAVE LUX 120 T35,OP362,BED LINEN SET PROCELLA SOFTWEAVE LUX 120 T35,,20.0,20.0,3500000.0,3500000.0,OK,
7,PRU/PL/2605-0156,12630,12182,OP568,DRAWER BESI OLYMSTEEL ODR 3L 001,OP568,DRAWER BESI OLYMSTEEL ODR 3L 001,,8.0,8.0,12400000.0,12400000.0,OK,
7,PRU/PL/2605-0156,12631,12183,OP569,DRAWER BESI OLYMSTEEL ODR 4L 001,OP569,DRAWER BESI OLYMSTEEL ODR 4L 001,,4.0,4.0,7160000.0,7160000.0,OK,
7,PRU/PL/2605-0156,12632,12184,OP570,CRENDENZA BESI OLYMSTEEL CRB CHERYL 3P,OP570,CRENDENZA BESI OLYMSTEEL CRB CHERYL 3P,,4.0,4.0,7000000.0,7000000.0,OK,
7,PRU/PL/2605-0156,12633,11101,OP312,CREDENZA BESI OLYMSTEEL CRB BRENDA 01,OP312,CREDENZA BESI OLYMSTEEL CRB BRENDA 01,,4.0,4.0,8220000.0,8220000.0,OK,
7,PRU/PL/2605-0156,12634,12185,OP571,CRENDENZA BESI OLYMSTEEL CRB LATTE 4P2L,OP571,CRENDENZA BESI OLYMSTEEL CRB LATTE 4P2L,,2.0,2.0,4100000.0,4100000.0,OK,
7,PRU/PL/2605-0157,12635,12188,OP574,KASUR BUSA OLYMPIC LITE GOLD KT COKLAT DREAM BED 090X200X20,OP574,KASUR BUSA OLYMPIC LITE GOLD KT COKLAT DREAM BED 090X200X20,,10.0,10.0,5900000.0,5900000.0,OK,
7,PRU/PL/2605-0157,12636,12189,OP575,KASUR BUSA OLYMPIC LITE GOLD KT COKLAT DREAM BED 120X200X20,OP575,KASUR BUSA OLYMPIC LITE GOLD KT COKLAT DREAM BED 120X200X20,,10.0,10.0,7770000.0,7770000.0,OK,
7,PRU/PL/2605-0157,12637,12190,OP576,KASUR BUSA OLYMPIC LITE GOLD KT COKLAT DREAM BED 160X200X20,OP576,KASUR BUSA OLYMPIC LITE GOLD KT COKLAT DREAM BED 160X200X20,,10.0,10.0,9650000.0,9650000.0,OK,
7,PRU/PL/2605-0157,12638,12191,OP577,KASUR BUSA OLYMPIC LITE GOLD KT COKLAT DREAM BED 180X200X20,OP577,KASUR BUSA OLYMPIC LITE GOLD KT COKLAT DREAM BED 180X200X20,,10.0,10.0,11180000.0,11180000.0,OK,
7,PRU/PL/2605-0158,12639,10321,OP235,LEMARI PAKAIAN ANAK BESI OLYMSTEEL OSW 3P KIDS,OP235,LEMARI PAKAIAN ANAK BESI OLYMSTEEL OSW 3P KIDS,,12.0,12.0,24600000.0,24600000.0,OK,
7,PRU/PL/2605-0160,12645,8881,OP118,RAK DAPUR BESI OLYMSTEEL KSC 001,OP118,RAK DAPUR BESI OLYMSTEEL KSC 001,,6.0,6.0,16320000.0,16320000.0,OK,
7,PRU/PL/2605-0161,12646,9338,OP125,LEMARI PAKAIAN ANAK BESI OLYMSTEEL OSWS KIDS,OP125,LEMARI PAKAIAN ANAK BESI OLYMSTEEL OSWS KIDS,,10.0,10.0,21000000.0,21000000.0,OK,
7,PRU/PL/2605-0162,12647,11960,AV268,SUNGUARD BASIC BASE A 1L,AV268,SUNGUARD BASIC BASE A 1L,,4.0,4.0,679200.0,564551.04,OK,
7,PRU/PL/2605-0162,12648,11961,AV269,SUNGUARD BASIC BASE B 1L,AV269,SUNGUARD BASIC BASE B 1L,,4.0,4.0,653200.0,542939.84,OK,
7,PRU/PL/2605-0162,12649,11962,AV270,SUNGUARD BASIC BASE C 1L,AV270,SUNGUARD BASIC BASE C 1L,,4.0,4.0,626800.0,520996.16000000003,OK,
7,PRU/PL/2605-0162,12650,11028,AV245,SUNGUARD BASIC BASE B 2.5LT,AV245,SUNGUARD BASIC BASE B 2.5LT,,2.0,2.0,616600.0,539525.0,OK,
7,PRU/PL/2605-0162,12651,11029,AV246,SUNGUARD BASIC BASE C 2.5LT,AV246,SUNGUARD BASIC BASE C 2.5LT,,2.0,2.0,591400.0,517475.0,OK,
7,PRU/PL/2605-0162,12652,11031,AV248,SUNGUARD BASIC BASE B 20LT,AV248,SUNGUARD BASIC BASE B 20LT,,1.0,1.0,2184000.0,1911000.0,OK,
7,PRU/PL/2605-0162,12653,11032,AV249,SUNGUARD BASIC BASE C 20LT,AV249,SUNGUARD BASIC BASE C 20LT,,1.0,1.0,2094600.0,1832775.0,OK,
7,PRU/PL/2605-0162,12654,11963,AV271,SUPERSILK BASIC BASE A 1L,AV271,SUPERSILK BASIC BASE A 1L,,4.0,4.0,474800.0,394653.76,OK,
7,PRU/PL/2605-0162,12655,11964,AV272,SUPERSILK BASIC BASE B 1L,AV272,SUPERSILK BASIC BASE B 1L,,4.0,4.0,455200.0,378362.24,OK,
7,PRU/PL/2605-0162,12656,11965,AV273,SUPERSILK BASIC BASE C 1L,AV273,SUPERSILK BASIC BASE C 1L,,4.0,4.0,436000.0,362403.2,OK,
7,PRU/PL/2605-0162,12657,9212,AV170,"SUPERSILK BASIC BASE A 2,5L",AV170,"SUPERSILK BASIC BASE A 2,5L",,2.0,2.0,448600.0,392525.0,OK,
7,PRU/PL/2605-0162,12658,9213,AV171,"SUPERSILK BASIC BASE B 2,5L",AV171,"SUPERSILK BASIC BASE B 2,5L",,2.0,2.0,430800.0,376950.0,OK,
7,PRU/PL/2605-0162,12659,9214,AV172,"SUPERSILK BASIC BASE C 2,5L",AV172,"SUPERSILK BASIC BASE C 2,5L",,2.0,2.0,413400.0,361725.0,OK,
7,PRU/PL/2605-0162,12660,10775,AV230,SUPERSILK BASIC BASE A 20L,AV230,SUPERSILK BASIC BASE A 20L,,1.0,1.0,1608900.0,1407787.5,OK,
7,PRU/PL/2605-0162,12661,10776,AV231,SUPERSILK BASIC BASE B 20L,AV231,SUPERSILK BASIC BASE B 20L,,1.0,1.0,1546100.0,1352837.5,OK,
7,PRU/PL/2605-0162,12662,10777,AV232,SUPERSILK BASIC BASE C 20L,AV232,SUPERSILK BASIC BASE C 20L,,1.0,1.0,1483300.0,1297887.5,OK,
7,PRU/PL/2605-0163,12663,12186,OP572,BED SET MULTIBED PROCELLA KIRANA COKLAT EURO PLUSH TOP 140X200,OP572,BED SET MULTIBED PROCELLA KIRANA COKLAT EURO PLUSH TOP 140X200,,1.0,1.0,3800000.0,3800000.0,OK,
7,PRU/PL/2605-0164,12664,12187,OP573,BED SET MULTIBED PROCELLA VEGAS COKLAT 140X200,OP573,BED SET MULTIBED PROCELLA VEGAS COKLAT 140X200,,1.0,1.0,3800000.0,3800000.0,OK,
7,PRU/PL/2605-0165,12665,10949,OP303,SOFA L CHESTER BLUDRU +SET MEJA SOFA CHESTER BLUDRU,OP303,SOFA L CHESTER BLUDRU +SET MEJA SOFA CHESTER BLUDRU,,2.0,2.0,10000000.0,10000000.0,OK,
7,PRU/PL/2605-0166,12666,11646,OP386,SOFA PROCELLA LEXY BLUDRU 3 SEATER+ 2 PUFF+ MEJA,OP386,SOFA PROCELLA LEXY BLUDRU 3 SEATER+ 2 PUFF+ MEJA,,1.0,1.0,3800000.0,3800000.0,OK,
7,PRU/PL/2605-0167,12667,11646,OP386,SOFA PROCELLA LEXY BLUDRU 3 SEATER+ 2 PUFF+ MEJA,OP386,SOFA PROCELLA LEXY BLUDRU 3 SEATER+ 2 PUFF+ MEJA,,1.0,1.0,3800000.0,3800000.0,OK,
7,PRU/PL/2605-0168,12668,7975,OP034,SOFA LIBERTI 211+BANTAL+MEJA,OP034,SOFA LIBERTI 211+BANTAL+MEJA,,1.0,1.0,5000000.0,5000000.0,OK,
7,PRU/PL/2605-0169,12669,10949,OP303,SOFA L CHESTER BLUDRU +SET MEJA SOFA CHESTER BLUDRU,OP303,SOFA L CHESTER BLUDRU +SET MEJA SOFA CHESTER BLUDRU,,2.0,2.0,10000000.0,10000000.0,OK,
7,PRU/PL/2605-0170,12671,12193,OP579,KASUR BUSA OLYMPIC STANDART LIST BUNGA 090X200X12,OP579,KASUR BUSA OLYMPIC STANDART LIST BUNGA 090X200X12,,10.0,10.0,3720000.0,3720000.0,OK,
7,PRU/PL/2605-0170,12672,8695,OP105,KASUR BUSA STANDART 90X200X14,OP105,KASUR BUSA STANDART 90X200X14,,10.0,10.0,4200000.0,4200000.0,OK,
7,PRU/PL/2605-0170,12673,9989,OP143,KASUR BUSA OLYMPIC STANDART LIST BUNGA 90X200X20,OP143,KASUR BUSA OLYMPIC STANDART LIST BUNGA 90X200X20,,10.0,10.0,5600000.0,5600000.0,OK,
7,PRU/PL/2605-0170,12674,8696,OP106,KASUR BUSA STANDART 120X200X14,OP106,KASUR BUSA STANDART 120X200X14,,10.0,10.0,5530000.0,5530000.0,OK,
7,PRU/PL/2605-0171,12689,12084,OHW001,CRYSTAL DRAIN BOWL OLYMPLAST (CDBO),OHW001,CRYSTAL DRAIN BOWL OLYMPLAST (CDBO),,144.0,144.0,6768000.0,6768000.0,OK,
7,PRU/PL/2605-0171,12690,12085,OHW002,CRYSTAL DRAINER TRAY OLYMPLAST (CDTO),OHW002,CRYSTAL DRAINER TRAY OLYMPLAST (CDTO),,64.0,64.0,3968000.0,3968000.0,OK,
7,PRU/PL/2605-0171,12691,12086,OHW003,CRYSTAL EGG ORGANIZER OLYMPLAST (CEOO),OHW003,CRYSTAL EGG ORGANIZER OLYMPLAST (CEOO),,72.0,72.0,3384000.0,3384000.0,OK,
7,PRU/PL/2605-0171,12692,12127,OHW030,CRYSTAL MULTIPURPOSE RACK OLYMPLAST (CMRO),OHW030,CRYSTAL MULTIPURPOSE RACK OLYMPLAST (CMRO),,4.0,4.0,2100000.0,2100000.0,OK,
7,PRU/PL/2605-0172,12693,12087,OHW004,CRYSTAL BOX CONTAINER OLYMPLAST (SET) (CBCO),OHW004,CRYSTAL BOX CONTAINER OLYMPLAST (SET) (CBCO),,4.0,4.0,1708000.0,1708000.0,OK,
7,PRU/PL/2605-0172,12694,12088,OHW005,CRYSTAL BOX ORGANIZER OLYMPLAST 11L (CBOO),OHW005,CRYSTAL BOX ORGANIZER OLYMPLAST 11L (CBOO),,36.0,36.0,1980000.0,1980000.0,OK,
7,PRU/PL/2605-0172,12695,12089,OHW006,CRYSTAL BOX ORGANIZER OLYMPLAST 8L (CBOO),OHW006,CRYSTAL BOX ORGANIZER OLYMPLAST 8L (CBOO),,48.0,48.0,2064000.0,2064000.0,OK,
7,PRU/PL/2605-0172,12696,12090,OHW007,CRYSTAL BOX STORAGE OLYMPLAST 10L (CBSO),OHW007,CRYSTAL BOX STORAGE OLYMPLAST 10L (CBSO),,24.0,24.0,3096000.0,3096000.0,OK,
7,PRU/PL/2605-0172,12697,12092,OHW008,CRYSTAL BOX STORAGE OLYMPLAST 4L (CBSO),OHW008,CRYSTAL BOX STORAGE OLYMPLAST 4L (CBSO),,48.0,48.0,4032000.0,4032000.0,OK,
7,PRU/PL/2605-0172,12698,12093,OHW009,CRYSTAL BOX STORAGE OLYMPLAST 7L (CBSO),OHW009,CRYSTAL BOX STORAGE OLYMPLAST 7L (CBSO),,36.0,36.0,3816000.0,3816000.0,OK,
7,PRU/PL/2605-0172,12699,12094,OHW010,CRYSTAL CUTLERY BOX OLYMPLAST (CCBO),OHW010,CRYSTAL CUTLERY BOX OLYMPLAST (CCBO),,60.0,60.0,2820000.0,2820000.0,OK,
7,PRU/PL/2605-0173,12700,8193,OP065,MEJA RIAS OLYMPIC SILVER MR SEAMUS N,OP065,MEJA RIAS OLYMPIC SILVER MR SEAMUS N,,1.0,1.0,765000.0,765000.0,OK,
7,PRU/PL/2605-0174,12701,12095,OHW011,STORAGE JAR ORGANIZER OLYMPLAST 0.6L (SJOO),OHW011,STORAGE JAR ORGANIZER OLYMPLAST 0.6L (SJOO),,216.0,216.0,3456000.0,3456000.0,OK,
7,PRU/PL/2605-0174,12702,12096,OHW012,STORAGE JAR ORGANIZER OLYMPLAST 1.4L (SJOO),OHW012,STORAGE JAR ORGANIZER OLYMPLAST 1.4L (SJOO),,216.0,216.0,4320000.0,4320000.0,OK,
7,PRU/PL/2605-0174,12703,12097,OHW013,STORAGE JAR ORGANIZER OLYMPLAST 2L (SJOO),OHW013,STORAGE JAR ORGANIZER OLYMPLAST 2L (SJOO),,216.0,216.0,4464720.0,4464720.0,OK,
7,PRU/PL/2605-0175,12704,12098,OHW014,CRYSTAL ORGANIZER OLYMPLAST 4L (COO),OHW014,CRYSTAL ORGANIZER OLYMPLAST 4L (COO),,72.0,72.0,2376000.0,2376000.0,OK,
7,PRU/PL/2605-0175,12705,12099,OHW015,CRYSTAL ORGANIZER OLYMPLAST 6L (COO),OHW015,CRYSTAL ORGANIZER OLYMPLAST 6L (COO),,72.0,72.0,2520000.0,2520000.0,OK,
7,PRU/PL/2605-0175,12706,12100,OHW016,CRYSTAL ORGANIZER OLYMPLAST 8L (COO),OHW016,CRYSTAL ORGANIZER OLYMPLAST 8L (COO),,72.0,72.0,3024000.0,3024000.0,OK,
7,PRU/PL/2605-0175,12707,12101,OHW017,CRYSTAL ROTATING ORGANIZER OLYMPLAST L (CROO),OHW017,CRYSTAL ROTATING ORGANIZER OLYMPLAST L (CROO),,80.0,80.0,7360000.0,7360000.0,OK,
7,PRU/PL/2605-0175,12708,12102,OHW018,CRYSTAL ROTATION RACK OLYMPLAST (CRRO),OHW018,CRYSTAL ROTATION RACK OLYMPLAST (CRRO),,4.0,4.0,1424000.0,1424000.0,OK,
7,PRU/PL/2605-0175,12709,12103,OHW019,CRYSTAL STORAGE CONTAINER OLYMPLAST (CSCO),OHW019,CRYSTAL STORAGE CONTAINER OLYMPLAST (CSCO),,72.0,72.0,2016000.0,2016000.0,OK,
7,PRU/PL/2605-0175,12710,12105,OHW020,OLYMPLAST CRYSTAL DISH DRAINER (OCDD),OHW020,OLYMPLAST CRYSTAL DISH DRAINER (OCDD),,12.0,12.0,1680000.0,1680000.0,OK,
7,PRU/PL/2605-0176,12711,12106,OHW021,OLYMPLAST WATER PITCHER (OWP),OHW021,OLYMPLAST WATER PITCHER (OWP),,80.0,80.0,5600000.0,5600000.0,OK,
7,PRU/PL/2605-0177,12712,12107,OHW022,CRYSTAL STACKABLE ORGANIZER OLYMPLAST 1.5L (CSOO),OHW022,CRYSTAL STACKABLE ORGANIZER OLYMPLAST 1.5L (CSOO),,72.0,72.0,2736000.0,2736000.0,OK,
7,PRU/PL/2605-0177,12713,12108,OHW023,CRYSTAL STACKABLE ORGANIZER OLYMPLAST 3L (H) (CSOO),OHW023,CRYSTAL STACKABLE ORGANIZER OLYMPLAST 3L (H) (CSOO),,72.0,72.0,3744000.0,3744000.0,OK,
7,PRU/PL/2605-0177,12714,12109,OHW024,CRYSTAL STACKABLE ORGANIZER OLYMPLAST 3L (W) (CSOO),OHW024,CRYSTAL STACKABLE ORGANIZER OLYMPLAST 3L (W) (CSOO),,48.0,48.0,2544000.0,2544000.0,OK,
7,PRU/PL/2605-0177,12715,12110,OHW025,CRYSTAL STACKABLE ORGANIZER OLYMPLAST 6L (CSOO),OHW025,CRYSTAL STACKABLE ORGANIZER OLYMPLAST 6L (CSOO),,48.0,48.0,3024000.0,3024000.0,OK,
7,PRU/PL/2605-0177,12716,12111,OHW026,OLYMPLAST CRYSTAL FOOD CONTAINER L (OCFC),OHW026,OLYMPLAST CRYSTAL FOOD CONTAINER L (OCFC),,32.0,32.0,3296000.0,3296000.0,OK,
7,PRU/PL/2605-0177,12717,12112,OHW027,OLYMPLAST CRYSTAL FOOD CONTAINER R (OCFC),OHW027,OLYMPLAST CRYSTAL FOOD CONTAINER R (OCFC),,24.0,24.0,2376000.0,2376000.0,OK,
7,PRU/PL/2605-0177,12718,12113,OHW028,OLYMPLAST CRYSTAL FOOD CONTAINER S (OCFC),OHW028,OLYMPLAST CRYSTAL FOOD CONTAINER S (OCFC),,48.0,48.0,3264000.0,3264000.0,OK,
7,PRU/PL/2605-0177,12719,12114,OHW029,OLYMPLAST HIGH TEA TRAY (OHTT),OHW029,OLYMPLAST HIGH TEA TRAY (OHTT),,36.0,36.0,3924000.0,3924000.0,OK,
7,PRU/PL/2605-0178,12720,9990,OP144,KASUR BUSA OLYMPIC STANDART LIST BUNGA 120X200X20,OP144,KASUR BUSA OLYMPIC STANDART LIST BUNGA 120X200X20,,6.0,6.0,4428000.0,4428000.0,OK,
7,PRU/PL/2605-0179,12721,12115,OP561,KASUR BUSA OLYMPIC SUPER GOLD LIST 150X200X14,OP561,KASUR BUSA OLYMPIC SUPER GOLD LIST 150X200X14,,3.0,3.0,2508000.0,2508000.0,OK,
7,PRU/PL/2605-0180,12722,6443,OP016,KASUR BUSA OLYMPIC DELUXE THERA LIST 160X200X20,OP016,KASUR BUSA OLYMPIC DELUXE THERA LIST 160X200X20,,5.0,5.0,6710000.0,6710000.0,OK,
7,PRU/PL/2605-0181,12730,12116,OP562,KASUR BUSA OLYMPIC STANDART LIST BUNGA 140X200X12,OP562,KASUR BUSA OLYMPIC STANDART LIST BUNGA 140X200X12,,5.0,5.0,2830000.0,2830000.0,OK,
7,PRU/PL/2605-0181,12731,12117,OP563,KASUR BUSA OLYMPIC STANDART LIST BUNGA 140X200X14,OP563,KASUR BUSA OLYMPIC STANDART LIST BUNGA 140X200X14,,4.0,4.0,2540000.0,2540000.0,OK,
7,PRU/PL/2605-0181,12732,12118,OP564,KASUR BUSA OLYMPIC STANDART LIST BUNGA 140X200X20,OP564,KASUR BUSA OLYMPIC STANDART LIST BUNGA 140X200X20,,2.0,2.0,1602000.0,1602000.0,OK,
7,PRU/PL/2605-0181,12733,12119,OP565,KASUR BUSA OLYMPIC STANDART LIST BUNGA 150X200X12,OP565,KASUR BUSA OLYMPIC STANDART LIST BUNGA 150X200X12,,5.0,5.0,2865000.0,2865000.0,OK,
7,PRU/PL/2605-0181,12734,12120,OP566,KASUR BUSA OLYMPIC STANDART LIST BUNGA 150X200X14,OP566,KASUR BUSA OLYMPIC STANDART LIST BUNGA 150X200X14,,5.0,5.0,3245000.0,3245000.0,OK,
7,PRU/PL/2605-0181,12735,12121,OP567,KASUR BUSA OLYMPIC STANDART LIST BUNGA 160X200X12,OP567,KASUR BUSA OLYMPIC STANDART LIST BUNGA 160X200X12,,5.0,5.0,3060000.0,3060000.0,OK,
7,PRU/PL/2605-0181,12736,8697,OP107,KASUR BUSA STANDART 160X200X14,OP107,KASUR BUSA STANDART 160X200X14,,5.0,5.0,3430000.0,3430000.0,OK,
7,PRU/PL/2605-0181,12737,9991,OP149,KASUR BUSA OLYMPIC STANDART LIST BUNGA 160X200X20,OP149,KASUR BUSA OLYMPIC STANDART LIST BUNGA 160X200X20,,5.0,5.0,4580000.0,4580000.0,OK,
7,PRU/PL/2605-0182,12751,6529,SM007,SEMEN TONASA,SM007,SEMEN TONASA,,400.0,400.0,27200000.0,27200000.0,OK,
7,PRU/PL/2605-0183,12821,5499,SG013,SPANDEX GALVALUM 020X4M,SG013,SPANDEX GALVALUM 020X4M,,250.0,250.0,18055500.0,18055500.0,OK,
7,PRU/PL/2605-0184,12822,5052,SG001,SENG GELOMBANG GALVALUM 020,SG001,SENG GELOMBANG GALVALUM 020,,2000.0,2000.0,65000000.0,65000000.0,OK,
7,PRU/PL/2605-0185,12823,6356,TX024,GRC BOARD 3.5MM,TX024,GRC BOARD 3.5MM,,2900.0,2900.0,113100000.0,113100000.0,OK,
7,PRU/PL/2605-0185,12824,5780,TX034,LISPLANG 20CM X 3M,TX034,LISPLANG 20CM X 3M,,800.0,800.0,21680000.0,21680000.0,OK,
7,PRU/PL/2605-0186,12825,52,BS047,BESI SIKU 3X3 TIPIS,BS047,BESI SIKU 3X3 TIPIS,,215.0,215.0,11137000.0,11137000.0,OK,
7,PRU/PL/2606-0001,12826,6529,SM007,SEMEN TONASA,SM007,SEMEN TONASA,,600.0,600.0,40800000.0,40800000.0,OK,
7,PRU/PL/2605-0187,12835,6442,OP015,KASUR BUSA OLYMPIC DELUXE THERA LIST 120X200X20,OP015,KASUR BUSA OLYMPIC DELUXE THERA LIST 120X200X20,,9.0,9.0,9000000.0,9000000.0,OK,
7,PRU/PL/2605-0187,12836,12204,OP584,KASUR BUSA OLYMPIC DELUXE TR BIRU LIST 150X200X20,OP584,KASUR BUSA OLYMPIC DELUXE TR BIRU LIST 150X200X20,,5.0,5.0,6260000.0,6260000.0,OK,
7,PRU/PL/2605-0187,12837,6443,OP016,KASUR BUSA OLYMPIC DELUXE THERA LIST 160X200X20,OP016,KASUR BUSA OLYMPIC DELUXE THERA LIST 160X200X20,,5.0,5.0,6710000.0,6710000.0,OK,
7,PRU/PL/2605-0187,12838,12205,OP585,KASUR BUSA OLYMPIC DELUXE TR BIRU LIST 180X200X20,OP585,KASUR BUSA OLYMPIC DELUXE TR BIRU LIST 180X200X20,,10.0,10.0,14470000.0,14470000.0,OK,
7,PRU/PL/2605-0188,12846,12065,OP543,MATRAS SPRING BED OLYMPIC SILVER MAIA23 120X200,OP543,MATRAS SPRING BED OLYMPIC SILVER MAIA23 120X200,,3.0,3.0,6885000.0,6885000.0,OK,
7,PRU/PL/2605-0188,12847,11102,OP313,MATRAS SPRING BED OLYMPIC SILVER MAIA23 160X200,OP313,MATRAS SPRING BED OLYMPIC SILVER MAIA23 160X200,,3.0,3.0,8832000.0,8832000.0,OK,
7,PRU/PL/2605-0188,12848,11103,OP314,MATRAS SPRING BED OLYMPIC SILVER MAIA23 180X200,OP314,MATRAS SPRING BED OLYMPIC SILVER MAIA23 180X200,,3.0,3.0,9786000.0,9786000.0,OK,
7,PRU/PL/2605-0188,12849,12016,OP504,MATRAS SPRING BED OLYMPIC SILVER MINERVA23 120X200,OP504,MATRAS SPRING BED OLYMPIC SILVER MINERVA23 120X200,,3.0,3.0,5979000.0,5979000.0,OK,
7,PRU/PL/2605-0188,12850,10499,OP254,MATRAS SPRING BED OLYMPIC SILVER MINERVA23 160X200,OP254,MATRAS SPRING BED OLYMPIC SILVER MINERVA23 160X200,,3.0,3.0,7605000.0,7605000.0,OK,
7,PRU/PL/2605-0188,12851,12066,OP544,MATRAS SPRING BED OLYMPIC SILVER MINERVA23 180X200,OP544,MATRAS SPRING BED OLYMPIC SILVER MINERVA23 180X200,,3.0,3.0,8466000.0,8466000.0,OK,
7,PRU/PL/2605-0189,12858,50,BS045,BESI UNP 8,BS045,BESI UNP 8,,60.0,60.0,20904000.0,20904000.0,OK,
7,PRU/PL/2605-0189,12859,4989,BS096,"BESI UNP 6,5",BS096,"BESI UNP 6,5",,40.0,40.0,12772000.0,12772000.0,OK,
7,PRU/PL/2605-0190,12863,4641,BS065,BESI SIKU 4X4 TIPIS,BS065,BESI SIKU 4X4 TIPIS,,200.0,200.0,18000000.0,18000000.0,OK,
7,PRU/PL/2605-0190,12864,3425,BS048,BESI SIKU 4X4 TEBAL,BS048,BESI SIKU 4X4 TEBAL,,200.0,200.0,32600000.0,32600000.0,OK,
7,PRU/PL/2605-0190,12865,5139,BS066,BESI SIKU 3X3 TEBAL,BS066,BESI SIKU 3X3 TEBAL,,200.0,200.0,15440000.0,15440000.0,OK,
7,PRU/PL/2605-0191,12866,12036,OP524,BED SET MULTIBED PROCELLA VEGAS HITAM STANDART 160X200,OP524,BED SET MULTIBED PROCELLA VEGAS HITAM STANDART 160X200,,3.0,3.0,12675000.0,12675000.0,OK,
7,PRU/PL/2605-0191,12867,8172,OP047,BANTAL PROCCELA DACRON,OP047,BANTAL PROCCELA DACRON,,3.0,3.0,189000.0,0.0,OK,
7,PRU/PL/2605-0191,12868,8171,OP046,GULING PROCELLA DACRON,OP046,GULING PROCELLA DACRON,,3.0,3.0,189000.0,0.0,OK,
7,PRU/PL/2605-0192,12869,167,PRN004,"PARALON MOF 6"" D",PRN004,"PARALON MOF 6"" D",,125.0,125.0,27408750.0,27408750.0,OK,
7,PRU/PL/2605-0192,12870,10529,PRN061,"PARALON MOF 8"" D",PRN061,"PARALON MOF 8"" D",,56.0,56.0,19565224.0,19565224.0,OK,
7,PRU/PL/2605-0193,12877,12081,OP558,BED SET OLYMPIC SILVER MINERVA23 180X200,OP558,BED SET OLYMPIC SILVER MINERVA23 180X200,,1.0,1.0,5105000.0,5105000.0,OK,
7,PRU/PL/2605-0193,12878,8172,OP047,BANTAL PROCCELA DACRON,OP047,BANTAL PROCCELA DACRON,,2.0,2.0,126000.0,0.0,OK,
7,PRU/PL/2605-0193,12879,8171,OP046,GULING PROCELLA DACRON,OP046,GULING PROCELLA DACRON,,2.0,2.0,126000.0,0.0,OK,
7,PRU/PL/2605-0194,12880,12036,OP524,BED SET MULTIBED PROCELLA VEGAS HITAM STANDART 160X200,OP524,BED SET MULTIBED PROCELLA VEGAS HITAM STANDART 160X200,,3.0,3.0,13125000.0,13125000.0,OK,
7,PRU/PL/2605-0194,12881,8172,OP047,BANTAL PROCCELA DACRON,OP047,BANTAL PROCCELA DACRON,,6.0,6.0,378000.0,0.0,OK,
7,PRU/PL/2605-0194,12882,8171,OP046,GULING PROCELLA DACRON,OP046,GULING PROCELLA DACRON,,3.0,3.0,189000.0,0.0,OK,
7,PRU/PL/2605-0195,12883,12074,OP552,MATRAS SPRING BED OLYMPIC PEDIC OLYMPEDIC24 180X200,OP552,MATRAS SPRING BED OLYMPIC PEDIC OLYMPEDIC24 180X200,,4.0,4.0,14012000.0,14012000.0,OK,
7,PRU/PL/2605-0195,12884,12016,OP504,MATRAS SPRING BED OLYMPIC SILVER MINERVA23 120X200,OP504,MATRAS SPRING BED OLYMPIC SILVER MINERVA23 120X200,,1.0,1.0,1933000.0,1933000.0,OK,
7,PRU/PL/2605-0195,12885,10499,OP254,MATRAS SPRING BED OLYMPIC SILVER MINERVA23 160X200,OP254,MATRAS SPRING BED OLYMPIC SILVER MINERVA23 160X200,,1.0,1.0,2535000.0,2535000.0,OK,
7,PRU/PL/2605-0195,12886,12066,OP544,MATRAS SPRING BED OLYMPIC SILVER MINERVA23 180X200,OP544,MATRAS SPRING BED OLYMPIC SILVER MINERVA23 180X200,,1.0,1.0,2822000.0,2822000.0,OK,
7,PRU/PL/2605-0195,12887,8172,OP047,BANTAL PROCCELA DACRON,OP047,BANTAL PROCCELA DACRON,,7.0,7.0,441000.0,0.0,OK,
7,PRU/PL/2605-0196,12888,9039,OP123,MATRAS PROCELLA JASMINE HIJAU PLUSH TOP 120X200,OP123,MATRAS PROCELLA JASMINE HIJAU PLUSH TOP 120X200,,1.0,1.0,2220000.0,2220000.0,OK,
7,PRU/PL/2605-0196,12889,12012,OP500,MATRAS PROCELLA RELAX JASMINE PILLOW TOP 160X200,OP500,MATRAS PROCELLA RELAX JASMINE PILLOW TOP 160X200,,1.0,1.0,2938000.0,2938000.0,OK,
7,PRU/PL/2605-0196,12890,12013,OP501,MATRAS PROCELLA RELAX JASMINE PILLOW TOP 180X200,OP501,MATRAS PROCELLA RELAX JASMINE PILLOW TOP 180X200,,1.0,1.0,3400000.0,3400000.0,OK,
7,PRU/PL/2605-0196,12891,6990,OP017,MATRAS PROCELLA RELAX JASMINE PILOW TOP 200X200,OP017,MATRAS PROCELLA RELAX JASMINE PILOW TOP 200X200,,1.0,1.0,3670000.0,3670000.0,OK,
7,PRU/PL/2605-0196,12892,12069,OP547,MATRAS PROCELLA ATHENA STANDART 120 X 200,OP547,MATRAS PROCELLA ATHENA STANDART 120 X 200,,3.0,3.0,5925000.0,5925000.0,OK,
7,PRU/PL/2605-0196,12893,10066,OP198,MATRAS PROCELLA ATHENA STANDART 160 X 200,OP198,MATRAS PROCELLA ATHENA STANDART 160 X 200,,1.0,1.0,2263000.0,2263000.0,OK,
7,PRU/PL/2605-0196,12894,10065,OP197,MATRAS PROCELLA ATHENA STANDART 180 X 200,OP197,MATRAS PROCELLA ATHENA STANDART 180 X 200,,1.0,1.0,2500000.0,2500000.0,OK,
7,PRU/PL/2605-0196,12895,8172,OP047,BANTAL PROCCELA DACRON,OP047,BANTAL PROCCELA DACRON,,9.0,9.0,567000.0,0.0,OK,
7,PRU/PL/2605-0197,12896,12071,OP549,MATRAS SPRING BED PROCELLA REJUVE ELYSIAN23 180X200,OP549,MATRAS SPRING BED PROCELLA REJUVE ELYSIAN23 180X200,,2.0,2.0,12674000.0,12674000.0,OK,
7,PRU/PL/2605-0197,12897,12072,OP550,MATRAS SPRING BED PROCELLA REFRESH BELIZE23 160X200,OP550,MATRAS SPRING BED PROCELLA REFRESH BELIZE23 160X200,,3.0,3.0,12942000.0,12942000.0,OK,
7,PRU/PL/2605-0197,12898,12073,OP551,MATRAS SPRING BED PROCELLA REFRESH BELIZE23 180X200,OP551,MATRAS SPRING BED PROCELLA REFRESH BELIZE23 180X200,,2.0,2.0,9444000.0,9444000.0,OK,
7,PRU/PL/2605-0197,12899,11640,OP381,MATRAS SPRING BED PROCELLA REFRESH ACADIA23 120X200,OP381,MATRAS SPRING BED PROCELLA REFRESH ACADIA23 120X200,,3.0,3.0,8445000.0,8445000.0,OK,
7,PRU/PL/2605-0197,12900,10123,OP177,MATRAS SPRING BED PROCELLA REFRESH ACADIA 160X200,OP177,MATRAS SPRING BED PROCELLA REFRESH ACADIA 160X200,,3.0,3.0,10800000.0,10800000.0,OK,
7,PRU/PL/2605-0197,12901,10126,OP210,MATRAS SPRING BED PROCELLA REFRESH ACADIA 180X200,OP210,MATRAS SPRING BED PROCELLA REFRESH ACADIA 180X200,,2.0,2.0,8006000.0,8006000.0,OK,
7,PRU/PL/2605-0198,12902,11305,OP328,SOFA L PROCELLA ARES,OP328,SOFA L PROCELLA ARES,,5.0,5.0,32500000.0,32500000.0,OK,
7,PRU/PL/2604-0077,12908,10724,OP270,BED SET PROCELLA PEDIC PROPEDIC24 180X200,OP270,BED SET PROCELLA PEDIC PROPEDIC24 180X200,,1.0,1.0,7355000.0,7355000.0,OK,
7,PRU/PL/2604-0077,12909,8172,OP047,BANTAL PROCCELA DACRON,OP047,BANTAL PROCCELA DACRON,,2.0,2.0,126000.0,0.0,OK,
7,PRU/PL/2604-0077,12910,8171,OP046,GULING PROCELLA DACRON,OP046,GULING PROCELLA DACRON,,2.0,2.0,126000.0,0.0,OK,
7,PRU/PL/2604-0078,12911,12040,OP528,BED SET VICA STANDART 160X200,OP528,BED SET VICA STANDART 160X200,,1.0,1.0,3687000.0,3687000.0,OK,
7,PRU/PL/2604-0078,12912,8172,OP047,BANTAL PROCCELA DACRON,OP047,BANTAL PROCCELA DACRON,,2.0,2.0,126000.0,0.0,OK,
7,PRU/PL/2605-0200,12916,10919,OP299,LEMARI SEPATU OLYMPIC SILVER LS VANILLA,OP299,LEMARI SEPATU OLYMPIC SILVER LS VANILLA,,6.0,6.0,5010000.0,5010000.0,OK,
7,PRU/PL/2605-0200,12917,9384,OP133,MEJA BELAJAR KARAKTER G STAR MBB,OP133,MEJA BELAJAR KARAKTER G STAR MBB,,9.0,9.0,5040000.0,5040000.0,OK,
7,PRU/PL/2605-0200,12918,11829,OP456,"MEJA BELAJAR KARAKTER OLYMPIC SILVER SDB (LITTLE PONY PINK, RIO PINK)",OP456,"MEJA BELAJAR KARAKTER OLYMPIC SILVER SDB (LITTLE PONY PINK, RIO PINK)",,6.0,6.0,5160000.0,5160000.0,OK,
7,PRU/PL/2605-0201,12919,10719,OP175,LEMARI ANAK KARAKTER G STAR LAK  AVENGERS 2.0 G BLUE,OP175,LEMARI ANAK KARAKTER G STAR LAK  AVENGERS 2.0 G BLUE,,1.0,1.0,450000.0,450000.0,OK,
7,PRU/PL/2606-0002,12920,11287,NP299,KUAS NP999 GOLD 3 INCH,NP299,KUAS NP999 GOLD 3 INCH,,36.0,36.0,716220.0,716220.0,OK,
7,PRU/PL/2606-0002,12921,11288,NP300,KUAS NP999 GOLD 4 INCH,NP300,KUAS NP999 GOLD 4 INCH,,30.0,30.0,776760.0,776760.0,OK,
7,PRU/PL/2606-0002,12922,11212,NP291,KUAS NP999 GOLD 5 INCH,NP291,KUAS NP999 GOLD 5 INCH,,24.0,24.0,778848.0,778848.0,OK,
7,PRU/PL/2606-0002,12923,8360,NP211,MDF NP SYNTHETIC BRUSHES 1 INCH,NP211,MDF NP SYNTHETIC BRUSHES 1 INCH,,12.0,12.0,123204.0,123204.0,OK,
7,PRU/PL/2606-0002,12924,8359,NP210,MDF NP SYNTHETIC BRUSHES 2 INCH,NP210,MDF NP SYNTHETIC BRUSHES 2 INCH,,12.0,12.0,203184.0,203184.0,OK,
7,PRU/PL/2606-0002,12925,8358,NP209,MDF NP SYNTHETIC BRUSHES 3 INCH,NP209,MDF NP SYNTHETIC BRUSHES 3 INCH,,12.0,12.0,308448.0,308448.0,OK,
7,PRU/PL/2606-0002,12926,8357,NP208,MDF NP SYNTHETIC BRUSHES 4 INCH,NP208,MDF NP SYNTHETIC BRUSHES 4 INCH,,12.0,12.0,386772.0,386772.0,OK,
7,PRU/PL/2606-0003,12929,8361,NP212,NP SANDPAPER,NP212,NP SANDPAPER,,200.0,200.0,345800.0,345800.0,OK,
7,PRU/PL/2606-0003,12930,8352,NP203,MDF NP KUAS NP888 2.5 INCH,NP203,MDF NP KUAS NP888 2.5 INCH,,144.0,144.0,1410048.0,1410048.0,OK,
7,PRU/PL/2606-0003,12931,8355,NP206,MDF NP KUAS NP888 5 INCH,NP206,MDF NP KUAS NP888 5 INCH,,72.0,72.0,1615680.0,1615680.0,OK,
7,PRU/PL/2606-0003,12932,8356,NP207,MDF NP KUAS NP888 6 INCH,NP207,MDF NP KUAS NP888 6 INCH,,72.0,72.0,1938816.0,1938816.0,OK,
7,PRU/PL/2606-0003,12933,11290,NP302,KUAS NP999 GOLD 1 INCH,NP302,KUAS NP999 GOLD 1 INCH,,36.0,36.0,274284.0,274284.0,OK,
7,PRU/PL/2606-0003,12934,11289,NP301,KUAS NP999 GOLD 1.5 INCH,NP301,KUAS NP999 GOLD 1.5 INCH,,60.0,60.0,601080.0,601080.0,OK,
7,PRU/PL/2606-0003,12935,11286,NP298,KUAS NP999 GOLD 2 INCH,NP298,KUAS NP999 GOLD 2 INCH,,36.0,36.0,474948.0,474948.0,OK,
7,PRU/PL/2606-0003,12936,11211,NP290,KUAS NP999 GOLD 2.5 INCH,NP290,KUAS NP999 GOLD 2.5 INCH,,18.0,18.0,293346.0,293346.0,OK,
7,PRU/PL/2606-0004,12937,4257,NP084,VINILEX TINT BASE 5KG,NP084,VINILEX TINT BASE 5KG,,56.0,56.0,7746200.0,7746200.0,OK,
7,PRU/PL/2604-0081,12938,12041,OP529,BED SET OLYMPIC GOLD EDEN23 180X200,OP529,BED SET OLYMPIC GOLD EDEN23 180X200,,1.0,1.0,6788000.0,6788000.0,OK,
7,PRU/PL/2604-0081,12939,8172,OP047,BANTAL PROCCELA DACRON,OP047,BANTAL PROCCELA DACRON,,2.0,2.0,126000.0,0.0,OK,
7,PRU/PL/2604-0081,12940,8171,OP046,GULING PROCELLA DACRON,OP046,GULING PROCELLA DACRON,,2.0,2.0,126000.0,0.0,OK,
7,PRU/PL/2606-0005,12941,5873,NP101,MATEX PUTTY SUPER WHITE,NP101,MATEX PUTTY SUPER WHITE,,20.0,20.0,1276400.0,1276400.0,OK,
7,PRU/PL/2606-0005,12942,11898,NP327,MATEX PUTTY 002 SUPER WHITE 1L,NP327,MATEX PUTTY 002 SUPER WHITE 1L,,24.0,24.0,524808.0,524808.0,OK,
7,PRU/PL/2606-0005,12943,4208,NP015,NIPSEA SB EPOXY FILLER BASE,NP015,NIPSEA SB EPOXY FILLER BASE,,72.0,72.0,8088408.0,8088408.0,OK,
7,PRU/PL/2604-0082,12947,10432,OP242,BED SET PROCELLA REJUVE ELYSIAN 23 160X200,OP242,BED SET PROCELLA REJUVE ELYSIAN 23 160X200,,1.0,1.0,8989000.0,8989000.0,OK,
7,PRU/PL/2604-0082,12948,8172,OP047,BANTAL PROCCELA DACRON,OP047,BANTAL PROCCELA DACRON,,2.0,2.0,126000.0,0.0,OK,
7,PRU/PL/2604-0082,12949,8173,OP048,LEMARI PAKAIAN BEST PLAST BMC RATTAN 2 RC,OP048,LEMARI PAKAIAN BEST PLAST BMC RATTAN 2 RC,,2.0,2.0,126000.0,0.0,OK,
7,PRU/PL/2606-0006,12950,4157,NP114,PLATONE 8000 0.9L,NP114,PLATONE 8000 0.9L,,12.0,12.0,740244.0,740244.0,OK,
7,PRU/PL/2606-0007,12954,4265,NP034,NIPPON SPOT LESS PASTEL BASE 18.8L,NP034,NIPPON SPOT LESS PASTEL BASE 18.8L,,1.0,1.0,1477667.0,1477667.0,OK,
7,PRU/PL/2606-0008,12955,4619,NP052,NIPPON SPOT LESS PLUS TINT BASE 0.828L,NP052,NIPPON SPOT LESS PLUS TINT BASE 0.828L,,12.0,12.0,1430916.0,1430916.0,OK,
7,PRU/PL/2606-0008,12956,4620,NP051,NIPPON SPOT LESS PLUS DEEP BASE 0.81L,NP051,NIPPON SPOT LESS PLUS DEEP BASE 0.81L,,12.0,12.0,1370724.0,1370724.0,OK,
7,PRU/PL/2606-0008,12957,4621,NP049,NIPPON SPOT LESS PLUS ACCENT BASE 0.774L,NP049,NIPPON SPOT LESS PLUS ACCENT BASE 0.774L,,12.0,12.0,1309620.0,1309620.0,OK,
7,PRU/PL/2606-0008,12958,5197,NP102,MATEX READY MIX 4.5L,NP102,MATEX READY MIX 4.5L,,36.0,36.0,4889700.0,4889700.0,OK,
7,PRU/PL/2606-0008,12959,4154,NP240,MATEX CEILING WHITE 4.5KG,NP240,MATEX CEILING WHITE 4.5KG,,8.0,8.0,1086600.0,1086600.0,OK,
7,PRU/PL/2604-0083,12960,11164,OP321,BED SET PROCELLA  SOLENNE25 180X200,OP321,BED SET PROCELLA  SOLENNE25 180X200,,1.0,1.0,20077000.0,20077000.0,OK,
7,PRU/PL/2604-0083,12961,8172,OP047,BANTAL PROCCELA DACRON,OP047,BANTAL PROCCELA DACRON,,2.0,2.0,126000.0,0.0,OK,
7,PRU/PL/2604-0083,12962,8171,OP046,GULING PROCELLA DACRON,OP046,GULING PROCELLA DACRON,,2.0,2.0,126000.0,0.0,OK,
7,PRU/PL/2606-0009,12963,4838,NP032,TIMBER FIN 1L,NP032,TIMBER FIN 1L,,48.0,48.0,4154448.0,4154448.0,OK,
7,PRU/PL/2606-0009,12964,4836,NP009,WOODSTAIN 1L,NP009,WOODSTAIN 1L,,72.0,72.0,6155784.0,6155784.0,OK,
7,PRU/PL/2605-0202,12965,12017,OP505,LEMARI PAKAIAN PANEL G STAR LCIP,OP505,LEMARI PAKAIAN PANEL G STAR LCIP,,6.0,6.0,2400000.0,2400000.0,OK,
7,PRU/PL/2605-0202,12966,12018,OP506,LEMARI PAKAIAN PANEL G STAR LCBP,OP506,LEMARI PAKAIAN PANEL G STAR LCBP,,4.0,4.0,2600000.0,2600000.0,OK,
7,PRU/PL/2604-0084,12967,12043,OP531,BED SET OLYMPIC PEDIC OLYMPEDIC24 180X200,OP531,BED SET OLYMPIC PEDIC OLYMPEDIC24 180X200,,1.0,1.0,5788000.0,5788000.0,OK,
7,PRU/PL/2604-0084,12968,8172,OP047,BANTAL PROCCELA DACRON,OP047,BANTAL PROCCELA DACRON,,2.0,2.0,126000.0,0.0,OK,
7,PRU/PL/2604-0084,12969,8171,OP046,GULING PROCELLA DACRON,OP046,GULING PROCELLA DACRON,,2.0,2.0,126000.0,0.0,OK,
7,PRU/PL/2606-0010,12970,6875,NP144,LEM PUTIH PVAC NIPPON,NP144,LEM PUTIH PVAC NIPPON,,1200.0,1200.0,17937600.0,17937600.0,OK,
7,PRU/PL/2606-0011,12971,8363,NP214,OP-KASA PENGUAT ANTI-BOCOR (10CM X 10M),NP214,OP-KASA PENGUAT ANTI-BOCOR (10CM X 10M),,24.0,24.0,267648.0,267648.0,OK,
7,PRU/PL/2606-0011,12972,10373,NP259,EPOXYGUARD EG007 ALABASTER (3CSET)-LANTAI 0.9L,NP259,EPOXYGUARD EG007 ALABASTER (3CSET)-LANTAI 0.9L,,20.0,20.0,3498280.0,3498280.0,OK,
7,PRU/PL/2606-0011,12973,10373,NP259,EPOXYGUARD EG007 ALABASTER (3CSET)-LANTAI 0.9L,NP259,EPOXYGUARD EG007 ALABASTER (3CSET)-LANTAI 0.9L,,2.0,2.0,303524.0,303524.0,OK,
7,PRU/PL/2605-0203,12974,12015,OP503,MATRAS SPRING BED PROCELLA PEDIC PROPEDIC24 120X200,OP503,MATRAS SPRING BED PROCELLA PEDIC PROPEDIC24 120X200,,3.0,3.0,10593000.0,10593000.0,OK,
7,PRU/PL/2605-0203,12975,12016,OP504,MATRAS SPRING BED OLYMPIC SILVER MINERVA23 120X200,OP504,MATRAS SPRING BED OLYMPIC SILVER MINERVA23 120X200,,3.0,3.0,5799000.0,5799000.0,OK,
7,PRU/PL/2605-0203,12976,11535,OP362,BED LINEN SET PROCELLA SOFTWEAVE LUX 120 T35,OP362,BED LINEN SET PROCELLA SOFTWEAVE LUX 120 T35,,6.0,6.0,1050000.0,1050000.0,OK,
7,PRU/PL/2605-0203,12977,8172,OP047,BANTAL PROCCELA DACRON,OP047,BANTAL PROCCELA DACRON,,6.0,6.0,378000.0,0.0,OK,
7,PRU/PL/2606-0012,12978,8361,NP212,NP SANDPAPER,NP212,NP SANDPAPER,,200.0,200.0,392600.0,392600.0,OK,
7,PRU/PL/2606-0012,12979,8361,NP212,NP SANDPAPER,NP212,NP SANDPAPER,,600.0,600.0,1038000.0,1038000.0,OK,
7,PRU/PL/2605-0204,12980,9989,OP143,KASUR BUSA OLYMPIC STANDART LIST BUNGA 90X200X20,OP143,KASUR BUSA OLYMPIC STANDART LIST BUNGA 90X200X20,,16.0,16.0,12944000.0,12944000.0,OK,
7,PRU/PL/2604-0085,12981,12048,OP536,BED SET OLYMPIC BRONZE MORPHEUS25 160X200,OP536,BED SET OLYMPIC BRONZE MORPHEUS25 160X200,,2.0,2.0,8052000.0,8052000.0,OK,
7,PRU/PL/2604-0085,12982,12049,OP537,BED SET OLYMPIC BRONZE DELOZE25 160X200,OP537,BED SET OLYMPIC BRONZE DELOZE25 160X200,,2.0,2.0,8324000.0,8324000.0,OK,
7,PRU/PL/2604-0085,12983,12050,OP538,MULTIBED OLYMPIC BRONZE ZORYA25 160X200,OP538,MULTIBED OLYMPIC BRONZE ZORYA25 160X200,,3.0,3.0,7167000.0,7167000.0,OK,
7,PRU/PL/2604-0085,12984,8172,OP047,BANTAL PROCCELA DACRON,OP047,BANTAL PROCCELA DACRON,,14.0,14.0,882000.0,0.0,OK,
7,PRU/PL/2604-0085,12985,8171,OP046,GULING PROCELLA DACRON,OP046,GULING PROCELLA DACRON,,14.0,14.0,882000.0,0.0,OK,
7,PRU/PL/2605-0205,12986,12019,OP507,KABINET G STAR BLC,OP507,KABINET G STAR BLC,,6.0,6.0,2400000.0,2400000.0,OK,
7,PRU/PL/2606-0013,12987,8361,NP212,NP SANDPAPER,NP212,NP SANDPAPER,,300.0,300.0,707400.0,707400.0,OK,
7,PRU/PL/2606-0014,12988,333,NP020,BODELAC 3.75L,NP020,BODELAC 3.75L,,16.0,16.0,3810080.0,3810080.0,OK,
7,PRU/PL/2606-0015,12989,5993,NP137,KOMILEX GOLD PASTEL BASE 4.5KG,NP137,KOMILEX GOLD PASTEL BASE 4.5KG,,64.0,64.0,4206720.0,4206720.0,OK,
7,PRU/PL/2606-0016,12990,10969,NP282,BODELAC 1KG,NP282,BODELAC 1KG,,24.0,24.0,1664832.0,1664832.0,OK,
7,PRU/PL/2604-0086,12991,11181,OP322,SOFA PROCELLA BRAGA 211+STOOL+MEJA,OP322,SOFA PROCELLA BRAGA 211+STOOL+MEJA,,1.0,1.0,4167000.0,4167000.0,OK,
7,PRU/PL/2604-0087,12992,11720,OP393,SOFA SET BANGAU BLUDRU OSCAR 211,OP393,SOFA SET BANGAU BLUDRU OSCAR 211,,1.0,1.0,5350000.0,5350000.0,OK,
7,PRU/PL/2605-0206,12993,11720,OP393,SOFA SET BANGAU BLUDRU OSCAR 211,OP393,SOFA SET BANGAU BLUDRU OSCAR 211,,1.0,1.0,5350000.0,5350000.0,OK,
7,PRU/PL/2604-0088,12994,8182,OP056,SOFA L MINIMALIS MODEREN OSCAR COKLAT,OP056,SOFA L MINIMALIS MODEREN OSCAR COKLAT,,1.0,1.0,4167000.0,4167000.0,OK,
7,PRU/PL/2604-0089,12995,10950,OP304,SOFA 211 SEATER PROCELLA BALLERINA BLUDRU+MEJA,OP304,SOFA 211 SEATER PROCELLA BALLERINA BLUDRU+MEJA,,1.0,1.0,5000000.0,5000000.0,OK,
7,PRU/PL/2604-0090,12996,8273,OP081,SOFA 2 SEATER OLYMPIC FILBERT ABU-ABU,OP081,SOFA 2 SEATER OLYMPIC FILBERT ABU-ABU,,2.0,2.0,3500000.0,3500000.0,OK,
7,PRU/PL/2604-0090,12997,8274,OP082,"SOFA 2 SEATER OLYMPIC FILBERT BEIGE,BIRU",OP082,"SOFA 2 SEATER OLYMPIC FILBERT BEIGE,BIRU",,2.0,2.0,3500000.0,3500000.0,OK,
7,PRU/PL/2605-0207,12998,12213,OP586,KABINET OLYMPLAST OLC 1P2L,OP586,KABINET OLYMPLAST OLC 1P2L,,3.0,3.0,3474000.0,3474000.0,OK,
7,PRU/PL/2605-0207,12999,11494,OP349,KABINET OLYMPLAST OLC 2P1L PUTIH,OP349,KABINET OLYMPLAST OLC 2P1L PUTIH,,3.0,3.0,3870000.0,3870000.0,OK,
7,PRU/PL/2605-0207,13000,12034,OP522,KABINET OLYMPLAST OTC AVR 2P,OP522,KABINET OLYMPLAST OTC AVR 2P,,3.0,3.0,2208000.0,2208000.0,OK,
7,PRU/PL/2604-0091,13001,8201,OP073,"SOFA L MINIMALIS BLUDRU ABU-ABU,HIJAU",OP073,"SOFA L MINIMALIS BLUDRU ABU-ABU,HIJAU",,1.0,1.0,4167000.0,4167000.0,OK,
7,PRU/PL/2604-0092,13002,9341,OP128,SOFA L MINIMALIS MODEREN NEW OSCAR ABU ABU,OP128,SOFA L MINIMALIS MODEREN NEW OSCAR ABU ABU,,1.0,1.0,4167000.0,4167000.0,OK,
7,PRU/PL/2604-0093,13003,9341,OP128,SOFA L MINIMALIS MODEREN NEW OSCAR ABU ABU,OP128,SOFA L MINIMALIS MODEREN NEW OSCAR ABU ABU,,1.0,1.0,4167000.0,4167000.0,OK,
7,PRU/PL/2604-0094,13004,10950,OP304,SOFA 211 SEATER PROCELLA BALLERINA BLUDRU+MEJA,OP304,SOFA 211 SEATER PROCELLA BALLERINA BLUDRU+MEJA,,1.0,1.0,5000000.0,5000000.0,OK,
7,PRU/PL/2604-0095,13005,7975,OP034,SOFA LIBERTI 211+BANTAL+MEJA,OP034,SOFA LIBERTI 211+BANTAL+MEJA,,2.0,2.0,10000000.0,10000000.0,OK,
7,PRU/PL/2605-0208,13006,11858,OP475,KABINET OLYMPLAST OTC CREDENZA CLASIC,OP475,KABINET OLYMPLAST OTC CREDENZA CLASIC,,2.0,2.0,2778000.0,2778000.0,OK,
7,PRU/PL/2604-0096,13007,10949,OP303,SOFA L CHESTER BLUDRU +SET MEJA SOFA CHESTER BLUDRU,OP303,SOFA L CHESTER BLUDRU +SET MEJA SOFA CHESTER BLUDRU,,2.0,2.0,10000000.0,10000000.0,OK,
7,PRU/PL/2604-0097,13008,8201,OP073,"SOFA L MINIMALIS BLUDRU ABU-ABU,HIJAU",OP073,"SOFA L MINIMALIS BLUDRU ABU-ABU,HIJAU",,1.0,1.0,4167000.0,4167000.0,OK,
7,PRU/PL/2604-0099,13010,12029,OP517,SOFA SET L MINIMALIST MODERN BLUDRU,OP517,SOFA SET L MINIMALIST MODERN BLUDRU,,1.0,1.0,4167000.0,4167000.0,OK,
7,PRU/PL/2604-0100,13011,9341,OP128,SOFA L MINIMALIS MODEREN NEW OSCAR ABU ABU,OP128,SOFA L MINIMALIS MODEREN NEW OSCAR ABU ABU,,1.0,1.0,4167000.0,4167000.0,OK,
7,PRU/PL/2604-0101,13013,11720,OP393,SOFA SET BANGAU BLUDRU OSCAR 211,OP393,SOFA SET BANGAU BLUDRU OSCAR 211,,1.0,1.0,5350000.0,5350000.0,OK,
7,PRU/PL/2604-0102,13014,11181,OP322,SOFA PROCELLA BRAGA 211+STOOL+MEJA,OP322,SOFA PROCELLA BRAGA 211+STOOL+MEJA,,1.0,1.0,4167000.0,4167000.0,OK,
7,PRU/PL/2604-0103,13015,12039,OP527,BED SET PROCELLA REFRESH BELIZE23 160X200,OP527,BED SET PROCELLA REFRESH BELIZE23 160X200,,1.0,1.0,6945000.0,6945000.0,OK,
7,PRU/PL/2604-0103,13016,8172,OP047,BANTAL PROCCELA DACRON,OP047,BANTAL PROCCELA DACRON,,2.0,2.0,126000.0,0.0,OK,
7,PRU/PL/2604-0103,13017,8171,OP046,GULING PROCELLA DACRON,OP046,GULING PROCELLA DACRON,,2.0,2.0,126000.0,0.0,OK,
7,PRU/PL/2604-0104,13018,10429,OP239,BED SET OLYMPIC GOLD HEMERA 23 160X200,OP239,BED SET OLYMPIC GOLD HEMERA 23 160X200,,1.0,1.0,6190000.0,6190000.0,OK,
7,PRU/PL/2604-0104,13019,8172,OP047,BANTAL PROCCELA DACRON,OP047,BANTAL PROCCELA DACRON,,2.0,2.0,126000.0,0.0,OK,
7,PRU/PL/2604-0104,13020,8171,OP046,GULING PROCELLA DACRON,OP046,GULING PROCELLA DACRON,,2.0,2.0,126000.0,0.0,OK,
7,PRU/PL/2604-0105,13021,12038,OP526,BED SET OLYMPIC GOLD EIRENE23 160X200,OP526,BED SET OLYMPIC GOLD EIRENE23 160X200,,1.0,1.0,5892000.0,5892000.0,OK,
7,PRU/PL/2604-0105,13022,8172,OP047,BANTAL PROCCELA DACRON,OP047,BANTAL PROCCELA DACRON,,2.0,2.0,126000.0,0.0,OK,
7,PRU/PL/2604-0105,13023,8171,OP046,GULING PROCELLA DACRON,OP046,GULING PROCELLA DACRON,,2.0,2.0,126000.0,0.0,OK,
7,PRU/PL/2604-0106,13024,12053,OP541,SOFA L CUSTOM+MEJA SOFA CUSTOM,OP541,SOFA L CUSTOM+MEJA SOFA CUSTOM,,5.0,5.0,20835000.0,20835000.0,OK,
7,PRU/PL/2605-0210,13025,12051,OP539,LEMARI PAKAIAN BESI OLYMSTEEL OSWS 2L,OP539,LEMARI PAKAIAN BESI OLYMSTEEL OSWS 2L,,1.0,1.0,2450000.0,2450000.0,OK,
7,PRU/PL/2604-0107,13026,9910,OP194,BED SET HESTIA 180X200,OP194,BED SET HESTIA 180X200,,1.0,1.0,4770000.0,4770000.0,OK,
7,PRU/PL/2604-0107,13027,8172,OP047,BANTAL PROCCELA DACRON,OP047,BANTAL PROCCELA DACRON,,2.0,2.0,126000.0,0.0,OK,
7,PRU/PL/2604-0107,13028,8171,OP046,GULING PROCELLA DACRON,OP046,GULING PROCELLA DACRON,,2.0,2.0,126000.0,0.0,OK,
7,PRU/PL/2604-0108,13029,10949,OP303,SOFA L CHESTER BLUDRU +SET MEJA SOFA CHESTER BLUDRU,OP303,SOFA L CHESTER BLUDRU +SET MEJA SOFA CHESTER BLUDRU,,3.0,3.0,15000000.0,15000000.0,OK,
7,PRU/PL/2604-0108,13030,12053,OP541,SOFA L CUSTOM+MEJA SOFA CUSTOM,OP541,SOFA L CUSTOM+MEJA SOFA CUSTOM,,2.0,2.0,8334000.0,8334000.0,OK,
7,PRU/PL/2604-0109,13031,12052,OP540,BED SET OLYMPIC SILVER MAIA23 180X200,OP540,BED SET OLYMPIC SILVER MAIA23 180X200,,1.0,1.0,5544000.0,5544000.0,OK,
7,PRU/PL/2604-0109,13032,8172,OP047,BANTAL PROCCELA DACRON,OP047,BANTAL PROCCELA DACRON,,2.0,2.0,126000.0,0.0,OK,
7,PRU/PL/2604-0109,13033,8171,OP046,GULING PROCELLA DACRON,OP046,GULING PROCELLA DACRON,,2.0,2.0,126000.0,0.0,OK,
7,PRU/PL/2605-0211,13034,9221,KR304,HAGEN GOLD 50X50,KR304,HAGEN GOLD 50X50,,1315.0,1315.0,73640000.0,73640000.0,OK,
7,PRU/PL/2605-0211,13035,5153,KR193,TEXAS GREY 50X50,KR193,TEXAS GREY 50X50,,765.0,765.0,42840000.0,42840000.0,OK,
7,PRU/PL/2605-0214,13055,10983,KR266,OSCAR BROWN 40X40,KR266,OSCAR BROWN 40X40,,960.0,960.0,45120000.0,45120000.0,OK,
7,PRU/PL/2605-0214,13056,11921,KR334,OMEGA GREY 40X40,KR334,OMEGA GREY 40X40,,384.0,384.0,17664000.0,17664000.0,OK,
7,PRU/PL/2605-0214,13057,12208,KR343,LOUIS GOLD 50X50,KR343,LOUIS GOLD 50X50,,1152.0,1152.0,68544000.0,68544000.0,OK,
7,PRU/PL/2605-0214,13058,10757,KR212,STUTTGART BLACK 60X60,KR212,STUTTGART BLACK 60X60,,200.0,200.0,18432000.0,18432000.0,OK,
7,PRU/PL/2605-0215,13059,12230,KR361,ROSETTA YELLOW 25X40,KR361,ROSETTA YELLOW 25X40,,379.0,379.0,20276500.0,20276500.0,OK,
7,PRU/PL/2605-0216,13060,12228,KR360,NEW DALILA BLUE 25X40,KR360,NEW DALILA BLUE 25X40,,540.0,540.0,31860000.0,31860000.0,OK,
7,PRU/PL/2605-0216,13061,12227,KR359,NEW DALILA GREY 25X40,KR359,NEW DALILA GREY 25X40,,540.0,540.0,31860000.0,31860000.0,OK,
7,PRU/PL/2605-0217,13062,9,BS004,BESI 10 STD,BS004,BESI 10 STD,,4500.0,4500.0,258525000.0,258525000.0,OK,
7,PRU/PL/2605-0218,13064,5741,KR251,MONTECARLO BLACK 50X50,KR251,MONTECARLO BLACK 50X50,,320.0,320.0,21280000.0,21280000.0,OK,
7,PRU/PL/2605-0218,13065,12248,KR367,SELENA GREY 25X40,KR367,SELENA GREY 25X40,,243.0,243.0,13000500.0,13000500.0,OK,
7,PRU/PL/2605-0218,13066,12250,KR369,MARIO GOLD BEIGE 25X40,KR369,MARIO GOLD BEIGE 25X40,,443.0,443.0,23257500.0,23257500.0,OK,
7,PRU/PL/2605-0218,13067,12249,KR368,LUNA GREY 25X40,KR368,LUNA GREY 25X40,,258.0,258.0,13803000.0,13803000.0,OK,
7,PRU/PL/2605-0219,13107,2805,SMY002,TALI NYLON 3MM,SMY002,TALI NYLON 3MM,,48.25,48.25,2308135.25,2308135.25,OK,
7,PRU/PL/2605-0219,13108,2800,SMY007,TALI NYLON 8MM,SMY007,TALI NYLON 8MM,,133.15,133.15,6303853.600000001,6303853.6,OK,
7,PRU/PL/2605-0219,13109,2798,SMY009,TALI NYLON 10MM,SMY009,TALI NYLON 10MM,,162.8,162.8,7707603.2,7707603.2,OK,
7,PRU/PL/2605-0220,13110,243,PS095,"OVERSOK 2""X3""",PS095,"OVERSOK 2""X3""",,160.0,160.0,736640.0,736640.0,OK,
7,PRU/PL/2605-0220,13111,232,PS084,"OVERSOK 3/4""X1""",PS084,"OVERSOK 3/4""X1""",,1100.0,1100.0,1130800.0,1130800.0,OK,
7,PRU/PL/2605-0220,13112,228,PS080,"OVERSOK 1/2""X1",PS080,"OVERSOK 1/2""X1",,480.0,480.0,490080.0,490080.0,OK,
7,PRU/PL/2605-0220,13113,5812,LM018,LEM TRILLIUNGLUE KALENG 400GR,LM018,LEM TRILLIUNGLUE KALENG 400GR,,144.0,144.0,4977072.0,4977072.0,OK,
7,PRU/PL/2605-0221,13114,191,PS043,"SOK LURUS 1/2""",PS043,"SOK LURUS 1/2""",,1800.0,1800.0,970200.0,970200.0,OK,
7,PRU/PL/2605-0221,13115,192,PS044,"SOK LURUS 3/4""",PS044,"SOK LURUS 3/4""",,2400.0,2400.0,1579200.0,1579200.0,OK,
7,PRU/PL/2605-0221,13116,193,PS045,"SOK LURUS 1""",PS045,"SOK LURUS 1""",,1480.0,1480.0,1500720.0,1500720.0,OK,
7,PRU/PL/2605-0221,13117,198,PS050,"SOK LURUS 3""",PS050,"SOK LURUS 3""",,300.0,300.0,860400.0,860400.0,OK,
7,PRU/PL/2605-0221,13118,3330,PS109,"SOK LURUS 4""",PS109,"SOK LURUS 4""",,140.0,140.0,780640.0,780640.0,OK,
7,PRU/PL/2605-0221,13119,171,PS023,"ELBOW 1""",PS023,"ELBOW 1""",,1250.0,1250.0,2142500.0,2142500.0,OK,
7,PRU/PL/2605-0221,13120,3357,PS111,"ELBOW DRAT 3/4""",PS111,"ELBOW DRAT 3/4""",,480.0,480.0,611040.0,611040.0,OK,
7,PRU/PL/2605-0221,13121,185,PS037,"TEE 2""",PS037,"TEE 2""",,560.0,560.0,1645280.0,1645280.0,OK,
7,PRU/PL/2606-0017,13122,6529,SM007,SEMEN TONASA,SM007,SEMEN TONASA,,400.0,400.0,27200000.0,27200000.0,OK,
7,PRU/PL/2606-0018,13123,6529,SM007,SEMEN TONASA,SM007,SEMEN TONASA,,400.0,400.0,27200000.0,27200000.0,OK,
7,PRU/PL/2605-0222,13125,10503,OP255,RAK DAPUR BESI OLYMSTEEL OKD ALBA KA 2P,OP255,RAK DAPUR BESI OLYMSTEEL OKD ALBA KA 2P,,3.0,3.0,3210000.0,3210000.0,OK,
7,PRU/PL/2605-0222,13126,10504,OP256,RAK DAPUR BESI OLYMSTEEL OKD ALBA KB 2P,OP256,RAK DAPUR BESI OLYMSTEEL OKD ALBA KB 2P,,3.0,3.0,3750000.0,3750000.0,OK,
7,PRU/PL/2605-0222,13127,10505,OP257,RAK DAPUR BESI OLYMSTEEL OKD ERLINE KAK 2P,OP257,RAK DAPUR BESI OLYMSTEEL OKD ERLINE KAK 2P,,10.0,10.0,7480000.0,7480000.0,OK,
7,PRU/PL/2605-0222,13128,12226,OP588,RAK DAPUR BESI OLYMSTEEL OKD ERLINE KB 2P,OP588,RAK DAPUR BESI OLYMSTEEL OKD ERLINE KB 2P,,5.0,5.0,4425000.0,4425000.0,OK,
7,PRU/PL/2605-0222,13129,12225,OP587,RAK DAPUR BESI OLYMSTEEL OKD ERLINE KB 2L2P,OP587,RAK DAPUR BESI OLYMSTEEL OKD ERLINE KB 2L2P,,3.0,3.0,3075000.0,3075000.0,OK,
7,PRU/PL/2605-0222,13130,10506,OP258,RAK DAPUR BESI OLYMSTEEL OKD ERLINE KB 3LIP,OP258,RAK DAPUR BESI OLYMSTEEL OKD ERLINE KB 3LIP,,2.0,2.0,2120000.0,2120000.0,OK,
7,PRU/PL/2604-0110,13131,122,SM001,SEMEN CONCH,SM001,SEMEN CONCH,,200.0,200.0,14200000.0,14200000.0,OK,
7,PRU/PL/2606-0019,13132,7859,NP198,NIPPON WEATHERBOND MAX PASTEL BASE 2.35L,NP198,NIPPON WEATHERBOND MAX PASTEL BASE 2.35L,,8.0,8.0,2444728.0,2444728.0,OK,
7,PRU/PL/2606-0019,13133,10173,NP251,NIPPON WEATHERBOND MAX TINT BASE 2.30L,NP251,NIPPON WEATHERBOND MAX TINT BASE 2.30L,,8.0,8.0,2352384.0,2352384.0,OK,
7,PRU/PL/2606-0019,13134,10175,NP253,NIPPON WEATHERBOND MAX DEEP BASE 2.25,NP253,NIPPON WEATHERBOND MAX DEEP BASE 2.25,,8.0,8.0,2250360.0,2250360.0,OK,
7,PRU/PL/2606-0019,13135,10177,NP254,NIPPON WEATHERBOND MAX ACCENT BASE 2.15L,NP254,NIPPON WEATHERBOND MAX ACCENT BASE 2.15L,,8.0,8.0,2157448.0,2157448.0,OK,
7,PRU/PL/2606-0019,13136,7858,NP197,WEATHERBOND MAX 1001 BRILLIANT WHITE 2.5L,NP197,WEATHERBOND MAX 1001 BRILLIANT WHITE 2.5L,,8.0,8.0,2864904.0,2864904.0,OK,
7,PRU/PL/2606-0019,13137,5221,NP130,KOMILEX READY MIX 4.5KG,NP130,KOMILEX READY MIX 4.5KG,,68.0,68.0,5970196.0,5970196.0,OK,
7,PRU/PL/2606-0020,13138,337,NP140,PILOX NIPPON,NP140,PILOX NIPPON,,15.0,15.0,397890.0,397890.0,OK,
7,PRU/PL/2606-0021,13139,337,NP140,PILOX NIPPON,NP140,PILOX NIPPON,,90.0,90.0,2761020.0,2761020.0,OK,
7,PRU/PL/2605-0223,13140,12014,OP502,LEMARI PAKAIAN PANEL OLYMPIC SILVER LP 2P,OP502,LEMARI PAKAIAN PANEL OLYMPIC SILVER LP 2P,,4.0,4.0,2800000.0,2800000.0,OK,
7,PRU/PL/2605-0223,13141,12024,OP512,LEMARI PAKAIAN PANEL OLYMPIC SILVER LP 3P,OP512,LEMARI PAKAIAN PANEL OLYMPIC SILVER LP 3P,,4.0,4.0,3600000.0,3600000.0,OK,
7,PRU/PL/2606-0022,13142,4690,AV081,TINTA AVIAN BO,AV081,TINTA AVIAN BO,,3.0,3.0,1051500.0,972637.5,OK,
7,PRU/PL/2606-0023,13143,7217,AV148,AVITEX BASE C 1KG,AV148,AVITEX BASE C 1KG,,12.0,12.0,516000.0,451500.0,OK,
7,PRU/PL/2606-0023,13144,286,AV033,AVITEX BASE A 5KG,AV033,AVITEX BASE A 5KG,,12.0,12.0,2094000.0,1832250.0,OK,
7,PRU/PL/2606-0023,13145,287,AV034,AVITEX BASE B 5KG,AV034,AVITEX BASE B 5KG,,4.0,4.0,670800.0,586950.0,OK,
7,PRU/PL/2606-0023,13146,288,AV035,AVITEX BASE C 5KG,AV035,AVITEX BASE C 5KG,,20.0,20.0,3226000.0,2822750.0,OK,
7,PRU/PL/2606-0023,13147,10325,AV197,AVITEX GOLD EMULSION BASE A 1KG,AV197,AVITEX GOLD EMULSION BASE A 1KG,,11.0,11.0,704000.0,616000.0,OK,
7,PRU/PL/2606-0023,13148,10326,AV198,AVITEX GOLD EMULSION BASE B 1KG,AV198,AVITEX GOLD EMULSION BASE B 1KG,,12.0,12.0,736800.0,644700.0,OK,
7,PRU/PL/2606-0023,13149,10327,AV199,AVITEX GOLD EMULSION BASE C 1KG,AV199,AVITEX GOLD EMULSION BASE C 1KG,,12.0,12.0,706800.0,618450.0,OK,
7,PRU/PL/2606-0023,13150,7211,AV143,AVITEX GOLD BASE B 5KG,AV143,AVITEX GOLD BASE B 5KG,,20.0,20.0,4162000.0,3641750.0,OK,
7,PRU/PL/2605-0224,13151,1501,OL003,MESRAN 40 1L,OL003,MESRAN 40 1L,,15.0,15.0,13010250.0,13010250.0,OK,
7,PRU/PL/2605-0224,13152,1500,OL002,MESRAN 2T 1L,OL002,MESRAN 2T 1L,,8.0,8.0,7768000.0,7767976.0,OK,
7,PRU/PL/2605-0224,13153,1499,OL001,MESRAN 20-50 1L,OL001,MESRAN 20-50 1L,,15.0,15.0,13224000.0,13224000.0,OK,
7,PRU/PL/2605-0224,13154,4325,OL064,MESRAN 20-50 0.8L,OL064,MESRAN 20-50 0.8L,,10.0,10.0,9770000.0,9769970.0,OK,
7,PRU/PL/2605-0224,13155,1520,OL023,MESRAN 20-50 4L,OL023,MESRAN 20-50 4L,,3.0,3.0,3060900.0,3060900.0,OK,
7,PRU/PL/2605-0224,13156,1502,OL004,MEDITRAN 1L,OL004,MEDITRAN 1L,,10.0,10.0,9262500.0,9262450.0,OK,
7,PRU/PL/2605-0224,13157,1503,OL005,MEDITRAN 5L,OL005,MEDITRAN 5L,,5.0,5.0,4202795.0,4202795.0,OK,
7,PRU/PL/2604-0111,13165,12046,OP534,BED SET PROCELLA RELUCIA AVELIS25 180X200,OP534,BED SET PROCELLA RELUCIA AVELIS25 180X200,,1.0,1.0,18128000.0,18128000.0,OK,
7,PRU/PL/2604-0111,13166,8172,OP047,BANTAL PROCCELA DACRON,OP047,BANTAL PROCCELA DACRON,,2.0,2.0,126000.0,0.0,OK,
7,PRU/PL/2604-0111,13167,8171,OP046,GULING PROCELLA DACRON,OP046,GULING PROCELLA DACRON,,2.0,2.0,126000.0,0.0,OK,
7,PRU/PL/2606-0024,13168,305,AV052,NO DROP BASE Y 1L,AV052,NO DROP BASE Y 1L,,6.0,6.0,502800.0,439950.0,OK,
7,PRU/PL/2606-0024,13169,4519,AV061,SUZUKA 200CC METALIC,AV061,SUZUKA 200CC METALIC,,18.0,18.0,572400.0,529470.0,OK,
7,PRU/PL/2606-0024,13170,336,AV097,PILOX SUZUKA 300CC,AV097,PILOX SUZUKA 300CC,,12.0,12.0,415200.0,384060.0,OK,
7,PRU/PL/2606-0025,13171,257,AV004,"AVIAN 0,9L",AV004,"AVIAN 0,9L",,7.0,7.0,695100.0,642967.5,OK,
7,PRU/PL/2605-0225,13172,10220,OP218,RAK TV ALBATROS SPRING TV RACK,OP218,RAK TV ALBATROS SPRING TV RACK,,2.0,2.0,3270000.0,3270000.0,OK,
7,PRU/PL/2605-0225,13173,10320,OP234,RAK TV ALBATROS SUMMER TV RACK,OP234,RAK TV ALBATROS SUMMER TV RACK,,1.0,1.0,1725000.0,1725000.0,OK,
7,PRU/PL/2605-0225,13174,11774,OP408,MEJA TAMU ALBATROS WINTER COFFEE TABLE,OP408,MEJA TAMU ALBATROS WINTER COFFEE TABLE,,2.0,2.0,2600000.0,2600000.0,OK,
7,PRU/PL/2605-0226,13175,12021,OP509,LEMARI PAKAIAN PANEL G STAR LLIP,OP509,LEMARI PAKAIAN PANEL G STAR LLIP,,4.0,4.0,1600000.0,1600000.0,OK,
7,PRU/PL/2605-0226,13176,12022,OP510,LEMARI PAKAIAN PANEL G STAR LLBP,OP510,LEMARI PAKAIAN PANEL G STAR LLBP,,2.0,2.0,1300000.0,1300000.0,OK,
7,PRU/PL/2605-0226,13177,12023,OP511,LEMARI PAKAIAN PANEL G STAR LMSP,OP511,LEMARI PAKAIAN PANEL G STAR LMSP,,2.0,2.0,1300000.0,1300000.0,OK,
7,PRU/PL/2606-0026,13178,6529,SM007,SEMEN TONASA,SM007,SEMEN TONASA,,200.0,200.0,13600000.0,13600000.0,OK,
7,PRU/PL/2604-0112,13179,12045,OP533,BED SET PROCELLA REVIVE MORNING DEW23 180X200,OP533,BED SET PROCELLA REVIVE MORNING DEW23 180X200,,1.0,1.0,6013000.0,6013000.0,OK,
7,PRU/PL/2604-0112,13180,8172,OP047,BANTAL PROCCELA DACRON,OP047,BANTAL PROCCELA DACRON,,2.0,2.0,126000.0,0.0,OK,
7,PRU/PL/2604-0112,13181,8171,OP046,GULING PROCELLA DACRON,OP046,GULING PROCELLA DACRON,,2.0,2.0,126000.0,0.0,OK,
7,PRU/PL/2604-0113,13182,12044,OP532,BED SET PROCELLA RELUCIA NOVERA25 180X200,OP532,BED SET PROCELLA RELUCIA NOVERA25 180X200,,1.0,1.0,14202000.0,14202000.0,OK,
7,PRU/PL/2604-0113,13183,8172,OP047,BANTAL PROCCELA DACRON,OP047,BANTAL PROCCELA DACRON,,2.0,2.0,126000.0,0.0,OK,
7,PRU/PL/2604-0113,13184,8171,OP046,GULING PROCELLA DACRON,OP046,GULING PROCELLA DACRON,,2.0,2.0,126000.0,0.0,OK,
7,PRU/PL/2605-0227,13185,12019,OP507,KABINET G STAR BLC,OP507,KABINET G STAR BLC,,10.0,10.0,4000000.0,4000000.0,OK,
7,PRU/PL/2605-0228,13196,12020,OP508,LEMARI PAKAIAN PANEL G STAR LCSP,OP508,LEMARI PAKAIAN PANEL G STAR LCSP,,10.0,10.0,5500000.0,5500000.0,OK,
7,PRU/PL/2605-0229,13218,12014,OP502,LEMARI PAKAIAN PANEL OLYMPIC SILVER LP 2P,OP502,LEMARI PAKAIAN PANEL OLYMPIC SILVER LP 2P,,10.0,10.0,7000000.0,7000000.0,OK,
7,PRU/PL/2605-0230,13219,9905,OP193,MATRAS SPRING BED OLYMPIC SILVER HESTIA23 100 X 200,OP193,MATRAS SPRING BED OLYMPIC SILVER HESTIA23 100 X 200,,3.0,3.0,4590000.0,4590000.0,OK,
7,PRU/PL/2605-0230,13220,9904,OP192,MATRAS SPRING BED OLYMPIC SILVER HESTIA23 120 X 200,OP192,MATRAS SPRING BED OLYMPIC SILVER HESTIA23 120 X 200,,3.0,3.0,5322000.0,5322000.0,OK,
7,PRU/PL/2605-0230,13221,8194,OP066,SPRINGBED SILVER HESTIA 160X200,OP066,SPRINGBED SILVER HESTIA 160X200,,3.0,3.0,6729000.0,6729000.0,OK,
7,PRU/PL/2605-0230,13222,8195,OP067,SPRINGBED SILVER HESTIA 180X200,OP067,SPRINGBED SILVER HESTIA 180X200,,3.0,3.0,7461000.0,7461000.0,OK,
7,PRU/PL/2606-0027,13252,10326,AV198,AVITEX GOLD EMULSION BASE B 1KG,AV198,AVITEX GOLD EMULSION BASE B 1KG,,12.0,12.0,736800.0,644700.0,OK,
7,PRU/PL/2606-0027,13253,10327,AV199,AVITEX GOLD EMULSION BASE C 1KG,AV199,AVITEX GOLD EMULSION BASE C 1KG,,12.0,12.0,706800.0,618450.0,OK,
7,PRU/PL/2606-0028,13254,8757,AV156,ARIES GOLD 1L,AV156,ARIES GOLD 1L,,6.0,6.0,213600.0,197580.0,OK,
7,PRU/PL/2606-0029,13255,7215,AV146,AVITEX BASE A 1KG,AV146,AVITEX BASE A 1KG,,12.0,12.0,559200.0,489300.0,OK,
7,PRU/PL/2606-0029,13256,7216,AV147,AVITEX BASE B 1KG,AV147,AVITEX BASE B 1KG,,12.0,12.0,536400.0,469350.0,OK,
7,PRU/PL/2606-0029,13257,2949,AV019,AVITEX GENTENG BASE A 5KG,AV019,AVITEX GENTENG BASE A 5KG,,4.0,4.0,978000.0,855750.0,OK,
7,PRU/PL/2606-0029,13258,2950,AV020,AVITEX GENTENG BASE B 5KG,AV020,AVITEX GENTENG BASE B 5KG,,4.0,4.0,939200.0,821800.0,OK,
7,PRU/PL/2606-0029,13259,2951,AV021,AVITEX GENTENG BASE C 5KG,AV021,AVITEX GENTENG BASE C 5KG,,4.0,4.0,900800.0,788200.0,OK,
7,PRU/PL/2606-0029,13260,257,AV004,"AVIAN 0,9L",AV004,"AVIAN 0,9L",,168.0,168.0,16682400.0,15431220.0,OK,
7,PRU/PL/2606-0029,13261,7217,AV148,AVITEX BASE C 1KG,AV148,AVITEX BASE C 1KG,,12.0,12.0,516000.0,451500.0,OK,
7,PRU/PL/2606-0030,13262,289,AV036,AVITEX BASE A 25KG,AV036,AVITEX BASE A 25KG,,2.0,2.0,1644400.0,1438850.0,OK,
7,PRU/PL/2606-0030,13263,9762,AV178,AVITEX GOLD BASE A 25KG,AV178,AVITEX GOLD BASE A 25KG,,5.0,5.0,5145500.0,4502312.5,OK,
7,PRU/PL/2606-0030,13264,9763,AV179,AVITEX GOLD BASE B 25KG,AV179,AVITEX GOLD BASE B 25KG,,5.0,5.0,4947000.0,4328625.0,OK,
7,PRU/PL/2606-0030,13265,257,AV004,"AVIAN 0,9L",AV004,"AVIAN 0,9L",,24.0,24.0,2383200.0,2204460.0,OK,
7,PRU/PL/2606-0030,13266,11495,AV253,"NO DROP 2K KOLAM IKAN 2,5KG",AV253,"NO DROP 2K KOLAM IKAN 2,5KG",,11.0,11.0,1995400.0,1845745.0,OK,
7,PRU/PL/2606-0031,13269,10696,AV214,AVITEX TOP SW 20KG,AV214,AVITEX TOP SW 20KG,,3.0,3.0,1770600.0,1474024.5,OK,
7,PRU/PL/2606-0031,13270,295,AV042,NO DROP 1L,AV042,NO DROP 1L,,24.0,24.0,1958400.0,1811520.0,OK,
7,PRU/PL/2606-0031,13271,296,AV043,NO DROP 4L,AV043,NO DROP 4L,,4.0,4.0,1233600.0,1141080.0,OK,
7,PRU/PL/2606-0031,13272,4735,AV093,NO DROP BASE B 20KG,AV093,NO DROP BASE B 20KG,,2.0,2.0,2696400.0,2359350.0,OK,
7,PRU/PL/2606-0031,13273,4736,AV094,NO DROP BASE C 20KG,AV094,NO DROP BASE C 20KG,,1.0,1.0,1293400.0,1131725.0,OK,
7,PRU/PL/2606-0032,13285,8757,AV156,ARIES GOLD 1L,AV156,ARIES GOLD 1L,,276.0,276.0,9825600.0,9088680.0,OK,
7,PRU/PL/2606-0032,13286,275,AV005,ARIES GOLD 4.5L,AV005,ARIES GOLD 4.5L,,12.0,12.0,1315200.0,1216560.0,OK,
7,PRU/PL/2606-0032,13287,277,AV007,ARIES GOLD BASE A 4.5L,AV007,ARIES GOLD BASE A 4.5L,,20.0,20.0,2076000.0,1816500.0,OK,
7,PRU/PL/2606-0032,13288,278,AV008,ARIES GOLD BASE B 4.5L,AV008,ARIES GOLD BASE B 4.5L,,20.0,20.0,2002000.0,1751750.0,OK,
7,PRU/PL/2606-0032,13289,279,AV009,ARIES GOLD BASE C 4.5L,AV009,ARIES GOLD BASE C 4.5L,,20.0,20.0,1926000.0,1685250.0,OK,
7,PRU/PL/2606-0032,13290,4690,AV081,TINTA AVIAN BO,AV081,TINTA AVIAN BO,,3.0,3.0,1051500.0,972637.5,OK,
7,PRU/PL/2606-0032,13291,4679,AV070,TINTA AVIAN PT,AV070,TINTA AVIAN PT,,6.0,6.0,1815000.0,1678875.0,OK,
7,PRU/PL/2606-0032,13292,4680,AV071,TINTA AVIAN RD,AV071,TINTA AVIAN RD,,3.0,3.0,767100.0,709567.5,OK,
7,PRU/PL/2606-0032,13293,4683,AV074,TINTA AVIAN YD,AV074,TINTA AVIAN YD,,3.0,3.0,640800.0,592740.0,OK,
7,PRU/PL/2606-0032,13294,4684,AV075,TINTA AVIAN YE,AV075,TINTA AVIAN YE,,9.0,9.0,3125700.0,2891272.5,OK,
7,PRU/PL/2606-0033,13295,12284,NP352,KAPE PLASTIK 5 INCH,NP352,KAPE PLASTIK 5 INCH,,24.0,24.0,58944.0,58944.0,OK,
7,PRU/PL/2606-0033,13296,12285,NP353,KAPE PLASTIK 7 INCH,NP353,KAPE PLASTIK 7 INCH,,24.0,24.0,78024.0,78024.0,OK,
7,PRU/PL/2606-0033,13297,12286,NP354,KAPE PLASTIK 9 INCH,NP354,KAPE PLASTIK 9 INCH,,24.0,24.0,98832.0,98832.0,OK,
7,PRU/PL/2606-0033,13298,5758,NP145,RP7 150G (211 ML),NP145,RP7 150G (211 ML),,12.0,12.0,439008.0,439008.0,OK,
7,PRU/PL/2606-0033,13299,333,NP020,BODELAC 3.75L,NP020,BODELAC 3.75L,,20.0,20.0,5910720.0,5910720.0,OK,
7,PRU/PL/2606-0033,13300,4212,NP018,BODELAC 2 IN 1 ANTI KARAT PASTEL 2.7KG,NP018,BODELAC 2 IN 1 ANTI KARAT PASTEL 2.7KG,,8.0,8.0,1706872.0,1706872.0,OK,
7,PRU/PL/2606-0033,13301,10969,NP282,BODELAC 1KG,NP282,BODELAC 1KG,,24.0,24.0,2069016.0,2069016.0,OK,
7,PRU/PL/2606-0033,13302,8370,NP220,NP SANDROLL,NP220,NP SANDROLL,,12.0,12.0,1112616.0,1112616.0,OK,
7,PRU/PL/2606-0033,13303,12283,NP351,ROLLER MINI MOHAIR 4 INCH SET,NP351,ROLLER MINI MOHAIR 4 INCH SET,,12.0,12.0,276420.0,276420.0,OK,
7,PRU/PL/2606-0034,13304,10005,NP245,BAK CAT 9 INCH (N12),NP245,BAK CAT 9 INCH (N12),,48.0,48.0,596448.0,596448.0,OK,
7,PRU/PL/2606-0034,13305,8367,NP217,NP ROLLER MINI 4 INCH,NP217,NP ROLLER MINI 4 INCH,,100.0,100.0,1659200.0,1659200.0,OK,
7,PRU/PL/2606-0034,13306,11023,NP286,ROLLER 810 EXTERIOR PREMIUM,NP286,ROLLER 810 EXTERIOR PREMIUM,,24.0,24.0,1310496.0,1310496.0,OK,
7,PRU/PL/2606-0034,13307,12279,NP347,KAPE BESI 1 INCH,NP347,KAPE BESI 1 INCH,,24.0,24.0,138720.0,138720.0,OK,
7,PRU/PL/2606-0034,13308,12280,NP348,KAPE BESI 2 INCH,NP348,KAPE BESI 2 INCH,,24.0,24.0,156048.0,156048.0,OK,
7,PRU/PL/2606-0034,13309,12281,NP349,KAPE BESI 3 INCH,NP349,KAPE BESI 3 INCH,,24.0,24.0,187248.0,187248.0,OK,
7,PRU/PL/2606-0034,13310,12282,NP350,KAPE BESI 5 INCH,NP350,KAPE BESI 5 INCH,,24.0,24.0,223680.0,223680.0,OK,
7,PRU/PL/2606-0035,13324,12273,NP341,SPOT-LESS PLUS MATT TINT BASE 18.40L,NP341,SPOT-LESS PLUS MATT TINT BASE 18.40L,,3.0,3.0,5475420.0,5475420.0,OK,
7,PRU/PL/2606-0035,13325,12274,NP342,SPOT-LESS PLUS MATT PASTEL BASE 2.35L,NP342,SPOT-LESS PLUS MATT PASTEL BASE 2.35L,,12.0,12.0,3165204.0,3165204.0,OK,
7,PRU/PL/2606-0035,13326,4265,NP034,NIPPON SPOT LESS PASTEL BASE 18.8L,NP034,NIPPON SPOT LESS PASTEL BASE 18.8L,,4.0,4.0,6826620.0,6826620.0,OK,
7,PRU/PL/2606-0035,13327,4266,NP036,NIPPON SPOT LESS TINT BASE 18.4L,NP036,NIPPON SPOT LESS TINT BASE 18.4L,,4.0,4.0,6576124.0,6576124.0,OK,
7,PRU/PL/2606-0035,13328,4268,NP033,NIPPON SPOT LESS ACCENT BASE 17.2L,NP033,NIPPON SPOT LESS ACCENT BASE 17.2L,,1.0,1.0,1508600.0,1508600.0,OK,
7,PRU/PL/2606-0035,13329,4269,NP038,NIPPON SPOT LESS PASTEL BASE 2.35L,NP038,NIPPON SPOT LESS PASTEL BASE 2.35L,,8.0,8.0,1896960.0,1896960.0,OK,
7,PRU/PL/2606-0035,13330,4270,NP040,NIPPON SPOT LESS TINT BASE 2.30L,NP040,NIPPON SPOT LESS TINT BASE 2.30L,,8.0,8.0,1826432.0,1826432.0,OK,
7,PRU/PL/2606-0035,13331,4272,NP037,NIPPON SPOT LESS ACCENT BASE 2.15L,NP037,NIPPON SPOT LESS ACCENT BASE 2.15L,,8.0,8.0,1675648.0,1675648.0,OK,
7,PRU/PL/2606-0035,13332,11280,NP293,NIPPON SPOT-LESS PASTEL BASE 0.84L,NP293,NIPPON SPOT-LESS PASTEL BASE 0.84L,,12.0,12.0,1489296.0,1489296.0,OK,
7,PRU/PL/2605-0232,13361,12265,OP589,KASUR BUSA OLYMPIC STANDART LIST BUNGA 180X200X20,OP589,KASUR BUSA OLYMPIC STANDART LIST BUNGA 180X200X20,,5.0,5.0,5305000.0,5305000.0,OK,
7,PRU/PL/2605-0232,13362,10752,OP277,KASUR BUSA OLYMPIC SUPER GOLD 140X200X20,OP277,KASUR BUSA OLYMPIC SUPER GOLD 140X200X20,,5.0,5.0,5280000.0,5280000.0,OK,
7,PRU/PL/2605-0232,13363,8882,OP119,KASUR BUSA OLYMPIC SUPER GOLD LIST 90X200X14,OP119,KASUR BUSA OLYMPIC SUPER GOLD LIST 90X200X14,,4.0,4.0,2164000.0,2164000.0,OK,
7,PRU/PL/2605-0232,13364,8641,OP102,KASUR BUSA OLYMPIC SUPER GOLD 120X200X14,OP102,KASUR BUSA OLYMPIC SUPER GOLD 120X200X14,,4.0,4.0,2856000.0,2856000.0,OK,
7,PRU/PL/2605-0232,13365,9925,OP176,KASUR BUSA OLYMPIC SUPER GOLD 120X200X20,OP176,KASUR BUSA OLYMPIC SUPER GOLD 120X200X20,,4.0,4.0,3476000.0,3476000.0,OK,
7,PRU/PL/2605-0233,13366,9988,OP173,KASUR BUSA OLYMPIC SUPER GOLD LIST 160 X 200 X 14,OP173,KASUR BUSA OLYMPIC SUPER GOLD LIST 160 X 200 X 14,,4.0,4.0,3224000.0,3224000.0,OK,
7,PRU/PL/2605-0233,13367,8642,OP103,KASUR BUSA OLYMPIC SUPER GOLD 160X200x20,OP103,KASUR BUSA OLYMPIC SUPER GOLD 160X200x20,,4.0,4.0,4428000.0,4428000.0,OK,
7,PRU/PL/2605-0233,13368,11641,OP382,KASUR BUSA OLMYPIC SUPER GOLD 180X200X14,OP382,KASUR BUSA OLMYPIC SUPER GOLD 180X200X14,,8.0,8.0,7608000.0,7608000.0,OK,
7,PRU/PL/2605-0233,13369,12266,OP590,KASUR BUSA OLYMPIC SUPER GOLD 180X200X20,OP590,KASUR BUSA OLYMPIC SUPER GOLD 180X200X20,,10.0,10.0,12530000.0,12530000.0,OK,
7,PRU/PL/2605-0233,13370,12267,OP591,KASUR BUSA OLYMPIC SUPER GOLD 200X200X20,OP591,KASUR BUSA OLYMPIC SUPER GOLD 200X200X20,,4.0,4.0,5288000.0,5288000.0,OK,
7,PRU/PL/2605-0234,13371,12195,OP554,KURSI OLYMPLAST OL 508 COKLAT TUA / MUDA,OP554,KURSI OLYMPLAST OL 508 COKLAT TUA / MUDA,,160.0,160.0,20800000.0,20800000.0,OK,
7,PRU/PL/2605-0235,13372,8421,OP095,LEMARI PAKAIAN BESI OLYMPIC OSW 90,OP095,LEMARI PAKAIAN BESI OLYMPIC OSW 90,,10.0,10.0,17500000.0,17500000.0,OK,
7,PRU/PL/2605-0235,13373,6429,OP002,LEMARI PAKAIAN BESI OLYMPIC OSWS 120,OP002,LEMARI PAKAIAN BESI OLYMPIC OSWS 120,,10.0,10.0,17500000.0,17500000.0,OK,
7,PRU/PL/2605-0235,13374,8881,OP118,RAK DAPUR BESI OLYMSTEEL KSC 001,OP118,RAK DAPUR BESI OLYMSTEEL KSC 001,,6.0,6.0,16320000.0,16320000.0,OK,
7,PRU/PL/2605-0236,13375,12148,OP027,OLYMPIC MEJA MAKAN SET SILVER MK OAKLINE B 4S HITAM HOYO,OP027,OLYMPIC MEJA MAKAN SET SILVER MK OAKLINE B 4S HITAM HOYO,,2.0,2.0,3260000.0,3260000.0,OK,
7,PRU/PL/2605-0237,13376,10950,OP304,SOFA 211 SEATER PROCELLA BALLERINA BLUDRU+MEJA,OP304,SOFA 211 SEATER PROCELLA BALLERINA BLUDRU+MEJA,,1.0,1.0,5000000.0,5000000.0,OK,
7,PRU/PL/2605-0238,13377,12041,OP529,BED SET OLYMPIC GOLD EDEN23 180X200,OP529,BED SET OLYMPIC GOLD EDEN23 180X200,,2.0,2.0,13576000.0,13576000.0,OK,
7,PRU/PL/2605-0238,13378,8172,OP047,BANTAL PROCCELA DACRON,OP047,BANTAL PROCCELA DACRON,,4.0,4.0,252000.0,0.0,OK,
7,PRU/PL/2605-0238,13379,8171,OP046,GULING PROCELLA DACRON,OP046,GULING PROCELLA DACRON,,4.0,4.0,252000.0,0.0,OK,
7,PRU/PL/2605-0239,13380,10950,OP304,SOFA 211 SEATER PROCELLA BALLERINA BLUDRU+MEJA,OP304,SOFA 211 SEATER PROCELLA BALLERINA BLUDRU+MEJA,,1.0,1.0,5000000.0,5000000.0,OK,
7,PRU/PL/2605-0240,13381,9896,OP184,SOFA TABLE OLYMPLAST OST,OP184,SOFA TABLE OLYMPLAST OST,,8.0,8.0,1224000.0,1224000.0,OK,
7,PRU/PL/2605-0240,13382,12198,OP582,COFFEE TABLE OLYMPLAST OCT W COKLAT TUA/MUDA,OP582,COFFEE TABLE OLYMPLAST OCT W COKLAT TUA/MUDA,,8.0,8.0,896000.0,896000.0,OK,
7,PRU/PL/2605-0241,13383,12054,OP542,SOFA 3 SEATER PROCELLA ARTEMIS,OP542,SOFA 3 SEATER PROCELLA ARTEMIS,,1.0,1.0,5250000.0,5250000.0,OK,
7,PRU/PL/2605-0241,13384,10861,OP284,SOFA 2 SEATER PROCELLA ARTEMIS,OP284,SOFA 2 SEATER PROCELLA ARTEMIS,,1.0,1.0,3500000.0,3500000.0,OK,
7,PRU/PL/2605-0241,13385,10860,OP283,SOFA 1 SEATER PROCELLA ARTEMIS,OP283,SOFA 1 SEATER PROCELLA ARTEMIS,,1.0,1.0,1750000.0,1750000.0,OK,
7,PRU/PL/2605-0242,13386,8803,OP117,BED SET REFRESH ACADIA 160X200,OP117,BED SET REFRESH ACADIA 160X200,,2.0,2.0,12466000.0,12466000.0,OK,
7,PRU/PL/2605-0242,13387,8172,OP047,BANTAL PROCCELA DACRON,OP047,BANTAL PROCCELA DACRON,,4.0,4.0,252000.0,0.0,OK,
7,PRU/PL/2605-0242,13388,8171,OP046,GULING PROCELLA DACRON,OP046,GULING PROCELLA DACRON,,4.0,4.0,252000.0,0.0,OK,
7,PRU/PL/2602-0002,13389,8752,OP115,KURSI OLYMPLAST OL 101,OP115,KURSI OLYMPLAST OL 101,,379.0,379.0,16865500.0,16865500.0,OK,
7,PRU/PL/2602-0002,13390,9899,OP187,KURSI OLYMPLAST OL 205 R,OP187,KURSI OLYMPLAST OL 205 R,,47.0,47.0,3055000.0,3055000.0,OK,
7,PRU/PL/2605-0243,13391,8577,OP101,BED SET AUTUMN 160X200,OP101,BED SET AUTUMN 160X200,,1.0,1.0,5198000.0,5198000.0,OK,
7,PRU/PL/2605-0243,13392,8172,OP047,BANTAL PROCCELA DACRON,OP047,BANTAL PROCCELA DACRON,,2.0,2.0,126000.0,0.0,OK,
7,PRU/PL/2605-0243,13393,8171,OP046,GULING PROCELLA DACRON,OP046,GULING PROCELLA DACRON,,2.0,2.0,126000.0,0.0,OK,
7,PRU/PL/2605-0244,13394,12288,OP595,BED SET OLYMPIC SILVER MERIBEL PILLO TOP 180X200,OP595,BED SET OLYMPIC SILVER MERIBEL PILLO TOP 180X200,,1.0,1.0,4600000.0,4600000.0,OK,
7,PRU/PL/2605-0244,13395,8172,OP047,BANTAL PROCCELA DACRON,OP047,BANTAL PROCCELA DACRON,,2.0,2.0,126000.0,0.0,OK,
7,PRU/PL/2605-0244,13396,8171,OP046,GULING PROCELLA DACRON,OP046,GULING PROCELLA DACRON,,2.0,2.0,126000.0,0.0,OK,
7,PRU/PL/2605-0245,13397,12054,OP542,SOFA 3 SEATER PROCELLA ARTEMIS,OP542,SOFA 3 SEATER PROCELLA ARTEMIS,,1.0,1.0,5250000.0,5250000.0,OK,
7,PRU/PL/2605-0245,13398,10861,OP284,SOFA 2 SEATER PROCELLA ARTEMIS,OP284,SOFA 2 SEATER PROCELLA ARTEMIS,,1.0,1.0,3500000.0,3500000.0,OK,
7,PRU/PL/2605-0245,13399,10860,OP283,SOFA 1 SEATER PROCELLA ARTEMIS,OP283,SOFA 1 SEATER PROCELLA ARTEMIS,,1.0,1.0,1750000.0,1750000.0,OK,
7,PRU/PL/2605-0246,13411,10064,OP196,BED SET AUTUM 180X200,OP196,BED SET AUTUM 180X200,,2.0,2.0,11270000.0,11270000.0,OK,
7,PRU/PL/2605-0246,13412,8172,OP047,BANTAL PROCCELA DACRON,OP047,BANTAL PROCCELA DACRON,,4.0,4.0,252000.0,0.0,OK,
7,PRU/PL/2605-0246,13413,8171,OP046,GULING PROCELLA DACRON,OP046,GULING PROCELLA DACRON,,4.0,4.0,252000.0,0.0,OK,
7,PRU/PL/2605-0247,13414,10428,OP238,BED SET OLYMPIC GOLDEN EDEN 23 160X200,OP238,BED SET OLYMPIC GOLDEN EDEN 23 160X200,,1.0,1.0,6367000.0,6367000.0,OK,
7,PRU/PL/2605-0247,13415,8172,OP047,BANTAL PROCCELA DACRON,OP047,BANTAL PROCCELA DACRON,,2.0,2.0,126000.0,0.0,OK,
7,PRU/PL/2605-0247,13416,8171,OP046,GULING PROCELLA DACRON,OP046,GULING PROCELLA DACRON,,2.0,2.0,126000.0,0.0,OK,
7,PRU/PL/2605-0248,13417,10428,OP238,BED SET OLYMPIC GOLDEN EDEN 23 160X200,OP238,BED SET OLYMPIC GOLDEN EDEN 23 160X200,,1.0,1.0,6367000.0,6367000.0,OK,
7,PRU/PL/2605-0248,13418,8172,OP047,BANTAL PROCCELA DACRON,OP047,BANTAL PROCCELA DACRON,,2.0,2.0,126000.0,0.0,OK,
7,PRU/PL/2605-0248,13419,8171,OP046,GULING PROCELLA DACRON,OP046,GULING PROCELLA DACRON,,2.0,2.0,126000.0,0.0,OK,
7,PRU/PL/2605-0249,13420,11643,OP384,MEJA MAKAN OLYMPIC GOLD DT DANVILLE 120X70,OP384,MEJA MAKAN OLYMPIC GOLD DT DANVILLE 120X70,,5.0,5.0,14800000.0,14800000.0,OK,
7,PRU/PL/2605-0249,13421,10470,OP248,MEJA MAKAN OLYMPIC GOLD DT MILLEA 120X70,OP248,MEJA MAKAN OLYMPIC GOLD DT MILLEA 120X70,,5.0,5.0,14800000.0,14800000.0,OK,
7,PRU/PL/2605-0249,13422,11100,OP311,MEJA MAKAN OLYMPIC GOLD DT DANVILLE 160X90,OP311,MEJA MAKAN OLYMPIC GOLD DT DANVILLE 160X90,,10.0,10.0,39200000.0,39200000.0,OK,
7,PRU/PL/2605-0250,13423,8177,OP051,KURSI OLYMPLAST OL 507 S,OP051,KURSI OLYMPLAST OL 507 S,,80.0,80.0,11200000.0,11200000.0,OK,
7,PRU/PL/2605-0250,13424,9784,OP163,KURSI OLYMPLAST OL 506 W,OP163,KURSI OLYMPLAST OL 506 W,,80.0,80.0,11200000.0,11200000.0,OK,
7,PRU/PL/2605-0250,13425,10375,OP236,KURSI OLYMPLAST OL 213 R,OP236,KURSI OLYMPLAST OL 213 R,,200.0,200.0,20000000.0,20000000.0,OK,
7,PRU/PL/2605-0250,13426,9785,OP164,KURSI OLYMPLAST OL 209,OP164,KURSI OLYMPLAST OL 209,,40.0,40.0,4800000.0,4800000.0,OK,
7,PRU/PL/2605-0251,13427,12269,OP593,MEJA OLYMPLAST ODT R ROTAN 80X80,OP593,MEJA OLYMPLAST ODT R ROTAN 80X80,,4.0,4.0,1884000.0,1884000.0,OK,
7,PRU/PL/2605-0252,13428,6437,OP010,LEMARI PAKAIAN OLYMPLAST OTC SLIDING CLASIC,OP010,LEMARI PAKAIAN OLYMPLAST OTC SLIDING CLASIC,,3.0,3.0,6882000.0,6882000.0,OK,
7,PRU/PL/2605-0252,13429,11860,OP477,LEMARI PAKAIAN OLYMPLAST OTC SLIDING 11 MODERN COKLAT,OP477,LEMARI PAKAIAN OLYMPLAST OTC SLIDING 11 MODERN COKLAT,,3.0,3.0,6948000.0,6948000.0,OK,
7,PRU/PL/2605-0252,13430,12268,OP592,MEJA OLYMPLAST ODT R ROTAN 120X80,OP592,MEJA OLYMPLAST ODT R ROTAN 120X80,,10.0,10.0,5300000.0,5300000.0,OK,
7,PRU/PL/2605-0252,13431,12269,OP593,MEJA OLYMPLAST ODT R ROTAN 80X80,OP593,MEJA OLYMPLAST ODT R ROTAN 80X80,,3.0,3.0,1413000.0,1413000.0,OK,
7,PRU/PL/2605-0252,13432,12270,OP594,KURSI OLYMPLAST IRON CHAIR,OP594,KURSI OLYMPLAST IRON CHAIR,,36.0,36.0,6012000.0,6012000.0,OK,
7,PRU/PL/2606-0036,13434,210,PS062,"SOK DRAT LUAR 1/2""",PS062,"SOK DRAT LUAR 1/2""",,150.0,150.0,295500.0,251470.5,OK,
7,PRU/PL/2606-0036,13435,12289,PS185,SOK DRAT LUAR AW 1/2X3/4,PS185,SOK DRAT LUAR AW 1/2X3/4,,100.0,100.0,303000.0,257853.0,OK,
7,PRU/PL/2606-0036,13436,229,PS081,"OVERSOK 1/2""X1 1/4""",PS081,"OVERSOK 1/2""X1 1/4""",,44.0,44.0,195800.0,166625.8,OK,
7,PRU/PL/2606-0036,13437,236,PS088,"OVERSOK 1""X1 1/4""",PS088,"OVERSOK 1""X1 1/4""",,66.0,66.0,404580.0,344297.58,OK,
7,PRU/PL/2606-0036,13438,231,PS083,"OVERSOK 1/2""X2""",PS083,"OVERSOK 1/2""X2""",,15.0,15.0,147900.0,125862.9,OK,
7,PRU/PL/2606-0036,13439,238,PS090,"OVERSOK 1""X2""",PS090,"OVERSOK 1""X2""",,40.0,40.0,458400.0,390098.4,OK,
7,PRU/PL/2606-0036,13440,185,PS037,"TEE 2""",PS037,"TEE 2""",,65.0,65.0,699400.0,595189.4,OK,
7,PRU/PL/2606-0037,13441,337,NP140,PILOX NIPPON,NP140,PILOX NIPPON,,76.0,76.0,2327728.0,2327728.0,OK,
7,PRU/PL/2606-0037,13442,4881,NP158,METALIC PAINT WATER BASE SEAL GOLD 750ML,NP158,METALIC PAINT WATER BASE SEAL GOLD 750ML,,12.0,12.0,1507176.0,1507176.0,OK,
7,PRU/PL/2606-0037,13443,9043,NP236,METALIC PAINT WATER BASE REAL GOLD 300ML,NP236,METALIC PAINT WATER BASE REAL GOLD 300ML,,12.0,12.0,826716.0,826716.0,OK,
7,PRU/PL/2606-0038,13444,9219,NP237,SPORTSKOTE + PASIR 4.5L,NP237,SPORTSKOTE + PASIR 4.5L,,6.0,6.0,1277244.0,1277244.0,OK,
7,PRU/PL/2606-0040,13456,6529,SM007,SEMEN TONASA,SM007,SEMEN TONASA,,200.0,200.0,13600000.0,13600000.0,OK,
7,PRU/PL/2606-0041,13461,12177,AQ064,MESIN CUCI QW-7011 HT,AQ064,MESIN CUCI QW-7011 HT,,30.0,30.0,38100000.0,38100000.0,OK,
7,PRU/PL/2606-0042,13470,4213,NP016,BODELAC 2 IN 1 ANTI KARAT ACCENT 2.7KG,NP016,BODELAC 2 IN 1 ANTI KARAT ACCENT 2.7KG,,84.0,84.0,15305136.0,15305136.0,OK,
7,PRU/PL/2605-0253,13486,12255,IMP023,OKELO HN-S02 C05 FM BF,IMP023,OKELO HN-S02 C05 FM BF,,2.0,2.0,2530000.0,2429999.22,OK,
7,PRU/PL/2605-0253,13487,12256,IMP024,OKELO HN-S02 C14 FM BR,IMP024,OKELO HN-S02 C14 FM BR,,1.0,1.0,1265000.0,1214999.61,OK,
7,PRU/PL/2605-0253,13488,12257,IMP025,OKELO HN-S02 C20 FM,IMP025,OKELO HN-S02 C20 FM,,1.0,1.0,1265000.0,1214999.61,OK,
7,PRU/PL/2605-0253,13489,12258,IMP026,OKELO HN-S02 C21 FM,IMP026,OKELO HN-S02 C21 FM,,1.0,1.0,1265000.0,1214999.61,OK,
7,PRU/PL/2605-0253,13490,12259,IMP027,OKELO HN-S02 C22 FM,IMP027,OKELO HN-S02 C22 FM,,1.0,1.0,1265000.0,1214999.61,OK,
7,PRU/PL/2605-0253,13491,12260,IMP028,OKELO HN-S02 C23 FM,IMP028,OKELO HN-S02 C23 FM,,1.0,1.0,1265000.0,1214999.61,OK,
7,PRU/PL/2605-0253,13492,12261,IMP029,OKELO HN-S02 D32 FM,IMP029,OKELO HN-S02 D32 FM,,1.0,1.0,1265000.0,1214999.61,OK,
7,PRU/PL/2605-0253,13493,12262,IMP030,OKELO HN-S02 D35 FM,IMP030,OKELO HN-S02 D35 FM,,1.0,1.0,1265000.0,1214999.61,OK,
7,PRU/PL/2605-0253,13494,11743,IMP001,IMPORTA IMP AR-M04 B38 DM,IMP001,IMPORTA IMP AR-M04 B38 DM,,2.0,2.0,9300000.0,5017350.0,OK,
7,PRU/PL/2605-0253,13495,11744,IMP002,IMPORTA IMP AR-MO4 B60 DM,IMP002,IMPORTA IMP AR-MO4 B60 DM,,2.0,2.0,9300000.0,5017350.0,OK,
7,PRU/PL/2605-0253,13496,12263,IMP031,IMP IW-003 GM,IMP031,IMP IW-003 GM,,2.0,2.0,6600000.0,3689400.0,OK,
7,PRU/PL/2606-0043,13497,12271,IMP032,LC-4P JM STANDING,IMP032,LC-4P JM STANDING,,3.0,3.0,4140000.0,2691000.0,OK,
7,PRU/PL/2606-0043,13498,12254,IMP022,IMP KEISHI CABINET 2D 80 WD,IMP022,IMP KEISHI CABINET 2D 80 WD,,2.0,2.0,5120000.0,3328000.0,OK,
7,PRU/PL/2606-0044,13508,4163,NP054,NIPPON WEATHERBOND PASTEL BASE 18.80L,NP054,NIPPON WEATHERBOND PASTEL BASE 18.80L,,4.0,4.0,8401344.0,8401344.0,OK,
7,PRU/PL/2606-0044,13509,4164,NP056,NIPPON WEATHERBOND TINT BASE 18.40L,NP056,NIPPON WEATHERBOND TINT BASE 18.40L,,4.0,4.0,8066944.0,8066944.0,OK,
7,PRU/PL/2606-0044,13510,4165,NP055,NIPPON WEATHERBOND DEEP BASE 18L,NP055,NIPPON WEATHERBOND DEEP BASE 18L,,5.0,5.0,9665295.0,9665295.0,OK,
7,PRU/PL/2606-0044,13511,4166,NP053,NIPPON WEATHERBOND ACCENT BASE 20L,NP053,NIPPON WEATHERBOND ACCENT BASE 20L,,4.0,4.0,7397840.0,7397840.0,OK,
7,PRU/PL/2606-0044,13512,4139,NP060,NIPPON WEATHERBOND TINT BASE 2.30L,NP060,NIPPON WEATHERBOND TINT BASE 2.30L,,20.0,20.0,5602720.0,5602720.0,OK,
7,PRU/PL/2606-0044,13513,7280,NP238,"NIPPON FLAW LESSS EASYWASH TINT BASE 2,30L",NP238,"NIPPON FLAW LESSS EASYWASH TINT BASE 2,30L",,12.0,12.0,2483364.0,2483364.0,OK,
7,PRU/PL/2606-0044,13514,7281,NP239,"NIPPON FLAW LESSS EASYWASH DEEP BASE 2,25L",NP239,"NIPPON FLAW LESSS EASYWASH DEEP BASE 2,25L",,8.0,8.0,1586264.0,1586264.0,OK,
7,PRU/PL/2606-0044,13515,7282,NP266,"NIPPON FLAW LESSS EASYWASH ACCENT BASE 2,15L",NP266,"NIPPON FLAW LESSS EASYWASH ACCENT BASE 2,15L",,12.0,12.0,2273616.0,2273616.0,OK,
7,PRU/PL/2606-0044,13516,7856,NP195,NIPPON FLAWLESS EASYWASH TINT BASE 0.83L,NP195,NIPPON FLAWLESS EASYWASH TINT BASE 0.83L,,6.0,6.0,647514.0,647514.0,OK,
7,PRU/PL/2606-0044,13517,7857,NP196,NIPPON FLAWLESS EASYWASH DEEP BASE 0.81L,NP196,NIPPON FLAWLESS EASYWASH DEEP BASE 0.81L,,6.0,6.0,625176.0,625176.0,OK,
7,PRU/PL/2606-0044,13518,8111,NP199,NIPPON FLAWLESS EASYWASH ACCENT BASE 0.8L,NP199,NIPPON FLAWLESS EASYWASH ACCENT BASE 0.8L,,6.0,6.0,594624.0,594624.0,OK,
7,PRU/PL/2606-0045,13521,4140,NP059,NIPPON WEATHERBOND DEEP BASE 2.25L,NP059,NIPPON WEATHERBOND DEEP BASE 2.25L,,20.0,20.0,5368640.0,5368640.0,OK,
7,PRU/PL/2606-0045,13522,4141,NP057,NIPPON WEATHERBOND ACCENT BASE 2.15L,NP057,NIPPON WEATHERBOND ACCENT BASE 2.15L,,20.0,20.0,5137600.0,5137600.0,OK,
7,PRU/PL/2606-0045,13523,12291,NP357,NIPPON WEATHERBOND TINT BASE 0.828L,NP357,NIPPON WEATHERBOND TINT BASE 0.828L,,3.0,3.0,439356.0,439356.0,OK,
7,PRU/PL/2606-0045,13524,12292,NP358,NIPPON WEATHERBOND ACCENT BASE 0.774L,NP358,NIPPON WEATHERBOND ACCENT BASE 0.774L,,12.0,12.0,1605120.0,1605120.0,OK,
7,PRU/PL/2606-0045,13525,7284,NP268,"NIPPON FLAW LESSS EASYWASH PASTEL BASE 18,8L",NP268,"NIPPON FLAW LESSS EASYWASH PASTEL BASE 18,8L",,4.0,4.0,6179708.0,6179708.0,OK,
7,PRU/PL/2606-0045,13526,7285,NP269,"NIPPON FLAW LESSS EASYWASH TINT BASE 18,4L",NP269,"NIPPON FLAW LESSS EASYWASH TINT BASE 18,4L",,4.0,4.0,5959008.0,5959008.0,OK,
7,PRU/PL/2606-0045,13527,7286,NP270,NIPPON FLAW LESSS EASYWASH DEEP BASE 18L,NP270,NIPPON FLAW LESSS EASYWASH DEEP BASE 18L,,4.0,4.0,5708204.0,5708204.0,OK,
7,PRU/PL/2606-0045,13528,7287,NP271,"NIPPON FLAW LESSS EASYWASH ACCENT BASE 17,2L",NP271,"NIPPON FLAW LESSS EASYWASH ACCENT BASE 17,2L",,3.0,3.0,4093056.0,4093056.0,OK,
7,PRU/PL/2606-0045,13529,7283,NP267,"NIPPON FLAW LESSS EASYWASH PASTEL BASE 2,35L",NP267,"NIPPON FLAW LESSS EASYWASH PASTEL BASE 2,35L",,12.0,12.0,2572740.0,2572740.0,OK,
7,PRU/PL/2606-0046,13531,202,PS054,"SOK DRAT DALAM 1/2""",PS054,"SOK DRAT DALAM 1/2""",,300.0,300.0,723000.0,615273.0,OK,
7,PRU/PL/2606-0046,13532,198,PS050,"SOK LURUS 3""",PS050,"SOK LURUS 3""",,60.0,60.0,692400.0,589232.4,OK,
7,PRU/PL/2606-0046,13533,3330,PS109,"SOK LURUS 4""",PS109,"SOK LURUS 4""",,30.0,30.0,620700.0,528215.7,OK,
7,PRU/PL/2606-0047,13534,8744,AV254,NO DROP KOLAM IKAN 067,AV254,NO DROP KOLAM IKAN 067,,36.0,36.0,2714400.0,2510820.0,OK,
7,PRU/PL/2606-0048,13535,296,AV043,NO DROP 4L,AV043,NO DROP 4L,,2.0,2.0,616800.0,570540.0,OK,
7,PRU/PL/2605-0255,13538,11982,CMF011,BED SET COMFORTA NEO STAR 160,CMF011,BED SET COMFORTA NEO STAR 160,,1.0,1.0,4776030.0,4776030.0,OK,
7,PRU/PL/2605-0256,13539,11976,CMF005,BED SET COMFORTA PERFECT DREAM 160,CMF005,BED SET COMFORTA PERFECT DREAM 160,,1.0,1.0,9708012.0,9708012.0,OK,
7,PRU/PL/2605-0257,13540,11974,CMF003,BED SET COMFORT PEDIC 160,CMF003,BED SET COMFORT PEDIC 160,,1.0,1.0,9220661.0,9220661.0,OK,
7,PRU/PL/2605-0258,13541,11984,CMF013,BED SET COMFORT DUO 120,CMF013,BED SET COMFORT DUO 120,,1.0,1.0,8052972.0,8052972.0,OK,
7,PRU/PL/2605-0259,13542,11987,CMF016,BED SET NEO TWIN 120,CMF016,BED SET NEO TWIN 120,,1.0,1.0,3984651.0,3984651.0,OK,
7,PRU/PL/2605-0260,13546,11985,CMF014,BED SET SUPER TEENAGER 120,CMF014,BED SET SUPER TEENAGER 120,,1.0,1.0,5726362.0,5726362.0,OK,
7,PRU/PL/2605-0260,13547,11986,CMF015,BED SET STAR FAMILY 120,CMF015,BED SET STAR FAMILY 120,,1.0,1.0,5409584.0,5409584.0,OK,
7,PRU/PL/2605-0261,13548,11980,CMF009,BED SET COMFORTA POPULAR CHOICE 160,CMF009,BED SET COMFORTA POPULAR CHOICE 160,,1.0,1.0,6101622.0,6101622.0,OK,
7,PRU/PL/2605-0263,13549,12202,KR339,RAIHARA GOLD 60X60,KR339,RAIHARA GOLD 60X60,,800.0,800.0,119808000.0,119808000.0,OK,
7,PRU/PL/2605-0263,13550,12200,KR336,RAINER BLUE 60X60,KR336,RAINER BLUE 60X60,,800.0,800.0,119808000.0,119808000.0,OK,
7,PRU/PL/2605-0263,13551,12201,KR338,ROVER BLUE 60X60,KR338,ROVER BLUE 60X60,,800.0,800.0,132480000.0,132480000.0,OK,
7,PRU/PL/2605-0264,13552,11972,CMF001,BED SET COMFORT DREAM 160,CMF001,BED SET COMFORT DREAM 160,,2.0,2.0,22895702.0,22895702.0,OK,
7,PRU/PL/2605-0265,13553,11976,CMF005,BED SET COMFORTA PERFECT DREAM 160,CMF005,BED SET COMFORTA PERFECT DREAM 160,,1.0,1.0,9708012.0,9708012.0,OK,
7,PRU/PL/2605-0266,13554,11984,CMF013,BED SET COMFORT DUO 120,CMF013,BED SET COMFORT DUO 120,,1.0,1.0,8052972.0,8052972.0,OK,
7,PRU/PL/2605-0267,13557,6529,SM007,SEMEN TONASA,SM007,SEMEN TONASA,,100.0,100.0,7900000.0,7900000.0,OK,
7,PRU/PL/2605-0268,13558,6529,SM007,SEMEN TONASA,SM007,SEMEN TONASA,,200.0,200.0,15800000.0,15800000.0,OK,
7,PRU/PL/2605-0269,13562,11982,CMF011,BED SET COMFORTA NEO STAR 160,CMF011,BED SET COMFORTA NEO STAR 160,,2.0,2.0,9552060.0,9552060.0,OK,
7,PRU/PL/2605-0270,13567,11974,CMF003,BED SET COMFORT PEDIC 160,CMF003,BED SET COMFORT PEDIC 160,,1.0,1.0,9220661.0,9220661.0,OK,
7,PRU/PL/2605-0271,13568,11978,CMF007,BED SET COMFORTA PERFECT CHOICE 160,CMF007,BED SET COMFORTA PERFECT CHOICE 160,,2.0,2.0,18100178.0,18100178.0,OK,
7,PRU/PL/2605-0272,13585,12151,CMF019,BED SET NEO PLATINUM 160X200,CMF019,BED SET NEO PLATINUM 160X200,,2.0,2.0,8544030.0,8544030.0,OK,
7,PRU/PL/2605-0273,13586,12301,CMF027,MATRAS SPRINGBED NEO CLASIC 120X200,CMF027,MATRAS SPRINGBED NEO CLASIC 120X200,AFKIR,4.0,4.0,6200000.0,6200000.0,OK,
7,PRU/PL/2605-0273,13587,12300,CMF026,MATRAS SPRINGBED NEO CLASIC 160X200,CMF026,MATRAS SPRINGBED NEO CLASIC 160X200,AFKIR,5.0,5.0,9749995.0,9749995.0,OK,
7,PRU/PL/2605-0274,13588,11980,CMF009,BED SET COMFORTA POPULAR CHOICE 160,CMF009,BED SET COMFORTA POPULAR CHOICE 160,,1.0,1.0,6101622.0,6101622.0,OK,
7,PRU/PL/2605-0275,13589,12302,CMF028,BEDSET COMFORTA THERAPEDIC 200X200,CMF028,BEDSET COMFORTA THERAPEDIC 200X200,AFKIR,1.0,1.0,10551127.0,10551127.0,OK,
7,PRU/PL/2605-0276,13591,11987,CMF016,BED SET NEO TWIN 120,CMF016,BED SET NEO TWIN 120,,2.0,2.0,7969302.0,7969302.0,OK,
7,PRU/PL/2605-0277,13592,12150,CMF018,BED SET NEO MOLUCAS 180X200,CMF018,BED SET NEO MOLUCAS 180X200,,1.0,1.0,4173272.0,4173272.0,OK,
7,PRU/PL/2605-0277,13593,12149,CMF017,BED SET NEO MOLUCAS 160X200,CMF017,BED SET NEO MOLUCAS 160X200,,1.0,1.0,3706432.0,3706432.0,OK,
7,PRU/PL/2605-0278,13598,12014,OP502,LEMARI PAKAIAN PANEL OLYMPIC SILVER LP 2P,OP502,LEMARI PAKAIAN PANEL OLYMPIC SILVER LP 2P,,4.0,4.0,2800000.0,2800000.0,OK,
7,PRU/PL/2605-0278,13599,11871,OP486,LEMARI PAKAIAN PANEL OLYMPIC SILVER LPL,OP486,LEMARI PAKAIAN PANEL OLYMPIC SILVER LPL,,2.0,2.0,9110000.0,9110000.0,OK,
7,PRU/PL/2605-0280,13628,10434,OP244,BED SET OLYMPIC PEDIC OLYMPEDIC IC24 160X200,OP244,BED SET OLYMPIC PEDIC OLYMPEDIC IC24 160X200,,1.0,1.0,3229000.0,3229000.0,OK,
7,PRU/PL/2604-0115,13634,10949,OP303,SOFA L CHESTER BLUDRU +SET MEJA SOFA CHESTER BLUDRU,OP303,SOFA L CHESTER BLUDRU +SET MEJA SOFA CHESTER BLUDRU,,5.0,5.0,25000000.0,25000000.0,OK,
7,PRU/PL/2604-0116,13635,6429,OP002,LEMARI PAKAIAN BESI OLYMPIC OSWS 120,OP002,LEMARI PAKAIAN BESI OLYMPIC OSWS 120,,8.0,8.0,14800000.0,14800000.0,OK,
7,PRU/PL/2604-0116,13636,11954,OP497,"LEMARI PAKAIAN BESI OLYMSTEEL OSWS 3P ALBA, LENO, FREYA",OP497,"LEMARI PAKAIAN BESI OLYMSTEEL OSWS 3P ALBA, LENO, FREYA",,4.0,4.0,11000000.0,11000000.0,OK,
7,PRU/PL/2604-0116,13637,11567,OP377,LEMARI PAKAIAN BESI OLYMSTEEL OSWS 4P2L,OP377,LEMARI PAKAIAN BESI OLYMSTEEL OSWS 4P2L,,3.0,3.0,9900000.0,9900000.0,OK,
7,PRU/PL/2604-0117,13638,11801,OP428,"LEMARI 2 PINTU OLYMPLAST OMC ST1 (GRAHA,CREAM, JALUSI)",OP428,"LEMARI 2 PINTU OLYMPLAST OMC ST1 (GRAHA,CREAM, JALUSI)",,2.0,2.0,2616000.0,2616000.0,OK,
7,PRU/PL/2604-0118,13647,11782,OP415,LEMARI SEPATU BESI OLYMSTEEL SR 005,OP415,LEMARI SEPATU BESI OLYMSTEEL SR 005,,2.0,2.0,4000000.0,4000000.0,OK,
7,PRU/PL/2604-0118,13648,11106,OP317,LEMARI SEPATU BESI OLYMSTEEL SR 006 3P PUTIH,OP317,LEMARI SEPATU BESI OLYMSTEEL SR 006 3P PUTIH,,2.0,2.0,2910000.0,2910000.0,OK,
7,PRU/PL/2604-0118,13649,11779,op412,LEMARI SEPATU BESI OLYMSTEEL SR LATTE 2P1L,op412,LEMARI SEPATU BESI OLYMSTEEL SR LATTE 2P1L,,2.0,2.0,2720000.0,2720000.0,OK,
7,PRU/PL/2604-0118,13650,11780,OP413,LEMARI SEPATU BESI OLYMSTEEL SR LATTE 3P1L,OP413,LEMARI SEPATU BESI OLYMSTEEL SR LATTE 3P1L,,2.0,2.0,3600000.0,3600000.0,OK,
7,PRU/PL/2604-0118,13651,8881,OP118,RAK DAPUR BESI OLYMSTEEL KSC 001,OP118,RAK DAPUR BESI OLYMSTEEL KSC 001,,2.0,2.0,5270000.0,5270000.0,OK,
7,PRU/PL/2604-0118,13652,8703,OP113,RAK DAPUR KSC 002,OP113,RAK DAPUR KSC 002,,2.0,2.0,3790000.0,3790000.0,OK,
7,PRU/PL/2604-0118,13653,11781,OP414,RAK SERBAGUNA BESI OLYMSTEEL LHB CHERYL 2P2L,OP414,RAK SERBAGUNA BESI OLYMSTEEL LHB CHERYL 2P2L,,1.0,1.0,2050000.0,2050000.0,OK,
7,PRU/PL/2604-0118,13654,11778,OP411,RAK SERBAGUNA BESI OLYMSTEEL LHB CHERYL 1P2L,OP411,RAK SERBAGUNA BESI OLYMSTEEL LHB CHERYL 1P2L,,2.0,2.0,5600000.0,5600000.0,OK,
7,PRU/PL/2604-0120,13738,11954,OP497,"LEMARI PAKAIAN BESI OLYMSTEEL OSWS 3P ALBA, LENO, FREYA",OP497,"LEMARI PAKAIAN BESI OLYMSTEEL OSWS 3P ALBA, LENO, FREYA",,4.0,4.0,11000000.0,11000000.0,OK,
7,PRU/PL/2604-0120,13739,6429,OP002,LEMARI PAKAIAN BESI OLYMPIC OSWS 120,OP002,LEMARI PAKAIAN BESI OLYMPIC OSWS 120,,6.0,6.0,11100000.0,11100000.0,OK,
7,PRU/PL/2604-0120,13740,11567,OP377,LEMARI PAKAIAN BESI OLYMSTEEL OSWS 4P2L,OP377,LEMARI PAKAIAN BESI OLYMSTEEL OSWS 4P2L,,4.0,4.0,13200000.0,13200000.0,OK,
7,PRU/PL/2604-0120,13741,8421,OP095,LEMARI PAKAIAN BESI OLYMPIC OSW 90,OP095,LEMARI PAKAIAN BESI OLYMPIC OSW 90,,2.0,2.0,3500000.0,3500000.0,OK,
7,PRU/PL/2606-0052,13752,12341,NP366,SPOT-LESS PLUS SHEEN PASTEL BASE 18.80L,NP366,SPOT-LESS PLUS SHEEN PASTEL BASE 18.80L,,4.0,4.0,7814132.0,7814132.0,OK,
7,PRU/PL/2606-0052,13753,12342,NP367,SPOT-LESS PLUS SHEEN PASTEL BASE 2.35L,NP367,SPOT-LESS PLUS SHEEN PASTEL BASE 2.35L,,12.0,12.0,3254988.0,3254988.0,OK,
7,PRU/PL/2606-0052,13754,12343,NP368,SPOT-LESS PLUS SHEEN DEEP BASE 2.25L,NP368,SPOT-LESS PLUS SHEEN DEEP BASE 2.25L,,12.0,12.0,3001044.0,3001044.0,OK,
7,PRU/PL/2606-0052,13755,12344,NP369,SPOT-LESS PLUS SHEEN ACCENT BASE 2.15L,NP369,SPOT-LESS PLUS SHEEN ACCENT BASE 2.15L,,12.0,12.0,2874504.0,2874504.0,OK,
7,PRU/PL/2606-0052,13756,9219,NP237,SPORTSKOTE + PASIR 4.5L,NP237,SPORTSKOTE + PASIR 4.5L,,8.0,8.0,1702992.0,1702992.0,OK,
7,PRU/PL/2606-0052,13757,4391,NP125,"NIPON 5200 WALL SEALER 4,5L",NP125,"NIPON 5200 WALL SEALER 4,5L",,20.0,20.0,2908380.0,2908380.0,OK,
7,PRU/PL/2606-0052,13758,4261,NP072,VINILEX PASTEL BASE 1.3KG,NP072,VINILEX PASTEL BASE 1.3KG,,24.0,24.0,1595472.0,1595472.0,OK,
7,PRU/PL/2604-0121,13759,9674,OP146,"MEJA TULIS G STAR MT CHERRY, BROWN, DARK",OP146,"MEJA TULIS G STAR MT CHERRY, BROWN, DARK",,6.0,6.0,2100000.0,2100000.0,OK,
7,PRU/PL/2604-0121,13760,8702,OP112,MEJA TULIS G STAR MT PINE WHITE,OP112,MEJA TULIS G STAR MT PINE WHITE,,2.0,2.0,700000.0,700000.0,OK,
7,PRU/PL/2604-0121,13761,11552,OP371,MEJA TULIS OLYMPIC SILVER MT AXENA,OP371,MEJA TULIS OLYMPIC SILVER MT AXENA,,2.0,2.0,1960000.0,1960000.0,OK,
7,PRU/PL/2604-0121,13762,9381,OP130,MEJA TULIS OLYMPIC SILVER MT OLIVER 120,OP130,MEJA TULIS OLYMPIC SILVER MT OLIVER 120,,2.0,2.0,1810000.0,1810000.0,OK,
7,PRU/PL/2604-0121,13763,8701,OP111,MEJA TULIS MT OLIVER 160,OP111,MEJA TULIS MT OLIVER 160,,1.0,1.0,1335000.0,1335000.0,OK,
7,PRU/PL/2604-0121,13764,9675,OP147,MEJA TULIS OLYMPIC SILVER MTS TITAN CREAM,OP147,MEJA TULIS OLYMPIC SILVER MTS TITAN CREAM,,4.0,4.0,2920000.0,2920000.0,OK,
7,PRU/PL/2604-0122,13765,10949,OP303,SOFA L CHESTER BLUDRU +SET MEJA SOFA CHESTER BLUDRU,OP303,SOFA L CHESTER BLUDRU +SET MEJA SOFA CHESTER BLUDRU,,3.0,3.0,15000000.0,15000000.0,OK,
7,PRU/PL/2604-0122,13766,12053,OP541,SOFA L CUSTOM+MEJA SOFA CUSTOM,OP541,SOFA L CUSTOM+MEJA SOFA CUSTOM,,2.0,2.0,8334000.0,8334000.0,OK,
7,PRU/PL/2604-0123,13767,11306,OP329,SOFA PROCELLA PILLO CANVAS 211,OP329,SOFA PROCELLA PILLO CANVAS 211,,4.0,4.0,18900000.0,18900000.0,OK,
7,PRU/PL/2604-0124,13779,8577,OP101,BED SET AUTUMN 160X200,OP101,BED SET AUTUMN 160X200,,1.0,1.0,5198000.0,5198000.0,OK,
7,PRU/PL/2604-0124,13780,8172,OP047,BANTAL PROCCELA DACRON,OP047,BANTAL PROCCELA DACRON,,2.0,2.0,126000.0,0.0,OK,
7,PRU/PL/2604-0124,13781,8171,OP046,GULING PROCELLA DACRON,OP046,GULING PROCELLA DACRON,,2.0,2.0,126000.0,0.0,OK,
7,PRU/PL/2606-0053,13789,12375,OP597,MEJA MAKAN SET OLYMPIC SILVER MK NATURA 4S HITAM HOYO,OP597,MEJA MAKAN SET OLYMPIC SILVER MK NATURA 4S HITAM HOYO,,3.0,3.0,5550000.0,5550000.0,OK,
7,PRU/PL/2606-0054,13790,8577,OP101,BED SET AUTUMN 160X200,OP101,BED SET AUTUMN 160X200,,1.0,1.0,5198000.0,5198000.0,OK,
7,PRU/PL/2606-0055,13791,12374,OP596,MEJA MAKAN SET OLYMPIC SILVER MK TERRA 4S HITAM HOYO,OP596,MEJA MAKAN SET OLYMPIC SILVER MK TERRA 4S HITAM HOYO,,3.0,3.0,4650000.0,4650000.0,OK,
7,PRU/PL/2606-0056,13799,12325,NP359,NIPPON WEATHERBOND ULTIMATE TINT BASE 13.8L,NP359,NIPPON WEATHERBOND ULTIMATE TINT BASE 13.8L,,3.0,3.0,5943744.0,5943744.0,OK,
7,PRU/PL/2606-0056,13800,12326,NP360,NIPPON WEATHERBOND ULTIMATE DEEP BASE 13.5L,NP360,NIPPON WEATHERBOND ULTIMATE DEEP BASE 13.5L,,3.0,3.0,5695155.0,5695155.0,OK,
7,PRU/PL/2606-0056,13801,12327,NP361,NIPPON WEATHERBOND ULTIMATE ACCENT BASE 12.9L,NP361,NIPPON WEATHERBOND ULTIMATE ACCENT BASE 12.9L,,3.0,3.0,5443359.0,5443359.0,OK,
7,PRU/PL/2606-0056,13802,12337,NP362,NPNIPPON WEATHERBOND ULTIMATE PASTEL BASE 2.35L,NP362,NPNIPPON WEATHERBOND ULTIMATE PASTEL BASE 2.35L,,4.0,4.0,1525032.0,1525032.0,OK,
7,PRU/PL/2606-0056,13803,12338,NP363,NPNIPPON WEATHERBOND ULTIMATE TINT BASE 2.30L,NP363,NPNIPPON WEATHERBOND ULTIMATE TINT BASE 2.30L,,8.0,8.0,2934920.0,2934920.0,OK,
7,PRU/PL/2606-0056,13804,12339,NP364,NPNIPPON WEATHERBOND ULTIMATE DEEP BASE 2.25L,NP364,NPNIPPON WEATHERBOND ULTIMATE DEEP BASE 2.25L,,8.0,8.0,2811232.0,2811232.0,OK,
7,PRU/PL/2606-0056,13805,12340,NP365,NPNIPPON WEATHERBOND ULTIMATE ACCEN BASE 2.15L,NP365,NPNIPPON WEATHERBOND ULTIMATE ACCEN BASE 2.15L,,8.0,8.0,2688120.0,2688120.0,OK,
7,PRU/PL/2606-0056,13806,10167,NP247,NIPPON WEATHERBOND MAX PASTEL BASE 18.80L,NP247,NIPPON WEATHERBOND MAX PASTEL BASE 18.80L,,2.0,2.0,4400826.0,4400826.0,OK,
7,PRU/PL/2606-0056,13807,10168,NP248,NIPPON WEATHERBOND MAX TINT BASE 18.40L,NP248,NIPPON WEATHERBOND MAX TINT BASE 18.40L,,4.0,4.0,8467632.0,8467632.0,OK,
7,PRU/PL/2606-0056,13808,10169,NP249,NIPPON WEATHERBOND MAX DEEP BASE 18L,NP249,NIPPON WEATHERBOND MAX DEEP BASE 18L,,4.0,4.0,8103972.0,8103972.0,OK,
7,PRU/PL/2606-0056,13809,10171,NP250,NIPPON WEATHERBOND MAX ACCENT BASE 17.20L,NP250,NIPPON WEATHERBOND MAX ACCENT BASE 17.20L,,4.0,4.0,7765680.0,7765680.0,OK,
7,PRU/PL/2604-0125,13818,10860,OP283,SOFA 1 SEATER PROCELLA ARTEMIS,OP283,SOFA 1 SEATER PROCELLA ARTEMIS,,1.0,1.0,2762000.0,2762000.0,OK,
7,PRU/PL/2604-0125,13819,10861,OP284,SOFA 2 SEATER PROCELLA ARTEMIS,OP284,SOFA 2 SEATER PROCELLA ARTEMIS,,1.0,1.0,3750000.0,3750000.0,OK,
7,PRU/PL/2604-0125,13820,12054,OP542,SOFA 3 SEATER PROCELLA ARTEMIS,OP542,SOFA 3 SEATER PROCELLA ARTEMIS,,1.0,1.0,4583000.0,4583000.0,OK,
7,PRU/PL/2604-0126,13821,12031,OP519,SOFA 2 SEATER ALBATROS PREMIUM SPRING FF-11,OP519,SOFA 2 SEATER ALBATROS PREMIUM SPRING FF-11,,2.0,2.0,27800000.0,27800000.0,OK,
7,PRU/PL/2604-0127,13822,12033,OP521,SOFA SET 311 SEATER PROCELLA NEW APOLLO NON MECHANISM,OP521,SOFA SET 311 SEATER PROCELLA NEW APOLLO NON MECHANISM,,1.0,1.0,9700000.0,9700000.0,OK,
7,PRU/PL/2604-0128,13823,12030,OP518,SOFA SET 321 SEATER PROCELLA MEW APOLLO NON MECHANISM,OP518,SOFA SET 321 SEATER PROCELLA MEW APOLLO NON MECHANISM,,1.0,1.0,10800000.0,10800000.0,OK,
7,PRU/PL/2604-0129,13829,9384,OP133,MEJA BELAJAR KARAKTER G STAR MBB,OP133,MEJA BELAJAR KARAKTER G STAR MBB,,2.0,2.0,1230000.0,1230000.0,OK,
7,PRU/PL/2604-0129,13830,8292,OP088,MEJA RIAS OLYMPIC SILVER MR HELENA,OP088,MEJA RIAS OLYMPIC SILVER MR HELENA,,1.0,1.0,1025000.0,1025000.0,OK,
7,PRU/PL/2604-0129,13831,10888,OP291,MEJA RIAS OLYMPIC SILVER MR VIVIEN,OP291,MEJA RIAS OLYMPIC SILVER MR VIVIEN,,1.0,1.0,955000.0,955000.0,OK,
7,PRU/PL/2604-0129,13832,11553,OP372,RAK TV OLYMPIC GOLD AVR HAZEL & HAZEL LIGHT,OP372,RAK TV OLYMPIC GOLD AVR HAZEL & HAZEL LIGHT,,2.0,2.0,2040000.0,2040000.0,OK,
7,PRU/PL/2604-0130,13838,8196,OP068,DCH EMERALD 2K,OP068,DCH EMERALD 2K,,1.0,1.0,1865000.0,1865000.0,OK,
7,PRU/PL/2606-0057,13874,10451,NP261,BODELAC UNDERCOAT WHITE 1K,NP261,BODELAC UNDERCOAT WHITE 1K,,24.0,24.0,1224552.0,1224552.0,OK,
7,PRU/PL/2606-0057,13875,11712,NP316,EXTENSION POLE 3 METER,NP316,EXTENSION POLE 3 METER,,12.0,12.0,860064.0,860064.0,OK,
7,PRU/PL/2606-0058,13876,12337,NP362,NPNIPPON WEATHERBOND ULTIMATE PASTEL BASE 2.35L,NP362,NPNIPPON WEATHERBOND ULTIMATE PASTEL BASE 2.35L,,4.0,4.0,1525032.0,1525032.0,OK,
7,PRU/PL/2606-0059,13877,337,NP140,PILOX NIPPON,NP140,PILOX NIPPON,,24.0,24.0,736272.0,736272.0,OK,
7,PRU/PL/2606-0060,13880,5197,NP102,MATEX READY MIX 4.5L,NP102,MATEX READY MIX 4.5L,,12.0,12.0,1629900.0,1629900.0,OK,
7,PRU/PL/2606-0061,13946,11290,NP302,KUAS NP999 GOLD 1 INCH,NP302,KUAS NP999 GOLD 1 INCH,,24.0,24.0,182856.0,182856.0,OK,
7,PRU/PL/2606-0061,13947,11286,NP298,KUAS NP999 GOLD 2 INCH,NP298,KUAS NP999 GOLD 2 INCH,,24.0,24.0,316632.0,316632.0,OK,
7,PRU/PL/2606-0061,13948,11211,NP290,KUAS NP999 GOLD 2.5 INCH,NP290,KUAS NP999 GOLD 2.5 INCH,,42.0,42.0,684474.0,684474.0,OK,
7,PRU/PL/2606-0061,13949,11287,NP299,KUAS NP999 GOLD 3 INCH,NP299,KUAS NP999 GOLD 3 INCH,,24.0,24.0,477480.0,477480.0,OK,
7,PRU/PL/2606-0061,13950,11212,NP291,KUAS NP999 GOLD 5 INCH,NP291,KUAS NP999 GOLD 5 INCH,,6.0,6.0,194712.0,194712.0,OK,
7,PRU/PL/2606-0062,13951,4122,NP019,BODELAC 2 IN 1 ANTI KARAT TINT BASE 2.7KG,NP019,BODELAC 2 IN 1 ANTI KARAT TINT BASE 2.7KG,,6.0,6.0,1233114.0,1233114.0,OK,
7,PRU/PL/2606-0063,13952,4212,NP018,BODELAC 2 IN 1 ANTI KARAT PASTEL 2.7KG,NP018,BODELAC 2 IN 1 ANTI KARAT PASTEL 2.7KG,,4.0,4.0,827832.0,827832.0,OK,
7,PRU/PL/2606-0064,13953,10373,NP259,EPOXYGUARD EG007 ALABASTER (3CSET)-LANTAI 0.9L,NP259,EPOXYGUARD EG007 ALABASTER (3CSET)-LANTAI 0.9L,,2.0,2.0,349828.0,349828.0,OK,
7,PRU/PL/2605-0281,13955,12060,IMP017,IMPORTA OBELIX HAYDEN,IMP017,IMPORTA OBELIX HAYDEN,,6.0,6.0,3705000.0,3705000.0,OK,
7,PRU/PL/2605-0281,13956,12061,IMP018,IMPORTA CIELO TERASSO,IMP018,IMPORTA CIELO TERASSO,,6.0,6.0,4290000.0,4290000.0,OK,
7,PRU/PL/2606-0065,13957,340,NP013,NIPPON AUTOLUX 66 PEPUTTY 0.98L,NP013,NIPPON AUTOLUX 66 PEPUTTY 0.98L,,36.0,36.0,1554264.0,1554264.0,OK,
7,PRU/PL/2606-0066,13958,4256,NP082,VINILEX PASTEL BASE 5KG,NP082,VINILEX PASTEL BASE 5KG,,48.0,48.0,7434336.0,7434336.0,OK,
7,PRU/PL/2606-0067,13959,4138,NP058,NIPPON WEATHERBOND PASTEL BASE 2.35L,NP058,NIPPON WEATHERBOND PASTEL BASE 2.35L,,20.0,20.0,5832240.0,5832240.0,OK,
7,PRU/PL/2606-0067,13960,12290,NP356,NIPPON WEATHERBOND PASTEL BASE 0.846L,NP356,NIPPON WEATHERBOND PASTEL BASE 0.846L,,12.0,12.0,1826724.0,1826724.0,OK,
7,PRU/PL/2606-0067,13961,12291,NP357,NIPPON WEATHERBOND TINT BASE 0.828L,NP357,NIPPON WEATHERBOND TINT BASE 0.828L,,9.0,9.0,1318068.0,1318068.0,OK,
7,PRU/PL/2606-0067,13962,12378,NP370,NIPPON WEATHERBOND DEEP BASE 0.81L,NP370,NIPPON WEATHERBOND DEEP BASE 0.81L,,12.0,12.0,1687188.0,1687188.0,OK,
7,PRU/PL/2606-0067,13963,7287,NP271,"NIPPON FLAW LESSS EASYWASH ACCENT BASE 17,2L",NP271,"NIPPON FLAW LESSS EASYWASH ACCENT BASE 17,2L",,1.0,1.0,1364352.0,1364352.0,OK,
7,PRU/PL/2606-0067,13964,7281,NP239,"NIPPON FLAW LESSS EASYWASH DEEP BASE 2,25L",NP239,"NIPPON FLAW LESSS EASYWASH DEEP BASE 2,25L",,4.0,4.0,793132.0,793132.0,OK,
7,PRU/PL/2606-0067,13965,7855,NP194,NIPPON FLAWLESS EASYWASH PASTEL BASE 0.85L,NP194,NIPPON FLAWLESS EASYWASH PASTEL BASE 0.85L,,6.0,6.0,669864.0,669864.0,OK,
7,PRU/PL/2606-0068,13966,12392,NP380,MATEX-PUTTY 002 SUPER WHITE 20K,NP380,MATEX-PUTTY 002 SUPER WHITE 20K,,2.0,2.0,637228.0,637228.0,OK,
7,PRU/PL/2606-0069,13967,11295,NP304,NIPPON SPOT-LESS PLUS MATT PASTEL BASSE 18.80L,NP304,NIPPON SPOT-LESS PLUS MATT PASTEL BASSE 18.80L,,3.0,3.0,5697720.0,5697720.0,OK,
7,PRU/PL/2606-0069,13968,12387,NP375,SPOT - LESS PLUS MATT DEEP BASE 18.00L,NP375,SPOT - LESS PLUS MATT DEEP BASE 18.00L,,3.0,3.0,5252691.0,5252691.0,OK,
7,PRU/PL/2606-0069,13969,12388,NP376,SPOT - LESS PLUS MATT ACCENT BASE 17.20L,NP376,SPOT - LESS PLUS MATT ACCENT BASE 17.20L,,3.0,3.0,5030391.0,5030391.0,OK,
7,PRU/PL/2606-0069,13970,12389,NP377,SPOT - LESS PLUS MATT DEEP BASE 2.25L,NP377,SPOT - LESS PLUS MATT DEEP BASE 2.25L,,12.0,12.0,2918964.0,2918964.0,OK,
7,PRU/PL/2606-0069,13971,12390,NP378,SPOT - LESS PLUS MATT ACCENT BASE 2.15L,NP378,SPOT - LESS PLUS MATT ACCENT BASE 2.15L,,12.0,12.0,2794980.0,2794980.0,OK,
7,PRU/PL/2606-0069,13972,4267,NP035,NIPPON SPOT LESS DEEP BASE 18L,NP035,NIPPON SPOT LESS DEEP BASE 18L,,4.0,4.0,6285196.0,6285196.0,OK,
7,PRU/PL/2606-0069,13973,4268,NP033,NIPPON SPOT LESS ACCENT BASE 17.2L,NP033,NIPPON SPOT LESS ACCENT BASE 17.2L,,3.0,3.0,4525800.0,4525800.0,OK,
7,PRU/PL/2606-0069,13974,4271,NP039,NIPPON SPOT LESS DEEP BASE 2.25,NP039,NIPPON SPOT LESS DEEP BASE 2.25,,8.0,8.0,1746176.0,1746176.0,OK,
7,PRU/PL/2606-0070,14028,10281,AV193,SUPERSILK ANTI NODA BASE A 2.5KG,AV193,SUPERSILK ANTI NODA BASE A 2.5KG,,8.0,8.0,2732800.0,2391200.0,OK,
7,PRU/PL/2606-0071,14029,6848,AV132,NUT KERAMIK GIANT MORTAR,AV132,NUT KERAMIK GIANT MORTAR,,120.0,120.0,1620000.0,1348650.0,OK,
7,PRU/PL/2606-0072,14030,277,AV007,ARIES GOLD BASE A 4.5L,AV007,ARIES GOLD BASE A 4.5L,,20.0,20.0,2076000.0,1816500.0,OK,
7,PRU/PL/2606-0072,14031,278,AV008,ARIES GOLD BASE B 4.5L,AV008,ARIES GOLD BASE B 4.5L,,20.0,20.0,2002000.0,1751750.0,OK,
7,PRU/PL/2606-0072,14032,279,AV009,ARIES GOLD BASE C 4.5L,AV009,ARIES GOLD BASE C 4.5L,,20.0,20.0,1926000.0,1685250.0,OK,
7,PRU/PL/2606-0072,14033,280,AV010,ARIES GOLD BASE A 18KG,AV010,ARIES GOLD BASE A 18KG,,8.0,8.0,3248000.0,2842000.0,OK,
7,PRU/PL/2606-0072,14034,281,AV011,ARIES GOLD BASE B 18KG,AV011,ARIES GOLD BASE B 18KG,,8.0,8.0,3127200.0,2736300.0,OK,
7,PRU/PL/2606-0072,14035,282,AV012,ARIES GOLD BASE C 18KG,AV012,ARIES GOLD BASE C 18KG,,8.0,8.0,3006400.0,2630600.0,OK,
7,PRU/PL/2606-0072,14036,276,AV006,ARIES GOLD 18L,AV006,ARIES GOLD 18L,,10.0,10.0,4227000.0,3909975.0,OK,
7,PRU/PL/2606-0073,14037,5663,AV112,AVITEX GOLD 5KG,AV112,AVITEX GOLD 5KG,,53.0,53.0,12142300.0,11231627.5,OK,
7,PRU/PL/2606-0074,14038,10507,AV104,AVITEX GOLD 1KG,AV104,AVITEX GOLD 1KG,,117.0,117.0,7932600.0,7337655.0,OK,
7,PRU/PL/2606-0074,14039,5663,AV112,AVITEX GOLD 5KG,AV112,AVITEX GOLD 5KG,,8.0,8.0,1832800.0,1695340.0,OK,
7,PRU/PL/2606-0075,14040,12384,NP372,SPOT - LESS PLUS SHEEN TINT BASE 18.40L,NP372,SPOT - LESS PLUS SHEEN TINT BASE 18.40L,,4.0,4.0,7509180.0,7509180.0,OK,
7,PRU/PL/2606-0075,14041,12385,NP373,SPOT - LESS PLUS SHEEN DEEP BASE 18.00L,NP373,SPOT - LESS PLUS SHEEN DEEP BASE 18.00L,,4.0,4.0,7203660.0,7203660.0,OK,
7,PRU/PL/2606-0075,14042,12386,NP374,SPOT - LESS PLUS SHEEN ACCENT BASE 17.20L,NP374,SPOT - LESS PLUS SHEEN ACCENT BASE 17.20L,,4.0,4.0,6898712.0,6898712.0,OK,
7,PRU/PL/2606-0075,14043,12393,NP381,SPOT - LESS PLUS SHEEN TINT BASE 2.30L,NP381,SPOT - LESS PLUS SHEEN TINT BASE 2.30L,,12.0,12.0,3128448.0,3128448.0,OK,
7,PRU/PL/2606-0075,14044,9219,NP237,SPORTSKOTE + PASIR 4.5L,NP237,SPORTSKOTE + PASIR 4.5L,,4.0,4.0,851496.0,851496.0,OK,
7,PRU/PL/2606-0076,14045,12394,NP382,KAPE BESI 4 INCH,NP382,KAPE BESI 4 INCH,,24.0,24.0,206352.0,206352.0,OK,
7,PRU/PL/2606-0078,14062,12396,IMP033,CLARA DINING TABLE,IMP033,CLARA DINING TABLE,,1.0,1.0,4647500.0,4647500.0,OK,
7,PRU/PL/2606-0078,14063,12397,IMP034,CASSANDRA DINING TABLE,IMP034,CASSANDRA DINING TABLE,,3.0,3.0,16458000.0,16458000.0,OK,
7,PRU/PL/2606-0078,14064,12398,IMP035,CARMEN DINING TABLE,IMP035,CARMEN DINING TABLE,,1.0,1.0,7728500.0,7728500.0,OK,
7,PRU/PL/2606-0078,14065,12399,IMP036,IMP JM-A04L A49 FM,IMP036,IMP JM-A04L A49 FM,,1.0,1.0,3055000.0,3055000.0,OK,
7,PRU/PL/2606-0078,14066,12400,IMP037,IMP JM-A04L B01 FM,IMP037,IMP JM-A04L B01 FM,,1.0,1.0,3055000.0,3055000.0,OK,
7,PRU/PL/2606-0079,14124,12432,IMP044,IMP JM-S04 C27 FM,IMP044,IMP JM-S04 C27 FM,,3.0,3.0,5940000.0,5940000.0,OK,
7,PRU/PL/2606-0079,14125,12431,IMP043,IMP JM-S04 C26 FM,IMP043,IMP JM-S04 C26 FM,,1.0,1.0,1980000.0,1980000.0,OK,
7,PRU/PL/2606-0079,14126,12430,IMP042,IMP JM-S04 B94 FM,IMP042,IMP JM-S04 B94 FM,,3.0,3.0,5940000.0,5940000.0,OK,
7,PRU/PL/2606-0079,14127,12429,IMP041,IMP JM-S04 B93 FM,IMP041,IMP JM-S04 B93 FM,,3.0,3.0,5940000.0,5940000.0,OK,
7,PRU/PL/2606-0079,14128,12256,IMP024,OKELO HN-S02 C14 FM BR,IMP024,OKELO HN-S02 C14 FM BR,,2.0,2.0,2480000.0,2480000.0,OK,
7,PRU/PL/2606-0079,14129,12255,IMP023,OKELO HN-S02 C05 FM BF,IMP023,OKELO HN-S02 C05 FM BF,,2.0,2.0,2480000.0,2480000.0,OK,
7,PRU/PL/2606-0079,14130,12261,IMP029,OKELO HN-S02 D32 FM,IMP029,OKELO HN-S02 D32 FM,,2.0,2.0,2480000.0,2480000.0,OK,
7,PRU/PL/2606-0079,14131,12262,IMP030,OKELO HN-S02 D35 FM,IMP030,OKELO HN-S02 D35 FM,,3.0,3.0,3720000.0,3720000.0,OK,
7,PRU/PL/2606-0079,14132,12259,IMP027,OKELO HN-S02 C22 FM,IMP027,OKELO HN-S02 C22 FM,,3.0,3.0,3720000.0,3720000.0,OK,
7,PRU/PL/2606-0079,14133,12260,IMP028,OKELO HN-S02 C23 FM,IMP028,OKELO HN-S02 C23 FM,,3.0,3.0,3720000.0,3720000.0,OK,
7,PRU/PL/2606-0083,14186,182,PS034,"TEE 1""",PS034,"TEE 1""",,45.0,45.0,360000.0,306360.0,OK,
7,PRU/PL/2606-0084,14187,6688,PRN024,"PARALON POWER 3/4"" AW",PRN024,"PARALON POWER 3/4"" AW",,150.0,150.0,6300000.0,5361300.0,OK,
7,PRU/PL/2606-0084,14188,6687,PRN025,"PARALON POWER 1"" AW",PRN025,"PARALON POWER 1"" AW",,150.0,150.0,8595000.0,7314345.0,OK,
7,PRU/PL/2606-0085,14189,4675,AV062,TINTA AVIAN BM,AV062,TINTA AVIAN BM,,9.0,9.0,1664100.0,1539292.5,OK,
7,PRU/PL/2606-0086,14190,4675,AV062,TINTA AVIAN BM,AV062,TINTA AVIAN BM,,3.0,3.0,554700.0,513097.5,OK,
7,PRU/PL/2606-0086,14191,4676,AV064,TINTA AVIAN DB,AV064,TINTA AVIAN DB,,3.0,3.0,768900.0,711232.5,OK,
7,PRU/PL/2606-0086,14192,4678,AV069,TINTA AVIAN HP,AV069,TINTA AVIAN HP,,3.0,3.0,2470500.0,2285212.5,OK,
7,PRU/PL/2606-0086,14193,4691,AV082,TINTA AVIAN OS,AV082,TINTA AVIAN OS,,3.0,3.0,2409000.0,2228325.0,OK,
7,PRU/PL/2606-0086,14194,4692,AV083,TINTA AVIAN RE,AV083,TINTA AVIAN RE,,3.0,3.0,1262700.0,1167997.5,OK,
7,PRU/PL/2606-0086,14195,4681,AV072,TINTA AVIAN RV,AV072,TINTA AVIAN RV,,3.0,3.0,2566500.0,2374012.5,OK,
7,PRU/PL/2606-0086,14196,4685,AV076,TINTA AVIAN YK,AV076,TINTA AVIAN YK,,3.0,3.0,1616700.0,1495447.5,OK,
7,PRU/PL/2606-0087,14197,10281,AV193,SUPERSILK ANTI NODA BASE A 2.5KG,AV193,SUPERSILK ANTI NODA BASE A 2.5KG,,2.0,2.0,683200.0,597800.0,OK,
7,PRU/PL/2606-0088,14198,312,AV059,THINER AVIAN A 5L,AV059,THINER AVIAN A 5L,,12.0,12.0,4209600.0,3893880.0,OK,
7,PRU/PL/2604-0132,14199,8185,OP059,KASUR BUSA OLYMPIC GINKO HYBRID IN BOX 160X200X28,OP059,KASUR BUSA OLYMPIC GINKO HYBRID IN BOX 160X200X28,,1.0,1.0,4150000.0,4150000.0,OK,
7,PRU/PL/2604-0132,14200,12427,OP599,KASUR BUSA OLYMPIC ZENITHA IN BOX 090X200X20,OP599,KASUR BUSA OLYMPIC ZENITHA IN BOX 090X200X20,,1.0,1.0,2050000.0,2050000.0,OK,
7,PRU/PL/2604-0133,14201,6429,OP002,LEMARI PAKAIAN BESI OLYMPIC OSWS 120,OP002,LEMARI PAKAIAN BESI OLYMPIC OSWS 120,,1.0,1.0,1850000.0,1850000.0,OK,
7,PRU/PL/2604-0133,14202,8421,OP095,LEMARI PAKAIAN BESI OLYMPIC OSW 90,OP095,LEMARI PAKAIAN BESI OLYMPIC OSW 90,,3.0,3.0,5250000.0,5250000.0,OK,
7,PRU/PL/2604-0134,14203,7980,OP039,LEMRI 2 PINTU OLYMPLAST SCO-C 2PB,OP039,LEMRI 2 PINTU OLYMPLAST SCO-C 2PB,,1.0,1.0,1295000.0,1295000.0,OK,
7,PRU/PL/2604-0134,14204,11860,OP477,LEMARI PAKAIAN OLYMPLAST OTC SLIDING 11 MODERN COKLAT,OP477,LEMARI PAKAIAN OLYMPLAST OTC SLIDING 11 MODERN COKLAT,,2.0,2.0,4306000.0,4306000.0,OK,
7,PRU/PL/2604-0134,14205,11861,OP478,LEMARI TIGA PINTU OLYMPLAST OTC 3PL ST2 CLASSIC,OP478,LEMARI TIGA PINTU OLYMPLAST OTC 3PL ST2 CLASSIC,,2.0,2.0,4636000.0,4636000.0,OK,
7,PRU/PL/2604-0134,14206,10735,OP272,LEMARI 3 PINTU OLYMPLAST OTC 3PL ST2 LUXURY,OP272,LEMARI 3 PINTU OLYMPLAST OTC 3PL ST2 LUXURY,,2.0,2.0,4764000.0,4764000.0,OK,
7,PRU/PL/2604-0134,14207,6436,OP009,LEMARI TIGA PINTU OLYMPLAST OTC 3PL ST2 MODERN,OP009,LEMARI TIGA PINTU OLYMPLAST OTC 3PL ST2 MODERN,,2.0,2.0,4386000.0,4386000.0,OK,
7,PRU/PL/2604-0134,14208,11862,OP479,LEMARI 3 PINTU OLYMPLAST SCO-C 3PB,OP479,LEMARI 3 PINTU OLYMPLAST SCO-C 3PB,,4.0,4.0,6932000.0,6932000.0,OK,
7,PRU/PL/2604-0135,14209,11483,OP338,LACI ARSIP BESI FRONTLINE FC D4A,OP338,LACI ARSIP BESI FRONTLINE FC D4A,,2.0,2.0,3690000.0,3690000.0,OK,
7,PRU/PL/2604-0135,14210,11783,OP416,LEMARI ARSIP BESI FRONTLINE DP 04 ABU-ABU TUA DAN MUDA,OP416,LEMARI ARSIP BESI FRONTLINE DP 04 ABU-ABU TUA DAN MUDA,,2.0,2.0,2600000.0,2600000.0,OK,
7,PRU/PL/2604-0135,14211,11210,OP326,LEMARI ARSIP BESI FRONTLINE FC A 18,OP326,LEMARI ARSIP BESI FRONTLINE FC A 18,,2.0,2.0,3690000.0,3690000.0,OK,
7,PRU/PL/2604-0135,14212,10854,OP281,LEMARI ARSIP BESI FRONTLINE FC E 18 ABU-ABU TUA DAN MUDA,OP281,LEMARI ARSIP BESI FRONTLINE FC E 18 ABU-ABU TUA DAN MUDA,,2.0,2.0,3690000.0,3690000.0,OK,
7,PRU/PL/2605-0283,14232,4337,KS007,KLOSET JONGKOK BIASA/JEWEL,KS007,KLOSET JONGKOK BIASA/JEWEL,,600.0,600.0,55500000.0,55500000.0,OK,
7,PRU/PL/2604-0136,14233,11488,OP343,LEMARI PAKAIAN BESI  OLYMSTEEL OSW AB 4P,OP343,LEMARI PAKAIAN BESI  OLYMSTEEL OSW AB 4P,,6.0,6.0,25800000.0,25800000.0,OK,
7,PRU/PL/2604-0136,14234,11489,OP344,LEMARI PAKAIAN BESI OLYMSTEEL OSW MR 2P3L,OP344,LEMARI PAKAIAN BESI OLYMSTEEL OSW MR 2P3L,,8.0,8.0,23200000.0,23200000.0,OK,
7,PRU/PL/2604-0136,14235,11536,OP363,LEMARI PAKAIAN BESI OLYMPIC OSW C 3P,OP363,LEMARI PAKAIAN BESI OLYMPIC OSW C 3P,,1.0,1.0,3200000.0,3200000.0,OK,
7,PRU/PL/2604-0136,14236,11490,OP345,LEMARI PAKAIAN BESI OLYMPSTEEL OSWS AB 2P,OP345,LEMARI PAKAIAN BESI OLYMPSTEEL OSWS AB 2P,,3.0,3.0,12750000.0,12750000.0,OK,
7,PRU/PL/2604-0137,14237,8201,OP073,"SOFA L MINIMALIS BLUDRU ABU-ABU,HIJAU",OP073,"SOFA L MINIMALIS BLUDRU ABU-ABU,HIJAU",,1.0,1.0,4167000.0,4167000.0,OK,
7,PRU/PL/2604-0138,14238,11488,OP343,LEMARI PAKAIAN BESI  OLYMSTEEL OSW AB 4P,OP343,LEMARI PAKAIAN BESI  OLYMSTEEL OSW AB 4P,,4.0,4.0,17200000.0,17200000.0,OK,
7,PRU/PL/2604-0138,14239,7959,OP018,LEMARI PAKAIAN BESI OLYMSTEEL OSW 5P2L 5 PINTU,OP018,LEMARI PAKAIAN BESI OLYMSTEEL OSW 5P2L 5 PINTU,,2.0,2.0,8900000.0,8900000.0,OK,
7,PRU/PL/2604-0138,14240,11489,OP344,LEMARI PAKAIAN BESI OLYMSTEEL OSW MR 2P3L,OP344,LEMARI PAKAIAN BESI OLYMSTEEL OSW MR 2P3L,,4.0,4.0,11600000.0,11600000.0,OK,
7,PRU/PL/2604-0138,14241,11536,OP363,LEMARI PAKAIAN BESI OLYMPIC OSW C 3P,OP363,LEMARI PAKAIAN BESI OLYMPIC OSW C 3P,,2.0,2.0,6400000.0,6400000.0,OK,
7,PRU/PL/2604-0138,14242,11567,OP377,LEMARI PAKAIAN BESI OLYMSTEEL OSWS 4P2L,OP377,LEMARI PAKAIAN BESI OLYMSTEEL OSWS 4P2L,,2.0,2.0,5800000.0,5800000.0,OK,
7,PRU/PL/2604-0138,14243,11490,OP345,LEMARI PAKAIAN BESI OLYMPSTEEL OSWS AB 2P,OP345,LEMARI PAKAIAN BESI OLYMPSTEEL OSWS AB 2P,,3.0,3.0,12750000.0,12750000.0,OK,
7,PRU/PL/2606-0089,14247,6529,SM007,SEMEN TONASA,SM007,SEMEN TONASA,,200.0,200.0,14200000.0,14200000.0,OK,
7,PRU/PL/2606-0090,14248,6529,SM007,SEMEN TONASA,SM007,SEMEN TONASA,,400.0,400.0,28400000.0,28400000.0,OK,
7,PRU/PL/2606-0092,14250,6529,SM007,SEMEN TONASA,SM007,SEMEN TONASA,,400.0,400.0,28400000.0,28400000.0,OK,
7,PRU/PL/2605-0284,14251,11859,OP476,TEMPAT PENYIMPANAN OLYMPLAST OSS TSUM TSUM,OP476,TEMPAT PENYIMPANAN OLYMPLAST OSS TSUM TSUM,,8.0,8.0,1000000.0,1000000.0,OK,
7,PRU/PL/2605-0285,14262,12024,OP512,LEMARI PAKAIAN PANEL OLYMPIC SILVER LP 3P,OP512,LEMARI PAKAIAN PANEL OLYMPIC SILVER LP 3P,,4.0,4.0,3600000.0,3600000.0,OK,
7,PRU/PL/2605-0286,14263,12066,OP544,MATRAS SPRING BED OLYMPIC SILVER MINERVA23 180X200,OP544,MATRAS SPRING BED OLYMPIC SILVER MINERVA23 180X200,,1.0,1.0,2822000.0,2822000.0,OK,
7,PRU/PL/2605-0286,14264,8172,OP047,BANTAL PROCCELA DACRON,OP047,BANTAL PROCCELA DACRON,,1.0,1.0,63000.0,0.0,OK,
7,PRU/PL/2605-0287,14265,11719,OP392,MEJA TULIS BESI OLYMSTEEL OMT KINSEY 120 WOOD,OP392,MEJA TULIS BESI OLYMSTEEL OMT KINSEY 120 WOOD,,8.0,8.0,12640000.0,12640000.0,OK,
7,PRU/PL/2605-0287,14266,11108,OP319,MEJA TULIS BESI OLYMSTEEL OMT KINSEY 160 WOOD,OP319,MEJA TULIS BESI OLYMSTEEL OMT KINSEY 160 WOOD,,8.0,8.0,17200000.0,17200000.0,OK,
7,PRU/PL/2605-0288,14267,9381,OP130,MEJA TULIS OLYMPIC SILVER MT OLIVER 120,OP130,MEJA TULIS OLYMPIC SILVER MT OLIVER 120,,12.0,12.0,10860000.0,10860000.0,OK,
7,PRU/PL/2605-0289,14268,11105,OP316,LEMARI SEPATU BESI OLYMSTEEL SR 001 PUTIH,OP316,LEMARI SEPATU BESI OLYMSTEEL SR 001 PUTIH,,4.0,4.0,5240000.0,5240000.0,OK,
7,PRU/PL/2605-0289,14269,10011,OP180,LEMARI SEPATU BESI OLYMSTEEL SR 002 PUTIH,OP180,LEMARI SEPATU BESI OLYMSTEEL SR 002 PUTIH,,6.0,6.0,8670000.0,8670000.0,OK,
7,PRU/PL/2605-0289,14270,8288,OP087,RAK OMKC 35 001,OP087,RAK OMKC 35 001,,5.0,5.0,5350000.0,5350000.0,OK,
7,PRU/PL/2605-0289,14271,8704,OP114,RAK SERBAGUNA BESI OMKC 001 4S,OP114,RAK SERBAGUNA BESI OMKC 001 4S,,3.0,3.0,3945000.0,3945000.0,OK,
7,PRU/PL/2606-0093,14282,11489,OP344,LEMARI PAKAIAN BESI OLYMSTEEL OSW MR 2P3L,OP344,LEMARI PAKAIAN BESI OLYMSTEEL OSW MR 2P3L,,4.0,4.0,11600000.0,11600000.0,OK,
7,PRU/PL/2606-0094,14283,10215,OP213,MEJA RIAS ALBATROS DREESER TABLE SPRING,OP213,MEJA RIAS ALBATROS DREESER TABLE SPRING,,2.0,2.0,5980000.0,5980000.0,OK,
7,PRU/PL/2606-0094,14284,11775,OP409,LEMARI PAKAIAN SPRING SLIDING ALBATROS WARDROBE SPRING,OP409,LEMARI PAKAIAN SPRING SLIDING ALBATROS WARDROBE SPRING,,1.0,1.0,8445000.0,8445000.0,OK,
7,PRU/PL/2606-0095,14377,8757,AV156,ARIES GOLD 1L,AV156,ARIES GOLD 1L,,6.0,6.0,213600.0,197580.0,OK,
7,PRU/PL/2606-0096,14378,325,AV066,PLITUR BOYO 1L,AV066,PLITUR BOYO 1L,,24.0,24.0,2455200.0,2271060.0,OK,
7,PRU/PL/2606-0097,14379,8757,AV156,ARIES GOLD 1L,AV156,ARIES GOLD 1L,,19.0,19.0,676400.0,625670.0,OK,
7,PRU/PL/2606-0098,14380,4680,AV071,TINTA AVIAN RD,AV071,TINTA AVIAN RD,,6.0,6.0,1534200.0,1419135.0,OK,
7,PRU/PL/2606-0098,14381,4682,AV073,TINTA AVIAN WP,AV073,TINTA AVIAN WP,,6.0,6.0,2188200.0,2024085.0,OK,
7,PRU/PL/2606-0098,14382,4686,AV077,TINTA AVIAN YV,AV077,TINTA AVIAN YV,,3.0,3.0,3924300.0,3629977.5,OK,
7,PRU/PL/2606-0099,14383,10100,AV185,AVITEX TOP SW 5KG,AV185,AVITEX TOP SW 5KG,,4.0,4.0,644000.0,536130.0,OK,
7,PRU/PL/2606-0099,14384,4735,AV093,NO DROP BASE B 20KG,AV093,NO DROP BASE B 20KG,,2.0,2.0,2696400.0,2359350.0,OK,
7,PRU/PL/2606-0099,14385,2912,AV013,VIP 250G,AV013,VIP 250G,,24.0,24.0,859200.0,794760.0,OK,
7,PRU/PL/2606-0100,14386,5663,AV112,AVITEX GOLD 5KG,AV112,AVITEX GOLD 5KG,,11.0,11.0,2520100.0,2331092.5,OK,
7,PRU/PL/2606-0100,14387,6343,AV113,AVITEX GOLD 25KG,AV113,AVITEX GOLD 25KG,,2.0,2.0,2179600.0,2016130.0,OK,
7,PRU/PL/2606-0100,14388,9762,AV178,AVITEX GOLD BASE A 25KG,AV178,AVITEX GOLD BASE A 25KG,,5.0,5.0,5145500.0,4502312.5,OK,
7,PRU/PL/2606-0100,14389,9763,AV179,AVITEX GOLD BASE B 25KG,AV179,AVITEX GOLD BASE B 25KG,,5.0,5.0,4947000.0,4328625.0,OK,
7,PRU/PL/2606-0101,14390,6529,SM007,SEMEN TONASA,SM007,SEMEN TONASA,,400.0,400.0,28400000.0,28400000.0,OK,
7,PRU/PL/2606-0102,14398,288,AV035,AVITEX BASE C 5KG,AV035,AVITEX BASE C 5KG,,8.0,8.0,1290400.0,1129100.0,OK,
7,PRU/PL/2606-0102,14399,8851,AV065,AVIAN CAT LAPANGAN 5KG,AV065,AVIAN CAT LAPANGAN 5KG,,4.0,4.0,1302000.0,1083915.0,OK,
7,PRU/PL/2606-0103,14400,11699,AV266,DEXTONE LEM PUTIH PVAC 350GR,AV266,DEXTONE LEM PUTIH PVAC 350GR,,240.0,240.0,2685600.0,2484180.0,OK,
7,PRU/PL/2606-0104,14401,4680,AV071,TINTA AVIAN RD,AV071,TINTA AVIAN RD,,3.0,3.0,767100.0,709567.5,OK,
7,PRU/PL/2606-0104,14402,263,AV024,SUZUKA STANDART 1L,AV024,SUZUKA STANDART 1L,,6.0,6.0,903600.0,835830.0,OK,
7,PRU/PL/2606-0104,14403,265,AV026,SUZUKA 200CC,AV026,SUZUKA 200CC,,18.0,18.0,712800.0,659340.0,OK,
7,PRU/PL/2606-0105,14424,6529,SM007,SEMEN TONASA,SM007,SEMEN TONASA,,400.0,400.0,28400000.0,28400000.0,OK,
7,PRU/PL/2606-0107,14527,6529,SM007,SEMEN TONASA,SM007,SEMEN TONASA,,800.0,800.0,56800000.0,56800000.0,OK,
7,PRU/PL/2604-0139,14536,12217,KR351,SAGRADA BROWN 60X60,KR351,SAGRADA BROWN 60X60,,400.0,400.0,36288000.0,36288000.0,OK,
7,PRU/PL/2604-0139,14537,12242,KR362,PIEDMONTE BLUE 80X80,KR362,PIEDMONTE BLUE 80X80,,60.0,60.0,9040800.0,9040800.0,OK,
7,PRU/PL/2604-0139,14538,12243,KR363,PADOVA BLACK 80x80,KR363,PADOVA BLACK 80x80,,60.0,60.0,9040800.0,9040800.0,OK,
7,PRU/PL/2604-0139,14539,12220,KR354,LAZZARO DARK GREY REC 50X50,KR354,LAZZARO DARK GREY REC 50X50,,768.0,768.0,49152000.0,49152000.0,OK,
7,PRU/PL/2604-0139,14540,12211,KR346,ARENA WHITE EMBOSSED REC 25X40,KR346,ARENA WHITE EMBOSSED REC 25X40,,528.0,528.0,29040000.0,29040000.0,OK,
7,PRU/PL/2604-0139,14541,12210,KR345,BULGARY GREY EMBOSSED 25X40,KR345,BULGARY GREY EMBOSSED 25X40,,528.0,528.0,27192000.0,27192000.0,OK,
7,PRU/PL/2604-0139,14542,12212,KR347,EMERALD BLUE 25X40,KR347,EMERALD BLUE 25X40,,528.0,528.0,26664000.0,26664000.0,OK,
7,PRU/PL/2604-0139,14543,12215,KR349,GRANADA BROWN EMBOSSED 20X40,KR349,GRANADA BROWN EMBOSSED 20X40,,240.0,240.0,12000000.0,12000000.0,OK,
7,PRU/PL/2604-0139,14544,12214,KR348,GRANADA GREY EMBOSSED 20X40,KR348,GRANADA GREY EMBOSSED 20X40,,240.0,240.0,12000000.0,12000000.0,OK,
7,PRU/PL/2604-0139,14545,12246,KR365,CLIFFORD GREY EMBOSSED 25X50,KR365,CLIFFORD GREY EMBOSSED 25X50,,336.0,336.0,17304000.0,17304000.0,OK,
7,PRU/PL/2604-0139,14546,12247,KR366,CARMEN GREY 25X50,KR366,CARMEN GREY 25X50,,336.0,336.0,16632000.0,16632000.0,OK,
7,PRU/PL/2604-0139,14547,8554,KR017,LIVERPOOL BLUE REC 50X50,KR017,LIVERPOOL BLUE REC 50X50,,768.0,768.0,42624000.0,42624000.0,OK,
7,PRU/PL/2604-0139,14548,10756,KR211,SMITH GOLD 60X60,KR211,SMITH GOLD 60X60,,320.0,320.0,28569600.0,28569600.0,OK,
7,PRU/PL/2604-0139,14549,12207,KR342,SEVILLE BLACK 60X60,KR342,SEVILLE BLACK 60X60,,320.0,320.0,29030400.0,29030400.0,OK,
7,PRU/PL/2604-0139,14550,12216,KR350,LILIAN CREAM 50X50,KR350,LILIAN CREAM 50X50,,960.0,960.0,54240000.0,54240000.0,OK,
7,PRU/PL/2604-0139,14551,11868,KR333,JENNE GOLD 60X60,KR333,JENNE GOLD 60X60,,320.0,320.0,31475200.0,31475200.0,OK,
7,PRU/PL/2606-0108,14555,6529,SM007,SEMEN TONASA,SM007,SEMEN TONASA,,200.0,200.0,14200000.0,14200000.0,OK,
7,PRU/PL/2605-0290,14556,12252,KR371,MALIQA BLUE 25X40,KR371,MALIQA BLUE 25X40,,468.0,468.0,25038000.0,25038000.0,OK,
7,PRU/PL/2607-0001,14557,12487,AV285,AVIAN CLING 2IN1 0.9L,AV285,AVIAN CLING 2IN1 0.9L,,12.0,12.0,1053600.0,879545.28,OK,
7,PRU/PL/2607-0001,14558,12488,AV286,AVIAN CLING 2IN1 2.5L,AV286,AVIAN CLING 2IN1 2.5L,,4.0,4.0,1004000.0,838139.2,OK,
7,PRU/PL/2607-0001,14559,264,AV025,SUZUKA METALIC 1L,AV025,SUZUKA METALIC 1L,,6.0,6.0,903600.0,835830.0,OK,
7,PRU/PL/2607-0001,14560,336,AV097,PILOX SUZUKA 300CC,AV097,PILOX SUZUKA 300CC,,18.0,18.0,622800.0,576090.0,OK,
7,PRU/PL/2607-0002,14561,299,AV046,NO DROP BASE B 4L,AV046,NO DROP BASE B 4L,,8.0,8.0,2360000.0,2065000.0,OK,
7,PRU/PL/2607-0003,14562,275,AV005,ARIES GOLD 4.5L,AV005,ARIES GOLD 4.5L,,60.0,60.0,6576000.0,6082800.0,OK,
7,PRU/PL/2607-0004,14563,9762,AV178,AVITEX GOLD BASE A 25KG,AV178,AVITEX GOLD BASE A 25KG,,16.0,16.0,16465600.0,14407400.0,OK,
7,PRU/PL/2607-0004,14564,9763,AV179,AVITEX GOLD BASE B 25KG,AV179,AVITEX GOLD BASE B 25KG,,10.0,10.0,9894000.0,8657250.0,OK,
7,PRU/PL/2607-0004,14565,9764,AV180,AVITEX GOLD BASE C 25KG,AV180,AVITEX GOLD BASE C 25KG,,10.0,10.0,9500000.0,8312500.0,OK,
7,PRU/PL/2607-0005,14566,6686,PRN026,"PARALON POWER 2"" AW",PRN026,"PARALON POWER 2"" AW",,150.0,150.0,18900000.0,16083900.0,OK,
7,PRU/PL/2607-0006,14567,4213,NP016,BODELAC 2 IN 1 ANTI KARAT ACCENT 2.7KG,NP016,BODELAC 2 IN 1 ANTI KARAT ACCENT 2.7KG,,80.0,80.0,14576320.0,14576320.0,OK,
7,PRU/PL/2607-0007,14568,4146,NP175,TINTA MEDIUM YELLOW T,NP175,TINTA MEDIUM YELLOW T,,12.0,12.0,5250840.0,5250840.0,OK,
7,PRU/PL/2607-0008,14698,6529,SM007,SEMEN TONASA,SM007,SEMEN TONASA,,400.0,400.0,28400000.0,28400000.0,OK,
7,PRU/PL/2607-0009,14699,6529,SM007,SEMEN TONASA,SM007,SEMEN TONASA,,400.0,400.0,28400000.0,28400000.0,OK,
7,PRU/PL/2607-0010,14701,5663,AV112,AVITEX GOLD 5KG,AV112,AVITEX GOLD 5KG,,8.0,8.0,1832800.0,1695340.0,OK,
7,PRU/PL/2607-0011,14702,9762,AV178,AVITEX GOLD BASE A 25KG,AV178,AVITEX GOLD BASE A 25KG,,10.0,10.0,10291000.0,9004625.0,OK,
7,PRU/PL/2607-0011,14703,9764,AV180,AVITEX GOLD BASE C 25KG,AV180,AVITEX GOLD BASE C 25KG,,7.0,7.0,6650000.0,5818750.0,OK,
7,PRU/PL/2607-0012,14704,12434,AV283,SUPERSILK ANTI NODA BASE A 1L,AV283,SUPERSILK ANTI NODA BASE A 1L,,6.0,6.0,1080600.0,945525.0,OK,
7,PRU/PL/2607-0013,14705,10700,AV217,SUZUKA 4:1 PU CLEAR COAT HARDENER,AV217,SUZUKA 4:1 PU CLEAR COAT HARDENER,,4.0,4.0,399200.0,369260.0,OK,
7,PRU/PL/2607-0014,14706,10616,AV210,DEXTONE SILICON SEALANT TABUNG MULTI PURPOSE BLACK / WHITE 300ML,AV210,DEXTONE SILICON SEALANT TABUNG MULTI PURPOSE BLACK / WHITE 300ML,,96.0,96.0,3082560.0,2851368.0,OK,
7,PRU/PL/2607-0015,14707,10281,AV193,SUPERSILK ANTI NODA BASE A 2.5KG,AV193,SUPERSILK ANTI NODA BASE A 2.5KG,,6.0,6.0,2049600.0,1793400.0,OK,
7,PRU/PL/2607-0016,14708,4596,AV134,PLAMIR GIANT MORTAR,AV134,PLAMIR GIANT MORTAR,,4200.0,4200.0,129780000.0,108041850.0,OK,
7,PRU/PL/2607-0017,14709,6710,NP162,SPORTSKOTE DEEP BASE 3.89KG,NP162,SPORTSKOTE DEEP BASE 3.89KG,,4.0,4.0,997420.0,997420.0,OK,
7,PRU/PL/2607-0017,14710,6711,NP160,SPORTSKOTE ACCENT BASE 3.71KG,NP160,SPORTSKOTE ACCENT BASE 3.71KG,,4.0,4.0,955472.0,955472.0,OK,
7,PRU/PL/2607-0017,14711,9219,NP237,SPORTSKOTE + PASIR 4.5L,NP237,SPORTSKOTE + PASIR 4.5L,,8.0,8.0,1915864.0,1915864.0,OK,
7,PRU/PL/2607-0018,14712,10373,NP259,EPOXYGUARD EG007 ALABASTER (3CSET)-LANTAI 0.9L,NP259,EPOXYGUARD EG007 ALABASTER (3CSET)-LANTAI 0.9L,,24.0,24.0,4197936.0,4197936.0,OK,
7,PRU/PL/2607-0020,14715,260,NP001,NIPPE 2000 1L,NP001,NIPPE 2000 1L,,12.0,12.0,1388412.0,1388412.0,OK,
7,PRU/PL/2607-0020,14716,337,NP140,PILOX NIPPON,NP140,PILOX NIPPON,,60.0,60.0,1840680.0,1840680.0,OK,
7,PRU/PL/2607-0020,14717,5873,NP101,MATEX PUTTY SUPER WHITE,NP101,MATEX PUTTY SUPER WHITE,,12.0,12.0,782676.0,782676.0,OK,
7,PRU/PL/2607-0021,14718,4838,NP032,TIMBER FIN 1L,NP032,TIMBER FIN 1L,,12.0,12.0,1038612.0,1038612.0,OK,
7,PRU/PL/2607-0022,14791,9219,NP237,SPORTSKOTE + PASIR 4.5L,NP237,SPORTSKOTE + PASIR 4.5L,,12.0,12.0,2873796.0,2873796.0,OK,
7,PRU/PL/2607-0023,14819,6529,SM007,SEMEN TONASA,SM007,SEMEN TONASA,,200.0,200.0,14200000.0,14200000.0,OK,
7,PRU/PL/2606-0109,14825,11351,OP331,LEMARI PAKAIAN BESI OLYMSTEEL OSW ALVARE 3P,OP331,LEMARI PAKAIAN BESI OLYMSTEEL OSW ALVARE 3P,,13.0,13.0,59150000.0,59150000.0,OK,
7,PRU/PL/2606-0110,14826,11864,OP481,"STORAGE OLYMPLAST OMS 3X2 (LUXURY, PURE)",OP481,"STORAGE OLYMPLAST OMS 3X2 (LUXURY, PURE)",,4.0,4.0,2492000.0,2492000.0,OK,
7,PRU/PL/2606-0110,14827,11865,OP482,"STORAGE OLYMPLAST OMS 3X3 (LUXURY, PURE)",OP482,"STORAGE OLYMPLAST OMS 3X3 (LUXURY, PURE)",,4.0,4.0,3412000.0,3412000.0,OK,
7,PRU/PL/2606-0110,14828,11866,OP483,"STORAGE OLYMPLAST OMS 3X4 (LUXURY, PURE)",OP483,"STORAGE OLYMPLAST OMS 3X4 (LUXURY, PURE)",,1.0,1.0,1036000.0,1036000.0,OK,
7,PRU/PL/2606-0112,14832,11803,OP430,LACI OLYMPLAST ODC MODERN 04,OP430,LACI OLYMPLAST ODC MODERN 04,,4.0,4.0,3712000.0,3712000.0,OK,
7,PRU/PL/2606-0112,14833,12491,OP600,LACI OLYMPLAST ODC MODERN 05,OP600,LACI OLYMPLAST ODC MODERN 05,,5.0,5.0,5460000.0,5460000.0,OK,
7,PRU/PL/2606-0113,14834,6435,OP008,LEMARI DUA PINTU OLYMPLAST OTC 2PL ST2 MODERN,OP008,LEMARI DUA PINTU OLYMPLAST OTC 2PL ST2 MODERN,,10.0,10.0,12030000.0,12030000.0,OK,
7,PRU/PL/2606-0113,14835,6436,OP009,LEMARI TIGA PINTU OLYMPLAST OTC 3PL ST2 MODERN,OP009,LEMARI TIGA PINTU OLYMPLAST OTC 3PL ST2 MODERN,,7.0,7.0,13615000.0,13615000.0,OK,
7,PRU/PL/2606-0113,14836,11860,OP477,LEMARI PAKAIAN OLYMPLAST OTC SLIDING 11 MODERN COKLAT,OP477,LEMARI PAKAIAN OLYMPLAST OTC SLIDING 11 MODERN COKLAT,,2.0,2.0,3734000.0,3734000.0,OK,
7,PRU/PL/2606-0114,14837,10455,OP247,MEJA OLYMPLAST SO EAZY WHITE,OP247,MEJA OLYMPLAST SO EAZY WHITE,,6.0,6.0,3180000.0,3180000.0,OK,
7,PRU/PL/2606-0115,14838,11863,OP480,"STORAGE OLYMPLAST OMS 2X4 (LUXURY, PURE)",OP480,"STORAGE OLYMPLAST OMS 2X4 (LUXURY, PURE)",,5.0,5.0,3745000.0,3745000.0,OK,
7,PRU/PL/2606-0116,14839,11810,OP437,LACI OLYMPLAST ODC CLASSIC 04A,OP437,LACI OLYMPLAST ODC CLASSIC 04A,,2.0,2.0,1890000.0,1890000.0,OK,
7,PRU/PL/2606-0116,14840,11813,OP440,LACI OLYMPLAST ODC CLASSIC 05A,OP440,LACI OLYMPLAST ODC CLASSIC 05A,,2.0,2.0,2274000.0,2274000.0,OK,
7,PRU/PL/2606-0117,14841,11852,OP469,BOOK CABINET OLYMPLAST BCO 2K-2P,OP469,BOOK CABINET OLYMPLAST BCO 2K-2P,,7.0,7.0,6384000.0,6384000.0,OK,
7,PRU/PL/2606-0117,14842,11853,OP470,BOOK CABINET OLYMPLAST BCO 2R-2P,OP470,BOOK CABINET OLYMPLAST BCO 2R-2P,,2.0,2.0,1484000.0,1484000.0,OK,
7,PRU/PL/2606-0117,14843,11854,OP471,BOOK CABINET OLYMPLAST BCO 4K,OP471,BOOK CABINET OLYMPLAST BCO 4K,,2.0,2.0,1956000.0,1956000.0,OK,
7,PRU/PL/2606-0117,14844,11855,OP472,BOOK CABINET OLYMPLAST BCO 4R,OP472,BOOK CABINET OLYMPLAST BCO 4R,,2.0,2.0,1290000.0,1290000.0,OK,
7,PRU/PL/2606-0118,14845,11798,OP425,RAK SEPATU OLYMPLAST SRO 2SW,OP425,RAK SEPATU OLYMPLAST SRO 2SW,,3.0,3.0,1869000.0,1869000.0,OK,
7,PRU/PL/2606-0118,14846,11799,OP426,RAK SEPATU OLYMPLAST SRO 2SW1L,OP426,RAK SEPATU OLYMPLAST SRO 2SW1L,,4.0,4.0,2908000.0,2908000.0,OK,
7,PRU/PL/2606-0118,14847,11800,OP427,RAK SEPATU OLYMPLAST SRO 3SW,OP427,RAK SEPATU OLYMPLAST SRO 3SW,,5.0,5.0,4040000.0,4040000.0,OK,
7,PRU/PL/2606-0119,14848,11488,OP343,LEMARI PAKAIAN BESI  OLYMSTEEL OSW AB 4P,OP343,LEMARI PAKAIAN BESI  OLYMSTEEL OSW AB 4P,,8.0,8.0,34400000.0,34400000.0,OK,
7,PRU/PL/2606-0119,14849,11351,OP331,LEMARI PAKAIAN BESI OLYMSTEEL OSW ALVARE 3P,OP331,LEMARI PAKAIAN BESI OLYMSTEEL OSW ALVARE 3P,,7.0,7.0,31850000.0,31850000.0,OK,
7,PRU/PL/2606-0120,14851,9338,OP125,LEMARI PAKAIAN ANAK BESI OLYMSTEEL OSWS KIDS,OP125,LEMARI PAKAIAN ANAK BESI OLYMSTEEL OSWS KIDS,,5.0,5.0,10500000.0,10500000.0,OK,
7,PRU/PL/2606-0120,14852,10321,OP235,LEMARI PAKAIAN ANAK BESI OLYMSTEEL OSW 3P KIDS,OP235,LEMARI PAKAIAN ANAK BESI OLYMSTEEL OSW 3P KIDS,,5.0,5.0,10250000.0,10250000.0,OK,
7,PRU/PL/2606-0121,14853,11488,OP343,LEMARI PAKAIAN BESI  OLYMSTEEL OSW AB 4P,OP343,LEMARI PAKAIAN BESI  OLYMSTEEL OSW AB 4P,,4.0,4.0,17200000.0,17200000.0,OK,
7,PRU/PL/2604-0140,14922,8203,OP075,SOFA BED FELMA COKLAT-CREAM,OP075,SOFA BED FELMA COKLAT-CREAM,,2.0,2.0,2620000.0,2620000.0,OK,
7,PRU/PL/2604-0140,14923,10102,OP199,SOFA BED PROCELLA BELATRIX,OP199,SOFA BED PROCELLA BELATRIX,,2.0,2.0,5500000.0,5500000.0,OK,
7,PRU/PL/2604-0140,14924,8200,OP072,SOFA BED CHIFFON GREY,OP072,SOFA BED CHIFFON GREY,,2.0,2.0,5500000.0,5500000.0,OK,
7,PRU/PL/2604-0140,14925,8199,OP071,SOFA BED CLOUD,OP071,SOFA BED CLOUD,,1.0,1.0,2935000.0,2935000.0,OK,
7,PRU/PL/2604-0140,14926,9678,OP150,SOFA BED PROCELLA STANLEY KAIN GREY,OP150,SOFA BED PROCELLA STANLEY KAIN GREY,,2.0,2.0,4600000.0,4600000.0,OK,
7,PRU/PL/2604-0141,14937,11946,OP496,SOFA SET 211 SEATER PROCELLA WILLO VIENNA,OP496,SOFA SET 211 SEATER PROCELLA WILLO VIENNA,,3.0,3.0,16110000.0,16110000.0,OK,
7,PRU/PL/2607-0024,14938,9219,NP237,SPORTSKOTE + PASIR 4.5L,NP237,SPORTSKOTE + PASIR 4.5L,,6.0,6.0,1277244.0,1277244.0,OK,
7,PRU/PL/2607-0024,14939,11034,NP288,NIPPON 5100 WALL SEALER 2.5L,NP288,NIPPON 5100 WALL SEALER 2.5L,,20.0,20.0,3224420.0,3224420.0,OK,
7,PRU/PL/2607-0025,14940,4949,NP146,RP7 300G (422 ML),NP146,RP7 300G (422 ML),,12.0,12.0,639420.0,639420.0,OK,
7,PRU/PL/2607-0025,14941,4123,NP017,BODELAC 2 IN 1 ANTI KARAT DEEP BASE 2.7KG,NP017,BODELAC 2 IN 1 ANTI KARAT DEEP BASE 2.7KG,,8.0,8.0,1573760.0,1573760.0,OK,
7,PRU/PL/2607-0025,14942,10969,NP282,BODELAC 1KG,NP282,BODELAC 1KG,,24.0,24.0,2069016.0,2069016.0,OK,
7,PRU/PL/2604-0142,14947,11786,OP419,RAK TV BESI OLYMSTEEL AVR KAIRI,OP419,RAK TV BESI OLYMSTEEL AVR KAIRI,,2.0,2.0,2700000.0,2700000.0,OK,
7,PRU/PL/2604-0142,14948,11784,OP417,RAK TV BESI OLYMSTEEL AVR RATTAN 01 1P2L 160,OP417,RAK TV BESI OLYMSTEEL AVR RATTAN 01 1P2L 160,,2.0,2.0,3000000.0,3000000.0,OK,
7,PRU/PL/2604-0142,14949,11785,OP418,RAK TV BESI OLYMSTEEL AVR RATTAN 02 1P2L 120,OP418,RAK TV BESI OLYMSTEEL AVR RATTAN 02 1P2L 120,,2.0,2.0,2700000.0,2700000.0,OK,
7,PRU/PL/2604-0142,14950,10862,OP285,RAK TV BESI OLYMSTEEL AVR SERENITY,OP285,RAK TV BESI OLYMSTEEL AVR SERENITY,,1.0,1.0,1050000.0,1050000.0,OK,
7,PRU/PL/2607-0027,14951,12234,NP339,VINILEX GLOSS ACCENT BASE 10.75L,NP339,VINILEX GLOSS ACCENT BASE 10.75L,,1.0,1.0,653994.0,653994.0,OK,
7,PRU/PL/2607-0027,14952,4987,NP086,VINILEX GLOSS PASTEL BASE 2.25 L,NP086,VINILEX GLOSS PASTEL BASE 2.25 L,,12.0,12.0,1865316.0,1865316.0,OK,
7,PRU/PL/2607-0027,14953,4952,NP087,VINILEX GLOSS DEEP BASE 2.25L,NP087,VINILEX GLOSS DEEP BASE 2.25L,,8.0,8.0,1144712.0,1144712.0,OK,
7,PRU/PL/2607-0027,14954,4948,NP085,VINILEX GLOSS ACCENT 2.25 L,NP085,VINILEX GLOSS ACCENT 2.25 L,,8.0,8.0,1100136.0,1100136.0,OK,
7,PRU/PL/2607-0027,14955,4947,NP126,WALL SEALER 5200 20L,NP126,WALL SEALER 5200 20L,,5.0,5.0,3382620.0,3382620.0,OK,
7,PRU/PL/2607-0027,14956,4986,NP143,ROLLER NP 9 INCH 1000-BASIC,NP143,ROLLER NP 9 INCH 1000-BASIC,,60.0,60.0,1170960.0,1170960.0,OK,
7,PRU/PL/2604-0143,14957,11487,OP342,KURSI STAFF FRONTLINE OC 04 HITAM,OP342,KURSI STAFF FRONTLINE OC 04 HITAM,,2.0,2.0,1320000.0,1320000.0,OK,
7,PRU/PL/2604-0143,14958,10280,OP226,KURSI STAFF FRONTLINE OC 079 HITAM,OP226,KURSI STAFF FRONTLINE OC 079 HITAM,,1.0,1.0,710000.0,710000.0,OK,
7,PRU/PL/2604-0143,14959,10298,OP227,KURSI STAFF FRONTLINE OC 509,OP227,KURSI STAFF FRONTLINE OC 509,,4.0,4.0,3800000.0,3800000.0,OK,
7,PRU/PL/2604-0143,14960,10471,OP249,KURSI STAFF FRONTLINE OC DEVAN HRÂ HITAM,OP249,KURSI STAFF FRONTLINE OC DEVAN HRÂ HITAM,,2.0,2.0,1060000.0,1060000.0,OK,
7,PRU/PL/2604-0143,14961,11484,OP339,MEJA MANAGER FRONTLINE MD VINTAGE  BEECH,OP339,MEJA MANAGER FRONTLINE MD VINTAGE  BEECH,,2.0,2.0,3600000.0,3600000.0,OK,
7,PRU/PL/2604-0143,14962,11493,OP348,MEJA PANEL FRONTLINE FT DASTAN 160 CERRY HITAM,OP348,MEJA PANEL FRONTLINE FT DASTAN 160 CERRY HITAM,,2.0,2.0,1460000.0,1460000.0,OK,
7,PRU/PL/2604-0143,14963,10566,OP022,MEJA STAFF FRONTLINE OD VINTAGE 120 BEECH,OP022,MEJA STAFF FRONTLINE OD VINTAGE 120 BEECH,,2.0,2.0,1650000.0,1650000.0,OK,
7,PRU/PL/2606-0122,14979,12149,CMF017,BED SET NEO MOLUCAS 160X200,CMF017,BED SET NEO MOLUCAS 160X200,,2.0,2.0,7412864.0,7412864.0,OK,
7,PRU/PL/2606-0123,14981,11982,CMF011,BED SET COMFORTA NEO STAR 160,CMF011,BED SET COMFORTA NEO STAR 160,,3.0,3.0,14328090.0,14328090.0,OK,
7,PRU/PL/2606-0123,14982,12575,CMF031,BED SET COMFORTA NEO STAR 180 B106,CMF031,BED SET COMFORTA NEO STAR 180 B106,,1.0,1.0,5282874.0,5282874.0,OK,
7,PRU/PL/2606-0124,14988,12580,CMF032,ED SET PRF TEEN 120 D50/H63 K06,CMF032,ED SET PRF TEEN 120 D50/H63 K06,,1.0,1.0,6111369.0,6111369.0,OK,
7,PRU/PL/2606-0125,14992,12581,CMF033,BED SET DR PEDIC BACK 3.0 180 T049 A28  MP,CMF033,BED SET DR PEDIC BACK 3.0 180 T049 A28  MP,,1.0,1.0,10614483.0,10614483.0,OK,
7,PRU/PL/2606-0126,14993,12151,CMF019,BED SET NEO PLATINUM 160X200,CMF019,BED SET NEO PLATINUM 160X200,,3.0,3.0,12831045.0,12831045.0,OK,
7,PRU/PL/2607-0028,14994,4265,NP034,NIPPON SPOT LESS PASTEL BASE 18.8L,NP034,NIPPON SPOT LESS PASTEL BASE 18.8L,,3.0,3.0,5119965.0,5119965.0,OK,
7,PRU/PL/2607-0028,14995,4266,NP036,NIPPON SPOT LESS TINT BASE 18.4L,NP036,NIPPON SPOT LESS TINT BASE 18.4L,,3.0,3.0,4932093.0,4932093.0,OK,
7,PRU/PL/2607-0028,14996,5080,NP151,NIPPON FLAWLESS 1001 BRILIANT WHITE 2.5,NP151,NIPPON FLAWLESS 1001 BRILIANT WHITE 2.5,,12.0,12.0,2955384.0,2955384.0,OK,
7,PRU/PL/2607-0028,14997,4269,NP038,NIPPON SPOT LESS PASTEL BASE 2.35L,NP038,NIPPON SPOT LESS PASTEL BASE 2.35L,,12.0,12.0,2845440.0,2845440.0,OK,
7,PRU/PL/2607-0028,14998,4272,NP037,NIPPON SPOT LESS ACCENT BASE 2.15L,NP037,NIPPON SPOT LESS ACCENT BASE 2.15L,,12.0,12.0,2513472.0,2513472.0,OK,
7,PRU/PL/2607-0029,14999,4212,NP018,BODELAC 2 IN 1 ANTI KARAT PASTEL 2.7KG,NP018,BODELAC 2 IN 1 ANTI KARAT PASTEL 2.7KG,,44.0,44.0,9106196.0,9106196.0,OK,
7,PRU/PL/2607-0029,15000,4123,NP017,BODELAC 2 IN 1 ANTI KARAT DEEP BASE 2.7KG,NP017,BODELAC 2 IN 1 ANTI KARAT DEEP BASE 2.7KG,,12.0,12.0,2289816.0,2289816.0,OK,
7,PRU/PL/2607-0030,15001,12523,NP388,NIPPON WEATHERBOND ULTIMATE PASTEL BASE 14.1L,NP388,NIPPON WEATHERBOND ULTIMATE PASTEL BASE 14.1L,,1.0,1.0,2058554.0,2058554.0,OK,
7,PRU/PL/2607-0031,15002,4213,NP016,BODELAC 2 IN 1 ANTI KARAT ACCENT 2.7KG,NP016,BODELAC 2 IN 1 ANTI KARAT ACCENT 2.7KG,,13.0,13.0,2441907.0,2441907.0,OK,
7,PRU/PL/2607-0031,15003,4983,NP148,HYDRO FAST PASTEL BASE 2.35,NP148,HYDRO FAST PASTEL BASE 2.35,,8.0,8.0,1360792.0,1360792.0,OK,
7,PRU/PL/2607-0031,15004,4984,NP150,HYDRO FAST TINT BASE 2.30,NP150,HYDRO FAST TINT BASE 2.30,,8.0,8.0,1307400.0,1307400.0,OK,
7,PRU/PL/2607-0031,15005,4982,NP147,HYDRO FAST ACENT BASE 2.15,NP147,HYDRO FAST ACENT BASE 2.15,,8.0,8.0,1201872.0,1201872.0,OK,
7,PRU/PL/2607-0031,15006,12521,NP386,NIPPON HYDRO-FAST PASTEL BASE 0.846L,NP386,NIPPON HYDRO-FAST PASTEL BASE 0.846L,,12.0,12.0,808284.0,808284.0,OK,
7,PRU/PL/2607-0031,15007,12522,NP387,NIPPON HYDRO-FAST DEEP BASE 0.81L,NP387,NIPPON HYDRO-FAST DEEP BASE 0.81L,,8.0,8.0,504088.0,504088.0,OK,
7,PRU/PL/2607-0031,15008,4152,NP185,TINTA WHITE KK,NP185,TINTA WHITE KK,,12.0,12.0,2962860.0,2962860.0,OK,
7,PRU/PL/2607-0032,15009,12526,NP391,NIPPON SPORTSKOTE + PASIR 20.25L,NP391,NIPPON SPORTSKOTE + PASIR 20.25L,,4.0,4.0,4309540.0,4309540.0,OK,
7,PRU/PL/2607-0032,15010,6769,NP161,SPORTSKOTE PASTEL BASE 4.19KG,NP161,SPORTSKOTE PASTEL BASE 4.19KG,,4.0,4.0,1081628.0,1081628.0,OK,
7,PRU/PL/2607-0032,15011,6770,NP163,SPORTSKOTE TINT BASE 3.89KG,NP163,SPORTSKOTE TINT BASE 3.89KG,,4.0,4.0,1039676.0,1039676.0,OK,
7,PRU/PL/2607-0033,15014,12123,NP331,SPORTSKOTE TINT BASE 18.44K,NP331,SPORTSKOTE TINT BASE 18.44K,,2.0,2.0,2221936.0,2221936.0,OK,
7,PRU/PL/2607-0033,15015,12231,NP336,SPORTSKOTE DEEP BASE 17.49K,NP336,SPORTSKOTE DEEP BASE 17.49K,,2.0,2.0,2133624.0,2133624.0,OK,
7,PRU/PL/2607-0033,15016,12124,NP332,SPORTSKOTE ACCENT BASE 16.71K,NP332,SPORTSKOTE ACCENT BASE 16.71K,,2.0,2.0,2043032.0,2043032.0,OK,
7,PRU/PL/2607-0033,15017,12526,NP391,NIPPON SPORTSKOTE + PASIR 20.25L,NP391,NIPPON SPORTSKOTE + PASIR 20.25L,,2.0,2.0,2154770.0,2154770.0,OK,
7,PRU/PL/2607-0034,15018,12526,NP391,NIPPON SPORTSKOTE + PASIR 20.25L,NP391,NIPPON SPORTSKOTE + PASIR 20.25L,,2.0,2.0,2154770.0,2154770.0,OK,
7,PRU/PL/2607-0035,15019,12525,NP390,NIPPON SPOT-LESS PLUS MATT TINT BASE 2.30L,NP390,NIPPON SPOT-LESS PLUS MATT TINT BASE 2.30L,,12.0,12.0,3041232.0,3041232.0,OK,
7,PRU/PL/2607-0036,15020,12526,NP391,NIPPON SPORTSKOTE + PASIR 20.25L,NP391,NIPPON SPORTSKOTE + PASIR 20.25L,,7.0,7.0,7541695.0,7541695.0,OK,
7,PRU/PL/2607-0037,15021,4836,NP009,WOODSTAIN 1L,NP009,WOODSTAIN 1L,,98.0,98.0,8378706.0,8378706.0,OK,
7,PRU/PL/2607-0037,15022,4146,NP175,TINTA MEDIUM YELLOW T,NP175,TINTA MEDIUM YELLOW T,,6.0,6.0,2625420.0,2625420.0,OK,
7,PRU/PL/2607-0037,15023,9919,NP242,TINTA RED OXIDE (OR),NP242,TINTA RED OXIDE (OR),,6.0,6.0,1560660.0,1560660.0,OK,
7,PRU/PL/2607-0037,15024,4179,NP182,TINTA RED HT,NP182,TINTA RED HT,,6.0,6.0,5408730.0,5408730.0,OK,
7,PRU/PL/2607-0037,15025,12524,NP389,TITELAC TEXTURED PAINT 5L,NP389,TITELAC TEXTURED PAINT 5L,,5.0,5.0,564615.0,564615.0,OK,
7,PRU/PL/2607-0038,15026,7859,NP198,NIPPON WEATHERBOND MAX PASTEL BASE 2.35L,NP198,NIPPON WEATHERBOND MAX PASTEL BASE 2.35L,,12.0,12.0,3744288.0,3744288.0,OK,
7,PRU/PL/2607-0038,15027,10173,NP251,NIPPON WEATHERBOND MAX TINT BASE 2.30L,NP251,NIPPON WEATHERBOND MAX TINT BASE 2.30L,,12.0,12.0,3602856.0,3602856.0,OK,
7,PRU/PL/2607-0038,15028,10175,NP253,NIPPON WEATHERBOND MAX DEEP BASE 2.25,NP253,NIPPON WEATHERBOND MAX DEEP BASE 2.25,,8.0,8.0,2297736.0,2297736.0,OK,
7,PRU/PL/2607-0038,15029,10177,NP254,NIPPON WEATHERBOND MAX ACCENT BASE 2.15L,NP254,NIPPON WEATHERBOND MAX ACCENT BASE 2.15L,,12.0,12.0,3304296.0,3304296.0,OK,
7,PRU/PL/2607-0038,15030,12518,NP383,NIPPON SOLAREFLECT EXTREME PASTEL BASE 2.35L,NP383,NIPPON SOLAREFLECT EXTREME PASTEL BASE 2.35L,,12.0,12.0,4256736.0,4256736.0,OK,
7,PRU/PL/2607-0038,15031,12519,NP384,NIPPON WEATHERBOND SOLAREFLECT EXTREME TINT BASE 2.30L,NP384,NIPPON WEATHERBOND SOLAREFLECT EXTREME TINT BASE 2.30L,,12.0,12.0,4097856.0,4097856.0,OK,
7,PRU/PL/2607-0038,15032,12520,NP385,NIPPON WEATHERBOND SOLAREFLECT EXTREME DEEP BASE 2.25L,NP385,NIPPON WEATHERBOND SOLAREFLECT EXTREME DEEP BASE 2.25L,,4.0,4.0,1308044.0,1308044.0,OK,
7,PRU/PL/2607-0038,15033,4128,NP023,PLATONE 8000 PASTEL BASE 0.85L,NP023,PLATONE 8000 PASTEL BASE 0.85L,,36.0,36.0,2885580.0,2885580.0,OK,
7,PRU/PL/2607-0038,15034,4124,NP028,PLATONE 8000 PASTEL 2.35L,NP028,PLATONE 8000 PASTEL 2.35L,,12.0,12.0,2412300.0,2412300.0,OK,
7,PRU/PL/2607-0038,15035,4125,NP029,PLATONE 8000 TINT BASE 2.30L,NP029,PLATONE 8000 TINT BASE 2.30L,,12.0,12.0,2323548.0,2323548.0,OK,
7,PRU/PL/2607-0038,15036,8796,NP235,VINILEX SILVER ION 5 KG CCM PASTEL,NP235,VINILEX SILVER ION 5 KG CCM PASTEL,,24.0,24.0,4487904.0,4487904.0,OK,
7,PRU/PL/2607-0039,15037,12595,NP392,ROLLER MOHAIR 9INCH SET,NP392,ROLLER MOHAIR 9INCH SET,,48.0,48.0,1507920.0,1507920.0,OK,
7,PRU/PL/2607-0040,15038,171,PS023,"ELBOW 1""",PS023,"ELBOW 1""",,80.0,80.0,433600.0,368993.6,OK,
7,PRU/PL/2607-0040,15039,182,PS034,"TEE 1""",PS034,"TEE 1""",,15.0,15.0,120000.0,102120.0,OK,
7,PRU/PL/2607-0041,15040,8851,AV065,AVIAN CAT LAPANGAN 5KG,AV065,AVIAN CAT LAPANGAN 5KG,,4.0,4.0,1302000.0,1083915.0,OK,
7,PRU/PL/2607-0042,15041,257,AV004,"AVIAN 0,9L",AV004,"AVIAN 0,9L",,24.0,24.0,2383200.0,2204460.0,OK,
7,PRU/PL/2607-0043,15042,12577,AV292,AVITEX WIZZ BASE A 5KG,AV292,AVITEX WIZZ BASE A 5KG,,2.0,2.0,303000.0,265125.0,OK,
7,PRU/PL/2607-0043,15043,12578,AV293,AVITEX WIZZ BASE B 5KG,AV293,AVITEX WIZZ BASE B 5KG,,2.0,2.0,291400.0,254975.0,OK,
7,PRU/PL/2607-0043,15044,12579,AV294,AVITEX WIZZ BASE C 5KG,AV294,AVITEX WIZZ BASE C 5KG,,2.0,2.0,279800.0,244825.0,OK,
7,PRU/PL/2607-0043,15045,295,AV042,NO DROP 1L,AV042,NO DROP 1L,,18.0,18.0,1468800.0,1358640.0,OK,
7,PRU/PL/2607-0043,15046,296,AV043,NO DROP 4L,AV043,NO DROP 4L,,8.0,8.0,2467200.0,2282160.0,OK,
7,PRU/PL/2607-0044,15047,2935,AV015,AVIAN 0.9L BASE A,AV015,AVIAN 0.9L BASE A,,24.0,24.0,2258400.0,1976100.0,OK,
7,PRU/PL/2607-0044,15048,2936,AV016,AVIAN 0.9L BASE B,AV016,AVIAN 0.9L BASE B,,24.0,24.0,2172000.0,1900500.0,OK,
7,PRU/PL/2607-0044,15049,10774,AV229,AVIAN SYNTHETIC BASE C 2.5L,AV229,AVIAN SYNTHETIC BASE C 2.5L,,8.0,8.0,1896800.0,1659700.0,OK,
7,PRU/PL/2607-0044,15050,12574,AV290,AVITEX TEXTURE TX 100,AV290,AVITEX TEXTURE TX 100,,12.0,12.0,2643600.0,2445330.0,OK,
7,PRU/PL/2607-0044,15051,12576,AV291,NO DROP BASIC BASE A 4KG,AV291,NO DROP BASIC BASE A 4KG,,2.0,2.0,493600.0,431900.0,OK,
7,PRU/PL/2607-0044,15052,299,AV046,NO DROP BASE B 4L,AV046,NO DROP BASE B 4L,,2.0,2.0,474600.0,415275.0,OK,
7,PRU/PL/2607-0045,15080,6529,SM007,SEMEN TONASA,SM007,SEMEN TONASA,,200.0,200.0,14200000.0,14200000.0,OK,
7,PRU/PL/2607-0046,15128,6529,SM007,SEMEN TONASA,SM007,SEMEN TONASA,,200.0,200.0,14200000.0,14200000.0,OK,
7,PRU/PL/2607-0047,15165,12523,NP388,NIPPON WEATHERBOND ULTIMATE PASTEL BASE 14.1L,NP388,NIPPON WEATHERBOND ULTIMATE PASTEL BASE 14.1L,,2.0,2.0,4117108.0,4117108.0,OK,
7,PRU/PL/2607-0049,15169,12125,NP333,NIPPON CEMENT MIX 1K,NP333,NIPPON CEMENT MIX 1K,,60.0,60.0,1536960.0,1536960.0,OK,
7,PRU/PL/2607-0050,15171,4122,NP019,BODELAC 2 IN 1 ANTI KARAT TINT BASE 2.7KG,NP019,BODELAC 2 IN 1 ANTI KARAT TINT BASE 2.7KG,,2.0,2.0,411038.0,411038.0,OK,
7,PRU/PL/2607-0051,15179,12122,NP330,SPORTSKOTE PASTEL BASE 18.84K,NP330,SPORTSKOTE PASTEL BASE 18.84K,,2.0,2.0,2312374.0,2312374.0,OK,
7,PRU/PL/2607-0052,15192,4921,NP106,SPOTLESS BRILIANT WHITE 20 L,NP106,SPOTLESS BRILIANT WHITE 20 L,,5.0,5.0,8875480.0,8875480.0,OK,
7,PRU/PL/2607-0053,15193,4122,NP019,BODELAC 2 IN 1 ANTI KARAT TINT BASE 2.7KG,NP019,BODELAC 2 IN 1 ANTI KARAT TINT BASE 2.7KG,,48.0,48.0,9569040.0,9569040.0,OK,
7,PRU/PL/2607-0054,15194,340,NP013,NIPPON AUTOLUX 66 PEPUTTY 0.98L,NP013,NIPPON AUTOLUX 66 PEPUTTY 0.98L,,24.0,24.0,1036176.0,1036176.0,OK,
7,PRU/PL/2607-0055,15195,12379,NP371,NIPPON TIMBERCOAT 1L,NP371,NIPPON TIMBERCOAT 1L,,12.0,12.0,1025760.0,1025760.0,OK,
7,PRU/PL/2607-0056,15196,11947,IMP011,MADISON DINING 4K 4 KURSI,IMP011,MADISON DINING 4K 4 KURSI,,5.0,5.0,7045830.0,7045830.0,OK,
7,PRU/PL/2607-0056,15197,11949,IMP013,MADISON DINING 6K 6 KURSI,IMP013,MADISON DINING 6K 6 KURSI,,5.0,5.0,9624570.0,9624570.0,OK,
7,PRU/PL/2607-0056,15198,12620,IMP048,OKELO HN-S02 C04 FM,IMP048,OKELO HN-S02 C04 FM,,4.0,4.0,4859996.0,4859996.0,OK,
7,PRU/PL/2607-0056,15199,12489,IMP047,OKELO HN-S02 C01 FM,IMP047,OKELO HN-S02 C01 FM,,1.0,1.0,1214999.0,1214999.0,OK,
7,PRU/PL/2607-0056,15200,12257,IMP025,OKELO HN-S02 C20 FM,IMP025,OKELO HN-S02 C20 FM,,2.0,2.0,2429998.0,2429998.0,OK,
7,PRU/PL/2607-0056,15201,12428,IMP040,OKELO YS-S02 D31 FM,IMP040,OKELO YS-S02 D31 FM,,4.0,4.0,4859996.0,4859996.0,OK,
7,PRU/PL/2607-0056,15202,12622,IMP050,OKELO HN-S03 C21 FM,IMP050,OKELO HN-S03 C21 FM,,2.0,2.0,2839998.0,2839998.0,OK,
7,PRU/PL/2607-0056,15203,12623,IMP051,OKELO YS-S03 D30 FM,IMP051,OKELO YS-S03 D30 FM,,2.0,2.0,2839998.0,2839998.0,OK,
7,PRU/PL/2607-0056,15204,12624,IMP052,OKELO YS-S03 D33 FM,IMP052,OKELO YS-S03 D33 FM,,4.0,4.0,5679996.0,5679996.0,OK,
7,PRU/PL/2606-0128,15209,9784,OP163,KURSI OLYMPLAST OL 506 W,OP163,KURSI OLYMPLAST OL 506 W,,200.0,200.0,20227400.0,20227400.0,OK,
7,PRU/PL/2606-0128,15210,12614,OP603,LEMARI 2 PINTU OLYMPLAST OTC 2PL ST2 BOLD BROWN,OP603,LEMARI 2 PINTU OLYMPLAST OTC 2PL ST2 BOLD BROWN,,10.0,10.0,10062590.0,10062590.0,OK,
7,PRU/PL/2606-0128,15211,12615,OP604,LEMARI 3 PINTU OLYMPLAST OTC 3PL ST2 BOLD BROWN,OP604,LEMARI 3 PINTU OLYMPLAST OTC 3PL ST2 BOLD BROWN,,10.0,10.0,14675400.0,14675400.0,OK,
7,PRU/PL/2606-0129,15238,8186,OP060,KASUR BUSA OLYMPIC GINKO HYBRID IN BOX 120X200X28,OP060,KASUR BUSA OLYMPIC GINKO HYBRID IN BOX 120X200X28,,10.0,10.0,28111110.0,25299999.0,OK,
7,PRU/PL/2606-0129,15239,8185,OP059,KASUR BUSA OLYMPIC GINKO HYBRID IN BOX 160X200X28,OP059,KASUR BUSA OLYMPIC GINKO HYBRID IN BOX 160X200X28,,10.0,10.0,36111110.0,32499999.0,OK,
7,PRU/PL/2606-0130,15240,10723,KR224,HAGEN SILVER 50X50,KR224,HAGEN SILVER 50X50,,800.0,800.0,48800000.0,48800000.0,OK,
7,PRU/PL/2606-0130,15241,10818,KR244,LAVASTONE GREY 40X40,KR244,LAVASTONE GREY 40X40,,320.0,320.0,19840000.0,19840000.0,OK,
7,PRU/PL/2606-0131,15242,10723,KR224,HAGEN SILVER 50X50,KR224,HAGEN SILVER 50X50,,800.0,800.0,48800000.0,48800000.0,OK,
7,PRU/PL/2606-0131,15243,10818,KR244,LAVASTONE GREY 40X40,KR244,LAVASTONE GREY 40X40,,320.0,320.0,19840000.0,19840000.0,OK,
7,PRU/PL/2606-0132,15249,5332,KR209,DAMASKUS GOLD 50X50,KR209,DAMASKUS GOLD 50X50,,399.0,399.0,24339000.0,24339000.0,OK,
7,PRU/PL/2606-0133,15251,5332,KR209,DAMASKUS GOLD 50X50,KR209,DAMASKUS GOLD 50X50,,160.0,160.0,9760000.0,9760000.0,OK,
7,PRU/PL/2606-0134,15257,11603,KR323,HEATHER BLACK GOLD 60X60,KR323,HEATHER BLACK GOLD 60X60,,1320.0,1320.0,231217800.0,231217800.0,OK,
7,PRU/PL/2606-0135,15258,10980,KR253,NEW DINARA BLACK 40X40,KR253,NEW DINARA BLACK 40X40,,756.0,756.0,44226000.0,44226000.0,OK,
7,PRU/PL/2607-0057,15264,10593,AV192,AVIAN PLATINUM SYNTHETIC 4 0.9L,AV192,AVIAN PLATINUM SYNTHETIC 4 0.9L,,6.0,6.0,754200.0,697635.0,OK,
7,PRU/PL/2607-0057,15265,356,AV202,LEM BESI DEXTONE EPOXY,AV202,LEM BESI DEXTONE EPOXY,,48.0,48.0,805920.0,745476.0,OK,
7,PRU/PL/2607-0057,15266,11025,AV243,DEXTONE LEM KUNING SERBAGUNA 101-100GR,AV243,DEXTONE LEM KUNING SERBAGUNA 101-100GR,,24.0,24.0,252240.0,233322.0,OK,
7,PRU/PL/2607-0057,15267,10835,AV235,DEXTONE LEM PIPA PVC TUBE 40GR,AV235,DEXTONE LEM PIPA PVC TUBE 40GR,,60.0,60.0,350400.0,324120.0,OK,
7,PRU/PL/2606-0136,15268,11923,KR337,OREGON GREY 40X40,KR337,OREGON GREY 40X40,,960.0,960.0,47040000.0,47040000.0,OK,
7,PRU/PL/2606-0137,15269,12626,KR374,AZUVI BROWN 40X40,KR374,AZUVI BROWN 40X40,,192.0,192.0,9984000.0,9984000.0,OK,
7,PRU/PL/2606-0138,15270,12626,KR374,AZUVI BROWN 40X40,KR374,AZUVI BROWN 40X40,,576.0,576.0,29952000.0,29952000.0,OK,
7,PRU/PL/2606-0138,15271,12220,KR354,LAZZARO DARK GREY REC 50X50,KR354,LAZZARO DARK GREY REC 50X50,,960.0,960.0,63360000.0,63360000.0,OK,
7,PRU/PL/2606-0139,15272,1107,BS056,BESI 6 FULL,BS056,BESI 6 FULL,,2000.0,2000.0,54400000.0,54400000.0,OK,
7,PRU/PL/2606-0139,15273,8,BS003,BESI 8 FULL,BS003,BESI 8 FULL,,2000.0,2000.0,92100000.0,92100000.0,OK,
7,PRU/PL/2606-0139,15274,10,BS005,BESI 10 FULL,BS005,BESI 10 FULL,,2000.0,2000.0,143700000.0,143700000.0,OK,
7,PRU/PL/2606-0140,15275,75,TX015,TRIPLEX 18MM SANGON,TX015,TRIPLEX 18MM SANGON,,150.0,150.0,30300000.0,30300000.0,OK,
7,PRU/PL/2606-0140,15276,66,TX006,TRIPLEX 5MM SEMI,TX006,TRIPLEX 5MM SEMI,,1120.0,1120.0,84000000.0,84000000.0,OK,
7,PRU/PL/2606-0140,15277,119,TX017,TRIPLEX MELAMIN PUTIH,TX017,TRIPLEX MELAMIN PUTIH,,370.0,370.0,33670000.0,33670000.0,OK,
7,PRU/PL/2606-0140,15278,68,TX008,TRIPLEX 8MM SEMI,TX008,TRIPLEX 8MM SEMI,,510.0,510.0,43350000.0,43350000.0,OK,
7,PRU/PL/2606-0142,15291,121,TX019,TRIPLEX PINTU MOTIF,TX019,TRIPLEX PINTU MOTIF,,440.0,440.0,40920000.0,40920000.0,OK,
7,PRU/PL/2606-0142,15292,69,TX094,TRIPLEX 9MM SANGON,TX094,TRIPLEX 9MM SANGON,,900.0,900.0,92700000.0,92700000.0,OK,
7,PRU/PL/2606-0143,15293,5675,SG039,SPANDEX GALVALUM 030X4M,SG039,SPANDEX GALVALUM 030X4M,,1000.0,1000.0,108000000.0,108000000.0,OK,
7,PRU/PL/2606-0145,15296,5675,SG039,SPANDEX GALVALUM 030X4M,SG039,SPANDEX GALVALUM 030X4M,,1000.0,1000.0,108000000.0,108000000.0,OK,
7,PRU/PL/2606-0146,15297,10188,SG087,SPANDEX MARON 030X3M,SG087,SPANDEX MARON 030X3M,,500.0,500.0,40500000.0,40500000.0,OK,
7,PRU/PL/2606-0146,15298,6411,SG042,SPANDEX MARON 030X4M,SG042,SPANDEX MARON 030X4M,,500.0,500.0,54000000.0,54000000.0,OK,
7,PRU/PL/2606-0147,15299,6411,SG042,SPANDEX MARON 030X4M,SG042,SPANDEX MARON 030X4M,,250.0,250.0,24800000.0,24800000.0,OK,
7,PRU/PL/2607-0058,15300,12639,AV295,NO DROP BASIC BASE C 4KG,AV295,NO DROP BASIC BASE C 4KG,,2.0,2.0,454800.0,397950.0,OK,
7,PRU/PL/2607-0059,15301,12640,AV296,AVITEX METALIC 0.75L,AV296,AVITEX METALIC 0.75L,,18.0,18.0,2647800.0,2449215.0,OK,
7,PRU/PL/2607-0059,15302,12174,AV280,AVITEX METALIC MT 200CC,AV280,AVITEX METALIC MT 200CC,,24.0,24.0,1250400.0,1156620.0,OK,
7,PRU/PL/2607-0059,15303,10100,AV185,AVITEX TOP SW 5KG,AV185,AVITEX TOP SW 5KG,,8.0,8.0,1288000.0,1072260.0,OK,
7,PRU/PL/2607-0059,15304,10696,AV214,AVITEX TOP SW 20KG,AV214,AVITEX TOP SW 20KG,,3.0,3.0,1770600.0,1474024.5,OK,
7,PRU/PL/2607-0059,15305,4676,AV064,TINTA AVIAN DB,AV064,TINTA AVIAN DB,,6.0,6.0,1537800.0,1422465.0,OK,
7,PRU/PL/2607-0059,15306,4678,AV069,TINTA AVIAN HP,AV069,TINTA AVIAN HP,,6.0,6.0,4941000.0,4570425.0,OK,
7,PRU/PL/2607-0059,15307,4683,AV074,TINTA AVIAN YD,AV074,TINTA AVIAN YD,,6.0,6.0,1281600.0,1185480.0,OK,
7,PRU/PL/2607-0059,15308,4519,AV061,SUZUKA 200CC METALIC,AV061,SUZUKA 200CC METALIC,,12.0,12.0,475200.0,439560.0,OK,
7,PRU/PL/2607-0059,15309,336,AV097,PILOX SUZUKA 300CC,AV097,PILOX SUZUKA 300CC,,36.0,36.0,1245600.0,1152180.0,OK,
7,PRU/PL/2606-0148,15310,5052,SG001,SENG GELOMBANG GALVALUM 020,SG001,SENG GELOMBANG GALVALUM 020,,8000.0,8000.0,288000000.0,288000000.0,OK,
7,PRU/PL/2606-0149,15311,5052,SG001,SENG GELOMBANG GALVALUM 020,SG001,SENG GELOMBANG GALVALUM 020,,2000.0,2000.0,72000000.0,72000000.0,OK,
7,PRU/PL/2606-0150,15355,97,SG002,SENG GELOMBANG BIRU 020,SG002,SENG GELOMBANG BIRU 020,,2000.0,2000.0,71600000.0,71600000.0,OK,
7,PRU/PL/2606-0151,15403,2670,SG026,SENG LICIN,SG026,SENG LICIN,,200.0,200.0,7200000.0,7200000.0,OK,
7,PRU/PL/2606-0152,15407,4804,BS094,CANAL C 75/75 TEBAL,BS094,CANAL C 75/75 TEBAL,,1000.0,1000.0,76700000.0,76700000.0,OK,
7,PRU/PL/2606-0153,15408,5497,BS092,CANAL C 75X75 TIPIS,BS092,CANAL C 75X75 TIPIS,,500.0,500.0,28250000.0,28250000.0,OK,
7,PRU/PL/2606-0154,15419,7,BS002,BESI 8 STD,BS002,BESI 8 STD,,7680.0,7680.0,242580480.0,242580480.0,OK,
7,PRU/PL/2607-0061,15442,1499,OL001,MESRAN 20-50 1L,OL001,MESRAN 20-50 1L,,30.0,30.0,30700800.0,30700800.0,OK,
7,PRU/PL/2607-0061,15443,1520,OL023,MESRAN 20-50 4L,OL023,MESRAN 20-50 4L,,5.0,5.0,5921810.0,5921810.0,OK,
7,PRU/PL/2607-0061,15444,1501,OL003,MESRAN 40 1L,OL003,MESRAN 40 1L,,30.0,30.0,30239790.0,30239790.0,OK,
7,PRU/PL/2607-0061,15445,1503,OL005,MEDITRAN 5L,OL005,MEDITRAN 5L,,10.0,10.0,10010890.0,10010890.0,OK,
7,PRU/PL/2606-0155,15449,10232,SG089,SPANDEX BIRU 030X3M,SG089,SPANDEX BIRU 030X3M,,750.0,750.0,59625000.0,59625000.0,OK,
7,PRU/PL/2606-0155,15450,5675,SG039,SPANDEX GALVALUM 030X4M,SG039,SPANDEX GALVALUM 030X4M,,500.0,500.0,52600000.0,52600000.0,OK,
7,PRU/PL/2606-0156,15454,11861,OP478,LEMARI TIGA PINTU OLYMPLAST OTC 3PL ST2 CLASSIC,OP478,LEMARI TIGA PINTU OLYMPLAST OTC 3PL ST2 CLASSIC,,1.0,1.0,2000000.0,2000000.0,OK,
7,PRU/PL/2606-0156,15455,11870,OP485,KABINET OLYMPLAST OTC CRENDENZA LUXURY,OP485,KABINET OLYMPLAST OTC CRENDENZA LUXURY,,2.0,2.0,2370000.0,2370000.0,OK,
7,PRU/PL/2606-0156,15456,10735,OP272,LEMARI 3 PINTU OLYMPLAST OTC 3PL ST2 LUXURY,OP272,LEMARI 3 PINTU OLYMPLAST OTC 3PL ST2 LUXURY,,2.0,2.0,3812000.0,3812000.0,OK,
7,PRU/PL/2607-0062,15462,7131,PRN023,"PARALON POWER 1/2"" AW",PRN023,"PARALON POWER 1/2"" AW",,500.0,500.0,15501000.0,12473654.7,OK,
7,PRU/PL/2607-0063,15489,12651,OP605,"STORAGE OLYMPLAST OMS 2X2 (LUXURY, PURE)",OP605,"STORAGE OLYMPLAST OMS 2X2 (LUXURY, PURE)",,8.0,8.0,6760000.0,6760000.0,OK,
7,PRU/PL/2607-0063,15490,12653,OP606,"STORAGE OLYMPLAST OMS 2X3  (LUXURY, PURE)",OP606,"STORAGE OLYMPLAST OMS 2X3  (LUXURY, PURE)",,9.0,9.0,5544000.0,5544000.0,OK,
7,PRU/PL/2607-0064,15491,11803,OP430,LACI OLYMPLAST ODC MODERN 04,OP430,LACI OLYMPLAST ODC MODERN 04,,3.0,3.0,2784000.0,2784000.0,OK,
7,PRU/PL/2607-0065,15492,12665,OP608,RAK SEPATU OLYMPLAST SRO 2K1L,OP608,RAK SEPATU OLYMPLAST SRO 2K1L,,6.0,6.0,4182000.0,4182000.0,OK,
7,PRU/PL/2607-0066,15493,12491,OP600,LACI OLYMPLAST ODC MODERN 05,OP600,LACI OLYMPLAST ODC MODERN 05,,7.0,7.0,7644000.0,7644000.0,OK,
7,PRU/PL/2607-0067,15494,11860,OP477,LEMARI PAKAIAN OLYMPLAST OTC SLIDING 11 MODERN COKLAT,OP477,LEMARI PAKAIAN OLYMPLAST OTC SLIDING 11 MODERN COKLAT,,3.0,3.0,5169000.0,5169000.0,OK,
7,PRU/PL/2607-0068,15497,11513,PRN063,PARALON POWER 1 1/2 AW,PRN063,PARALON POWER 1 1/2 AW,,100.0,100.0,9840600.0,7918730.82,OK,
7,PRU/PL/2607-0069,15498,11795,OP422,LEMARI DUA PINTU OLYMPLAST OTC 2PL ST2 CLASSIC,OP422,LEMARI DUA PINTU OLYMPLAST OTC 2PL ST2 CLASSIC,,8.0,8.0,10184000.0,10184000.0,OK,
7,PRU/PL/2607-0069,15499,11861,OP478,LEMARI TIGA PINTU OLYMPLAST OTC 3PL ST2 CLASSIC,OP478,LEMARI TIGA PINTU OLYMPLAST OTC 3PL ST2 CLASSIC,,3.0,3.0,6000000.0,6000000.0,OK,
7,PRU/PL/2607-0070,15609,4734,AV092,NO DROP BASE A 20KG,AV092,NO DROP BASE A 20KG,,2.0,2.0,2806000.0,2455250.0,OK,
7,PRU/PL/2607-0070,15610,4735,AV093,NO DROP BASE B 20KG,AV093,NO DROP BASE B 20KG,,2.0,2.0,2696400.0,2359350.0,OK,
7,PRU/PL/2607-0070,15611,4736,AV094,NO DROP BASE C 20KG,AV094,NO DROP BASE C 20KG,,2.0,2.0,2586800.0,2263450.0,OK,
7,PRU/PL/2607-0071,15612,4692,AV083,TINTA AVIAN RE,AV083,TINTA AVIAN RE,,6.0,6.0,2525400.0,2335995.0,OK,
7,PRU/PL/2607-0071,15613,4682,AV073,TINTA AVIAN WP,AV073,TINTA AVIAN WP,,6.0,6.0,2188200.0,2024085.0,OK,
7,PRU/PL/2607-0071,15614,4684,AV075,TINTA AVIAN YE,AV075,TINTA AVIAN YE,,6.0,6.0,2083800.0,1927515.0,OK,
7,PRU/PL/2607-0072,15616,4213,NP016,BODELAC 2 IN 1 ANTI KARAT ACCENT 2.7KG,NP016,BODELAC 2 IN 1 ANTI KARAT ACCENT 2.7KG,,32.0,32.0,6010848.0,6010848.0,OK,
7,PRU/PL/2607-0073,15617,4268,NP033,NIPPON SPOT LESS ACCENT BASE 17.2L,NP033,NIPPON SPOT LESS ACCENT BASE 17.2L,,3.0,3.0,4525800.0,4525800.0,OK,
7,PRU/PL/2607-0073,15618,4836,NP009,WOODSTAIN 1L,NP009,WOODSTAIN 1L,,12.0,12.0,1025952.0,1025952.0,OK,
7,PRU/PL/2607-0073,15619,4213,NP016,BODELAC 2 IN 1 ANTI KARAT ACCENT 2.7KG,NP016,BODELAC 2 IN 1 ANTI KARAT ACCENT 2.7KG,,12.0,12.0,2254068.0,2254068.0,OK,
7,PRU/PL/2607-0074,15620,12232,NP337,VINILEX GLOSS PASTEL BASE 11.75L,NP337,VINILEX GLOSS PASTEL BASE 11.75L,,2.0,2.0,1477886.0,1477886.0,OK,
7,PRU/PL/2607-0074,15621,12233,NP338,VINILEX GLOSS DEEP BASE 11.25L,NP338,VINILEX GLOSS DEEP BASE 11.25L,,2.0,2.0,1359346.0,1359346.0,OK,
7,PRU/PL/2607-0074,15622,12234,NP339,VINILEX GLOSS ACCENT BASE 10.75L,NP339,VINILEX GLOSS ACCENT BASE 10.75L,,1.0,1.0,653994.0,653994.0,OK,
7,PRU/PL/2607-0074,15623,12283,NP351,ROLLER MINI MOHAIR 4 INCH SET,NP351,ROLLER MINI MOHAIR 4 INCH SET,,240.0,240.0,4422480.0,4422480.0,OK,
7,PRU/PL/2607-0075,15624,4111,NP116,NIPPON ELASTEX PASTEL BASE 20KG,NP116,NIPPON ELASTEX PASTEL BASE 20KG,,16.0,16.0,15570880.0,15570880.0,OK,
7,PRU/PL/2607-0075,15625,4113,NP115,NIPPON ELASTEX ACCENT BASE 20KG,NP115,NIPPON ELASTEX ACCENT BASE 20KG,,16.0,16.0,13718896.0,13718896.0,OK,
7,PRU/PL/2607-0075,15626,4178,NP117,NIPPON ELASTEX DEEP BASE 20KG,NP117,NIPPON ELASTEX DEEP BASE 20KG,,15.0,15.0,13493025.0,13493025.0,OK,
7,PRU/PL/2607-0076,15627,4123,NP017,BODELAC 2 IN 1 ANTI KARAT DEEP BASE 2.7KG,NP017,BODELAC 2 IN 1 ANTI KARAT DEEP BASE 2.7KG,,28.0,28.0,5342904.0,5342904.0,OK,
7,PRU/PL/2607-0077,15628,10175,NP253,NIPPON WEATHERBOND MAX DEEP BASE 2.25,NP253,NIPPON WEATHERBOND MAX DEEP BASE 2.25,,4.0,4.0,1148868.0,1148868.0,OK,
7,PRU/PL/2607-0077,15629,12338,NP363,NPNIPPON WEATHERBOND ULTIMATE TINT BASE 2.30L,NP363,NPNIPPON WEATHERBOND ULTIMATE TINT BASE 2.30L,,12.0,12.0,4495068.0,4495068.0,OK,
7,PRU/PL/2607-0077,15630,12340,NP365,NPNIPPON WEATHERBOND ULTIMATE ACCEN BASE 2.15L,NP365,NPNIPPON WEATHERBOND ULTIMATE ACCEN BASE 2.15L,,12.0,12.0,4117068.0,4117068.0,OK,
7,PRU/PL/2607-0078,15631,337,NP140,PILOX NIPPON,NP140,PILOX NIPPON,,24.0,24.0,736272.0,736272.0,OK,
7,PRU/PL/2607-0079,15632,12379,NP371,NIPPON TIMBERCOAT 1L,NP371,NIPPON TIMBERCOAT 1L,,36.0,36.0,3077280.0,3077280.0,OK,
7,PRU/PL/2606-0157,15635,3405,OK,ONGKOS KIRIM,OK,ONGKOS KIRIM,,1.0,1.0,698880.0,698880.0,OK,
7,PRU/PL/2607-0081,15640,4146,NP175,TINTA MEDIUM YELLOW T,NP175,TINTA MEDIUM YELLOW T,,12.0,12.0,5250828.0,5250828.0,OK,
7,PRU/PL/2606-0158,15644,10507,AV104,AVITEX GOLD 1KG,AV104,AVITEX GOLD 1KG,,152.0,152.0,10305600.0,9532680.0,OK,
7,PRU/PL/2606-0158,15645,10327,AV199,AVITEX GOLD EMULSION BASE C 1KG,AV199,AVITEX GOLD EMULSION BASE C 1KG,,6.0,6.0,353400.0,309225.0,OK,
7,PRU/PL/2606-0158,15646,5663,AV112,AVITEX GOLD 5KG,AV112,AVITEX GOLD 5KG,,55.0,55.0,12600500.0,11655462.5,OK,
7,PRU/PL/2606-0158,15647,7210,AV142,AVITEX GOLD BASE A 5KG,AV142,AVITEX GOLD BASE A 5KG,,47.0,47.0,10166100.0,8895337.5,OK,
7,PRU/PL/2606-0158,15648,7211,AV143,AVITEX GOLD BASE B 5KG,AV143,AVITEX GOLD BASE B 5KG,,32.0,32.0,6659200.0,5826800.0,OK,
7,PRU/PL/2606-0158,15649,7212,AV144,AVITEX GOLD BASE C 5KG,AV144,AVITEX GOLD BASE C 5KG,,32.0,32.0,6390400.0,5591600.0,OK,
7,PRU/PL/2606-0158,15650,6343,AV113,AVITEX GOLD 25KG,AV113,AVITEX GOLD 25KG,,47.0,47.0,51220600.0,47379055.0,OK,
7,PRU/PL/2606-0158,15651,9762,AV178,AVITEX GOLD BASE A 25KG,AV178,AVITEX GOLD BASE A 25KG,,2.0,2.0,2058200.0,1800925.0,OK,
7,PRU/PL/2605-0291,15719,12717,IMP060,IMP ZW-S03 C20FM,IMP060,IMP ZW-S03 C20FM,,7.0,7.0,10710000.0,10710000.0,OK,
7,PRU/PL/2605-0291,15720,11747,IMP055,IMPORTA IMP ZW-S03 C23 FM,IMP055,IMPORTA IMP ZW-S03 C23 FM,,9.0,9.0,13770000.0,13770000.0,OK,
7,PRU/PL/2607-0082,15722,6687,PRN025,"PARALON POWER 1"" AW",PRN025,"PARALON POWER 1"" AW",,480.0,480.0,27505440.0,22133627.568,OK,
7,PRU/PL/2607-0082,15723,11513,PRN063,PARALON POWER 1 1/2 AW,PRN063,PARALON POWER 1 1/2 AW,,30.0,30.0,2952270.0,2375691.6689999998,OK,
7,PRU/PL/2607-0083,15724,12737,IMP061,IMPORTA IMP IW-S02 B84 FM,IMP061,IMPORTA IMP IW-S02 B84 FM,,6.0,6.0,7740000.0,7740000.0,OK,
7,PRU/PL/2607-0083,15725,12738,IMP062,IMPORTA IMP IW-S02 B93 FM,IMP062,IMPORTA IMP IW-S02 B93 FM,,5.0,5.0,6450000.0,6450000.0,OK,
7,PRU/PL/2607-0084,15726,12739,IMP063,IMPORTA IMP IW-S02 C87 FM,IMP063,IMPORTA IMP IW-S02 C87 FM,,10.0,10.0,12900000.0,12900000.0,OK,
7,PRU/PL/2607-0084,15727,12740,IMP064,MPORTA IMP IW-S02 C96 FM BF,IMP064,MPORTA IMP IW-S02 C96 FM BF,,5.0,5.0,6450000.0,6450000.0,OK,
7,PRU/PL/2607-0084,15728,12741,IMP065,IMPORTA IMP IW-S02 D05 FM BL,IMP065,IMPORTA IMP IW-S02 D05 FM BL,,5.0,5.0,6450000.0,6450000.0,OK,
7,PRU/PL/2607-0085,15766,122,SM001,SEMEN CONCH,SM001,SEMEN CONCH,,8000.0,8000.0,334000000.0,334000000.0,OK,
7,PRU/PL/2607-0085,15767,122,SM001,SEMEN CONCH,SM001,SEMEN CONCH,,2000.0,2000.0,81000000.0,81000000.0,OK,
7,PRU/PL/2607-0086,15768,10820,AV233,NO DROP OBAT COR ANTI BOCOR,AV233,NO DROP OBAT COR ANTI BOCOR,,8.0,8.0,423200.0,391460.0,OK,
7,PRU/PL/2607-0087,15769,4213,NP016,BODELAC 2 IN 1 ANTI KARAT ACCENT 2.7KG,NP016,BODELAC 2 IN 1 ANTI KARAT ACCENT 2.7KG,,12.0,12.0,2254068.0,2254068.0,OK,
7,PRU/PL/2607-0087,15770,4981,NP149,HYDRO FAST DEEP BASE 2.25,NP149,HYDRO FAST DEEP BASE 2.25,,8.0,8.0,1254632.0,1254632.0,OK,
7,PRU/PL/2607-0087,15771,12699,NP396,HYDRO-FAST ACCENT BASE 774L,NP396,HYDRO-FAST ACCENT BASE 774L,,12.0,12.0,717012.0,717012.0,OK,
7,PRU/PL/2607-0087,15772,12700,NP397,HYDRO-FAST TINT BASE 828L,NP397,HYDRO-FAST TINT BASE 828L,,12.0,12.0,782208.0,782208.0,OK,
7,PRU/PL/2607-0087,15773,12522,NP387,NIPPON HYDRO-FAST DEEP BASE 0.81L,NP387,NIPPON HYDRO-FAST DEEP BASE 0.81L,,4.0,4.0,252044.0,252044.0,OK,
7,PRU/PL/2607-0088,15914,12789,OP620,KURSI OLYMPLAST OL 203 P,OP620,KURSI OLYMPLAST OL 203 P,,47.0,47.0,4465000.0,4465000.0,OK,
7,PRU/PL/2608-0001,15915,8748,AV160,AVIAN CLING 0.86L,AV160,AVIAN CLING 0.86L,,48.0,48.0,3864000.0,3574200.0,OK,
7,PRU/PL/2608-0001,15916,276,AV006,ARIES GOLD 18L,AV006,ARIES GOLD 18L,,5.0,5.0,2113500.0,1954987.5,OK,
7,PRU/PL/2608-0002,15952,285,AV032,AVITEX 25KG,AV032,AVITEX 25KG,,5.0,5.0,4313000.0,3989525.0,OK,
7,PRU/PL/2608-0002,15953,257,AV004,"AVIAN 0,9L",AV004,"AVIAN 0,9L",,120.0,120.0,11916000.0,11022300.0,OK,
7,PRU/PL/2608-0002,15954,10772,AV227,AVIAN SYNTHETIC BASE A 2.5L,AV227,AVIAN SYNTHETIC BASE A 2.5L,,3.0,3.0,772200.0,675675.0,OK,
7,PRU/PL/2608-0002,15955,327,AV068,AVIAN 0.45L,AV068,AVIAN 0.45L,,30.0,30.0,1701000.0,1573425.0,OK,
7,PRU/PL/2608-0002,15956,11699,AV266,DEXTONE LEM PUTIH PVAC 350GR,AV266,DEXTONE LEM PUTIH PVAC 350GR,,24.0,24.0,268560.0,248418.0,OK,
7,PRU/PL/2608-0002,15957,12790,AV299,NO DROP BASIC BASE 042 4KG,AV299,NO DROP BASIC BASE 042 4KG,,2.0,2.0,512400.0,473970.0,OK,
7,PRU/PL/2607-0089,15959,11805,OP432,LEMARI 4 PINTU OLYMPLAST OTC 4PL,OP432,LEMARI 4 PINTU OLYMPLAST OTC 4PL,,3.0,3.0,6834000.0,6834000.0,OK,
7,PRU/PL/2607-0090,15960,12703,OP611,SOFA OLYMPLAST SO EAZY OTTOMAN (C),OP611,SOFA OLYMPLAST SO EAZY OTTOMAN (C),,8.0,8.0,4000000.0,4000000.0,OK,
7,PRU/PL/2607-0091,15961,9819,OP167,SOFA OLYMPLAST SO EAZY 3 SEAT (A-B-B),OP167,SOFA OLYMPLAST SO EAZY 3 SEAT (A-B-B),,6.0,6.0,17562000.0,17562000.0,OK,
7,PRU/PL/2607-0091,15962,9818,OP166,SOFA OLYMPLAST SO EAZY 2 SEAT (A-B),OP166,SOFA OLYMPLAST SO EAZY 2 SEAT (A-B),,7.0,7.0,13958000.0,13958000.0,OK,
7,PRU/PL/2607-0091,15963,10855,OP282,SOFA OLYMPLAST SO EAZY 3 SEAT - L (A-B-B-C),OP282,SOFA OLYMPLAST SO EAZY 3 SEAT - L (A-B-B-C),,3.0,3.0,10716000.0,10716000.0,OK,
7,PRU/PL/2607-0091,15964,10312,OP231,SOFA OLYMPLAST SO EAZY 1 SEAT (A),OP231,SOFA OLYMPLAST SO EAZY 1 SEAT (A),,5.0,5.0,5325000.0,5325000.0,OK,
7,PRU/PL/2608-0003,15965,10740,OP276,MEJA RIAS OLYMPIC SILVER MR AXENA,OP276,MEJA RIAS OLYMPIC SILVER MR AXENA,,1.0,1.0,1355000.0,1355000.0,OK,
7,PRU/PL/2608-0003,15966,11837,OP464,MEJA RIAS OLYMPIC SILVER MR EERO,OP464,MEJA RIAS OLYMPIC SILVER MR EERO,,1.0,1.0,1040000.0,1040000.0,OK,
7,PRU/PL/2608-0003,15967,8193,OP065,MEJA RIAS OLYMPIC SILVER MR SEAMUS N,OP065,MEJA RIAS OLYMPIC SILVER MR SEAMUS N,,1.0,1.0,765000.0,765000.0,OK,
7,PRU/PL/2608-0003,15968,11841,OP468,MEJA TULIS OLYMPIC GOLD MT HICKORY,OP468,MEJA TULIS OLYMPIC GOLD MT HICKORY,,2.0,2.0,1470000.0,1470000.0,OK,
7,PRU/PL/2608-0003,15969,11840,OP467,MEJA TULIS OLYMPIC SILVER MTS ONYX,OP467,MEJA TULIS OLYMPIC SILVER MTS ONYX,,2.0,2.0,1710000.0,1710000.0,OK,
7,PRU/PL/2608-0003,15970,11839,OP466,TAK TV OLYMPIC REGULAR AVR KANTO,OP466,TAK TV OLYMPIC REGULAR AVR KANTO,,1.0,1.0,560000.0,560000.0,OK,
7,PRU/PL/2608-0003,15971,11838,OP465,RAK TV OLYMPIC SILVER AVR AXENA,OP465,RAK TV OLYMPIC SILVER AVR AXENA,,1.0,1.0,990000.0,990000.0,OK,
7,PRU/PL/2608-0004,15972,11827,OP454,LEMARI PAKAIAN SLIDING OLYMPIC SLVER WSD NARA,OP454,LEMARI PAKAIAN SLIDING OLYMPIC SLVER WSD NARA,,1.0,1.0,3550000.0,3550000.0,OK,
7,PRU/PL/2608-0004,15973,11828,OP455,CREDENZA OLYMPIC GOLD CSD NARA,OP455,CREDENZA OLYMPIC GOLD CSD NARA,,1.0,1.0,1170000.0,1170000.0,OK,
7,PRU/PL/2608-0004,15974,11742,OP396,LEMARI PANJANGAN OLYMPIC GOLD DCH CLARO 1K,OP396,LEMARI PANJANGAN OLYMPIC GOLD DCH CLARO 1K,,1.0,1.0,2880000.0,2880000.0,OK,
7,PRU/PL/2608-0004,15975,11829,OP456,"MEJA BELAJAR KARAKTER OLYMPIC SILVER SDB (LITTLE PONY PINK, RIO PINK)",OP456,"MEJA BELAJAR KARAKTER OLYMPIC SILVER SDB (LITTLE PONY PINK, RIO PINK)",,2.0,2.0,1720000.0,1720000.0,OK,
7,PRU/PL/2608-0004,15976,11830,OP457,RAK SERBAGUNA G STAR RSG 2X4,OP457,RAK SERBAGUNA G STAR RSG 2X4,,2.0,2.0,940000.0,940000.0,OK,
7,PRU/PL/2608-0004,15977,11818,OP445,RAK SERBAGUNA G STAR RSG 2X5,OP445,RAK SERBAGUNA G STAR RSG 2X5,,2.0,2.0,1090000.0,1090000.0,OK,
7,PRU/PL/2608-0004,15978,11819,OP446,RAK SERBAGUNA G STAR RSG 3X3,OP446,RAK SERBAGUNA G STAR RSG 3X3,,2.0,2.0,1010000.0,1010000.0,OK,
7,PRU/PL/2608-0004,15979,11820,OP447,RAK SERBAGUNA G STAR RSG 3X5,OP447,RAK SERBAGUNA G STAR RSG 3X5,,2.0,2.0,1480000.0,1480000.0,OK,
7,PRU/PL/2608-0005,15980,11796,OP423,"LEMARI PAKAIAN PANEL OLYMPIC GOLD WRD (COCOBOLO, HICKORY)",OP423,"LEMARI PAKAIAN PANEL OLYMPIC GOLD WRD (COCOBOLO, HICKORY)",,2.0,2.0,3000000.0,3000000.0,OK,
7,PRU/PL/2608-0005,15981,11797,OP424,"LEMARI PAKAIAN PANEL OLYMPIC GOLD WRT (COCOBOLO, BRAUN)",OP424,"LEMARI PAKAIAN PANEL OLYMPIC GOLD WRT (COCOBOLO, BRAUN)",,2.0,2.0,2300000.0,2300000.0,OK,
7,PRU/PL/2607-0092,15993,12050,OP538,MULTIBED OLYMPIC BRONZE ZORYA25 160X200,OP538,MULTIBED OLYMPIC BRONZE ZORYA25 160X200,,3.0,3.0,6807000.0,6807000.0,OK,
7,PRU/PL/2607-0092,15994,8172,OP047,BANTAL PROCCELA DACRON,OP047,BANTAL PROCCELA DACRON,,6.0,6.0,300000.0,0.0,OK,
7,PRU/PL/2607-0092,15995,8171,OP046,GULING PROCELLA DACRON,OP046,GULING PROCELLA DACRON,,6.0,6.0,300000.0,0.0,OK,
