nota,seq,status,kandidat
SB/FR/2601-0517,2601-0517,exact_nobukti,"[seq_in_keterangan] CSB/SYS/2604-3126 (id=67795, cabang=2, tgl=2026-01-18, keterangan='SI/2601-0517; Keterangan : ;') | [seq_in_keterangan] CSB/SYS/2604-3053 (id=67722, cabang=2, tgl=2026-01-18, keterangan='FZ/2601-0517; Keterangan : ;') | [seq_in_keterangan] CSB/SYS/2604-2738 (id=67407, cabang=2, tgl=2026-01-17, keterangan='IN/2601-0517; Keterangan : ;') | [seq_in_keterangan] CSB/SYS/2604-2574 (id=67243, cabang=2, tgl=2026-01-16, keterangan='Wl/2601-0517; Keterangan : ;') | [seq_in_keterangan] CSB/SYS/2604-2326 (id=66995, cabang=2, tgl=2026-01-15, keterangan='Ma/2601-0517; Keterangan : ;') | [seq_in_keterangan] KRT/SYS/2603-2777 (id=40234, cabang=5, tgl=2026-01-09, keterangan='Pa/2601-0517; Keterangan : ;') | [seq_in_keterangan] KRT/SYS/2603-2732 (id=40189, cabang=5, tgl=2026-01-09, keterangan='An/2601-0517; Keterangan : ;') | [seq_in_keterangan] KRT/SYS/2603-2308 (id=39765, cabang=5, tgl=2026-01-07, keterangan='Wa/2601-0517; Keterangan : ;') | [seq_in_keterangan] MDR/SYS/2602-1366 (id=6003, cabang=4, tgl=2026-01-18, keterangan='MR/2601-0517; Keterangan : ;') | [seq_in_keterangan] MDR/SYS/2602-1043 (id=5680, cabang=4, tgl=2026-01-14, keterangan='Md/2601-0517; Keterangan : ;') | [seq_in_keterangan] SB/FR/2601-1708 (id=2245, cabang=1, tgl=2026-01-22, keterangan='WN/2601-0517') | [seq_in_keterangan] SB/FR/2601-1128 (id=1315, cabang=1, tgl=2026-01-14, keterangan='NS/2601-0517') | [exact_nobukti] SB/FR/2601-0517 (id=534, cabang=1, tgl=2026-01-07, keterangan='VX/2601-0086')"
SB/FR/2601-0513,2601-0513,exact_nobukti,"[seq_in_keterangan] CSB/SYS/2604-3122 (id=67791, cabang=2, tgl=2026-01-18, keterangan='SI/2601-0513; Keterangan : ;') | [seq_in_keterangan] CSB/SYS/2604-3049 (id=67718, cabang=2, tgl=2026-01-18, keterangan='FZ/2601-0513; Keterangan : ;') | [seq_in_keterangan] CSB/SYS/2604-2734 (id=67403, cabang=2, tgl=2026-01-17, keterangan='IN/2601-0513; Keterangan : ;') | [seq_in_keterangan] CSB/SYS/2604-2570 (id=67239, cabang=2, tgl=2026-01-16, keterangan='Wl/2601-0513; Keterangan : ;') | [seq_in_keterangan] CSB/SYS/2604-2302 (id=66971, cabang=2, tgl=2026-01-14, keterangan='Ma/2601-0513; Keterangan : ;') | [seq_in_keterangan] KRT/SYS/2603-2773 (id=40230, cabang=5, tgl=2026-01-09, keterangan='Pa/2601-0513; Keterangan : ;') | [seq_in_keterangan] KRT/SYS/2603-2728 (id=40185, cabang=5, tgl=2026-01-09, keterangan='An/2601-0513; Keterangan : ;') | [seq_in_keterangan] KRT/SYS/2603-2304 (id=39761, cabang=5, tgl=2026-01-07, keterangan='Wa/2601-0513; Keterangan : ;') | [seq_in_keterangan] MDR/SYS/2602-1362 (id=5999, cabang=4, tgl=2026-01-18, keterangan='MR/2601-0513; Keterangan : ;') | [seq_in_keterangan] MDR/SYS/2602-0991 (id=5628, cabang=4, tgl=2026-01-13, keterangan='Md/2601-0513; Keterangan : ;') | [seq_in_keterangan] SB/FR/2601-1618 (id=2013, cabang=1, tgl=2026-01-20, keterangan='WN/2601-0513') | [seq_in_keterangan] SB/FR/2601-1055 (id=1076, cabang=1, tgl=2026-01-13, keterangan='NS/2601-0513') | [exact_nobukti] SB/FR/2601-0513 (id=530, cabang=1, tgl=2026-01-07, keterangan='VX/2601-0082')"
AJ/2107-0815,2107-0815,tidak_ada,
FR/2108-3738,2108-3738,tidak_ada,
FR/2110-5661,2110-5661,tidak_ada,
30/2111-5605,2111-5605,tidak_ada,
FR/2205-13067,2205-13067,tidak_ada,
FR/2205-13149,2205-13149,tidak_ada,
AL/2205-8238,2205-8238,tidak_ada,
SB/FR/2601-0521,2601-0521,exact_nobukti,"[seq_in_keterangan] CSB/SYS/2604-3130 (id=67799, cabang=2, tgl=2026-01-18, keterangan='SI/2601-0521; Keterangan : ;') | [seq_in_keterangan] CSB/SYS/2604-3057 (id=67726, cabang=2, tgl=2026-01-18, keterangan='FZ/2601-0521; Keterangan : ;') | [seq_in_keterangan] CSB/SYS/2604-2742 (id=67411, cabang=2, tgl=2026-01-17, keterangan='IN/2601-0521; Keterangan : ;') | [seq_in_keterangan] CSB/SYS/2604-2578 (id=67247, cabang=2, tgl=2026-01-16, keterangan='Wl/2601-0521; Keterangan : ;') | [seq_in_keterangan] CSB/SYS/2604-2330 (id=66999, cabang=2, tgl=2026-01-15, keterangan='Ma/2601-0521; Keterangan : ;') | [seq_in_keterangan] KRT/SYS/2603-2781 (id=40238, cabang=5, tgl=2026-01-09, keterangan='Pa/2601-0521; Keterangan : ;') | [seq_in_keterangan] KRT/SYS/2603-2736 (id=40193, cabang=5, tgl=2026-01-09, keterangan='An/2601-0521; Keterangan : ;') | [seq_in_keterangan] KRT/SYS/2603-2312 (id=39769, cabang=5, tgl=2026-01-07, keterangan='Wa/2601-0521; Keterangan : ;') | [seq_in_keterangan] MDR/SYS/2602-1370 (id=6007, cabang=4, tgl=2026-01-18, keterangan='MR/2601-0521; Keterangan : ;') | [seq_in_keterangan] MDR/SYS/2602-1047 (id=5684, cabang=4, tgl=2026-01-14, keterangan='Md/2601-0521; Keterangan : ;') | [seq_in_keterangan] SB/FR/2601-1712 (id=2249, cabang=1, tgl=2026-01-22, keterangan='WN/2601-0521') | [seq_in_keterangan] SB/FR/2601-1132 (id=1319, cabang=1, tgl=2026-01-14, keterangan='NS/2601-0521') | [exact_nobukti] SB/FR/2601-0521 (id=538, cabang=1, tgl=2026-01-07, keterangan='VX/2601-0090')"
AL/2205-8490,2205-8490,tidak_ada,
SB/FR/2601-0514,2601-0514,exact_nobukti,"[seq_in_keterangan] CSB/SYS/2604-3123 (id=67792, cabang=2, tgl=2026-01-18, keterangan='SI/2601-0514; Keterangan : ;') | [seq_in_keterangan] CSB/SYS/2604-3050 (id=67719, cabang=2, tgl=2026-01-18, keterangan='FZ/2601-0514; Keterangan : ;') | [seq_in_keterangan] CSB/SYS/2604-2735 (id=67404, cabang=2, tgl=2026-01-17, keterangan='IN/2601-0514; Keterangan : ;') | [seq_in_keterangan] CSB/SYS/2604-2571 (id=67240, cabang=2, tgl=2026-01-16, keterangan='Wl/2601-0514; Keterangan : ;') | [seq_in_keterangan] CSB/SYS/2604-2303 (id=66972, cabang=2, tgl=2026-01-14, keterangan='Ma/2601-0514; Keterangan : ;') | [seq_in_keterangan] KRT/SYS/2603-2774 (id=40231, cabang=5, tgl=2026-01-09, keterangan='Pa/2601-0514; Keterangan : ;') | [seq_in_keterangan] KRT/SYS/2603-2729 (id=40186, cabang=5, tgl=2026-01-09, keterangan='An/2601-0514; Keterangan : ;') | [seq_in_keterangan] KRT/SYS/2603-2305 (id=39762, cabang=5, tgl=2026-01-07, keterangan='Wa/2601-0514; Keterangan : ;') | [seq_in_keterangan] MDR/SYS/2602-1363 (id=6000, cabang=4, tgl=2026-01-18, keterangan='MR/2601-0514; Keterangan : ;') | [seq_in_keterangan] MDR/SYS/2602-0992 (id=5629, cabang=4, tgl=2026-01-13, keterangan='Md/2601-0514; Keterangan : ;') | [seq_in_keterangan] SB/FR/2601-1619 (id=2014, cabang=1, tgl=2026-01-20, keterangan='WN/2601-0514') | [seq_in_keterangan] SB/FR/2601-1056 (id=1077, cabang=1, tgl=2026-01-13, keterangan='NS/2601-0514') | [exact_nobukti] SB/FR/2601-0514 (id=531, cabang=1, tgl=2026-01-07, keterangan='VX/2601-0083')"
SB/FR/2601-0518,2601-0518,exact_nobukti,"[seq_in_keterangan] CSB/SYS/2604-3127 (id=67796, cabang=2, tgl=2026-01-18, keterangan='SI/2601-0518; Keterangan : ;') | [seq_in_keterangan] CSB/SYS/2604-3054 (id=67723, cabang=2, tgl=2026-01-18, keterangan='FZ/2601-0518; Keterangan : ;') | [seq_in_keterangan] CSB/SYS/2604-2739 (id=67408, cabang=2, tgl=2026-01-17, keterangan='IN/2601-0518; Keterangan : ;') | [seq_in_keterangan] CSB/SYS/2604-2575 (id=67244, cabang=2, tgl=2026-01-16, keterangan='Wl/2601-0518; Keterangan : ;') | [seq_in_keterangan] CSB/SYS/2604-2327 (id=66996, cabang=2, tgl=2026-01-15, keterangan='Ma/2601-0518; Keterangan : ;') | [seq_in_keterangan] KRT/SYS/2603-2778 (id=40235, cabang=5, tgl=2026-01-09, keterangan='Pa/2601-0518; Keterangan : ;') | [seq_in_keterangan] KRT/SYS/2603-2733 (id=40190, cabang=5, tgl=2026-01-09, keterangan='An/2601-0518; Keterangan : ;') | [seq_in_keterangan] KRT/SYS/2603-2309 (id=39766, cabang=5, tgl=2026-01-07, keterangan='Wa/2601-0518; Keterangan : ;') | [seq_in_keterangan] MDR/SYS/2602-1367 (id=6004, cabang=4, tgl=2026-01-18, keterangan='MR/2601-0518; Keterangan : ;') | [seq_in_keterangan] MDR/SYS/2602-1044 (id=5681, cabang=4, tgl=2026-01-14, keterangan='Md/2601-0518; Keterangan : ;') | [seq_in_keterangan] SB/FR/2601-1709 (id=2246, cabang=1, tgl=2026-01-22, keterangan='WN/2601-0518') | [seq_in_keterangan] SB/FR/2601-1129 (id=1316, cabang=1, tgl=2026-01-14, keterangan='NS/2601-0518') | [exact_nobukti] SB/FR/2601-0518 (id=535, cabang=1, tgl=2026-01-07, keterangan='VX/2601-0087')"
FR/2104-6701,2104-6701,tidak_ada,
SB/FR/2601-0516,2601-0516,exact_nobukti,"[seq_in_keterangan] CSB/SYS/2604-3125 (id=67794, cabang=2, tgl=2026-01-18, keterangan='SI/2601-0516; Keterangan : ;') | [seq_in_keterangan] CSB/SYS/2604-3052 (id=67721, cabang=2, tgl=2026-01-18, keterangan='FZ/2601-0516; Keterangan : ;') | [seq_in_keterangan] CSB/SYS/2604-2737 (id=67406, cabang=2, tgl=2026-01-17, keterangan='IN/2601-0516; Keterangan : ;') | [seq_in_keterangan] CSB/SYS/2604-2573 (id=67242, cabang=2, tgl=2026-01-16, keterangan='Wl/2601-0516; Keterangan : ;') | [seq_in_keterangan] CSB/SYS/2604-2325 (id=66994, cabang=2, tgl=2026-01-15, keterangan='Ma/2601-0516; Keterangan : ;') | [seq_in_keterangan] KRT/SYS/2603-2776 (id=40233, cabang=5, tgl=2026-01-09, keterangan='Pa/2601-0516; Keterangan : ;') | [seq_in_keterangan] KRT/SYS/2603-2731 (id=40188, cabang=5, tgl=2026-01-09, keterangan='An/2601-0516; Keterangan : ;') | [seq_in_keterangan] KRT/SYS/2603-2307 (id=39764, cabang=5, tgl=2026-01-07, keterangan='Wa/2601-0516; Keterangan : ;') | [seq_in_keterangan] MDR/SYS/2602-1365 (id=6002, cabang=4, tgl=2026-01-18, keterangan='MR/2601-0516; Keterangan : ;') | [seq_in_keterangan] MDR/SYS/2602-0994 (id=5631, cabang=4, tgl=2026-01-13, keterangan='Md/2601-0516; Keterangan : ;') | [seq_in_keterangan] SB/FR/2601-1707 (id=2244, cabang=1, tgl=2026-01-22, keterangan='WN/2601-0516') | [seq_in_keterangan] SB/FR/2601-1057 (id=1078, cabang=1, tgl=2026-01-13, keterangan='NS/2601-0516') | [exact_nobukti] SB/FR/2601-0516 (id=533, cabang=1, tgl=2026-01-07, keterangan='VX/2601-0085')"
SB/FR/2601-0515,2601-0515,exact_nobukti,"[seq_in_keterangan] CSB/SYS/2604-3124 (id=67793, cabang=2, tgl=2026-01-18, keterangan='SI/2601-0515; Keterangan : ;') | [seq_in_keterangan] CSB/SYS/2604-3051 (id=67720, cabang=2, tgl=2026-01-18, keterangan='FZ/2601-0515; Keterangan : ;') | [seq_in_keterangan] CSB/SYS/2604-2736 (id=67405, cabang=2, tgl=2026-01-17, keterangan='IN/2601-0515; Keterangan : ;') | [seq_in_keterangan] CSB/SYS/2604-2572 (id=67241, cabang=2, tgl=2026-01-16, keterangan='Wl/2601-0515; Keterangan : ;') | [seq_in_keterangan] CSB/SYS/2604-2324 (id=66993, cabang=2, tgl=2026-01-15, keterangan='Ma/2601-0515; Keterangan : ;') | [seq_in_keterangan] KRT/SYS/2603-2775 (id=40232, cabang=5, tgl=2026-01-09, keterangan='Pa/2601-0515; Keterangan : ;') | [seq_in_keterangan] KRT/SYS/2603-2730 (id=40187, cabang=5, tgl=2026-01-09, keterangan='An/2601-0515; Keterangan : ;') | [seq_in_keterangan] KRT/SYS/2603-2306 (id=39763, cabang=5, tgl=2026-01-07, keterangan='Wa/2601-0515; Keterangan : ;') | [seq_in_keterangan] MDR/SYS/2602-1364 (id=6001, cabang=4, tgl=2026-01-18, keterangan='MR/2601-0515; Keterangan : ;') | [seq_in_keterangan] MDR/SYS/2602-0993 (id=5630, cabang=4, tgl=2026-01-13, keterangan='Md/2601-0515; Keterangan : ;') | [seq_in_keterangan] SB/FR/2601-1706 (id=2243, cabang=1, tgl=2026-01-22, keterangan='WN/2601-0515') | [exact_nobukti] SB/FR/2601-0515 (id=532, cabang=1, tgl=2026-01-07, keterangan='VX/2601-0084')"
SB/FR/2601-0520,2601-0520,exact_nobukti,"[seq_in_keterangan] CSB/SYS/2604-3129 (id=67798, cabang=2, tgl=2026-01-18, keterangan='SI/2601-0520; Keterangan : ;') | [seq_in_keterangan] CSB/SYS/2604-3056 (id=67725, cabang=2, tgl=2026-01-18, keterangan='FZ/2601-0520; Keterangan : ;') | [seq_in_keterangan] CSB/SYS/2604-2741 (id=67410, cabang=2, tgl=2026-01-17, keterangan='IN/2601-0520; Keterangan : ;') | [seq_in_keterangan] CSB/SYS/2604-2577 (id=67246, cabang=2, tgl=2026-01-16, keterangan='Wl/2601-0520; Keterangan : ;') | [seq_in_keterangan] CSB/SYS/2604-2329 (id=66998, cabang=2, tgl=2026-01-15, keterangan='Ma/2601-0520; Keterangan : ;') | [seq_in_keterangan] KRT/SYS/2603-2780 (id=40237, cabang=5, tgl=2026-01-09, keterangan='Pa/2601-0520; Keterangan : ;') | [seq_in_keterangan] KRT/SYS/2603-2735 (id=40192, cabang=5, tgl=2026-01-09, keterangan='An/2601-0520; Keterangan : ;') | [seq_in_keterangan] KRT/SYS/2603-2311 (id=39768, cabang=5, tgl=2026-01-07, keterangan='Wa/2601-0520; Keterangan : ;') | [seq_in_keterangan] MDR/SYS/2602-1369 (id=6006, cabang=4, tgl=2026-01-18, keterangan='MR/2601-0520; Keterangan : ;') | [seq_in_keterangan] MDR/SYS/2602-1046 (id=5683, cabang=4, tgl=2026-01-14, keterangan='Md/2601-0520; Keterangan : ;') | [seq_in_keterangan] SB/FR/2601-1711 (id=2248, cabang=1, tgl=2026-01-22, keterangan='WN/2601-0520') | [seq_in_keterangan] SB/FR/2601-1131 (id=1318, cabang=1, tgl=2026-01-14, keterangan='NS/2601-0520') | [exact_nobukti] SB/FR/2601-0520 (id=537, cabang=1, tgl=2026-01-07, keterangan='VX/2601-0089')"
SB/FR/2601-0519,2601-0519,exact_nobukti,"[seq_in_keterangan] CSB/SYS/2604-3128 (id=67797, cabang=2, tgl=2026-01-18, keterangan='SI/2601-0519; Keterangan : ;') | [seq_in_keterangan] CSB/SYS/2604-3055 (id=67724, cabang=2, tgl=2026-01-18, keterangan='FZ/2601-0519; Keterangan : ;') | [seq_in_keterangan] CSB/SYS/2604-2740 (id=67409, cabang=2, tgl=2026-01-17, keterangan='IN/2601-0519; Keterangan : ;') | [seq_in_keterangan] CSB/SYS/2604-2576 (id=67245, cabang=2, tgl=2026-01-16, keterangan='Wl/2601-0519; Keterangan : ;') | [seq_in_keterangan] CSB/SYS/2604-2328 (id=66997, cabang=2, tgl=2026-01-15, keterangan='Ma/2601-0519; Keterangan : ;') | [seq_in_keterangan] KRT/SYS/2603-2779 (id=40236, cabang=5, tgl=2026-01-09, keterangan='Pa/2601-0519; Keterangan : ;') | [seq_in_keterangan] KRT/SYS/2603-2734 (id=40191, cabang=5, tgl=2026-01-09, keterangan='An/2601-0519; Keterangan : ;') | [seq_in_keterangan] KRT/SYS/2603-2310 (id=39767, cabang=5, tgl=2026-01-07, keterangan='Wa/2601-0519; Keterangan : ;') | [seq_in_keterangan] MDR/SYS/2602-1368 (id=6005, cabang=4, tgl=2026-01-18, keterangan='MR/2601-0519; Keterangan : ;') | [seq_in_keterangan] MDR/SYS/2602-1045 (id=5682, cabang=4, tgl=2026-01-14, keterangan='Md/2601-0519; Keterangan : ;') | [seq_in_keterangan] SB/FR/2601-1710 (id=2247, cabang=1, tgl=2026-01-22, keterangan='WN/2601-0519') | [seq_in_keterangan] SB/FR/2601-1130 (id=1317, cabang=1, tgl=2026-01-14, keterangan='NS/2601-0519') | [exact_nobukti] SB/FR/2601-0519 (id=536, cabang=1, tgl=2026-01-07, keterangan='VX/2601-0088')"
FR/2206-14089,2206-14089,tidak_ada,
AL/2206-8642,2206-8642,tidak_ada,
FR/2206-14087,2206-14087,tidak_ada,
AL/2207-10517,2207-10517,tidak_ada,
RE/2207-0705,2207-0705,tidak_ada,
AL/2207-10772,2207-10772,tidak_ada,
RE/2208-0995,2208-0995,tidak_ada,
FR/2208-1439,2208-1439,tidak_ada,
AL/2206-9478,2206-9478,tidak_ada,
AL/2206-9410,2206-9410,tidak_ada,
FR/2206-14530,2206-14530,tidak_ada,
AL/2207-10004,2207-10004,tidak_ada,
AL/2207-10522,2207-10522,tidak_ada,
RE/2206-4040,2206-4040,tidak_ada,
AL/2207-10420,2207-10420,tidak_ada,
FR/2208-1442,2208-1442,tidak_ada,
RE/2207-0706,2207-0706,tidak_ada,
AL/2207-10482,2207-10482,tidak_ada,
JH/2304-0025,2304-0025,tidak_ada,
SN/2304-0381,2304-0381,tidak_ada,
JH/2304-0588,2304-0588,tidak_ada,
SN/2305-1299,2305-1299,tidak_ada,
FR/2208-1676,2208-1676,tidak_ada,
FR/2209-2200,2209-2200,tidak_ada,
RE/2211-4446,2211-4446,tidak_ada,
JH/2305-0794,2305-0794,tidak_ada,
JH/2303-0451,2303-0451,tidak_ada,
FR/2209-2735,2209-2735,tidak_ada,
JH/2303-0128,2303-0128,tidak_ada,
KS/2303-1098,2303-1098,tidak_ada,
JH/2304-0052,2304-0052,tidak_ada,
KS/2304-2124,2304-2124,tidak_ada,
VT/2309-0417,2309-0417,tidak_ada,
JH/2308-1435,2308-1435,tidak_ada,
WN/2309-0553,2309-0553,tidak_ada,
VT/2309-0402,2309-0402,tidak_ada,
KS/2306-4986,2306-4986,tidak_ada,
KS/2308-7253,2308-7253,tidak_ada,
JH/2308-1263,2308-1263,tidak_ada,
FR/2308-2737,2308-2737,tidak_ada,
KS/2307-6549,2307-6549,tidak_ada,
KS/2308-7124,2308-7124,tidak_ada,
WN/2309-0536,2309-0536,tidak_ada,
JY/2309-2178,2309-2178,tidak_ada,
VT/2311-3240,2311-3240,tidak_ada,
VT/2311-3235,2311-3235,tidak_ada,
PT/2401-3267,2401-3267,tidak_ada,
PT/2401-3268,2401-3268,tidak_ada,
PT/2402-3751,2402-3751,tidak_ada,
WN/2402-0213,2402-0213,tidak_ada,
VT/2403-6421,2403-6421,tidak_ada,
VT/2312-4244,2312-4244,tidak_ada,
JY/2312-3335,2312-3335,tidak_ada,
PT/2401-3159,2401-3159,tidak_ada,
WN/2401-0828,2401-0828,tidak_ada,
PT/2401-3185,2401-3185,tidak_ada,
VT/2401-5283,2401-5283,tidak_ada,
VT/2403-6391,2403-6391,tidak_ada,
PT/2402-3507,2402-3507,tidak_ada,
VT/2403-6419,2403-6419,tidak_ada,
WN/2402-0141,2402-0141,tidak_ada,
PT/2406-2262,2406-2262,tidak_ada,
VT/2403-6577,2403-6577,tidak_ada,
VT/2405-9023,2405-9023,tidak_ada,
VT/2403-6423,2403-6423,tidak_ada,
PT/2405-1482,2405-1482,tidak_ada,
PT/2406-2090,2406-2090,tidak_ada,
VT/2403-6572,2403-6572,tidak_ada,
VT/2407-0291,2407-0291,tidak_ada,
PT/2406-2276,2406-2276,tidak_ada,
JY/2407-1216,2407-1216,tidak_ada,
VT/2407-0336,2407-0336,tidak_ada,
WN/2407-1677,2407-1677,tidak_ada,
VT/2407-0690,2407-0690,tidak_ada,
PT/2407-2859,2407-2859,tidak_ada,
VT/2407-0737,2407-0737,tidak_ada,
VT/2407-0337,2407-0337,tidak_ada,
VT/2407-0628,2407-0628,tidak_ada,
PT/2407-2660,2407-2660,tidak_ada,
VT/2407-0382,2407-0382,tidak_ada,
VT/2407-0607,2407-0607,tidak_ada,
WN/2407-1649,2407-1649,tidak_ada,
PT/2407-2940,2407-2940,tidak_ada,
WN/2407-1719,2407-1719,tidak_ada,
VT/2407-0812,2407-0812,tidak_ada,
PT/2407-2868,2407-2868,tidak_ada,
VT/2407-0967,2407-0967,tidak_ada,
WN/2407-1778,2407-1778,tidak_ada,
VT/2407-1050,2407-1050,tidak_ada,
VT/2407-1000,2407-1000,tidak_ada,
VT/2407-0864,2407-0864,tidak_ada,
VT/2407-0877,2407-0877,tidak_ada,
WN/2407-1780,2407-1780,tidak_ada,
VT/2407-0808,2407-0808,tidak_ada,
VT/2407-0904,2407-0904,tidak_ada,
VT/2407-0908,2407-0908,tidak_ada,
PT/2407-3353,2407-3353,tidak_ada,
VT/2407-1137,2407-1137,tidak_ada,
VT/2407-0926,2407-0926,tidak_ada,
PT/2407-3093,2407-3093,tidak_ada,
VT/2408-1204,2408-1204,tidak_ada,
PT/2408-3971,2408-3971,tidak_ada,
WN/2409-2114,2409-2114,tidak_ada,
VT/2408-1131,2408-1131,tidak_ada,
VT/2408-0315,2408-0315,tidak_ada,
PT/2408-3954,2408-3954,tidak_ada,
VT/2407-1429,2407-1429,tidak_ada,
VT/2408-0313,2408-0313,tidak_ada,
VT/2409-0138,2409-0138,tidak_ada,
PT/2409-4784,2409-4784,tidak_ada,
PT/2409-4984,2409-4984,tidak_ada,
JY/2409-2135,2409-2135,tidak_ada,
WN/2409-2442,2409-2442,tidak_ada,
PT/2410-5843,2410-5843,tidak_ada,
VT/2410-0385,2410-0385,tidak_ada,
VT/2410-0443,2410-0443,tidak_ada,
PT/2410-5970,2410-5970,tidak_ada,
PT/2409-4875,2409-4875,tidak_ada,
WN/2409-2386,2409-2386,tidak_ada,
PT/2409-5224,2409-5224,tidak_ada,
WN/2409-2351,2409-2351,tidak_ada,
PT/2409-5532,2409-5532,tidak_ada,
JY/2410-2198,2410-2198,tidak_ada,
VT/2409-0306,2409-0306,tidak_ada,
PT/2409-5531,2409-5531,tidak_ada,
PT/2410-6130,2410-6130,tidak_ada,
VT/2410-0573,2410-0573,tidak_ada,
JY/2410-2480,2410-2480,tidak_ada,
WN/2410-2747,2410-2747,tidak_ada,
PT/2410-6395,2410-6395,tidak_ada,
PT/2410-6589,2410-6589,tidak_ada,
PT/2410-6430,2410-6430,tidak_ada,
PT/2411-6686,2411-6686,tidak_ada,
PT/2411-6685,2411-6685,tidak_ada,
JY/2410-2474,2410-2474,tidak_ada,
PT/2410-6252,2410-6252,tidak_ada,
VT/2410-0703,2410-0703,tidak_ada,
WN/2410-2680,2410-2680,tidak_ada,
PT/2410-6250,2410-6250,tidak_ada,
PT/2410-6171,2410-6171,tidak_ada,
PT/2410-6433,2410-6433,tidak_ada,
PT/2410-6251,2410-6251,tidak_ada,
VT/2411-0093,2411-0093,tidak_ada,
WN/2411-2815,2411-2815,tidak_ada,
WN/2411-2969,2411-2969,tidak_ada,
VT/2411-0433,2411-0433,tidak_ada,
WN/2411-3013,2411-3013,tidak_ada,
WN/2411-2988,2411-2988,tidak_ada,
VT/2411-0088,2411-0088,tidak_ada,
VT/2411-0375,2411-0375,tidak_ada,
WN/2411-2875,2411-2875,tidak_ada,
JY/2411-2960,2411-2960,tidak_ada,
VT/2411-0392,2411-0392,tidak_ada,
JY/2411-2869,2411-2869,tidak_ada,
JY/2411-3345,2411-3345,tidak_ada,
VT/2411-0948,2411-0948,tidak_ada,
PT/2411-7132,2411-7132,tidak_ada,
JY/2411-3063,2411-3063,tidak_ada,
VT/2412-0660,2412-0660,tidak_ada,
PT/2412-8127,2412-8127,tidak_ada,
JY/2501-4451,2501-4451,tidak_ada,
PT/2501-8722,2501-8722,tidak_ada,
VT/2412-0453,2412-0453,tidak_ada,
VT/2412-0046,2412-0046,tidak_ada,
VT/2412-0030,2412-0030,tidak_ada,
VT/2412-0595,2412-0595,tidak_ada,
JY/2412-3577,2412-3577,tidak_ada,
WN/2501-3648,2501-3648,tidak_ada,
PT/2412-8109,2412-8109,tidak_ada,
PT/2501-8640,2501-8640,tidak_ada,
PT/2412-8571,2412-8571,tidak_ada,
PT/2501-8764,2501-8764,tidak_ada,
PT/2501-9053,2501-9053,tidak_ada,
PT/2501-9182,2501-9182,tidak_ada,
JY/2501-4732,2501-4732,tidak_ada,
PT/2501-8808,2501-8808,tidak_ada,
WN/2501-3644,2501-3644,tidak_ada,
JY/2501-4728,2501-4728,tidak_ada,
JY/2501-4729,2501-4729,tidak_ada,
PT/2501-9439,2501-9439,tidak_ada,
PT/2501-9440,2501-9440,tidak_ada,
JY/2501-5167,2501-5167,tidak_ada,
JY/2501-5053,2501-5053,tidak_ada,
WN/2501-3950,2501-3950,tidak_ada,
NS/2503-0268,2503-0268,tidak_ada,
NS/2503-1023,2503-1023,tidak_ada,
JY/2502-5607,2502-5607,tidak_ada,
VT/2502-0236,2502-0236,tidak_ada,
PT/2501-9491,2501-9491,tidak_ada,
PT/2502-9683,2502-9683,tidak_ada,
JY/2502-6049,2502-6049,tidak_ada,
PT/2504-0042,2504-0042,tidak_ada,
PT/2504-0259,2504-0259,tidak_ada,
PT/2504-0041,2504-0041,tidak_ada,
NS/2505-0037,2505-0037,tidak_ada,
NS/2505-0348,2505-0348,tidak_ada,
NS/2508-0420,2508-0420,tidak_ada,
NS/2508-0401,2508-0401,tidak_ada,
NS/2510-0121,2510-0121,tidak_ada,
NS/2505-0923,2505-0923,tidak_ada,
PT/2508-0036,2508-0036,tidak_ada,
NS/2507-1420,2507-1420,tidak_ada,
NS/2507-0067,2507-0067,tidak_ada,
NS/2508-0106,2508-0106,tidak_ada,
PT/2510-0345,2510-0345,tidak_ada,
PT/2511-0125,2511-0125,tidak_ada,
NS/2510-0071,2510-0071,tidak_ada,
NS/2509-0048,2509-0048,tidak_ada,
PT/2509-0034,2509-0034,tidak_ada,
NS/2512-1246,2512-1246,tidak_ada,
NS/2512-1201,2512-1201,tidak_ada,
PT/2512-0230,2512-0230,tidak_ada,
PT/2512-0223,2512-0223,tidak_ada,
PT/2512-0231,2512-0231,tidak_ada,
NS/2511-0936,2511-0936,tidak_ada,
NS/2601-0352,2601-0352,seq_in_nobukti,"[seq_in_keterangan] CSB/SYS/2604-5513 (id=70182, cabang=2, tgl=2026-01-31, keterangan='UW/2601-0352; Keterangan : ;') | [seq_in_keterangan] CSB/SYS/2604-2223 (id=66892, cabang=2, tgl=2026-01-14, keterangan='FZ/2601-0352; Keterangan : ;') | [seq_in_keterangan] CSB/SYS/2604-1983 (id=66652, cabang=2, tgl=2026-01-13, keterangan='IN/2601-0352; Keterangan : ;') | [seq_in_keterangan] CSB/SYS/2604-1945 (id=66614, cabang=2, tgl=2026-01-13, keterangan='Wl/2601-0352; Keterangan : ;') | [seq_in_keterangan] CSB/SYS/2604-1912 (id=66581, cabang=2, tgl=2026-01-12, keterangan='SI/2601-0352; Keterangan : ;') | [seq_in_keterangan] CSB/SYS/2604-1661 (id=66330, cabang=2, tgl=2026-01-11, keterangan='Ma/2601-0352; Keterangan : ;') | [seq_in_keterangan] KRT/SYS/2603-2151 (id=39608, cabang=5, tgl=2026-01-07, keterangan='An/2601-0352; Keterangan : ;') | [seq_in_keterangan] KRT/SYS/2603-2116 (id=39573, cabang=5, tgl=2026-01-06, keterangan='Pa/2601-0352; Keterangan : ;') | [seq_in_keterangan] KRT/SYS/2603-1744 (id=39201, cabang=5, tgl=2026-01-05, keterangan='Wa/2601-0352; Keterangan : ;') | [seq_in_keterangan] MDR/SYS/2602-0923 (id=5560, cabang=4, tgl=2026-01-13, keterangan='MR/2601-0352; Keterangan : ;') | [seq_in_keterangan] MDR/SYS/2602-0684 (id=5321, cabang=4, tgl=2026-01-10, keterangan='Md/2601-0352; Keterangan : ;') | [seq_in_nobukti] SB/WS/2601-0352 (id=2835, cabang=1, tgl=2026-01-28, keterangan='') | [seq_in_keterangan] SB/FR/2601-1111 (id=1174, cabang=1, tgl=2026-01-13, keterangan='WN/2601-0352') | [seq_in_keterangan] SB/FR/2601-0732 (id=753, cabang=1, tgl=2026-01-10, keterangan='NS/2601-0352') | [seq_in_nobukti] SB/FR/2601-0352 (id=367, cabang=1, tgl=2026-01-05, keterangan='WN/2601-0101')"
NS/2512-1302,2512-1302,tidak_ada,
NS/2601-0170,2601-0170,seq_in_nobukti,"[seq_in_keterangan] CSB/SYS/2604-1933 (id=66602, cabang=2, tgl=2026-01-13, keterangan='UW/2601-0170; Keterangan : ;') | [seq_in_keterangan] CSB/SYS/2604-1037 (id=65706, cabang=2, tgl=2026-01-07, keterangan='FZ/2601-0170; Keterangan : ;') | [seq_in_keterangan] CSB/SYS/2604-0994 (id=65663, cabang=2, tgl=2026-01-07, keterangan='Ma/2601-0170; Keterangan : ;') | [seq_in_keterangan] CSB/SYS/2604-0961 (id=65630, cabang=2, tgl=2026-01-07, keterangan='Wl/2601-0170; Keterangan : ;') | [seq_in_keterangan] CSB/SYS/2604-0879 (id=65548, cabang=2, tgl=2026-01-06, keterangan='IN/2601-0170; Keterangan : ;') | [seq_in_keterangan] CSB/SYS/2604-0776 (id=65445, cabang=2, tgl=2026-01-05, keterangan='SI/2601-0170; Keterangan : ;') | [seq_in_keterangan] KRT/SYS/2603-1613 (id=39070, cabang=5, tgl=2026-01-04, keterangan='An/2601-0170; Keterangan : ;') | [seq_in_keterangan] KRT/SYS/2603-1460 (id=38917, cabang=5, tgl=2026-01-03, keterangan='Pa/2601-0170; Keterangan : ;') | [seq_in_keterangan] KRT/SYS/2603-1353 (id=38810, cabang=5, tgl=2026-01-03, keterangan='Wa/2601-0170; Keterangan : ;') | [seq_in_keterangan] MDR/SYS/2602-1333 (id=5970, cabang=4, tgl=2026-01-17, keterangan='GI/2601-0170; Keterangan : ;') | [seq_in_keterangan] MDR/SYS/2602-0456 (id=5093, cabang=4, tgl=2026-01-07, keterangan='MR/2601-0170; Keterangan : ;') | [seq_in_keterangan] MDR/SYS/2602-0303 (id=4940, cabang=4, tgl=2026-01-05, keterangan='Md/2601-0170; Keterangan : ;') | [seq_in_nobukti] SB/NI/2601-0170 (id=2754, cabang=1, tgl=2026-01-27, keterangan='') | [seq_in_nobukti] SB/VT/2601-0170 (id=2512, cabang=1, tgl=2026-01-25, keterangan='') | [seq_in_nobukti] SB/WS/2601-0170 (id=2464, cabang=1, tgl=2026-01-25, keterangan='') | [seq_in_keterangan] SB/FR/2601-0987 (id=1008, cabang=1, tgl=2026-01-12, keterangan='VX/2601-0170') | [seq_in_keterangan] SB/FR/2601-0466 (id=481, cabang=1, tgl=2026-01-06, keterangan='WN/2601-0170') | [seq_in_keterangan] SB/FR/2601-0320 (id=321, cabang=1, tgl=2026-01-05, keterangan='NS/2601-0170') | [seq_in_nobukti] SB/FR/2601-0170 (id=171, cabang=1, tgl=2026-01-03, keterangan='WN/2601-0044')"
NS/2601-0168,2601-0168,seq_in_nobukti,"[seq_in_keterangan] CSB/SYS/2604-1931 (id=66600, cabang=2, tgl=2026-01-13, keterangan='UW/2601-0168; Keterangan : ;') | [seq_in_keterangan] CSB/SYS/2604-1035 (id=65704, cabang=2, tgl=2026-01-07, keterangan='FZ/2601-0168; Keterangan : ;') | [seq_in_keterangan] CSB/SYS/2604-0992 (id=65661, cabang=2, tgl=2026-01-07, keterangan='Ma/2601-0168; Keterangan : ;') | [seq_in_keterangan] CSB/SYS/2604-0959 (id=65628, cabang=2, tgl=2026-01-07, keterangan='Wl/2601-0168; Keterangan : ;') | [seq_in_keterangan] CSB/SYS/2604-0877 (id=65546, cabang=2, tgl=2026-01-06, keterangan='IN/2601-0168; Keterangan : ;') | [seq_in_keterangan] CSB/SYS/2604-0774 (id=65443, cabang=2, tgl=2026-01-05, keterangan='SI/2601-0168; Keterangan : ;') | [seq_in_keterangan] KRT/SYS/2603-1611 (id=39068, cabang=5, tgl=2026-01-04, keterangan='An/2601-0168; Keterangan : ;') | [seq_in_keterangan] KRT/SYS/2603-1458 (id=38915, cabang=5, tgl=2026-01-03, keterangan='Pa/2601-0168; Keterangan : ;') | [seq_in_keterangan] KRT/SYS/2603-1351 (id=38808, cabang=5, tgl=2026-01-03, keterangan='Wa/2601-0168; Keterangan : ;') | [seq_in_keterangan] MDR/SYS/2602-1331 (id=5968, cabang=4, tgl=2026-01-17, keterangan='GI/2601-0168; Keterangan : ;') | [seq_in_keterangan] MDR/SYS/2602-0454 (id=5091, cabang=4, tgl=2026-01-07, keterangan='MR/2601-0168; Keterangan : ;') | [seq_in_keterangan] MDR/SYS/2602-0301 (id=4938, cabang=4, tgl=2026-01-05, keterangan='Md/2601-0168; Keterangan : ;') | [seq_in_nobukti] SB/NI/2601-0168 (id=2752, cabang=1, tgl=2026-01-27, keterangan='') | [seq_in_nobukti] SB/VT/2601-0168 (id=2510, cabang=1, tgl=2026-01-25, keterangan='') | [seq_in_nobukti] SB/WS/2601-0168 (id=2462, cabang=1, tgl=2026-01-25, keterangan='') | [seq_in_keterangan] SB/FR/2601-0985 (id=1006, cabang=1, tgl=2026-01-12, keterangan='VX/2601-0168') | [seq_in_keterangan] SB/FR/2601-0464 (id=479, cabang=1, tgl=2026-01-06, keterangan='WN/2601-0168') | [seq_in_keterangan] SB/FR/2601-0318 (id=319, cabang=1, tgl=2026-01-05, keterangan='NS/2601-0168') | [seq_in_nobukti] SB/FR/2601-0168 (id=169, cabang=1, tgl=2026-01-03, keterangan='WN/2601-0042')"
PT/2601-0010,2601-0010,seq_in_nobukti,"[seq_in_keterangan] CSB/SYS/2604-0180 (id=64849, cabang=2, tgl=2026-01-02, keterangan='UW/2601-0010; Keterangan : ;') | [seq_in_keterangan] CSB/SYS/2604-0136 (id=64805, cabang=2, tgl=2026-01-02, keterangan='SI/2601-0010; Keterangan : ;') | [seq_in_keterangan] CSB/SYS/2604-0095 (id=64764, cabang=2, tgl=2026-01-02, keterangan='FZ/2601-0010; Keterangan : ;') | [seq_in_keterangan] CSB/SYS/2604-0071 (id=64740, cabang=2, tgl=2026-01-02, keterangan='Ma/2601-0010; Keterangan : ;') | [seq_in_keterangan] CSB/SYS/2604-0045 (id=64714, cabang=2, tgl=2026-01-02, keterangan='Wl/2601-0010; Keterangan : ;') | [seq_in_keterangan] CSB/SYS/2604-0019 (id=64688, cabang=2, tgl=2026-01-02, keterangan='IN/2601-0010; Keterangan : ;') | [seq_in_keterangan] KRT/SYS/2603-1230 (id=38687, cabang=5, tgl=2026-01-03, keterangan='VA/2601-0010; Keterangan : ;') | [seq_in_keterangan] KRT/SYS/2603-1143 (id=38600, cabang=5, tgl=2026-01-02, keterangan='Pa/2601-0010; Keterangan : ;') | [seq_in_keterangan] KRT/SYS/2603-1071 (id=38528, cabang=5, tgl=2026-01-02, keterangan='An/2601-0010; Keterangan : ;') | [seq_in_keterangan] KRT/SYS/2603-0963 (id=38420, cabang=5, tgl=2026-01-02, keterangan='Wa/2601-0010; Keterangan : ;') | [seq_in_keterangan] MDR/SYS/2602-0849 (id=5486, cabang=4, tgl=2026-01-12, keterangan='CS/2601-0010; Keterangan : ;') | [seq_in_keterangan] MDR/SYS/2602-0168 (id=4805, cabang=4, tgl=2026-01-03, keterangan='GI/2601-0010; Keterangan : ;') | [seq_in_keterangan] MDR/SYS/2602-0050 (id=4687, cabang=4, tgl=2026-01-02, keterangan='Md/2601-0010; Keterangan : ;') | [seq_in_keterangan] MDR/SYS/2602-0018 (id=4655, cabang=4, tgl=2026-01-02, keterangan='MR/2601-0010; Keterangan : ;') | [seq_in_nobukti] SB/PT/2601-0010 (id=2032, cabang=1, tgl=2026-01-21, keterangan='') | [seq_in_nobukti] SB/WS/2601-0010 (id=1448, cabang=1, tgl=2026-01-15, keterangan='') | [seq_in_nobukti] SB/VT/2601-0010 (id=1437, cabang=1, tgl=2026-01-15, keterangan='') | [seq_in_nobukti] SB/NI/2601-0010 (id=1404, cabang=1, tgl=2026-01-15, keterangan='') | [seq_in_keterangan] SB/FR/2601-0328 (id=329, cabang=1, tgl=2026-01-05, keterangan='Pt/2601-0010') | [seq_in_keterangan] SB/FR/2601-0070 (id=71, cabang=1, tgl=2026-01-02, keterangan='WN/2601-0010') | [seq_in_keterangan] SB/FR/2601-0055 (id=56, cabang=1, tgl=2026-01-02, keterangan='VX/2601-0010') | [seq_in_nobukti] SB/FR/2601-0010 (id=11, cabang=1, tgl=2026-01-02, keterangan='NS/2601-0010')"
FR/2601-0147,2601-0147,seq_in_nobukti,"[seq_in_keterangan] CSB/SYS/2604-1728 (id=66397, cabang=2, tgl=2026-01-11, keterangan='UW/2601-0147; Keterangan : ;') | [seq_in_keterangan] CSB/SYS/2604-0903 (id=65572, cabang=2, tgl=2026-01-06, keterangan='Wl/2601-0147; Keterangan : ;') | [seq_in_keterangan] CSB/SYS/2604-0898 (id=65567, cabang=2, tgl=2026-01-06, keterangan='FZ/2601-0147; Keterangan : ;') | [seq_in_keterangan] CSB/SYS/2604-0848 (id=65517, cabang=2, tgl=2026-01-06, keterangan='Ma/2601-0147; Keterangan : ;') | [seq_in_keterangan] CSB/SYS/2604-0754 (id=65423, cabang=2, tgl=2026-01-05, keterangan='SI/2601-0147; Keterangan : ;') | [seq_in_keterangan] CSB/SYS/2604-0705 (id=65374, cabang=2, tgl=2026-01-05, keterangan='IN/2601-0147; Keterangan : ;') | [seq_in_keterangan] KRT/SYS/2603-1590 (id=39047, cabang=5, tgl=2026-01-04, keterangan='An/2601-0147; Keterangan : ;') | [seq_in_keterangan] KRT/SYS/2603-1437 (id=38894, cabang=5, tgl=2026-01-03, keterangan='Pa/2601-0147; Keterangan : ;') | [seq_in_keterangan] KRT/SYS/2603-1331 (id=38788, cabang=5, tgl=2026-01-03, keterangan='Wa/2601-0147; Keterangan : ;') | [seq_in_keterangan] MDR/SYS/2602-1177 (id=5814, cabang=4, tgl=2026-01-15, keterangan='GI/2601-0147; Keterangan : ;') | [seq_in_keterangan] MDR/SYS/2602-0433 (id=5070, cabang=4, tgl=2026-01-07, keterangan='MR/2601-0147; Keterangan : ;') | [seq_in_keterangan] MDR/SYS/2602-0281 (id=4918, cabang=4, tgl=2026-01-05, keterangan='Md/2601-0147; Keterangan : ;') | [seq_in_nobukti] SB/NI/2601-0147 (id=2731, cabang=1, tgl=2026-01-27, keterangan='') | [seq_in_nobukti] SB/VT/2601-0147 (id=2489, cabang=1, tgl=2026-01-25, keterangan='') | [seq_in_nobukti] SB/WS/2601-0147 (id=2384, cabang=1, tgl=2026-01-24, keterangan='') | [seq_in_keterangan] SB/FR/2601-0861 (id=882, cabang=1, tgl=2026-01-11, keterangan='VX/2601-0147') | [seq_in_keterangan] SB/FR/2601-0444 (id=459, cabang=1, tgl=2026-01-06, keterangan='WN/2601-0147') | [seq_in_keterangan] SB/FR/2601-0297 (id=298, cabang=1, tgl=2026-01-05, keterangan='NS/2601-0147') | [seq_in_nobukti] SB/FR/2601-0147 (id=148, cabang=1, tgl=2026-01-03, keterangan='VX/2601-0033')"
NS/2601-0391,2601-0391,seq_in_nobukti,"[seq_in_keterangan] CSB/SYS/2604-2316 (id=66985, cabang=2, tgl=2026-01-14, keterangan='SI/2601-0391; Keterangan : ;') | [seq_in_keterangan] CSB/SYS/2604-2117 (id=66786, cabang=2, tgl=2026-01-14, keterangan='Wl/2601-0391; Keterangan : ;') | [seq_in_keterangan] CSB/SYS/2604-2096 (id=66765, cabang=2, tgl=2026-01-14, keterangan='IN/2601-0391; Keterangan : ;') | [seq_in_keterangan] CSB/SYS/2604-1799 (id=66468, cabang=2, tgl=2026-01-12, keterangan='Ma/2601-0391; Keterangan : ;') | [seq_in_keterangan] KRT/SYS/2603-2222 (id=39679, cabang=5, tgl=2026-01-07, keterangan='Pa/2601-0391; Keterangan : ;') | [seq_in_keterangan] KRT/SYS/2603-2189 (id=39646, cabang=5, tgl=2026-01-07, keterangan='An/2601-0391; Keterangan : ;') | [seq_in_keterangan] KRT/SYS/2603-1997 (id=39454, cabang=5, tgl=2026-01-06, keterangan='Wa/2601-0391; Keterangan : ;') | [seq_in_keterangan] MDR/SYS/2602-1031 (id=5668, cabang=4, tgl=2026-01-14, keterangan='MR/2601-0391; Keterangan : ;') | [seq_in_keterangan] MDR/SYS/2602-0723 (id=5360, cabang=4, tgl=2026-01-10, keterangan='Md/2601-0391; Keterangan : ;') | [seq_in_nobukti] SB/WS/2601-0391 (id=3058, cabang=1, tgl=2026-01-31, keterangan='') | [seq_in_keterangan] SB/FR/2601-1289 (id=1676, cabang=1, tgl=2026-01-17, keterangan='WN/2601-0391') | [seq_in_keterangan] SB/FR/2601-0806 (id=827, cabang=1, tgl=2026-01-11, keterangan='NS/2601-0391') | [seq_in_nobukti] SB/FR/2601-0391 (id=406, cabang=1, tgl=2026-01-06, keterangan='NS/2601-0179')"
PT/2601-0064,2601-0064,seq_in_nobukti,"[seq_in_keterangan] CSB/SYS/2604-0536 (id=65205, cabang=2, tgl=2026-01-04, keterangan='UW/2601-0064; Keterangan : ;') | [seq_in_keterangan] CSB/SYS/2604-0467 (id=65136, cabang=2, tgl=2026-01-04, keterangan='FZ/2601-0064; Keterangan : ;') | [seq_in_keterangan] CSB/SYS/2604-0401 (id=65070, cabang=2, tgl=2026-01-03, keterangan='SI/2601-0064; Keterangan : ;') | [seq_in_keterangan] CSB/SYS/2604-0321 (id=64990, cabang=2, tgl=2026-01-03, keterangan='Ma/2601-0064; Keterangan : ;') | [seq_in_keterangan] CSB/SYS/2604-0312 (id=64981, cabang=2, tgl=2026-01-03, keterangan='Wl/2601-0064; Keterangan : ;') | [seq_in_keterangan] CSB/SYS/2604-0212 (id=64881, cabang=2, tgl=2026-01-03, keterangan='IN/2601-0064; Keterangan : ;') | [seq_in_keterangan] KRT/SYS/2603-1196 (id=38653, cabang=5, tgl=2026-01-02, keterangan='Pa/2601-0064; Keterangan : ;') | [seq_in_keterangan] KRT/SYS/2603-1122 (id=38579, cabang=5, tgl=2026-01-02, keterangan='An/2601-0064; Keterangan : ;') | [seq_in_keterangan] KRT/SYS/2603-1017 (id=38474, cabang=5, tgl=2026-01-02, keterangan='Wa/2601-0064; Keterangan : ;') | [seq_in_keterangan] KRT/SYS/2602-0602 (id=10537, cabang=5, tgl=2026-01-12, keterangan='VA/2601-0064; Keterangan : ;') | [seq_in_keterangan] MDR/SYS/2602-0499 (id=5136, cabang=4, tgl=2026-01-07, keterangan='GI/2601-0064; Keterangan : ;') | [seq_in_keterangan] MDR/SYS/2602-0179 (id=4816, cabang=4, tgl=2026-01-04, keterangan='MR/2601-0064; Keterangan : ;') | [seq_in_keterangan] MDR/SYS/2602-0132 (id=4769, cabang=4, tgl=2026-01-03, keterangan='Md/2601-0064; Keterangan : ;') | [seq_in_nobukti] SB/VT/2601-0064 (id=2330, cabang=1, tgl=2026-01-23, keterangan='') | [seq_in_nobukti] SB/WS/2601-0064 (id=1565, cabang=1, tgl=2026-01-16, keterangan='') | [seq_in_nobukti] SB/NI/2601-0064 (id=1533, cabang=1, tgl=2026-01-16, keterangan='') | [seq_in_keterangan] SB/FR/2601-0971 (id=992, cabang=1, tgl=2026-01-12, keterangan='PT/2601-0064') | [seq_in_keterangan] SB/FR/2601-0345 (id=360, cabang=1, tgl=2026-01-05, keterangan='VX/2601-0064') | [seq_in_keterangan] SB/FR/2601-0190 (id=191, cabang=1, tgl=2026-01-03, keterangan='WN/2601-0064') | [seq_in_keterangan] SB/FR/2601-0101 (id=102, cabang=1, tgl=2026-01-03, keterangan='NS/2601-0064') | [seq_in_nobukti] SB/FR/2601-0064 (id=65, cabang=1, tgl=2026-01-02, keterangan='WN/2601-0004')"
PT/2601-0085,2601-0085,seq_in_nobukti,"[seq_in_keterangan] CSB/SYS/2604-0803 (id=65472, cabang=2, tgl=2026-01-06, keterangan='UW/2601-0085; Keterangan : ;') | [seq_in_keterangan] CSB/SYS/2604-0499 (id=65168, cabang=2, tgl=2026-01-04, keterangan='IN/2601-0085; Keterangan : ;') | [seq_in_keterangan] CSB/SYS/2604-0488 (id=65157, cabang=2, tgl=2026-01-04, keterangan='FZ/2601-0085; Keterangan : ;') | [seq_in_keterangan] CSB/SYS/2604-0454 (id=65123, cabang=2, tgl=2026-01-04, keterangan='Wl/2601-0085; Keterangan : ;') | [seq_in_keterangan] CSB/SYS/2604-0439 (id=65108, cabang=2, tgl=2026-01-04, keterangan='Ma/2601-0085; Keterangan : ;') | [seq_in_keterangan] KRT/SYS/2603-1246 (id=38703, cabang=5, tgl=2026-01-03, keterangan='An/2601-0085; Keterangan : ;') | [seq_in_keterangan] KRT/SYS/2603-1216 (id=38673, cabang=5, tgl=2026-01-02, keterangan='Pa/2601-0085; Keterangan : ;') | [seq_in_keterangan] KRT/SYS/2603-1037 (id=38494, cabang=5, tgl=2026-01-02, keterangan='Wa/2601-0085; Keterangan : ;') | [seq_in_keterangan] KRT/SYS/2602-1619 (id=11554, cabang=5, tgl=2026-01-17, keterangan='VA/2601-0085; Keterangan : ;') | [seq_in_keterangan] MDR/SYS/2602-0732 (id=5369, cabang=4, tgl=2026-01-11, keterangan='GI/2601-0085; Keterangan : ;') | [seq_in_keterangan] MDR/SYS/2602-0200 (id=4837, cabang=4, tgl=2026-01-04, keterangan='MR/2601-0085; Keterangan : ;') | [seq_in_keterangan] MDR/SYS/2602-0152 (id=4789, cabang=4, tgl=2026-01-03, keterangan='Md/2601-0085; Keterangan : ;') | [seq_in_nobukti] SB/VT/2601-0085 (id=2351, cabang=1, tgl=2026-01-23, keterangan='') | [seq_in_nobukti] SB/NI/2601-0085 (id=2059, cabang=1, tgl=2026-01-21, keterangan='') | [seq_in_nobukti] SB/WS/2601-0085 (id=2035, cabang=1, tgl=2026-01-21, keterangan='') | [seq_in_keterangan] SB/FR/2601-1160 (id=1347, cabang=1, tgl=2026-01-14, keterangan='PT/2601-0085') | [seq_in_keterangan] SB/FR/2601-0516 (id=533, cabang=1, tgl=2026-01-07, keterangan='VX/2601-0085') | [seq_in_keterangan] SB/FR/2601-0276 (id=277, cabang=1, tgl=2026-01-04, keterangan='WN/2601-0085') | [seq_in_keterangan] SB/FR/2601-0122 (id=123, cabang=1, tgl=2026-01-03, keterangan='NS/2601-0085') | [seq_in_nobukti] SB/FR/2601-0085 (id=86, cabang=1, tgl=2026-01-03, keterangan='NS/2601-0047')"
PT/2601-0065,2601-0065,seq_in_nobukti,"[seq_in_keterangan] CSB/SYS/2604-0537 (id=65206, cabang=2, tgl=2026-01-04, keterangan='UW/2601-0065; Keterangan : ;') | [seq_in_keterangan] CSB/SYS/2604-0468 (id=65137, cabang=2, tgl=2026-01-04, keterangan='FZ/2601-0065; Keterangan : ;') | [seq_in_keterangan] CSB/SYS/2604-0402 (id=65071, cabang=2, tgl=2026-01-03, keterangan='SI/2601-0065; Keterangan : ;') | [seq_in_keterangan] CSB/SYS/2604-0322 (id=64991, cabang=2, tgl=2026-01-03, keterangan='Ma/2601-0065; Keterangan : ;') | [seq_in_keterangan] CSB/SYS/2604-0313 (id=64982, cabang=2, tgl=2026-01-03, keterangan='Wl/2601-0065; Keterangan : ;') | [seq_in_keterangan] CSB/SYS/2604-0213 (id=64882, cabang=2, tgl=2026-01-03, keterangan='IN/2601-0065; Keterangan : ;') | [seq_in_keterangan] KRT/SYS/2603-1222 (id=38679, cabang=5, tgl=2026-01-02, keterangan='Pa/2601-0065-01; Keterangan : (Revisi Dokumen Pa/2601-0065);') | [seq_in_keterangan] KRT/SYS/2603-1123 (id=38580, cabang=5, tgl=2026-01-02, keterangan='An/2601-0065; Keterangan : ;') | [seq_in_keterangan] KRT/SYS/2603-1018 (id=38475, cabang=5, tgl=2026-01-02, keterangan='Wa/2601-0065; Keterangan : ;') | [seq_in_keterangan] KRT/SYS/2602-0725 (id=10660, cabang=5, tgl=2026-01-13, keterangan='VA/2601-0065; Keterangan : ;') | [seq_in_keterangan] MDR/SYS/2602-0565 (id=5202, cabang=4, tgl=2026-01-08, keterangan='GI/2601-0065; Keterangan : ;') | [seq_in_keterangan] MDR/SYS/2602-0180 (id=4817, cabang=4, tgl=2026-01-04, keterangan='MR/2601-0065; Keterangan : ;') | [seq_in_nobukti] SB/VT/2601-0065 (id=2331, cabang=1, tgl=2026-01-23, keterangan='') | [seq_in_nobukti] SB/WS/2601-0065 (id=1566, cabang=1, tgl=2026-01-16, keterangan='') | [seq_in_nobukti] SB/NI/2601-0065 (id=1534, cabang=1, tgl=2026-01-16, keterangan='') | [seq_in_keterangan] SB/FR/2601-0972 (id=993, cabang=1, tgl=2026-01-12, keterangan='PT/2601-0065') | [seq_in_keterangan] SB/FR/2601-0346 (id=361, cabang=1, tgl=2026-01-05, keterangan='VX/2601-0065') | [seq_in_keterangan] SB/FR/2601-0191 (id=192, cabang=1, tgl=2026-01-03, keterangan='WN/2601-0065') | [seq_in_keterangan] SB/FR/2601-0102 (id=103, cabang=1, tgl=2026-01-03, keterangan='NS/2601-0065') | [seq_in_nobukti] SB/FR/2601-0065 (id=66, cabang=1, tgl=2026-01-02, keterangan='WN/2601-0005')"
PT/2601-0067,2601-0067,seq_in_nobukti,"[seq_in_keterangan] CSB/SYS/2604-0785 (id=65454, cabang=2, tgl=2026-01-05, keterangan='UW/2601-0067; Keterangan : ;') | [seq_in_keterangan] CSB/SYS/2604-0470 (id=65139, cabang=2, tgl=2026-01-04, keterangan='FZ/2601-0067; Keterangan : ;') | [seq_in_keterangan] CSB/SYS/2604-0404 (id=65073, cabang=2, tgl=2026-01-03, keterangan='SI/2601-0067; Keterangan : ;') | [seq_in_keterangan] CSB/SYS/2604-0324 (id=64993, cabang=2, tgl=2026-01-03, keterangan='Ma/2601-0067; Keterangan : ;') | [seq_in_keterangan] CSB/SYS/2604-0315 (id=64984, cabang=2, tgl=2026-01-03, keterangan='Wl/2601-0067; Keterangan : ;') | [seq_in_keterangan] CSB/SYS/2604-0215 (id=64884, cabang=2, tgl=2026-01-03, keterangan='IN/2601-0067; Keterangan : ;') | [seq_in_keterangan] KRT/SYS/2603-1198 (id=38655, cabang=5, tgl=2026-01-02, keterangan='Pa/2601-0067; Keterangan : ;') | [seq_in_keterangan] KRT/SYS/2603-1125 (id=38582, cabang=5, tgl=2026-01-02, keterangan='An/2601-0067; Keterangan : ;') | [seq_in_keterangan] KRT/SYS/2603-1020 (id=38477, cabang=5, tgl=2026-01-02, keterangan='Wa/2601-0067; Keterangan : ;') | [seq_in_keterangan] KRT/SYS/2602-0728 (id=10663, cabang=5, tgl=2026-01-13, keterangan='VA/2601-0067; Keterangan : ;') | [seq_in_keterangan] MDR/SYS/2602-0603 (id=5240, cabang=4, tgl=2026-01-09, keterangan='GI/2601-0067; Keterangan : ;') | [seq_in_keterangan] MDR/SYS/2602-0182 (id=4819, cabang=4, tgl=2026-01-04, keterangan='MR/2601-0067; Keterangan : ;') | [seq_in_keterangan] MDR/SYS/2602-0134 (id=4771, cabang=4, tgl=2026-01-03, keterangan='Md/2601-0067; Keterangan : ;') | [seq_in_nobukti] SB/VT/2601-0067 (id=2333, cabang=1, tgl=2026-01-23, keterangan='') | [seq_in_nobukti] SB/WS/2601-0067 (id=2015, cabang=1, tgl=2026-01-21, keterangan='') | [seq_in_nobukti] SB/NI/2601-0067 (id=1536, cabang=1, tgl=2026-01-16, keterangan='') | [seq_in_keterangan] SB/FR/2601-0973 (id=994, cabang=1, tgl=2026-01-12, keterangan='PT/2601-0067') | [seq_in_keterangan] SB/FR/2601-0348 (id=363, cabang=1, tgl=2026-01-05, keterangan='VX/2601-0067') | [seq_in_keterangan] SB/FR/2601-0193 (id=194, cabang=1, tgl=2026-01-03, keterangan='WN/2601-0067') | [seq_in_keterangan] SB/FR/2601-0104 (id=105, cabang=1, tgl=2026-01-03, keterangan='NS/2601-0067') | [seq_in_nobukti] SB/FR/2601-0067 (id=68, cabang=1, tgl=2026-01-02, keterangan='WN/2601-0007')"
NS/2601-0647,2601-0647,seq_in_nobukti,"[seq_in_keterangan] CSB/SYS/2604-4083 (id=68752, cabang=2, tgl=2026-01-23, keterangan='SI/2601-0647; Keterangan : ;') | [seq_in_keterangan] CSB/SYS/2604-3519 (id=68188, cabang=2, tgl=2026-01-20, keterangan='IN/2601-0647; Keterangan : ;') | [seq_in_keterangan] CSB/SYS/2604-3093 (id=67762, cabang=2, tgl=2026-01-18, keterangan='Wl/2601-0647; Keterangan : ;') | [seq_in_keterangan] CSB/SYS/2604-2953 (id=67622, cabang=2, tgl=2026-01-18, keterangan='Ma/2601-0647; Keterangan : ;') | [seq_in_keterangan] KRT/SYS/2603-2498 (id=39955, cabang=5, tgl=2026-01-08, keterangan='Wa/2601-0647; Keterangan : ;') | [seq_in_keterangan] KRT/SYS/2602-0403 (id=10338, cabang=5, tgl=2026-01-11, keterangan='An/2601-0647; Keterangan : ;') | [seq_in_keterangan] KRT/SYS/2602-0084 (id=10019, cabang=5, tgl=2026-01-10, keterangan='Pa/2601-0647; Keterangan : ;') | [seq_in_keterangan] MDR/SYS/2602-1732 (id=6369, cabang=4, tgl=2026-01-22, keterangan='MR/2601-0647; Keterangan : ;') | [seq_in_keterangan] MDR/SYS/2602-1267 (id=5904, cabang=4, tgl=2026-01-17, keterangan='Md/2601-0647; Keterangan : ;') | [seq_in_keterangan] SB/FR/2601-1362 (id=1749, cabang=1, tgl=2026-01-18, keterangan='NS/2601-0647') | [seq_in_nobukti] SB/FR/2601-0647 (id=664, cabang=1, tgl=2026-01-09, keterangan='NS/2601-0307')"
PT/2601-0094,2601-0094,seq_in_nobukti,"[seq_in_keterangan] CSB/SYS/2604-1046 (id=65715, cabang=2, tgl=2026-01-07, keterangan='UW/2601-0094; Keterangan : ;') | [seq_in_keterangan] CSB/SYS/2604-0677 (id=65346, cabang=2, tgl=2026-01-05, keterangan='FZ/2601-0094; Keterangan : ;') | [seq_in_keterangan] CSB/SYS/2604-0564 (id=65233, cabang=2, tgl=2026-01-04, keterangan='SI/2601-0094; Keterangan : ;') | [seq_in_keterangan] CSB/SYS/2604-0539 (id=65208, cabang=2, tgl=2026-01-04, keterangan='Wl/2601-0094; Keterangan : ;') | [seq_in_keterangan] CSB/SYS/2604-0508 (id=65177, cabang=2, tgl=2026-01-04, keterangan='IN/2601-0094; Keterangan : ;') | [seq_in_keterangan] CSB/SYS/2604-0447 (id=65116, cabang=2, tgl=2026-01-04, keterangan='Ma/2601-0094; Keterangan : ;') | [seq_in_keterangan] KRT/SYS/2603-1385 (id=38842, cabang=5, tgl=2026-01-03, keterangan='Pa/2601-0094; Keterangan : ;') | [seq_in_keterangan] KRT/SYS/2603-1255 (id=38712, cabang=5, tgl=2026-01-03, keterangan='An/2601-0094; Keterangan : ;') | [seq_in_keterangan] KRT/SYS/2603-1046 (id=38503, cabang=5, tgl=2026-01-02, keterangan='Wa/2601-0094; Keterangan : ;') | [seq_in_keterangan] KRT/SYS/2602-3007 (id=12942, cabang=5, tgl=2026-01-24, keterangan='VA/2601-0094; Keterangan : ;') | [seq_in_keterangan] MDR/SYS/2602-0739 (id=5376, cabang=4, tgl=2026-01-11, keterangan='GI/2601-0094; Keterangan : ;') | [seq_in_keterangan] MDR/SYS/2602-0335 (id=4972, cabang=4, tgl=2026-01-05, keterangan='MR/2601-0094; Keterangan : ;') | [seq_in_keterangan] MDR/SYS/2602-0160 (id=4797, cabang=4, tgl=2026-01-03, keterangan='Md/2601-0094; Keterangan : ;') | [seq_in_nobukti] SB/VT/2601-0094 (id=2405, cabang=1, tgl=2026-01-24, keterangan='') | [seq_in_nobukti] SB/WS/2601-0094 (id=2265, cabang=1, tgl=2026-01-23, keterangan='') | [seq_in_nobukti] SB/NI/2601-0094 (id=2068, cabang=1, tgl=2026-01-21, keterangan='') | [seq_in_keterangan] SB/FR/2601-1250 (id=1627, cabang=1, tgl=2026-01-17, keterangan='Pt/2601-0094') | [seq_in_keterangan] SB/FR/2601-0525 (id=542, cabang=1, tgl=2026-01-07, keterangan='VX/2601-0094') | [seq_in_keterangan] SB/FR/2601-0285 (id=286, cabang=1, tgl=2026-01-04, keterangan='WN/2601-0094') | [seq_in_keterangan] SB/FR/2601-0200 (id=201, cabang=1, tgl=2026-01-04, keterangan='NS/2601-0094') | [seq_in_nobukti] SB/FR/2601-0094 (id=95, cabang=1, tgl=2026-01-03, keterangan='NS/2601-0057')"
PT/2601-0100,2601-0100,seq_in_nobukti,"[seq_in_keterangan] CSB/SYS/2604-1205 (id=65874, cabang=2, tgl=2026-01-08, keterangan='UW/2601-0100; Keterangan : ;') | [seq_in_keterangan] CSB/SYS/2604-0683 (id=65352, cabang=2, tgl=2026-01-05, keterangan='FZ/2601-0100; Keterangan : ;') | [seq_in_keterangan] CSB/SYS/2604-0626 (id=65295, cabang=2, tgl=2026-01-05, keterangan='Wl/2601-0100; Keterangan : ;') | [seq_in_keterangan] CSB/SYS/2604-0569 (id=65238, cabang=2, tgl=2026-01-04, keterangan='SI/2601-0100; Keterangan : ;') | [seq_in_keterangan] CSB/SYS/2604-0519 (id=65188, cabang=2, tgl=2026-01-04, keterangan='Ma/2601-0100; Keterangan : ;') | [seq_in_keterangan] CSB/SYS/2604-0514 (id=65183, cabang=2, tgl=2026-01-04, keterangan='IN/2601-0100; Keterangan : ;') | [seq_in_keterangan] KRT/SYS/2603-1391 (id=38848, cabang=5, tgl=2026-01-03, keterangan='Pa/2601-0100; Keterangan : ;') | [seq_in_keterangan] KRT/SYS/2603-1261 (id=38718, cabang=5, tgl=2026-01-03, keterangan='An/2601-0100; Keterangan : ;') | [seq_in_keterangan] KRT/SYS/2603-1052 (id=38509, cabang=5, tgl=2026-01-02, keterangan='Wa/2601-0100; Keterangan : ;') | [seq_in_keterangan] KRT/SYS/2602-3569 (id=13504, cabang=5, tgl=2026-01-26, keterangan='VA/2601-0100; Keterangan : ;') | [seq_in_keterangan] MDR/SYS/2602-0898 (id=5535, cabang=4, tgl=2026-01-12, keterangan='GI/2601-0100; Keterangan : ;') | [seq_in_keterangan] MDR/SYS/2602-0341 (id=4978, cabang=4, tgl=2026-01-05, keterangan='MR/2601-0100; Keterangan : ;') | [seq_in_keterangan] MDR/SYS/2602-0166 (id=4803, cabang=4, tgl=2026-01-03, keterangan='Md/2601-0100; Keterangan : ;') | [seq_in_nobukti] SB/VT/2601-0100 (id=2411, cabang=1, tgl=2026-01-24, keterangan='') | [seq_in_nobukti] SB/WS/2601-0100 (id=2271, cabang=1, tgl=2026-01-23, keterangan='') | [seq_in_nobukti] SB/NI/2601-0100 (id=2074, cabang=1, tgl=2026-01-21, keterangan='') | [seq_in_keterangan] SB/FR/2601-1369 (id=1756, cabang=1, tgl=2026-01-18, keterangan='Pt/2601-0100') | [seq_in_keterangan] SB/FR/2601-0587 (id=604, cabang=1, tgl=2026-01-08, keterangan='VX/2601-0100') | [seq_in_keterangan] SB/FR/2601-0291 (id=292, cabang=1, tgl=2026-01-04, keterangan='WN/2601-0100') | [seq_in_keterangan] SB/FR/2601-0205 (id=206, cabang=1, tgl=2026-01-04, keterangan='NS/2601-0100') | [seq_in_nobukti] SB/FR/2601-0100 (id=101, cabang=1, tgl=2026-01-03, keterangan='NS/2601-0063')"
PT/2601-0124,2601-0124,seq_in_nobukti,"[seq_in_keterangan] CSB/SYS/2604-1437 (id=66106, cabang=2, tgl=2026-01-10, keterangan='UW/2601-0124; Keterangan : ;') | [seq_in_keterangan] CSB/SYS/2604-0820 (id=65489, cabang=2, tgl=2026-01-06, keterangan='FZ/2601-0124; Keterangan : ;') | [seq_in_keterangan] CSB/SYS/2604-0653 (id=65322, cabang=2, tgl=2026-01-05, keterangan='IN/2601-0124; Keterangan : ;') | [seq_in_keterangan] CSB/SYS/2604-0650 (id=65319, cabang=2, tgl=2026-01-05, keterangan='Wl/2601-0124; Keterangan : ;') | [seq_in_keterangan] CSB/SYS/2604-0624 (id=65293, cabang=2, tgl=2026-01-05, keterangan='Ma/2601-0124; Keterangan : ;') | [seq_in_keterangan] CSB/SYS/2604-0593 (id=65262, cabang=2, tgl=2026-01-04, keterangan='SI/2601-0124; Keterangan : ;') | [seq_in_keterangan] KRT/SYS/2603-1415 (id=38872, cabang=5, tgl=2026-01-03, keterangan='Pa/2601-0124; Keterangan : ;') | [seq_in_keterangan] KRT/SYS/2603-1308 (id=38765, cabang=5, tgl=2026-01-03, keterangan='Wa/2601-0124; Keterangan : ;') | [seq_in_keterangan] KRT/SYS/2603-1285 (id=38742, cabang=5, tgl=2026-01-03, keterangan='An/2601-0124; Keterangan : ;') | [seq_in_keterangan] MDR/SYS/2602-0364 (id=5001, cabang=4, tgl=2026-01-05, keterangan='MR/2601-0124; Keterangan : ;') | [seq_in_keterangan] MDR/SYS/2602-0229 (id=4866, cabang=4, tgl=2026-01-04, keterangan='Md/2601-0124; Keterangan : ;') | [seq_in_nobukti] SB/NI/2601-0124 (id=2547, cabang=1, tgl=2026-01-25, keterangan='') | [seq_in_nobukti] SB/VT/2601-0124 (id=2435, cabang=1, tgl=2026-01-24, keterangan='') | [seq_in_nobukti] SB/WS/2601-0124 (id=2295, cabang=1, tgl=2026-01-23, keterangan='') | [seq_in_keterangan] SB/FR/2601-1572 (id=1967, cabang=1, tgl=2026-01-20, keterangan='PT/2601-0124') | [seq_in_keterangan] SB/FR/2601-0911 (id=932, cabang=1, tgl=2026-01-04, keterangan='NS/2601-0124') | [seq_in_keterangan] SB/FR/2601-0687 (id=708, cabang=1, tgl=2026-01-09, keterangan='VX/2601-0124') | [seq_in_keterangan] SB/FR/2601-0375 (id=390, cabang=1, tgl=2026-01-05, keterangan='WN/2601-0124') | [seq_in_nobukti] SB/FR/2601-0124 (id=125, cabang=1, tgl=2026-01-03, keterangan='NS/2601-0087')"
FR/2601-0120,2601-0120,seq_in_nobukti,"[seq_in_keterangan] CSB/SYS/2604-1376 (id=66045, cabang=2, tgl=2026-01-09, keterangan='UW/2601-0120; Keterangan : ;') | [seq_in_keterangan] CSB/SYS/2604-0702 (id=65371, cabang=2, tgl=2026-01-05, keterangan='FZ/2601-0120; Keterangan : ;') | [seq_in_keterangan] CSB/SYS/2604-0646 (id=65315, cabang=2, tgl=2026-01-05, keterangan='Wl/2601-0120; Keterangan : ;') | [seq_in_keterangan] CSB/SYS/2604-0620 (id=65289, cabang=2, tgl=2026-01-05, keterangan='Ma/2601-0120; Keterangan : ;') | [seq_in_keterangan] CSB/SYS/2604-0589 (id=65258, cabang=2, tgl=2026-01-04, keterangan='SI/2601-0120; Keterangan : ;') | [seq_in_keterangan] CSB/SYS/2604-0562 (id=65231, cabang=2, tgl=2026-01-04, keterangan='IN/2601-0120; Keterangan : ;') | [seq_in_keterangan] KRT/SYS/2603-1411 (id=38868, cabang=5, tgl=2026-01-03, keterangan='Pa/2601-0120; Keterangan : ;') | [seq_in_keterangan] KRT/SYS/2603-1304 (id=38761, cabang=5, tgl=2026-01-03, keterangan='Wa/2601-0120; Keterangan : ;') | [seq_in_keterangan] KRT/SYS/2603-1281 (id=38738, cabang=5, tgl=2026-01-03, keterangan='An/2601-0120; Keterangan : ;') | [seq_in_keterangan] KRT/SYS/2602-4448 (id=14383, cabang=5, tgl=2026-01-31, keterangan='VA/2601-0120; Keterangan : ;') | [seq_in_keterangan] MDR/SYS/2602-1003 (id=5640, cabang=4, tgl=2026-01-13, keterangan='GI/2601-0120; Keterangan : ;') | [seq_in_keterangan] MDR/SYS/2602-0361 (id=4998, cabang=4, tgl=2026-01-05, keterangan='MR/2601-0120; Keterangan : ;') | [seq_in_keterangan] MDR/SYS/2602-0225 (id=4862, cabang=4, tgl=2026-01-04, keterangan='Md/2601-0120; Keterangan : ;') | [seq_in_nobukti] SB/VT/2601-0120 (id=2431, cabang=1, tgl=2026-01-24, keterangan='') | [seq_in_nobukti] SB/WS/2601-0120 (id=2291, cabang=1, tgl=2026-01-23, keterangan='') | [seq_in_nobukti] SB/NI/2601-0120 (id=2094, cabang=1, tgl=2026-01-21, keterangan='') | [seq_in_keterangan] SB/FR/2601-1568 (id=1963, cabang=1, tgl=2026-01-20, keterangan='PT/2601-0120') | [seq_in_keterangan] SB/FR/2601-0683 (id=704, cabang=1, tgl=2026-01-09, keterangan='VX/2601-0120') | [seq_in_keterangan] SB/FR/2601-0371 (id=386, cabang=1, tgl=2026-01-05, keterangan='WN/2601-0120') | [seq_in_keterangan] SB/FR/2601-0223 (id=224, cabang=1, tgl=2026-01-04, keterangan='NS/2601-0120') | [seq_in_nobukti] SB/FR/2601-0120 (id=121, cabang=1, tgl=2026-01-03, keterangan='NS/2601-0083')"
NS/2601-0719,2601-0719,seq_in_nobukti,"[seq_in_keterangan] CSB/SYS/2604-4607 (id=69276, cabang=2, tgl=2026-01-26, keterangan='SI/2601-0719; Keterangan : ;') | [seq_in_keterangan] CSB/SYS/2604-4014 (id=68683, cabang=2, tgl=2026-01-23, keterangan='FZ/2601-0719; Keterangan : ;') | [seq_in_keterangan] CSB/SYS/2604-3952 (id=68621, cabang=2, tgl=2026-01-23, keterangan='IN/2601-0719; Keterangan : ;') | [seq_in_keterangan] CSB/SYS/2604-3446 (id=68115, cabang=2, tgl=2026-01-20, keterangan='Wl/2601-0719; Keterangan : ;') | [seq_in_keterangan] CSB/SYS/2604-3307 (id=67976, cabang=2, tgl=2026-01-19, keterangan='Ma/2601-0719; Keterangan : ;') | [seq_in_keterangan] KRT/SYS/2603-2624 (id=40081, cabang=5, tgl=2026-01-09, keterangan='Wa/2601-0719; Keterangan : ;') | [seq_in_keterangan] KRT/SYS/2602-0665 (id=10600, cabang=5, tgl=2026-01-12, keterangan='An/2601-0719; Keterangan : ;') | [seq_in_keterangan] KRT/SYS/2602-0293 (id=10228, cabang=5, tgl=2026-01-11, keterangan='Pa/2601-0719; Keterangan : ;') | [seq_in_keterangan] MDR/SYS/2602-1979 (id=6616, cabang=4, tgl=2026-01-25, keterangan='MR/2601-0719; Keterangan : ;') | [seq_in_keterangan] MDR/SYS/2602-1472 (id=6109, cabang=4, tgl=2026-01-19, keterangan='Md/2601-0719; Keterangan : ;') | [seq_in_keterangan] SB/FR/2601-1551 (id=1946, cabang=1, tgl=2026-01-20, keterangan='NS/2601-0719') | [seq_in_nobukti] SB/FR/2601-0719 (id=740, cabang=1, tgl=2026-01-10, keterangan='NS/2601-0339')"
PT/2601-0131,2601-0131,seq_in_nobukti,"[seq_in_keterangan] CSB/SYS/2604-1444 (id=66113, cabang=2, tgl=2026-01-10, keterangan='UW/2601-0131; Keterangan : ;') | [seq_in_keterangan] CSB/SYS/2604-0827 (id=65496, cabang=2, tgl=2026-01-06, keterangan='FZ/2601-0131; Keterangan : ;') | [seq_in_keterangan] CSB/SYS/2604-0725 (id=65394, cabang=2, tgl=2026-01-05, keterangan='Ma/2601-0131; Keterangan : ;') | [seq_in_keterangan] CSB/SYS/2604-0715 (id=65384, cabang=2, tgl=2026-01-05, keterangan='Wl/2601-0131; Keterangan : ;') | [seq_in_keterangan] CSB/SYS/2604-0660 (id=65329, cabang=2, tgl=2026-01-05, keterangan='IN/2601-0131; Keterangan : ;') | [seq_in_keterangan] CSB/SYS/2604-0599 (id=65268, cabang=2, tgl=2026-01-04, keterangan='SI/2601-0131; Keterangan : ;') | [seq_in_keterangan] KRT/SYS/2603-1421 (id=38878, cabang=5, tgl=2026-01-03, keterangan='Pa/2601-0131; Keterangan : ;') | [seq_in_keterangan] KRT/SYS/2603-1315 (id=38772, cabang=5, tgl=2026-01-03, keterangan='Wa/2601-0131; Keterangan : ;') | [seq_in_keterangan] KRT/SYS/2603-1292 (id=38749, cabang=5, tgl=2026-01-03, keterangan='An/2601-0131; Keterangan : ;') | [seq_in_keterangan] MDR/SYS/2602-1073 (id=5710, cabang=4, tgl=2026-01-14, keterangan='GI/2601-0131; Keterangan : ;') | [seq_in_keterangan] MDR/SYS/2602-0372 (id=5009, cabang=4, tgl=2026-01-06, keterangan='MR/2601-0131; Keterangan : ;') | [seq_in_keterangan] MDR/SYS/2602-0236 (id=4873, cabang=4, tgl=2026-01-04, keterangan='Md/2601-0131; Keterangan : ;') | [seq_in_nobukti] SB/NI/2601-0131 (id=2670, cabang=1, tgl=2026-01-26, keterangan='') | [seq_in_nobukti] SB/VT/2601-0131 (id=2442, cabang=1, tgl=2026-01-24, keterangan='') | [seq_in_nobukti] SB/WS/2601-0131 (id=2357, cabang=1, tgl=2026-01-23, keterangan='') | [seq_in_keterangan] SB/FR/2601-1676 (id=2213, cabang=1, tgl=2026-01-22, keterangan='PT/2601-0131') | [seq_in_keterangan] SB/FR/2601-0773 (id=794, cabang=1, tgl=2026-01-10, keterangan='VX/2601-0131') | [seq_in_keterangan] SB/FR/2601-0382 (id=397, cabang=1, tgl=2026-01-05, keterangan='WN/2601-0131') | [seq_in_keterangan] SB/FR/2601-0233 (id=234, cabang=1, tgl=2026-01-04, keterangan='NS/2601-0131') | [seq_in_nobukti] SB/FR/2601-0131 (id=132, cabang=1, tgl=2026-01-03, keterangan='VX/2601-0016')"
PT/2601-0127,2601-0127,seq_in_nobukti,"[seq_in_keterangan] CSB/SYS/2604-1440 (id=66109, cabang=2, tgl=2026-01-10, keterangan='UW/2601-0127; Keterangan : ;') | [seq_in_keterangan] CSB/SYS/2604-0823 (id=65492, cabang=2, tgl=2026-01-06, keterangan='FZ/2601-0127; Keterangan : ;') | [seq_in_keterangan] CSB/SYS/2604-0721 (id=65390, cabang=2, tgl=2026-01-05, keterangan='Ma/2601-0127; Keterangan : ;') | [seq_in_keterangan] CSB/SYS/2604-0711 (id=65380, cabang=2, tgl=2026-01-05, keterangan='Wl/2601-0127; Keterangan : ;') | [seq_in_keterangan] CSB/SYS/2604-0656 (id=65325, cabang=2, tgl=2026-01-05, keterangan='IN/2601-0127; Keterangan : ;') | [seq_in_keterangan] CSB/SYS/2604-0595 (id=65264, cabang=2, tgl=2026-01-04, keterangan='SI/2601-0127; Keterangan : ;') | [seq_in_keterangan] KRT/SYS/2603-1418 (id=38875, cabang=5, tgl=2026-01-03, keterangan='Pa/2601-0127; Keterangan : ;') | [seq_in_keterangan] KRT/SYS/2603-1311 (id=38768, cabang=5, tgl=2026-01-03, keterangan='Wa/2601-0127; Keterangan : ;') | [seq_in_keterangan] KRT/SYS/2603-1288 (id=38745, cabang=5, tgl=2026-01-03, keterangan='An/2601-0127; Keterangan : ;') | [seq_in_keterangan] MDR/SYS/2602-1069 (id=5706, cabang=4, tgl=2026-01-14, keterangan='GI/2601-0127; Keterangan : ;') | [seq_in_keterangan] MDR/SYS/2602-0368 (id=5005, cabang=4, tgl=2026-01-06, keterangan='MR/2601-0127; Keterangan : ;') | [seq_in_keterangan] MDR/SYS/2602-0232 (id=4869, cabang=4, tgl=2026-01-04, keterangan='Md/2601-0127; Keterangan : ;') | [seq_in_nobukti] SB/NI/2601-0127 (id=2638, cabang=1, tgl=2026-01-26, keterangan='') | [seq_in_nobukti] SB/VT/2601-0127 (id=2438, cabang=1, tgl=2026-01-24, keterangan='') | [seq_in_nobukti] SB/WS/2601-0127 (id=2298, cabang=1, tgl=2026-01-23, keterangan='') | [seq_in_keterangan] SB/FR/2601-1672 (id=2209, cabang=1, tgl=2026-01-22, keterangan='PT/2601-0127') | [seq_in_keterangan] SB/FR/2601-0769 (id=790, cabang=1, tgl=2026-01-10, keterangan='VX/2601-0127') | [seq_in_keterangan] SB/FR/2601-0378 (id=393, cabang=1, tgl=2026-01-05, keterangan='WN/2601-0127') | [seq_in_keterangan] SB/FR/2601-0229 (id=230, cabang=1, tgl=2026-01-04, keterangan='NS/2601-0127') | [seq_in_nobukti] SB/FR/2601-0127 (id=128, cabang=1, tgl=2026-01-03, keterangan='Pt/2601-0002')"
FR/2601-0363,2601-0363,seq_in_nobukti,"[seq_in_keterangan] CSB/SYS/2604-5524 (id=70193, cabang=2, tgl=2026-01-31, keterangan='UW/2601-0363; Keterangan : ;') | [seq_in_keterangan] CSB/SYS/2604-2234 (id=66903, cabang=2, tgl=2026-01-14, keterangan='FZ/2601-0363; Keterangan : ;') | [seq_in_keterangan] CSB/SYS/2604-1994 (id=66663, cabang=2, tgl=2026-01-13, keterangan='IN/2601-0363; Keterangan : ;') | [seq_in_keterangan] CSB/SYS/2604-1956 (id=66625, cabang=2, tgl=2026-01-13, keterangan='Wl/2601-0363; Keterangan : ;') | [seq_in_keterangan] CSB/SYS/2604-1923 (id=66592, cabang=2, tgl=2026-01-12, keterangan='SI/2601-0363; Keterangan : ;') | [seq_in_keterangan] CSB/SYS/2604-1671 (id=66340, cabang=2, tgl=2026-01-11, keterangan='Ma/2601-0363; Keterangan : ;') | [seq_in_keterangan] KRT/SYS/2603-2194 (id=39651, cabang=5, tgl=2026-01-07, keterangan='Pa/2601-0363; Keterangan : ;') | [seq_in_keterangan] KRT/SYS/2603-2162 (id=39619, cabang=5, tgl=2026-01-07, keterangan='An/2601-0363; Keterangan : ;') | [seq_in_keterangan] KRT/SYS/2603-1970 (id=39427, cabang=5, tgl=2026-01-06, keterangan='Wa/2601-0363; Keterangan : ;') | [seq_in_keterangan] MDR/SYS/2602-0934 (id=5571, cabang=4, tgl=2026-01-13, keterangan='MR/2601-0363; Keterangan : ;') | [seq_in_keterangan] MDR/SYS/2602-0695 (id=5332, cabang=4, tgl=2026-01-10, keterangan='Md/2601-0363; Keterangan : ;') | [seq_in_nobukti] SB/WS/2601-0363 (id=2994, cabang=1, tgl=2026-01-30, keterangan='') | [seq_in_keterangan] SB/FR/2601-1196 (id=1383, cabang=1, tgl=2026-01-14, keterangan='WN/2601-0363') | [seq_in_keterangan] SB/FR/2601-0743 (id=764, cabang=1, tgl=2026-01-10, keterangan='NS/2601-0363') | [seq_in_nobukti] SB/FR/2601-0363 (id=378, cabang=1, tgl=2026-01-05, keterangan='WN/2601-0112')"
FR/2601-0346,2601-0346,seq_in_nobukti,"[seq_in_keterangan] CSB/SYS/2604-5219 (id=69888, cabang=2, tgl=2026-01-30, keterangan='UW/2601-0346; Keterangan : ;') | [seq_in_keterangan] CSB/SYS/2604-2217 (id=66886, cabang=2, tgl=2026-01-14, keterangan='FZ/2601-0346; Keterangan : ;') | [seq_in_keterangan] CSB/SYS/2604-1903 (id=66572, cabang=2, tgl=2026-01-12, keterangan='Wl/2601-0346; Keterangan : ;') | [seq_in_keterangan] CSB/SYS/2604-1833 (id=66502, cabang=2, tgl=2026-01-12, keterangan='IN/2601-0346; Keterangan : ;') | [seq_in_keterangan] CSB/SYS/2604-1774 (id=66443, cabang=2, tgl=2026-01-11, keterangan='SI/2601-0346; Keterangan : ;') | [seq_in_keterangan] CSB/SYS/2604-1655 (id=66324, cabang=2, tgl=2026-01-11, keterangan='Ma/2601-0346; Keterangan : ;') | [seq_in_keterangan] KRT/SYS/2603-2145 (id=39602, cabang=5, tgl=2026-01-07, keterangan='An/2601-0346; Keterangan : ;') | [seq_in_keterangan] KRT/SYS/2603-2111 (id=39568, cabang=5, tgl=2026-01-06, keterangan='Pa/2601-0346; Keterangan : ;') | [seq_in_keterangan] KRT/SYS/2603-1738 (id=39195, cabang=5, tgl=2026-01-05, keterangan='Wa/2601-0346; Keterangan : ;') | [seq_in_keterangan] MDR/SYS/2602-2464 (id=7101, cabang=4, tgl=2026-01-31, keterangan='GI/2601-0346; Keterangan : ;') | [seq_in_keterangan] MDR/SYS/2602-0917 (id=5554, cabang=4, tgl=2026-01-13, keterangan='MR/2601-0346; Keterangan : ;') | [seq_in_keterangan] MDR/SYS/2602-0678 (id=5315, cabang=4, tgl=2026-01-10, keterangan='Md/2601-0346; Keterangan : ;') | [seq_in_nobukti] SB/NI/2601-0346 (id=4541, cabang=1, tgl=2026-02-11, keterangan='') | [seq_in_nobukti] SB/WS/2601-0346 (id=2829, cabang=1, tgl=2026-01-28, keterangan='') | [seq_in_keterangan] SB/FR/2601-1105 (id=1168, cabang=1, tgl=2026-01-13, keterangan='WN/2601-0346') | [seq_in_keterangan] SB/FR/2601-0726 (id=747, cabang=1, tgl=2026-01-10, keterangan='NS/2601-0346') | [seq_in_nobukti] SB/FR/2601-0346 (id=361, cabang=1, tgl=2026-01-05, keterangan='VX/2601-0065')"
FR/2601-0349,2601-0349,seq_in_nobukti,"[seq_in_keterangan] CSB/SYS/2604-5222 (id=69891, cabang=2, tgl=2026-01-30, keterangan='UW/2601-0349; Keterangan : ;') | [seq_in_keterangan] CSB/SYS/2604-2220 (id=66889, cabang=2, tgl=2026-01-14, keterangan='FZ/2601-0349; Keterangan : ;') | [seq_in_keterangan] CSB/SYS/2604-1909 (id=66578, cabang=2, tgl=2026-01-12, keterangan='SI/2601-0349; Keterangan : ;') | [seq_in_keterangan] CSB/SYS/2604-1906 (id=66575, cabang=2, tgl=2026-01-12, keterangan='Wl/2601-0349; Keterangan : ;') | [seq_in_keterangan] CSB/SYS/2604-1836 (id=66505, cabang=2, tgl=2026-01-12, keterangan='IN/2601-0349; Keterangan : ;') | [seq_in_keterangan] CSB/SYS/2604-1658 (id=66327, cabang=2, tgl=2026-01-11, keterangan='Ma/2601-0349; Keterangan : ;') | [seq_in_keterangan] KRT/SYS/2603-2148 (id=39605, cabang=5, tgl=2026-01-07, keterangan='An/2601-0349; Keterangan : ;') | [seq_in_keterangan] KRT/SYS/2603-2113 (id=39570, cabang=5, tgl=2026-01-06, keterangan='Pa/2601-0349; Keterangan : ;') | [seq_in_keterangan] KRT/SYS/2603-1741 (id=39198, cabang=5, tgl=2026-01-05, keterangan='Wa/2601-0349; Keterangan : ;') | [seq_in_keterangan] MDR/SYS/2602-0920 (id=5557, cabang=4, tgl=2026-01-13, keterangan='MR/2601-0349; Keterangan : ;') | [seq_in_keterangan] MDR/SYS/2602-0681 (id=5318, cabang=4, tgl=2026-01-10, keterangan='Md/2601-0349; Keterangan : ;') | [seq_in_nobukti] SB/NI/2601-0349 (id=4544, cabang=1, tgl=2026-02-11, keterangan='') | [seq_in_nobukti] SB/WS/2601-0349 (id=2832, cabang=1, tgl=2026-01-28, keterangan='') | [seq_in_keterangan] SB/FR/2601-1108 (id=1171, cabang=1, tgl=2026-01-13, keterangan='WN/2601-0349') | [seq_in_keterangan] SB/FR/2601-0729 (id=750, cabang=1, tgl=2026-01-10, keterangan='NS/2601-0349') | [seq_in_nobukti] SB/FR/2601-0349 (id=364, cabang=1, tgl=2026-01-05, keterangan='VX/2601-0068')"
PT/2601-0125,2601-0125,seq_in_nobukti,"[seq_in_keterangan] CSB/SYS/2604-1438 (id=66107, cabang=2, tgl=2026-01-10, keterangan='UW/2601-0125; Keterangan : ;') | [seq_in_keterangan] CSB/SYS/2604-0821 (id=65490, cabang=2, tgl=2026-01-06, keterangan='FZ/2601-0125; Keterangan : ;') | [seq_in_keterangan] CSB/SYS/2604-0709 (id=65378, cabang=2, tgl=2026-01-05, keterangan='Wl/2601-0125; Keterangan : ;') | [seq_in_keterangan] CSB/SYS/2604-0654 (id=65323, cabang=2, tgl=2026-01-05, keterangan='IN/2601-0125; Keterangan : ;') | [seq_in_keterangan] CSB/SYS/2604-0625 (id=65294, cabang=2, tgl=2026-01-05, keterangan='Ma/2601-0125; Keterangan : ;') | [seq_in_keterangan] KRT/SYS/2603-1416 (id=38873, cabang=5, tgl=2026-01-03, keterangan='Pa/2601-0125; Keterangan : ;') | [seq_in_keterangan] KRT/SYS/2603-1309 (id=38766, cabang=5, tgl=2026-01-03, keterangan='Wa/2601-0125; Keterangan : ;') | [seq_in_keterangan] KRT/SYS/2603-1286 (id=38743, cabang=5, tgl=2026-01-03, keterangan='An/2601-0125; Keterangan : ;') | [seq_in_keterangan] MDR/SYS/2602-1007 (id=5644, cabang=4, tgl=2026-01-13, keterangan='GI/2601-0125; Keterangan : ;') | [seq_in_keterangan] MDR/SYS/2602-0366 (id=5003, cabang=4, tgl=2026-01-06, keterangan='MR/2601-0125; Keterangan : ;') | [seq_in_keterangan] MDR/SYS/2602-0230 (id=4867, cabang=4, tgl=2026-01-04, keterangan='Md/2601-0125; Keterangan : ;') | [seq_in_nobukti] SB/NI/2601-0125 (id=2548, cabang=1, tgl=2026-01-25, keterangan='') | [seq_in_nobukti] SB/VT/2601-0125 (id=2436, cabang=1, tgl=2026-01-24, keterangan='') | [seq_in_nobukti] SB/WS/2601-0125 (id=2296, cabang=1, tgl=2026-01-23, keterangan='') | [seq_in_keterangan] SB/FR/2601-1670 (id=2207, cabang=1, tgl=2026-01-22, keterangan='PT/2601-0125') | [seq_in_keterangan] SB/FR/2601-0688 (id=709, cabang=1, tgl=2026-01-09, keterangan='VX/2601-0125') | [seq_in_keterangan] SB/FR/2601-0376 (id=391, cabang=1, tgl=2026-01-05, keterangan='WN/2601-0125') | [seq_in_keterangan] SB/FR/2601-0227 (id=228, cabang=1, tgl=2026-01-04, keterangan='NS/2601-0125') | [seq_in_nobukti] SB/FR/2601-0125 (id=126, cabang=1, tgl=2026-01-03, keterangan='NS/2601-0088')"
FR/2601-0348,2601-0348,seq_in_nobukti,"[seq_in_keterangan] CSB/SYS/2604-5221 (id=69890, cabang=2, tgl=2026-01-30, keterangan='UW/2601-0348; Keterangan : ;') | [seq_in_keterangan] CSB/SYS/2604-2219 (id=66888, cabang=2, tgl=2026-01-14, keterangan='FZ/2601-0348; Keterangan : ;') | [seq_in_keterangan] CSB/SYS/2604-1908 (id=66577, cabang=2, tgl=2026-01-12, keterangan='SI/2601-0348; Keterangan : ;') | [seq_in_keterangan] CSB/SYS/2604-1905 (id=66574, cabang=2, tgl=2026-01-12, keterangan='Wl/2601-0348; Keterangan : ;') | [seq_in_keterangan] CSB/SYS/2604-1835 (id=66504, cabang=2, tgl=2026-01-12, keterangan='IN/2601-0348; Keterangan : ;') | [seq_in_keterangan] CSB/SYS/2604-1657 (id=66326, cabang=2, tgl=2026-01-11, keterangan='Ma/2601-0348; Keterangan : ;') | [seq_in_keterangan] KRT/SYS/2603-2147 (id=39604, cabang=5, tgl=2026-01-07, keterangan='An/2601-0348; Keterangan : ;') | [seq_in_keterangan] KRT/SYS/2603-2126 (id=39583, cabang=5, tgl=2026-01-06, keterangan='Pa/2601-0348-01; Keterangan : (Revisi Dokumen Pa/2601-0348);') | [seq_in_keterangan] KRT/SYS/2603-1740 (id=39197, cabang=5, tgl=2026-01-05, keterangan='Wa/2601-0348; Keterangan : ;') | [seq_in_keterangan] MDR/SYS/2602-2466 (id=7103, cabang=4, tgl=2026-01-31, keterangan='GI/2601-0348; Keterangan : ;') | [seq_in_keterangan] MDR/SYS/2602-0919 (id=5556, cabang=4, tgl=2026-01-13, keterangan='MR/2601-0348; Keterangan : ;') | [seq_in_keterangan] MDR/SYS/2602-0680 (id=5317, cabang=4, tgl=2026-01-10, keterangan='Md/2601-0348; Keterangan : ;') | [seq_in_nobukti] SB/NI/2601-0348 (id=4543, cabang=1, tgl=2026-02-11, keterangan='') | [seq_in_nobukti] SB/WS/2601-0348 (id=2831, cabang=1, tgl=2026-01-28, keterangan='') | [seq_in_keterangan] SB/FR/2601-1107 (id=1170, cabang=1, tgl=2026-01-13, keterangan='WN/2601-0348') | [seq_in_keterangan] SB/FR/2601-0728 (id=749, cabang=1, tgl=2026-01-10, keterangan='NS/2601-0348') | [seq_in_nobukti] SB/FR/2601-0348 (id=363, cabang=1, tgl=2026-01-05, keterangan='VX/2601-0067')"
FR/2601-0347,2601-0347,seq_in_nobukti,"[seq_in_keterangan] CSB/SYS/2604-5220 (id=69889, cabang=2, tgl=2026-01-30, keterangan='UW/2601-0347; Keterangan : ;') | [seq_in_keterangan] CSB/SYS/2604-2218 (id=66887, cabang=2, tgl=2026-01-14, keterangan='FZ/2601-0347; Keterangan : ;') | [seq_in_keterangan] CSB/SYS/2604-1907 (id=66576, cabang=2, tgl=2026-01-12, keterangan='SI/2601-0347; Keterangan : ;') | [seq_in_keterangan] CSB/SYS/2604-1904 (id=66573, cabang=2, tgl=2026-01-12, keterangan='Wl/2601-0347; Keterangan : ;') | [seq_in_keterangan] CSB/SYS/2604-1834 (id=66503, cabang=2, tgl=2026-01-12, keterangan='IN/2601-0347; Keterangan : ;') | [seq_in_keterangan] CSB/SYS/2604-1656 (id=66325, cabang=2, tgl=2026-01-11, keterangan='Ma/2601-0347; Keterangan : ;') | [seq_in_keterangan] KRT/SYS/2603-2146 (id=39603, cabang=5, tgl=2026-01-07, keterangan='An/2601-0347; Keterangan : ;') | [seq_in_keterangan] KRT/SYS/2603-2112 (id=39569, cabang=5, tgl=2026-01-06, keterangan='Pa/2601-0347; Keterangan : ;') | [seq_in_keterangan] KRT/SYS/2603-1739 (id=39196, cabang=5, tgl=2026-01-05, keterangan='Wa/2601-0347; Keterangan : ;') | [seq_in_keterangan] MDR/SYS/2602-2465 (id=7102, cabang=4, tgl=2026-01-31, keterangan='GI/2601-0347; Keterangan : ;') | [seq_in_keterangan] MDR/SYS/2602-0918 (id=5555, cabang=4, tgl=2026-01-13, keterangan='MR/2601-0347; Keterangan : ;') | [seq_in_keterangan] MDR/SYS/2602-0679 (id=5316, cabang=4, tgl=2026-01-10, keterangan='Md/2601-0347; Keterangan : ;') | [seq_in_nobukti] SB/NI/2601-0347 (id=4542, cabang=1, tgl=2026-02-11, keterangan='') | [seq_in_nobukti] SB/WS/2601-0347 (id=2830, cabang=1, tgl=2026-01-28, keterangan='') | [seq_in_keterangan] SB/FR/2601-1106 (id=1169, cabang=1, tgl=2026-01-13, keterangan='WN/2601-0347') | [seq_in_keterangan] SB/FR/2601-0727 (id=748, cabang=1, tgl=2026-01-10, keterangan='NS/2601-0347') | [seq_in_nobukti] SB/FR/2601-0347 (id=362, cabang=1, tgl=2026-01-05, keterangan='VX/2601-0066')"
FR/2601-0460,2601-0460,seq_in_nobukti,"[seq_in_keterangan] CSB/SYS/2604-2721 (id=67390, cabang=2, tgl=2026-01-16, keterangan='SI/2601-0460; Keterangan : ;') | [seq_in_keterangan] CSB/SYS/2604-2683 (id=67352, cabang=2, tgl=2026-01-16, keterangan='FZ/2601-0460; Keterangan : ;') | [seq_in_keterangan] CSB/SYS/2604-2459 (id=67128, cabang=2, tgl=2026-01-15, keterangan='IN/2601-0460; Keterangan : ;') | [seq_in_keterangan] CSB/SYS/2604-2391 (id=67060, cabang=2, tgl=2026-01-15, keterangan='Wl/2601-0460; Keterangan : ;') | [seq_in_keterangan] CSB/SYS/2604-2055 (id=66724, cabang=2, tgl=2026-01-13, keterangan='Ma/2601-0460; Keterangan : ;') | [seq_in_keterangan] KRT/SYS/2603-2676 (id=40133, cabang=5, tgl=2026-01-09, keterangan='An/2601-0460; Keterangan : ;') | [seq_in_keterangan] KRT/SYS/2603-2412 (id=39869, cabang=5, tgl=2026-01-08, keterangan='Pa/2601-0460; Keterangan : ;') | [seq_in_keterangan] KRT/SYS/2603-2066 (id=39523, cabang=5, tgl=2026-01-06, keterangan='Wa/2601-0460; Keterangan : ;') | [seq_in_keterangan] MDR/SYS/2602-1248 (id=5885, cabang=4, tgl=2026-01-16, keterangan='MR/2601-0460; Keterangan : ;') | [seq_in_keterangan] MDR/SYS/2602-0835 (id=5472, cabang=4, tgl=2026-01-12, keterangan='Md/2601-0460; Keterangan : ;') | [seq_in_keterangan] SB/FR/2601-1479 (id=1868, cabang=1, tgl=2026-01-19, keterangan='WN/2601-0460') | [seq_in_keterangan] SB/FR/2601-0957 (id=978, cabang=1, tgl=2026-01-12, keterangan='NS/2601-0460') | [seq_in_nobukti] SB/FR/2601-0460 (id=475, cabang=1, tgl=2026-01-06, keterangan='WN/2601-0164')"
AP/2601-0001,2601-0001,seq_in_nobukti,"[seq_in_keterangan] CSB/SYS/2604-0171 (id=64840, cabang=2, tgl=2026-01-02, keterangan='UW/2601-0001; Keterangan : ;') | [seq_in_keterangan] CSB/SYS/2604-0127 (id=64796, cabang=2, tgl=2026-01-02, keterangan='SI/2601-0001; Keterangan : ;') | [seq_in_keterangan] CSB/SYS/2604-0063 (id=64732, cabang=2, tgl=2026-01-02, keterangan='Ma/2601-0001; Keterangan : ;') | [seq_in_keterangan] CSB/SYS/2604-0036 (id=64705, cabang=2, tgl=2026-01-02, keterangan='Wl/2601-0001; Keterangan : ;') | [seq_in_keterangan] CSB/SYS/2604-0010 (id=64679, cabang=2, tgl=2026-01-02, keterangan='IN/2601-0001; Keterangan : ;') | [seq_in_keterangan] CSB/SYS/2604-0001 (id=64670, cabang=2, tgl=2026-01-02, keterangan='FZ/2601-0001; Keterangan : ;') | [seq_in_keterangan] KRT/SYS/2603-1134 (id=38591, cabang=5, tgl=2026-01-02, keterangan='Pa/2601-0001; Keterangan : ;') | [seq_in_keterangan] KRT/SYS/2603-1062 (id=38519, cabang=5, tgl=2026-01-02, keterangan='An/2601-0001; Keterangan : ;') | [seq_in_keterangan] KRT/SYS/2603-0954 (id=38411, cabang=5, tgl=2026-01-02, keterangan='Wa/2601-0001; Keterangan : ;') | [seq_in_keterangan] KRT/SYS/2603-0952 (id=38409, cabang=5, tgl=2026-01-02, keterangan='VA/2601-0001; Keterangan : ;') | [seq_in_keterangan] KRT/SYS/2602-4003 (id=13938, cabang=5, tgl=2026-01-29, keterangan='FN/2601-0001; Keterangan : ;') | [seq_in_keterangan] KRT/SYS/2602-3789 (id=13724, cabang=5, tgl=2026-01-28, keterangan='20/2601-0001; Keterangan : ;') | [seq_in_keterangan] MDR/SYS/2602-0365 (id=5002, cabang=4, tgl=2026-01-06, keterangan='CS/2601-0001; Keterangan : ;') | [seq_in_keterangan] MDR/SYS/2602-0041 (id=4678, cabang=4, tgl=2026-01-02, keterangan='Md/2601-0001; Keterangan : ;') | [seq_in_keterangan] MDR/SYS/2602-0009 (id=4646, cabang=4, tgl=2026-01-02, keterangan='MR/2601-0001; Keterangan : ;') | [seq_in_keterangan] MDR/SYS/2602-0002 (id=4639, cabang=4, tgl=2026-01-02, keterangan='GI/2601-0001; Keterangan : ;') | [seq_in_keterangan] MDR/SYS/2602-0001 (id=4638, cabang=4, tgl=2026-01-02, keterangan='FS/2601-0001; Keterangan : ;') | [seq_in_nobukti] SB/WS/2601-0001 (id=1439, cabang=1, tgl=2026-01-15, keterangan='') | [seq_in_nobukti] SB/PT/2601-0001 (id=1438, cabang=1, tgl=2026-01-15, keterangan='') | [seq_in_nobukti] SB/VT/2601-0001 (id=1428, cabang=1, tgl=2026-01-15, keterangan='') | [seq_in_nobukti] SB/NI/2601-0001 (id=1395, cabang=1, tgl=2026-01-15, keterangan='') | [seq_in_nobukti] SB/RN/2601-0001 (id=525, cabang=1, tgl=2026-01-07, keterangan='') | [seq_in_keterangan] SB/FR/2601-0061 (id=62, cabang=1, tgl=2026-01-02, keterangan='WN/2601-0001') | [seq_in_keterangan] SB/FR/2601-0047 (id=48, cabang=1, tgl=2026-01-02, keterangan='VX/2601-0001') | [seq_in_keterangan] SB/FR/2601-0046 (id=47, cabang=1, tgl=2026-01-02, keterangan='Pt/2601-0001') | [seq_in_nobukti] SB/FR/2601-0001 (id=2, cabang=1, tgl=2026-01-02, keterangan='NS/2601-0001')"
FR/2601-0433,2601-0433,seq_in_nobukti,"[seq_in_keterangan] CSB/SYS/2604-2695 (id=67364, cabang=2, tgl=2026-01-16, keterangan='SI/2601-0433; Keterangan : ;') | [seq_in_keterangan] CSB/SYS/2604-2605 (id=67274, cabang=2, tgl=2026-01-16, keterangan='FZ/2601-0433; Keterangan : ;') | [seq_in_keterangan] CSB/SYS/2604-2357 (id=67026, cabang=2, tgl=2026-01-15, keterangan='IN/2601-0433; Keterangan : ;') | [seq_in_keterangan] CSB/SYS/2604-2290 (id=66959, cabang=2, tgl=2026-01-14, keterangan='Wl/2601-0433; Keterangan : ;') | [seq_in_keterangan] CSB/SYS/2604-2028 (id=66697, cabang=2, tgl=2026-01-13, keterangan='Ma/2601-0433; Keterangan : ;') | [seq_in_keterangan] KRT/SYS/2603-2564 (id=40021, cabang=5, tgl=2026-01-08, keterangan='An/2601-0433; Keterangan : ;') | [seq_in_keterangan] KRT/SYS/2603-2386 (id=39843, cabang=5, tgl=2026-01-08, keterangan='Pa/2601-0433; Keterangan : ;') | [seq_in_keterangan] KRT/SYS/2603-2039 (id=39496, cabang=5, tgl=2026-01-06, keterangan='Wa/2601-0433; Keterangan : ;') | [seq_in_keterangan] MDR/SYS/2602-1109 (id=5746, cabang=4, tgl=2026-01-15, keterangan='MR/2601-0433; Keterangan : ;') | [seq_in_keterangan] MDR/SYS/2602-0808 (id=5445, cabang=4, tgl=2026-01-12, keterangan='Md/2601-0433; Keterangan : ;') | [seq_in_nobukti] SB/WS/2601-0433 (id=4516, cabang=1, tgl=2026-02-11, keterangan='') | [seq_in_keterangan] SB/FR/2601-1406 (id=1793, cabang=1, tgl=2026-01-18, keterangan='WN/2601-0433') | [seq_in_keterangan] SB/FR/2601-0932 (id=953, cabang=1, tgl=2026-01-12, keterangan='NS/2601-0433') | [seq_in_nobukti] SB/FR/2601-0433 (id=448, cabang=1, tgl=2026-01-06, keterangan='VX/2601-0077')"
FR/2601-0432,2601-0432,seq_in_nobukti,"[seq_in_keterangan] CSB/SYS/2604-2694 (id=67363, cabang=2, tgl=2026-01-16, keterangan='SI/2601-0432; Keterangan : ;') | [seq_in_keterangan] CSB/SYS/2604-2604 (id=67273, cabang=2, tgl=2026-01-16, keterangan='FZ/2601-0432; Keterangan : ;') | [seq_in_keterangan] CSB/SYS/2604-2356 (id=67025, cabang=2, tgl=2026-01-15, keterangan='IN/2601-0432; Keterangan : ;') | [seq_in_keterangan] CSB/SYS/2604-2289 (id=66958, cabang=2, tgl=2026-01-14, keterangan='Wl/2601-0432; Keterangan : ;') | [seq_in_keterangan] CSB/SYS/2604-2027 (id=66696, cabang=2, tgl=2026-01-13, keterangan='Ma/2601-0432; Keterangan : ;') | [seq_in_keterangan] KRT/SYS/2603-2563 (id=40020, cabang=5, tgl=2026-01-08, keterangan='An/2601-0432; Keterangan : ;') | [seq_in_keterangan] KRT/SYS/2603-2385 (id=39842, cabang=5, tgl=2026-01-08, keterangan='Pa/2601-0432; Keterangan : ;') | [seq_in_keterangan] KRT/SYS/2603-2038 (id=39495, cabang=5, tgl=2026-01-06, keterangan='Wa/2601-0432; Keterangan : ;') | [seq_in_keterangan] MDR/SYS/2602-1108 (id=5745, cabang=4, tgl=2026-01-15, keterangan='MR/2601-0432; Keterangan : ;') | [seq_in_keterangan] MDR/SYS/2602-0807 (id=5444, cabang=4, tgl=2026-01-12, keterangan='Md/2601-0432; Keterangan : ;') | [seq_in_nobukti] SB/WS/2601-0432 (id=4515, cabang=1, tgl=2026-02-11, keterangan='') | [seq_in_keterangan] SB/FR/2601-1405 (id=1792, cabang=1, tgl=2026-01-18, keterangan='WN/2601-0432') | [seq_in_keterangan] SB/FR/2601-0931 (id=952, cabang=1, tgl=2026-01-12, keterangan='NS/2601-0432') | [seq_in_nobukti] SB/FR/2601-0432 (id=447, cabang=1, tgl=2026-01-06, keterangan='VX/2601-0076')"
FR/2601-0459,2601-0459,seq_in_nobukti,"[seq_in_keterangan] CSB/SYS/2604-2720 (id=67389, cabang=2, tgl=2026-01-16, keterangan='SI/2601-0459; Keterangan : ;') | [seq_in_keterangan] CSB/SYS/2604-2682 (id=67351, cabang=2, tgl=2026-01-16, keterangan='FZ/2601-0459; Keterangan : ;') | [seq_in_keterangan] CSB/SYS/2604-2458 (id=67127, cabang=2, tgl=2026-01-15, keterangan='IN/2601-0459; Keterangan : ;') | [seq_in_keterangan] CSB/SYS/2604-2390 (id=67059, cabang=2, tgl=2026-01-15, keterangan='Wl/2601-0459; Keterangan : ;') | [seq_in_keterangan] CSB/SYS/2604-2054 (id=66723, cabang=2, tgl=2026-01-13, keterangan='Ma/2601-0459; Keterangan : ;') | [seq_in_keterangan] KRT/SYS/2603-2675 (id=40132, cabang=5, tgl=2026-01-09, keterangan='An/2601-0459; Keterangan : ;') | [seq_in_keterangan] KRT/SYS/2603-2411 (id=39868, cabang=5, tgl=2026-01-08, keterangan='Pa/2601-0459; Keterangan : ;') | [seq_in_keterangan] KRT/SYS/2603-2065 (id=39522, cabang=5, tgl=2026-01-06, keterangan='Wa/2601-0459; Keterangan : ;') | [seq_in_keterangan] MDR/SYS/2602-1247 (id=5884, cabang=4, tgl=2026-01-16, keterangan='MR/2601-0459; Keterangan : ;') | [seq_in_keterangan] MDR/SYS/2602-0834 (id=5471, cabang=4, tgl=2026-01-12, keterangan='Md/2601-0459; Keterangan : ;') | [seq_in_keterangan] SB/FR/2601-1524 (id=1919, cabang=1, tgl=2026-01-19, keterangan='WN/2601-0459') | [seq_in_keterangan] SB/FR/2601-1478 (id=1867, cabang=1, tgl=2026-01-19, keterangan='WN/2601-0459') | [seq_in_keterangan] SB/FR/2601-0956 (id=977, cabang=1, tgl=2026-01-12, keterangan='NS/2601-0459') | [seq_in_nobukti] SB/FR/2601-0459 (id=474, cabang=1, tgl=2026-01-06, keterangan='WN/2601-0163')"
PT/2601-0137,2601-0137,seq_in_nobukti,"[seq_in_keterangan] CSB/SYS/2604-1718 (id=66387, cabang=2, tgl=2026-01-11, keterangan='UW/2601-0137; Keterangan : ;') | [seq_in_keterangan] CSB/SYS/2604-0832 (id=65501, cabang=2, tgl=2026-01-06, keterangan='FZ/2601-0137; Keterangan : ;') | [seq_in_keterangan] CSB/SYS/2604-0808 (id=65477, cabang=2, tgl=2026-01-06, keterangan='Wl/2601-0137; Keterangan : ;') | [seq_in_keterangan] CSB/SYS/2604-0744 (id=65413, cabang=2, tgl=2026-01-05, keterangan='SI/2601-0137; Keterangan : ;') | [seq_in_keterangan] CSB/SYS/2604-0731 (id=65400, cabang=2, tgl=2026-01-05, keterangan='Ma/2601-0137; Keterangan : ;') | [seq_in_keterangan] CSB/SYS/2604-0666 (id=65335, cabang=2, tgl=2026-01-05, keterangan='IN/2601-0137; Keterangan : ;') | [seq_in_keterangan] KRT/SYS/2603-1580 (id=39037, cabang=5, tgl=2026-01-04, keterangan='An/2601-0137; Keterangan : ;') | [seq_in_keterangan] KRT/SYS/2603-1427 (id=38884, cabang=5, tgl=2026-01-03, keterangan='Pa/2601-0137; Keterangan : ;') | [seq_in_keterangan] KRT/SYS/2603-1321 (id=38778, cabang=5, tgl=2026-01-03, keterangan='Wa/2601-0137; Keterangan : ;') | [seq_in_keterangan] MDR/SYS/2602-1167 (id=5804, cabang=4, tgl=2026-01-15, keterangan='GI/2601-0137; Keterangan : ;') | [seq_in_keterangan] MDR/SYS/2602-0377 (id=5014, cabang=4, tgl=2026-01-06, keterangan='MR/2601-0137; Keterangan : ;') | [seq_in_keterangan] MDR/SYS/2602-0242 (id=4879, cabang=4, tgl=2026-01-04, keterangan='Md/2601-0137; Keterangan : ;') | [seq_in_keterangan] SB/FR/2601-1776 (id=2937, cabang=1, tgl=2026-01-29, keterangan='Pt/2601-0137') | [seq_in_nobukti] SB/NI/2601-0137 (id=2676, cabang=1, tgl=2026-01-26, keterangan='') | [seq_in_nobukti] SB/VT/2601-0137 (id=2448, cabang=1, tgl=2026-01-24, keterangan='') | [seq_in_nobukti] SB/WS/2601-0137 (id=2374, cabang=1, tgl=2026-01-24, keterangan='') | [seq_in_keterangan] SB/FR/2601-0851 (id=872, cabang=1, tgl=2026-01-11, keterangan='VX/2601-0137') | [seq_in_keterangan] SB/FR/2601-0388 (id=403, cabang=1, tgl=2026-01-05, keterangan='WN/2601-0137') | [seq_in_keterangan] SB/FR/2601-0239 (id=240, cabang=1, tgl=2026-01-04, keterangan='NS/2601-0137') | [seq_in_nobukti] SB/FR/2601-0137 (id=138, cabang=1, tgl=2026-01-03, keterangan='VX/2601-0022')"
PT/2601-0133,2601-0133,seq_in_nobukti,"[seq_in_keterangan] CSB/SYS/2604-1446 (id=66115, cabang=2, tgl=2026-01-10, keterangan='UW/2601-0133; Keterangan : ;') | [seq_in_keterangan] CSB/SYS/2604-0828 (id=65497, cabang=2, tgl=2026-01-06, keterangan='FZ/2601-0133; Keterangan : ;') | [seq_in_keterangan] CSB/SYS/2604-0740 (id=65409, cabang=2, tgl=2026-01-05, keterangan='SI/2601-0133; Keterangan : ;') | [seq_in_keterangan] CSB/SYS/2604-0727 (id=65396, cabang=2, tgl=2026-01-05, keterangan='Ma/2601-0133; Keterangan : ;') | [seq_in_keterangan] CSB/SYS/2604-0717 (id=65386, cabang=2, tgl=2026-01-05, keterangan='Wl/2601-0133; Keterangan : ;') | [seq_in_keterangan] CSB/SYS/2604-0662 (id=65331, cabang=2, tgl=2026-01-05, keterangan='IN/2601-0133; Keterangan : ;') | [seq_in_keterangan] KRT/SYS/2603-1423 (id=38880, cabang=5, tgl=2026-01-03, keterangan='Pa/2601-0133; Keterangan : ;') | [seq_in_keterangan] KRT/SYS/2603-1317 (id=38774, cabang=5, tgl=2026-01-03, keterangan='Wa/2601-0133; Keterangan : ;') | [seq_in_keterangan] KRT/SYS/2603-1294 (id=38751, cabang=5, tgl=2026-01-03, keterangan='An/2601-0133; Keterangan : ;') | [seq_in_keterangan] MDR/SYS/2602-1075 (id=5712, cabang=4, tgl=2026-01-14, keterangan='GI/2601-0133; Keterangan : ;') | [seq_in_keterangan] MDR/SYS/2602-0238 (id=4875, cabang=4, tgl=2026-01-04, keterangan='Md/2601-0133; Keterangan : ;') | [seq_in_keterangan] SB/FR/2601-1772 (id=2933, cabang=1, tgl=2026-01-29, keterangan='Pt/2601-0133') | [seq_in_nobukti] SB/NI/2601-0133 (id=2672, cabang=1, tgl=2026-01-26, keterangan='') | [seq_in_nobukti] SB/VT/2601-0133 (id=2444, cabang=1, tgl=2026-01-24, keterangan='') | [seq_in_nobukti] SB/WS/2601-0133 (id=2359, cabang=1, tgl=2026-01-23, keterangan='') | [seq_in_keterangan] SB/FR/2601-0847 (id=868, cabang=1, tgl=2026-01-11, keterangan='VX/2601-0133') | [seq_in_keterangan] SB/FR/2601-0384 (id=399, cabang=1, tgl=2026-01-05, keterangan='WN/2601-0133') | [seq_in_keterangan] SB/FR/2601-0235 (id=236, cabang=1, tgl=2026-01-04, keterangan='NS/2601-0133') | [seq_in_nobukti] SB/FR/2601-0133 (id=134, cabang=1, tgl=2026-01-03, keterangan='VX/2601-0018')"
FR/2601-0727,2601-0727,seq_in_nobukti,"[seq_in_keterangan] CSB/SYS/2604-4615 (id=69284, cabang=2, tgl=2026-01-26, keterangan='SI/2601-0727; Keterangan : ;') | [seq_in_keterangan] CSB/SYS/2604-4058 (id=68727, cabang=2, tgl=2026-01-23, keterangan='FZ/2601-0727; Keterangan : ;') | [seq_in_keterangan] CSB/SYS/2604-3960 (id=68629, cabang=2, tgl=2026-01-23, keterangan='IN/2601-0727; Keterangan : ;') | [seq_in_keterangan] CSB/SYS/2604-3454 (id=68123, cabang=2, tgl=2026-01-20, keterangan='Wl/2601-0727; Keterangan : ;') | [seq_in_keterangan] CSB/SYS/2604-3354 (id=68023, cabang=2, tgl=2026-01-20, keterangan='Ma/2601-0727; Keterangan : ;') | [seq_in_keterangan] KRT/SYS/2603-2632 (id=40089, cabang=5, tgl=2026-01-09, keterangan='Wa/2601-0727; Keterangan : ;') | [seq_in_keterangan] KRT/SYS/2602-0673 (id=10608, cabang=5, tgl=2026-01-12, keterangan='An/2601-0727; Keterangan : ;') | [seq_in_keterangan] KRT/SYS/2602-0301 (id=10236, cabang=5, tgl=2026-01-11, keterangan='Pa/2601-0727; Keterangan : ;') | [seq_in_keterangan] MDR/SYS/2602-1987 (id=6624, cabang=4, tgl=2026-01-25, keterangan='MR/2601-0727; Keterangan : ;') | [seq_in_keterangan] SB/FR/2601-1559 (id=1954, cabang=1, tgl=2026-01-20, keterangan='NS/2601-0727') | [seq_in_nobukti] SB/FR/2601-0727 (id=748, cabang=1, tgl=2026-01-10, keterangan='NS/2601-0347')"
FR/2601-0544,2601-0544,seq_in_nobukti,"[seq_in_keterangan] CSB/SYS/2604-3529 (id=68198, cabang=2, tgl=2026-01-20, keterangan='SI/2601-0544; Keterangan : ;') | [seq_in_keterangan] CSB/SYS/2604-3143 (id=67812, cabang=2, tgl=2026-01-19, keterangan='FZ/2601-0544; Keterangan : ;') | [seq_in_keterangan] CSB/SYS/2604-3022 (id=67691, cabang=2, tgl=2026-01-18, keterangan='IN/2601-0544; Keterangan : ;') | [seq_in_keterangan] CSB/SYS/2604-2751 (id=67420, cabang=2, tgl=2026-01-17, keterangan='Wl/2601-0544; Keterangan : ;') | [seq_in_keterangan] CSB/SYS/2604-2502 (id=67171, cabang=2, tgl=2026-01-15, keterangan='Ma/2601-0544; Keterangan : ;') | [seq_in_keterangan] KRT/SYS/2603-2804 (id=40261, cabang=5, tgl=2026-01-09, keterangan='Pa/2601-0544; Keterangan : ;') | [seq_in_keterangan] KRT/SYS/2603-2335 (id=39792, cabang=5, tgl=2026-01-07, keterangan='Wa/2601-0544; Keterangan : ;') | [seq_in_keterangan] KRT/SYS/2602-0208 (id=10143, cabang=5, tgl=2026-01-10, keterangan='An/2601-0544; Keterangan : ;') | [seq_in_keterangan] MDR/SYS/2602-1452 (id=6089, cabang=4, tgl=2026-01-19, keterangan='MR/2601-0544; Keterangan : ;') | [seq_in_keterangan] MDR/SYS/2602-1115 (id=5752, cabang=4, tgl=2026-01-15, keterangan='Md/2601-0544; Keterangan : ;') | [seq_in_keterangan] SB/FR/2601-1789 (id=2950, cabang=1, tgl=2026-01-29, keterangan='WN/2601-0544') | [seq_in_keterangan] SB/FR/2601-1155 (id=1342, cabang=1, tgl=2026-01-14, keterangan='NS/2601-0544') | [seq_in_nobukti] SB/FR/2601-0544 (id=561, cabang=1, tgl=2026-01-08, keterangan='NS/2601-0251')"
FR/2601-0547,2601-0547,seq_in_nobukti,"[seq_in_keterangan] CSB/SYS/2604-3532 (id=68201, cabang=2, tgl=2026-01-20, keterangan='SI/2601-0547; Keterangan : ;') | [seq_in_keterangan] CSB/SYS/2604-3025 (id=67694, cabang=2, tgl=2026-01-18, keterangan='IN/2601-0547; Keterangan : ;') | [seq_in_keterangan] CSB/SYS/2604-2754 (id=67423, cabang=2, tgl=2026-01-17, keterangan='Wl/2601-0547; Keterangan : ;') | [seq_in_keterangan] CSB/SYS/2604-2505 (id=67174, cabang=2, tgl=2026-01-15, keterangan='Ma/2601-0547; Keterangan : ;') | [seq_in_keterangan] KRT/SYS/2603-2807 (id=40264, cabang=5, tgl=2026-01-09, keterangan='Pa/2601-0547; Keterangan : ;') | [seq_in_keterangan] KRT/SYS/2603-2338 (id=39795, cabang=5, tgl=2026-01-07, keterangan='Wa/2601-0547; Keterangan : ;') | [seq_in_keterangan] KRT/SYS/2602-0211 (id=10146, cabang=5, tgl=2026-01-10, keterangan='An/2601-0547; Keterangan : ;') | [seq_in_keterangan] MDR/SYS/2602-1455 (id=6092, cabang=4, tgl=2026-01-19, keterangan='MR/2601-0547; Keterangan : ;') | [seq_in_keterangan] MDR/SYS/2602-1118 (id=5755, cabang=4, tgl=2026-01-15, keterangan='Md/2601-0547; Keterangan : ;') | [seq_in_keterangan] SB/FR/2601-1792 (id=2953, cabang=1, tgl=2026-01-29, keterangan='WN/2601-0547') | [seq_in_keterangan] SB/FR/2601-1158 (id=1345, cabang=1, tgl=2026-01-14, keterangan='NS/2601-0547') | [seq_in_nobukti] SB/FR/2601-0547 (id=564, cabang=1, tgl=2026-01-08, keterangan='NS/2601-0254')"
FR/2601-0795,2601-0795,seq_in_nobukti,"[seq_in_keterangan] CSB/SYS/2604-4966 (id=69635, cabang=2, tgl=2026-01-28, keterangan='SI/2601-0795; Keterangan : ;') | [seq_in_keterangan] CSB/SYS/2604-4574 (id=69243, cabang=2, tgl=2026-01-26, keterangan='FZ/2601-0795; Keterangan : ;') | [seq_in_keterangan] CSB/SYS/2604-4325 (id=68994, cabang=2, tgl=2026-01-25, keterangan='IN/2601-0795; Keterangan : ;') | [seq_in_keterangan] CSB/SYS/2604-3726 (id=68395, cabang=2, tgl=2026-01-22, keterangan='Wl/2601-0795; Keterangan : ;') | [seq_in_keterangan] CSB/SYS/2604-3593 (id=68262, cabang=2, tgl=2026-01-21, keterangan='Ma/2601-0795; Keterangan : ;') | [seq_in_keterangan] KRT/SYS/2602-0934 (id=10869, cabang=5, tgl=2026-01-13, keterangan='An/2601-0795; Keterangan : ;') | [seq_in_keterangan] KRT/SYS/2602-0471 (id=10406, cabang=5, tgl=2026-01-12, keterangan='Pa/2601-0795; Keterangan : ;') | [seq_in_keterangan] KRT/SYS/2602-0159 (id=10094, cabang=5, tgl=2026-01-10, keterangan='Wa/2601-0795; Keterangan : ;') | [seq_in_keterangan] MDR/SYS/2602-2056 (id=6693, cabang=4, tgl=2026-01-26, keterangan='MR/2601-0795; Keterangan : ;') | [seq_in_keterangan] MDR/SYS/2602-1554 (id=6191, cabang=4, tgl=2026-01-20, keterangan='Md/2601-0795; Keterangan : ;') | [seq_in_keterangan] SB/FR/2601-1745 (id=2906, cabang=1, tgl=2026-01-29, keterangan='NS/2601-0795') | [seq_in_nobukti] SB/FR/2601-0795 (id=816, cabang=1, tgl=2026-01-11, keterangan='NS/2601-0379')"
FR/2601-0726,2601-0726,seq_in_nobukti,"[seq_in_keterangan] CSB/SYS/2604-4614 (id=69283, cabang=2, tgl=2026-01-26, keterangan='SI/2601-0726; Keterangan : ;') | [seq_in_keterangan] CSB/SYS/2604-4057 (id=68726, cabang=2, tgl=2026-01-23, keterangan='FZ/2601-0726; Keterangan : ;') | [seq_in_keterangan] CSB/SYS/2604-3959 (id=68628, cabang=2, tgl=2026-01-23, keterangan='IN/2601-0726; Keterangan : ;') | [seq_in_keterangan] CSB/SYS/2604-3453 (id=68122, cabang=2, tgl=2026-01-20, keterangan='Wl/2601-0726; Keterangan : ;') | [seq_in_keterangan] CSB/SYS/2604-3353 (id=68022, cabang=2, tgl=2026-01-20, keterangan='Ma/2601-0726; Keterangan : ;') | [seq_in_keterangan] KRT/SYS/2603-2631 (id=40088, cabang=5, tgl=2026-01-09, keterangan='Wa/2601-0726; Keterangan : ;') | [seq_in_keterangan] KRT/SYS/2602-0672 (id=10607, cabang=5, tgl=2026-01-12, keterangan='An/2601-0726; Keterangan : ;') | [seq_in_keterangan] KRT/SYS/2602-0300 (id=10235, cabang=5, tgl=2026-01-11, keterangan='Pa/2601-0726; Keterangan : ;') | [seq_in_keterangan] MDR/SYS/2602-1986 (id=6623, cabang=4, tgl=2026-01-25, keterangan='MR/2601-0726; Keterangan : ;') | [seq_in_keterangan] MDR/SYS/2602-1479 (id=6116, cabang=4, tgl=2026-01-19, keterangan='Md/2601-0726; Keterangan : ;') | [seq_in_keterangan] SB/FR/2601-1558 (id=1953, cabang=1, tgl=2026-01-20, keterangan='NS/2601-0726') | [seq_in_nobukti] SB/FR/2601-0726 (id=747, cabang=1, tgl=2026-01-10, keterangan='NS/2601-0346')"
FR/2601-0843,2601-0843,seq_in_nobukti,"[seq_in_keterangan] CSB/SYS/2604-5165 (id=69834, cabang=2, tgl=2026-01-29, keterangan='SI/2601-0843; Keterangan : ;') | [seq_in_keterangan] CSB/SYS/2604-4877 (id=69546, cabang=2, tgl=2026-01-28, keterangan='FZ/2601-0843; Keterangan : ;') | [seq_in_keterangan] CSB/SYS/2604-4499 (id=69168, cabang=2, tgl=2026-01-26, keterangan='IN/2601-0843; Keterangan : ;') | [seq_in_keterangan] CSB/SYS/2604-3941 (id=68610, cabang=2, tgl=2026-01-23, keterangan='Wl/2601-0843; Keterangan : ;') | [seq_in_keterangan] CSB/SYS/2604-3804 (id=68473, cabang=2, tgl=2026-01-22, keterangan='Ma/2601-0843; Keterangan : ;') | [seq_in_keterangan] KRT/SYS/2602-1054 (id=10989, cabang=5, tgl=2026-01-14, keterangan='An/2601-0843; Keterangan : ;') | [seq_in_keterangan] KRT/SYS/2602-0844 (id=10779, cabang=5, tgl=2026-01-13, keterangan='Pa/2601-0843; Keterangan : ;') | [seq_in_keterangan] KRT/SYS/2602-0323 (id=10258, cabang=5, tgl=2026-01-11, keterangan='Wa/2601-0843; Keterangan : ;') | [seq_in_keterangan] MDR/SYS/2602-2245 (id=6882, cabang=4, tgl=2026-01-28, keterangan='MR/2601-0843; Keterangan : ;') | [seq_in_keterangan] MDR/SYS/2602-1683 (id=6320, cabang=4, tgl=2026-01-22, keterangan='Md/2601-0843; Keterangan : ;') | [seq_in_nobukti] SB/FR/2601-0843 (id=864, cabang=1, tgl=2026-01-11, keterangan='PT/2601-0059')"
FR/2601-0945,2601-0945,seq_in_nobukti,"[seq_in_keterangan] CSB/SYS/2604-5358 (id=70027, cabang=2, tgl=2026-01-31, keterangan='FZ/2601-0945; Keterangan : ;') | [seq_in_keterangan] CSB/SYS/2604-5094 (id=69763, cabang=2, tgl=2026-01-29, keterangan='IN/2601-0945; Keterangan : ;') | [seq_in_keterangan] CSB/SYS/2604-4414 (id=69083, cabang=2, tgl=2026-01-25, keterangan='Wl/2601-0945; Keterangan : ;') | [seq_in_keterangan] CSB/SYS/2604-4347 (id=69016, cabang=2, tgl=2026-01-25, keterangan='Ma/2601-0945; Keterangan : ;') | [seq_in_keterangan] KRT/SYS/2602-1329 (id=11264, cabang=5, tgl=2026-01-15, keterangan='An/2601-0945; Keterangan : ;') | [seq_in_keterangan] KRT/SYS/2602-1143 (id=11078, cabang=5, tgl=2026-01-14, keterangan='Pa/2601-0945; Keterangan : ;') | [seq_in_keterangan] MDR/SYS/2602-2494 (id=7131, cabang=4, tgl=2026-01-31, keterangan='MR/2601-0945; Keterangan : ;') | [seq_in_keterangan] MDR/SYS/2602-1913 (id=6550, cabang=4, tgl=2026-01-24, keterangan='Md/2601-0945; Keterangan : ;') | [seq_in_nobukti] SB/FR/2601-0945 (id=966, cabang=1, tgl=2026-01-12, keterangan='NS/2601-0447')"
FR/2601-0890,2601-0890,seq_in_nobukti,"[seq_in_keterangan] CSB/SYS/2604-5562 (id=70231, cabang=2, tgl=2026-01-31, keterangan='SI/2601-0890; Keterangan : ;') | [seq_in_keterangan] CSB/SYS/2604-5130 (id=69799, cabang=2, tgl=2026-01-29, keterangan='FZ/2601-0890; Keterangan : ;') | [seq_in_keterangan] CSB/SYS/2604-4717 (id=69386, cabang=2, tgl=2026-01-27, keterangan='IN/2601-0890; Keterangan : ;') | [seq_in_keterangan] CSB/SYS/2604-4132 (id=68801, cabang=2, tgl=2026-01-24, keterangan='Ma/2601-0890; Keterangan : ;') | [seq_in_keterangan] CSB/SYS/2604-4106 (id=68775, cabang=2, tgl=2026-01-24, keterangan='Wl/2601-0890; Keterangan : ;') | [seq_in_keterangan] KRT/SYS/2602-1100 (id=11035, cabang=5, tgl=2026-01-14, keterangan='An/2601-0890; Keterangan : ;') | [seq_in_keterangan] KRT/SYS/2602-0891 (id=10826, cabang=5, tgl=2026-01-13, keterangan='Pa/2601-0890; Keterangan : ;') | [seq_in_keterangan] KRT/SYS/2602-0521 (id=10456, cabang=5, tgl=2026-01-12, keterangan='Wa/2601-0890; Keterangan : ;') | [seq_in_keterangan] MDR/SYS/2602-2377 (id=7014, cabang=4, tgl=2026-01-30, keterangan='MR/2601-0890; Keterangan : ;') | [seq_in_keterangan] MDR/SYS/2602-1783 (id=6420, cabang=4, tgl=2026-01-23, keterangan='Md/2601-0890; Keterangan : ;') | [seq_in_nobukti] SB/FR/2601-0890 (id=911, cabang=1, tgl=2026-01-11, keterangan='WN/2601-0280')"
FR/2601-0877,2601-0877,seq_in_nobukti,"[seq_in_keterangan] CSB/SYS/2604-5323 (id=69992, cabang=2, tgl=2026-01-30, keterangan='SI/2601-0877; Keterangan : ;') | [seq_in_keterangan] CSB/SYS/2604-5089 (id=69758, cabang=2, tgl=2026-01-29, keterangan='FZ/2601-0877; Keterangan : ;') | [seq_in_keterangan] CSB/SYS/2604-4705 (id=69374, cabang=2, tgl=2026-01-27, keterangan='IN/2601-0877; Keterangan : ;') | [seq_in_keterangan] CSB/SYS/2604-4093 (id=68762, cabang=2, tgl=2026-01-24, keterangan='Wl/2601-0877; Keterangan : ;') | [seq_in_keterangan] CSB/SYS/2604-4022 (id=68691, cabang=2, tgl=2026-01-23, keterangan='Ma/2601-0877; Keterangan : ;') | [seq_in_keterangan] KRT/SYS/2602-1087 (id=11022, cabang=5, tgl=2026-01-14, keterangan='An/2601-0877; Keterangan : ;') | [seq_in_keterangan] KRT/SYS/2602-0878 (id=10813, cabang=5, tgl=2026-01-13, keterangan='Pa/2601-0877; Keterangan : ;') | [seq_in_keterangan] KRT/SYS/2602-0509 (id=10444, cabang=5, tgl=2026-01-12, keterangan='Wa/2601-0877; Keterangan : ;') | [seq_in_keterangan] MDR/SYS/2602-2288 (id=6925, cabang=4, tgl=2026-01-29, keterangan='MR/2601-0877; Keterangan : ;') | [seq_in_keterangan] MDR/SYS/2602-1770 (id=6407, cabang=4, tgl=2026-01-23, keterangan='Md/2601-0877; Keterangan : ;') | [seq_in_nobukti] SB/FR/2601-0877 (id=898, cabang=1, tgl=2026-01-11, keterangan='WN/2601-0267')"
FR/2601-0893,2601-0893,seq_in_nobukti,"[seq_in_keterangan] CSB/SYS/2604-5565 (id=70234, cabang=2, tgl=2026-01-31, keterangan='SI/2601-0893; Keterangan : ;') | [seq_in_keterangan] CSB/SYS/2604-5171 (id=69840, cabang=2, tgl=2026-01-30, keterangan='FZ/2601-0893; Keterangan : ;') | [seq_in_keterangan] CSB/SYS/2604-4720 (id=69389, cabang=2, tgl=2026-01-27, keterangan='IN/2601-0893; Keterangan : ;') | [seq_in_keterangan] CSB/SYS/2604-4135 (id=68804, cabang=2, tgl=2026-01-24, keterangan='Ma/2601-0893; Keterangan : ;') | [seq_in_keterangan] CSB/SYS/2604-4109 (id=68778, cabang=2, tgl=2026-01-24, keterangan='Wl/2601-0893; Keterangan : ;') | [seq_in_keterangan] KRT/SYS/2602-1103 (id=11038, cabang=5, tgl=2026-01-14, keterangan='An/2601-0893; Keterangan : ;') | [seq_in_keterangan] KRT/SYS/2602-0894 (id=10829, cabang=5, tgl=2026-01-13, keterangan='Pa/2601-0893; Keterangan : ;') | [seq_in_keterangan] KRT/SYS/2602-0524 (id=10459, cabang=5, tgl=2026-01-12, keterangan='Wa/2601-0893; Keterangan : ;') | [seq_in_keterangan] MDR/SYS/2602-2380 (id=7017, cabang=4, tgl=2026-01-30, keterangan='MR/2601-0893; Keterangan : ;') | [seq_in_keterangan] MDR/SYS/2602-1786 (id=6423, cabang=4, tgl=2026-01-23, keterangan='Md/2601-0893; Keterangan : ;') | [seq_in_nobukti] SB/FR/2601-0893 (id=914, cabang=1, tgl=2026-01-11, keterangan='WN/2601-0283')"
PT/2602-0004,2602-0004,seq_in_nobukti,"[seq_in_keterangan] CSB/SYS/2604-5686 (id=70355, cabang=2, tgl=2026-02-01, keterangan='SI/2602-0004; Keterangan : ;') | [seq_in_keterangan] CSB/SYS/2604-5645 (id=70314, cabang=2, tgl=2026-02-01, keterangan='UW/2602-0004; Keterangan : ;') | [seq_in_keterangan] CSB/SYS/2604-5634 (id=70303, cabang=2, tgl=2026-02-01, keterangan='FZ/2602-0004; Keterangan : ;') | [seq_in_keterangan] CSB/SYS/2604-5615 (id=70284, cabang=2, tgl=2026-02-01, keterangan='IN/2602-0004; Keterangan : ;') | [seq_in_keterangan] CSB/SYS/2604-5599 (id=70268, cabang=2, tgl=2026-02-01, keterangan='Ma/2602-0004; Keterangan : ;') | [seq_in_keterangan] CSB/SYS/2604-5590 (id=70259, cabang=2, tgl=2026-02-01, keterangan='Wl/2602-0004; Keterangan : ;') | [seq_in_nobukti] SB/SYS/2602-0004 (id=29320, cabang=1, tgl=2026-02-20, keterangan='Pt/2602-0101; Keterangan : ;') | [seq_in_keterangan] KRT/SYS/2602-4859 (id=14794, cabang=5, tgl=2026-02-02, keterangan='VA/2602-0004; Keterangan : ;') | [seq_in_keterangan] KRT/SYS/2602-4816 (id=14751, cabang=5, tgl=2026-02-01, keterangan='Pa/2602-0004; Keterangan : ;') | [seq_in_keterangan] KRT/SYS/2602-4786 (id=14721, cabang=5, tgl=2026-02-01, keterangan='An/2602-0004; Keterangan : ;') | [seq_in_keterangan] KRT/SYS/2602-4692 (id=14627, cabang=5, tgl=2026-02-01, keterangan='Wa/2602-0004; Keterangan : ;') | [seq_in_nobukti] KRT/SYS/2602-0004 (id=9939, cabang=5, tgl=2026-01-10, keterangan='VA/2601-0049; Keterangan : ;') | [seq_in_nobukti] SB/V2/2602-0004 (id=8623, cabang=1, tgl=2026-02-15, keterangan='') | [seq_in_keterangan] MDR/SYS/2602-2768 (id=7405, cabang=4, tgl=2026-02-04, keterangan='CS/2602-0004; Keterangan : ;') | [seq_in_keterangan] MDR/SYS/2602-2529 (id=7166, cabang=4, tgl=2026-02-01, keterangan='GI/2602-0004; Keterangan : ;') | [seq_in_keterangan] MDR/SYS/2602-2506 (id=7143, cabang=4, tgl=2026-02-01, keterangan='MR/2602-0004; Keterangan : ;') | [seq_in_nobukti] MDR/SYS/2602-0004 (id=4641, cabang=4, tgl=2026-01-02, keterangan='GI/2601-0003; Keterangan : ;') | [seq_in_nobukti] SB/NI/2602-0004 (id=4579, cabang=1, tgl=2026-02-11, keterangan='') | [seq_in_nobukti] SB/WS/2602-0004 (id=4553, cabang=1, tgl=2026-02-11, keterangan='') | [seq_in_nobukti] SB/PT/2602-0004 (id=4548, cabang=1, tgl=2026-02-11, keterangan='') | [seq_in_nobukti] SB/FR/2602-0004 (id=3253, cabang=1, tgl=2026-02-02, keterangan='')"
NS/2602-0122,2602-0122,seq_in_nobukti,"[seq_in_keterangan] CSB/SYS/2604-7616 (id=72285, cabang=2, tgl=2026-02-10, keterangan='UW/2602-0122; Keterangan : ;') | [seq_in_keterangan] CSB/SYS/2604-6471 (id=71140, cabang=2, tgl=2026-02-05, keterangan='SI/2602-0122; Keterangan : ;') | [seq_in_keterangan] CSB/SYS/2604-6342 (id=71011, cabang=2, tgl=2026-02-05, keterangan='Wl/2602-0122; Keterangan : ;') | [seq_in_keterangan] CSB/SYS/2604-6185 (id=70854, cabang=2, tgl=2026-02-04, keterangan='FZ/2602-0122; Keterangan : ;') | [seq_in_keterangan] CSB/SYS/2604-6113 (id=70782, cabang=2, tgl=2026-02-04, keterangan='Ma/2602-0122; Keterangan : ;') | [seq_in_keterangan] CSB/SYS/2604-5963 (id=70632, cabang=2, tgl=2026-02-03, keterangan='IN/2602-0122; Keterangan : ;') | [seq_in_nobukti] SB/V2/2602-0122 (id=37159, cabang=1, tgl=2026-03-02, keterangan='') | [seq_in_keterangan] SB/SYS/2602-0192 (id=31429, cabang=1, tgl=2026-02-23, keterangan='Pt/2602-0122; Keterangan : ;') | [seq_in_nobukti] SB/SYS/2602-0122 (id=30367, cabang=1, tgl=2026-02-21, keterangan='VX/2602-0218; Keterangan : ;') | [seq_in_keterangan] KRT/SYS/2602-5306 (id=15241, cabang=5, tgl=2026-02-03, keterangan='An/2602-0122; Keterangan : ;') | [seq_in_keterangan] KRT/SYS/2602-5082 (id=15017, cabang=5, tgl=2026-02-02, keterangan='Pa/2602-0122; Keterangan : ;') | [seq_in_nobukti] KRT/SYS/2602-0122 (id=10057, cabang=5, tgl=2026-01-10, keterangan='Wa/2601-0758; Keterangan : ;') | [seq_in_nobukti] SB/WS/2602-0122 (id=8399, cabang=1, tgl=2026-02-13, keterangan='') | [seq_in_nobukti] SB/NI/2602-0122 (id=8368, cabang=1, tgl=2026-02-13, keterangan='') | [seq_in_keterangan] MDR/SYS/2602-3287 (id=7924, cabang=4, tgl=2026-02-09, keterangan='GI/2602-0122; Keterangan : ;') | [seq_in_keterangan] MDR/SYS/2602-2894 (id=7531, cabang=4, tgl=2026-02-05, keterangan='MR/2602-0122; Keterangan : ;') | [seq_in_keterangan] MDR/SYS/2602-2731 (id=7368, cabang=4, tgl=2026-02-03, keterangan='Md/2602-0122; Keterangan : ;') | [seq_in_nobukti] MDR/SYS/2602-0122 (id=4759, cabang=4, tgl=2026-01-03, keterangan='Md/2601-0054; Keterangan : ;') | [seq_in_nobukti] SB/FR/2602-0122 (id=3606, cabang=1, tgl=2026-02-03, keterangan='')"
NS/2602-0134,2602-0134,seq_in_nobukti,"[seq_in_keterangan] CSB/SYS/2604-7781 (id=72450, cabang=2, tgl=2026-02-11, keterangan='UW/2602-0134; Keterangan : ;') | [seq_in_keterangan] CSB/SYS/2604-6483 (id=71152, cabang=2, tgl=2026-02-05, keterangan='SI/2602-0134; Keterangan : ;') | [seq_in_keterangan] CSB/SYS/2604-6354 (id=71023, cabang=2, tgl=2026-02-05, keterangan='Wl/2602-0134; Keterangan : ;') | [seq_in_keterangan] CSB/SYS/2604-6197 (id=70866, cabang=2, tgl=2026-02-04, keterangan='FZ/2602-0134; Keterangan : ;') | [seq_in_keterangan] CSB/SYS/2604-6158 (id=70827, cabang=2, tgl=2026-02-04, keterangan='IN/2602-0134; Keterangan : ;') | [seq_in_keterangan] CSB/SYS/2604-6125 (id=70794, cabang=2, tgl=2026-02-04, keterangan='Ma/2602-0134; Keterangan : ;') | [seq_in_nobukti] SB/V2/2602-0134 (id=37171, cabang=1, tgl=2026-03-02, keterangan='') | [seq_in_keterangan] SB/SYS/2602-0331 (id=32011, cabang=1, tgl=2026-02-24, keterangan='Pt/2602-0134; Keterangan : ;') | [seq_in_nobukti] SB/SYS/2602-0134 (id=30379, cabang=1, tgl=2026-02-21, keterangan='VX/2602-0232; Keterangan : ;') | [seq_in_keterangan] KRT/SYS/2602-5094 (id=15029, cabang=5, tgl=2026-02-02, keterangan='Pa/2602-0134; Keterangan : ;') | [seq_in_keterangan] KRT/SYS/2602-4955 (id=14890, cabang=5, tgl=2026-02-02, keterangan='Wa/2602-0134; Keterangan : ;') | [seq_in_nobukti] KRT/SYS/2602-0134 (id=10069, cabang=5, tgl=2026-01-10, keterangan='Wa/2601-0770; Keterangan : ;') | [seq_in_nobukti] SB/WS/2602-0134 (id=8454, cabang=1, tgl=2026-02-14, keterangan='') | [seq_in_nobukti] SB/NI/2602-0134 (id=8380, cabang=1, tgl=2026-02-13, keterangan='') | [seq_in_keterangan] MDR/SYS/2602-3462 (id=8099, cabang=4, tgl=2026-02-10, keterangan='GI/2602-0134; Keterangan : ;') | [seq_in_keterangan] MDR/SYS/2602-2906 (id=7543, cabang=4, tgl=2026-02-05, keterangan='MR/2602-0134; Keterangan : ;') | [seq_in_keterangan] MDR/SYS/2602-2742 (id=7379, cabang=4, tgl=2026-02-03, keterangan='Md/2602-0134; Keterangan : ;') | [seq_in_nobukti] MDR/SYS/2602-0134 (id=4771, cabang=4, tgl=2026-01-03, keterangan='Md/2601-0067; Keterangan : ;') | [seq_in_nobukti] SB/FR/2602-0134 (id=3618, cabang=1, tgl=2026-02-03, keterangan='')"
PT/2602-0010,2602-0010,seq_in_nobukti,"[seq_in_keterangan] CSB/SYS/2604-5692 (id=70361, cabang=2, tgl=2026-02-01, keterangan='SI/2602-0010; Keterangan : ;') | [seq_in_keterangan] CSB/SYS/2604-5652 (id=70321, cabang=2, tgl=2026-02-01, keterangan='Wl/2602-0010; Keterangan : ;') | [seq_in_keterangan] CSB/SYS/2604-5651 (id=70320, cabang=2, tgl=2026-02-01, keterangan='UW/2602-0010; Keterangan : ;') | [seq_in_keterangan] CSB/SYS/2604-5639 (id=70308, cabang=2, tgl=2026-02-01, keterangan='FZ/2602-0010; Keterangan : ;') | [seq_in_keterangan] CSB/SYS/2604-5621 (id=70290, cabang=2, tgl=2026-02-01, keterangan='IN/2602-0010; Keterangan : ;') | [seq_in_keterangan] CSB/SYS/2604-5605 (id=70274, cabang=2, tgl=2026-02-01, keterangan='Ma/2602-0010; Keterangan : ;') | [seq_in_nobukti] SB/SYS/2602-0010 (id=29326, cabang=1, tgl=2026-02-20, keterangan='WN/2602-0510; Keterangan : ;') | [seq_in_keterangan] KRT/SYS/2602-5643 (id=15578, cabang=5, tgl=2026-02-04, keterangan='VA/2602-0010; Keterangan : ;') | [seq_in_keterangan] KRT/SYS/2602-4822 (id=14757, cabang=5, tgl=2026-02-01, keterangan='Pa/2602-0010; Keterangan : ;') | [seq_in_keterangan] KRT/SYS/2602-4792 (id=14727, cabang=5, tgl=2026-02-01, keterangan='An/2602-0010; Keterangan : ;') | [seq_in_keterangan] KRT/SYS/2602-4698 (id=14633, cabang=5, tgl=2026-02-01, keterangan='Wa/2602-0010; Keterangan : ;') | [seq_in_nobukti] KRT/SYS/2602-0010 (id=9945, cabang=5, tgl=2026-01-10, keterangan='Pa/2601-0572; Keterangan : ;') | [seq_in_nobukti] SB/V2/2602-0010 (id=8701, cabang=1, tgl=2026-02-16, keterangan='') | [seq_in_nobukti] SB/PT/2602-0010 (id=8221, cabang=1, tgl=2026-02-12, keterangan='') | [seq_in_keterangan] MDR/SYS/2602-3578 (id=8215, cabang=4, tgl=2026-02-11, keterangan='CS/2602-0010; Keterangan : ;') | [seq_in_keterangan] MDR/SYS/2602-2541 (id=7178, cabang=4, tgl=2026-02-01, keterangan='Md/2602-0010; Keterangan : ;') | [seq_in_keterangan] MDR/SYS/2602-2535 (id=7172, cabang=4, tgl=2026-02-01, keterangan='GI/2602-0010; Keterangan : ;') | [seq_in_keterangan] MDR/SYS/2602-2512 (id=7149, cabang=4, tgl=2026-02-01, keterangan='MR/2602-0010; Keterangan : ;') | [seq_in_nobukti] MDR/SYS/2602-0010 (id=4647, cabang=4, tgl=2026-01-02, keterangan='MR/2601-0002; Keterangan : ;') | [seq_in_nobukti] SB/NI/2602-0010 (id=4585, cabang=1, tgl=2026-02-11, keterangan='') | [seq_in_nobukti] SB/WS/2602-0010 (id=4559, cabang=1, tgl=2026-02-11, keterangan='') | [seq_in_nobukti] SB/FR/2602-0010 (id=3259, cabang=1, tgl=2026-02-02, keterangan='')"
NS/2602-0064,2602-0064,seq_in_nobukti,"[seq_in_keterangan] CSB/SYS/2604-6947 (id=71616, cabang=2, tgl=2026-02-07, keterangan='UW/2602-0064; Keterangan : ;') | [seq_in_keterangan] CSB/SYS/2604-6199 (id=70868, cabang=2, tgl=2026-02-04, keterangan='Wl/2602-0064; Keterangan : ;') | [seq_in_keterangan] CSB/SYS/2604-6064 (id=70733, cabang=2, tgl=2026-02-03, keterangan='SI/2602-0064; Keterangan : ;') | [seq_in_keterangan] CSB/SYS/2604-5970 (id=70639, cabang=2, tgl=2026-02-03, keterangan='FZ/2602-0064; Keterangan : ;') | [seq_in_keterangan] CSB/SYS/2604-5906 (id=70575, cabang=2, tgl=2026-02-03, keterangan='Ma/2602-0064; Keterangan : ;') | [seq_in_keterangan] CSB/SYS/2604-5763 (id=70432, cabang=2, tgl=2026-02-02, keterangan='IN/2602-0064; Keterangan : ;') | [seq_in_nobukti] SB/V2/2602-0064 (id=30932, cabang=1, tgl=2026-02-22, keterangan='') | [seq_in_nobukti] SB/SYS/2602-0064 (id=29380, cabang=1, tgl=2026-02-20, keterangan='VX/2602-0171; Keterangan : ;') | [seq_in_keterangan] KRT/SYS/2602-9164 (id=19099, cabang=5, tgl=2026-02-17, keterangan='VA/2602-0064; Keterangan : ;') | [seq_in_keterangan] KRT/SYS/2602-5025 (id=14960, cabang=5, tgl=2026-02-02, keterangan='Pa/2602-0064; Keterangan : ;') | [seq_in_keterangan] KRT/SYS/2602-4891 (id=14826, cabang=5, tgl=2026-02-02, keterangan='An/2602-0064; Keterangan : ;') | [seq_in_keterangan] KRT/SYS/2602-4751 (id=14686, cabang=5, tgl=2026-02-01, keterangan='Wa/2602-0064; Keterangan : ;') | [seq_in_nobukti] KRT/SYS/2602-0064 (id=9999, cabang=5, tgl=2026-01-10, keterangan='Pa/2601-0626; Keterangan : ;') | [seq_in_nobukti] SB/PT/2602-0064 (id=8769, cabang=1, tgl=2026-02-16, keterangan='') | [seq_in_nobukti] SB/NI/2602-0064 (id=8261, cabang=1, tgl=2026-02-12, keterangan='') | [seq_in_nobukti] SB/WS/2602-0064 (id=8259, cabang=1, tgl=2026-02-12, keterangan='') | [seq_in_keterangan] MDR/SYS/2602-3050 (id=7687, cabang=4, tgl=2026-02-06, keterangan='GI/2602-0064; Keterangan : ;') | [seq_in_keterangan] MDR/SYS/2602-2679 (id=7316, cabang=4, tgl=2026-02-03, keterangan='MR/2602-0064; Keterangan : ;') | [seq_in_keterangan] MDR/SYS/2602-2612 (id=7249, cabang=4, tgl=2026-02-02, keterangan='Md/2602-0064; Keterangan : ;') | [seq_in_nobukti] MDR/SYS/2602-0064 (id=4701, cabang=4, tgl=2026-01-02, keterangan='Md/2601-0024; Keterangan : ;') | [seq_in_nobukti] SB/FR/2602-0064 (id=3313, cabang=1, tgl=2026-02-02, keterangan='')"
PT/2602-0014,2602-0014,seq_in_nobukti,"[seq_in_keterangan] CSB/SYS/2604-5848 (id=70517, cabang=2, tgl=2026-02-02, keterangan='UW/2602-0014; Keterangan : ;') | [seq_in_keterangan] CSB/SYS/2604-5701 (id=70370, cabang=2, tgl=2026-02-02, keterangan='FZ/2602-0014; Keterangan : ;') | [seq_in_keterangan] CSB/SYS/2604-5676 (id=70345, cabang=2, tgl=2026-02-01, keterangan='Wl/2602-0014; Keterangan : ;') | [seq_in_keterangan] CSB/SYS/2604-5625 (id=70294, cabang=2, tgl=2026-02-01, keterangan='IN/2602-0014; Keterangan : ;') | [seq_in_keterangan] CSB/SYS/2604-5609 (id=70278, cabang=2, tgl=2026-02-01, keterangan='Ma/2602-0014; Keterangan : ;') | [seq_in_keterangan] MDR/SYS/2603-0589 (id=41044, cabang=4, tgl=2026-02-12, keterangan='CS/2602-0014; Keterangan : ;') | [seq_in_nobukti] SB/SYS/2602-0014 (id=29330, cabang=1, tgl=2026-02-20, keterangan='NS/2602-0778; Keterangan : ;') | [seq_in_keterangan] KRT/SYS/2602-5889 (id=15824, cabang=5, tgl=2026-02-05, keterangan='VA/2602-0014; Keterangan : ;') | [seq_in_keterangan] KRT/SYS/2602-4826 (id=14761, cabang=5, tgl=2026-02-01, keterangan='Pa/2602-0014; Keterangan : ;') | [seq_in_keterangan] KRT/SYS/2602-4796 (id=14731, cabang=5, tgl=2026-02-01, keterangan='An/2602-0014; Keterangan : ;') | [seq_in_keterangan] KRT/SYS/2602-4702 (id=14637, cabang=5, tgl=2026-02-01, keterangan='Wa/2602-0014; Keterangan : ;') | [seq_in_nobukti] KRT/SYS/2602-0014 (id=9949, cabang=5, tgl=2026-01-10, keterangan='Pa/2601-0576; Keterangan : ;') | [seq_in_nobukti] SB/V2/2602-0014 (id=8774, cabang=1, tgl=2026-02-16, keterangan='') | [seq_in_nobukti] SB/PT/2602-0014 (id=8356, cabang=1, tgl=2026-02-13, keterangan='') | [seq_in_keterangan] MDR/SYS/2602-2578 (id=7215, cabang=4, tgl=2026-02-02, keterangan='GI/2602-0014; Keterangan : ;') | [seq_in_keterangan] MDR/SYS/2602-2545 (id=7182, cabang=4, tgl=2026-02-01, keterangan='Md/2602-0014; Keterangan : ;') | [seq_in_keterangan] MDR/SYS/2602-2515 (id=7152, cabang=4, tgl=2026-02-01, keterangan='MR/2602-0014; Keterangan : ;') | [seq_in_nobukti] MDR/SYS/2602-0014 (id=4651, cabang=4, tgl=2026-01-02, keterangan='MR/2601-0006; Keterangan : ;') | [seq_in_nobukti] SB/NI/2602-0014 (id=4589, cabang=1, tgl=2026-02-11, keterangan='') | [seq_in_nobukti] SB/WS/2602-0014 (id=4563, cabang=1, tgl=2026-02-11, keterangan='') | [seq_in_nobukti] SB/FR/2602-0014 (id=3263, cabang=1, tgl=2026-02-02, keterangan='')"
PT/2602-0020,2602-0020,seq_in_nobukti,"[seq_in_keterangan] CSB/SYS/2604-6021 (id=70690, cabang=2, tgl=2026-02-03, keterangan='UW/2602-0020; Keterangan : ;') | [seq_in_keterangan] CSB/SYS/2604-5854 (id=70523, cabang=2, tgl=2026-02-02, keterangan='SI/2602-0020; Keterangan : ;') | [seq_in_keterangan] CSB/SYS/2604-5796 (id=70465, cabang=2, tgl=2026-02-02, keterangan='Wl/2602-0020; Keterangan : ;') | [seq_in_keterangan] CSB/SYS/2604-5707 (id=70376, cabang=2, tgl=2026-02-02, keterangan='FZ/2602-0020; Keterangan : ;') | [seq_in_keterangan] CSB/SYS/2604-5663 (id=70332, cabang=2, tgl=2026-02-01, keterangan='IN/2602-0020; Keterangan : ;') | [seq_in_keterangan] CSB/SYS/2604-5658 (id=70327, cabang=2, tgl=2026-02-01, keterangan='Ma/2602-0020; Keterangan : ;') | [seq_in_nobukti] SB/SYS/2602-0020 (id=29336, cabang=1, tgl=2026-02-20, keterangan='NS/2602-0784; Keterangan : ;') | [seq_in_keterangan] KRT/SYS/2602-6232 (id=16167, cabang=5, tgl=2026-02-07, keterangan='VA/2602-0020; Keterangan : ;') | [seq_in_keterangan] KRT/SYS/2602-4832 (id=14767, cabang=5, tgl=2026-02-01, keterangan='Pa/2602-0020; Keterangan : ;') | [seq_in_keterangan] KRT/SYS/2602-4802 (id=14737, cabang=5, tgl=2026-02-01, keterangan='An/2602-0020; Keterangan : ;') | [seq_in_keterangan] KRT/SYS/2602-4708 (id=14643, cabang=5, tgl=2026-02-01, keterangan='Wa/2602-0020; Keterangan : ;') | [seq_in_nobukti] KRT/SYS/2602-0020 (id=9955, cabang=5, tgl=2026-01-10, keterangan='Pa/2601-0582; Keterangan : ;') | [seq_in_keterangan] MDR/SYS/2602-3801 (id=9366, cabang=4, tgl=2026-02-14, keterangan='CS/2602-0020; Keterangan : ;') | [seq_in_nobukti] SB/V2/2602-0020 (id=8780, cabang=1, tgl=2026-02-16, keterangan='') | [seq_in_nobukti] SB/PT/2602-0020 (id=8362, cabang=1, tgl=2026-02-13, keterangan='') | [seq_in_keterangan] MDR/SYS/2602-2584 (id=7221, cabang=4, tgl=2026-02-02, keterangan='GI/2602-0020; Keterangan : ;') | [seq_in_keterangan] MDR/SYS/2602-2551 (id=7188, cabang=4, tgl=2026-02-01, keterangan='Md/2602-0020; Keterangan : ;') | [seq_in_keterangan] MDR/SYS/2602-2521 (id=7158, cabang=4, tgl=2026-02-01, keterangan='MR/2602-0020; Keterangan : ;') | [seq_in_nobukti] MDR/SYS/2602-0020 (id=4657, cabang=4, tgl=2026-01-02, keterangan='MR/2601-0012; Keterangan : ;') | [seq_in_nobukti] SB/NI/2602-0020 (id=4595, cabang=1, tgl=2026-02-11, keterangan='') | [seq_in_nobukti] SB/WS/2602-0020 (id=4569, cabang=1, tgl=2026-02-11, keterangan='') | [seq_in_nobukti] SB/FR/2602-0020 (id=3269, cabang=1, tgl=2026-02-02, keterangan='')"
MDR/MT/2309-0580,2309-0580,tidak_ada,
MDR/WN/2312-1476,2312-1476,tidak_ada,
MDR/WN/2312-1430,2312-1430,tidak_ada,
MDR/VI/2407-0043,2407-0043,tidak_ada,
MDR/MR/2406-3417,2406-3417,tidak_ada,
MDR/WN/2312-1970,2312-1970,tidak_ada,
MDR/MR/2410-6874,2410-6874,tidak_ada,
MDR/WN/2410-9044,2410-9044,tidak_ada,
MDR/WN/2411-10028,2411-10028,tidak_ada,
MDR/MD/2411-0721,2411-0721,tidak_ada,
MDR/WN/2411-10522,2411-10522,tidak_ada,
MDR/VI/2411-0012,2411-0012,tidak_ada,
MDR/WN/2411-9790,2411-9790,tidak_ada,
MDR/WN/2410-9317,2410-9317,tidak_ada,
MDR/WN/2411-9976,2411-9976,tidak_ada,
MDR/MD/2411-0243,2411-0243,tidak_ada,
MDR/VI/2501-0142,2501-0142,tidak_ada,
MDR/MD/2502-0142,2502-0142,tidak_ada,
MDR/WN/2412-11719,2412-11719,tidak_ada,
MDR/MD/2501-0150,2501-0150,tidak_ada,
MDR/GI/2511-0138,2511-0138,tidak_ada,
MDR/GI/2512-0004,2512-0004,tidak_ada,
MDR/MR/2505-0051,2505-0051,tidak_ada,
MDR/GI/2601-0035,2601-0035,seq_in_nobukti,"[seq_in_keterangan] CSB/SYS/2604-0354 (id=65023, cabang=2, tgl=2026-01-03, keterangan='UW/2601-0035; Keterangan : ;') | [seq_in_keterangan] CSB/SYS/2604-0269 (id=64938, cabang=2, tgl=2026-01-03, keterangan='FZ/2601-0035; Keterangan : ;') | [seq_in_keterangan] CSB/SYS/2604-0228 (id=64897, cabang=2, tgl=2026-01-03, keterangan='Ma/2601-0035; Keterangan : ;') | [seq_in_keterangan] CSB/SYS/2604-0161 (id=64830, cabang=2, tgl=2026-01-02, keterangan='SI/2601-0035; Keterangan : ;') | [seq_in_keterangan] CSB/SYS/2604-0121 (id=64790, cabang=2, tgl=2026-01-02, keterangan='Wl/2601-0035; Keterangan : ;') | [seq_in_keterangan] CSB/SYS/2604-0113 (id=64782, cabang=2, tgl=2026-01-02, keterangan='IN/2601-0035; Keterangan : ;') | [seq_in_keterangan] KRT/SYS/2603-2127 (id=39584, cabang=5, tgl=2026-01-07, keterangan='VA/2601-0035; Keterangan : ;') | [seq_in_keterangan] KRT/SYS/2603-1168 (id=38625, cabang=5, tgl=2026-01-02, keterangan='Pa/2601-0035; Keterangan : ;') | [seq_in_keterangan] KRT/SYS/2603-1094 (id=38551, cabang=5, tgl=2026-01-02, keterangan='An/2601-0035; Keterangan : ;') | [seq_in_keterangan] KRT/SYS/2603-0988 (id=38445, cabang=5, tgl=2026-01-02, keterangan='Wa/2601-0035; Keterangan : ;') | [seq_in_keterangan] MDR/SYS/2602-1952 (id=6589, cabang=4, tgl=2026-01-25, keterangan='CS/2601-0035; Keterangan : ;') | [seq_in_keterangan] MDR/SYS/2602-0263 (id=4900, cabang=4, tgl=2026-01-05, keterangan='GI/2601-0035; Keterangan : ;') | [seq_in_keterangan] MDR/SYS/2602-0083 (id=4720, cabang=4, tgl=2026-01-03, keterangan='MR/2601-0035; Keterangan : ;') | [seq_in_keterangan] MDR/SYS/2602-0075 (id=4712, cabang=4, tgl=2026-01-02, keterangan='Md/2601-0035; Keterangan : ;') | [seq_in_nobukti] SB/PT/2601-0035 (id=2791, cabang=1, tgl=2026-01-27, keterangan='seti suma') | [seq_in_nobukti] SB/VT/2601-0035 (id=1580, cabang=1, tgl=2026-01-17, keterangan='') | [seq_in_nobukti] SB/NI/2601-0035 (id=1504, cabang=1, tgl=2026-01-16, keterangan='') | [seq_in_nobukti] SB/WS/2601-0035 (id=1482, cabang=1, tgl=2026-01-16, keterangan='') | [seq_in_keterangan] SB/FR/2601-0763 (id=784, cabang=1, tgl=2026-01-10, keterangan='PT/2601-0035') | [seq_in_keterangan] SB/FR/2601-0162 (id=163, cabang=1, tgl=2026-01-03, keterangan='WN/2601-0035') | [seq_in_keterangan] SB/FR/2601-0149 (id=150, cabang=1, tgl=2026-01-03, keterangan='VX/2601-0035') | [seq_in_nobukti] SB/FR/2601-0035 (id=36, cabang=1, tgl=2026-01-02, keterangan='NS/2601-0035')"
MDR/GI/2601-0034,2601-0034,seq_in_nobukti,"[seq_in_keterangan] CSB/SYS/2604-0353 (id=65022, cabang=2, tgl=2026-01-03, keterangan='UW/2601-0034; Keterangan : ;') | [seq_in_keterangan] CSB/SYS/2604-0268 (id=64937, cabang=2, tgl=2026-01-03, keterangan='FZ/2601-0034; Keterangan : ;') | [seq_in_keterangan] CSB/SYS/2604-0227 (id=64896, cabang=2, tgl=2026-01-03, keterangan='Ma/2601-0034; Keterangan : ;') | [seq_in_keterangan] CSB/SYS/2604-0160 (id=64829, cabang=2, tgl=2026-01-02, keterangan='SI/2601-0034; Keterangan : ;') | [seq_in_keterangan] CSB/SYS/2604-0120 (id=64789, cabang=2, tgl=2026-01-02, keterangan='Wl/2601-0034; Keterangan : ;') | [seq_in_keterangan] CSB/SYS/2604-0112 (id=64781, cabang=2, tgl=2026-01-02, keterangan='IN/2601-0034; Keterangan : ;') | [seq_in_keterangan] KRT/SYS/2603-2125 (id=39582, cabang=5, tgl=2026-01-06, keterangan='VA/2601-0034; Keterangan : ;') | [seq_in_keterangan] KRT/SYS/2603-1167 (id=38624, cabang=5, tgl=2026-01-02, keterangan='Pa/2601-0034; Keterangan : ;') | [seq_in_keterangan] KRT/SYS/2603-1093 (id=38550, cabang=5, tgl=2026-01-02, keterangan='An/2601-0034; Keterangan : ;') | [seq_in_keterangan] KRT/SYS/2603-0987 (id=38444, cabang=5, tgl=2026-01-02, keterangan='Wa/2601-0034; Keterangan : ;') | [seq_in_keterangan] MDR/SYS/2602-1951 (id=6588, cabang=4, tgl=2026-01-25, keterangan='CS/2601-0034; Keterangan : ;') | [seq_in_keterangan] MDR/SYS/2602-0262 (id=4899, cabang=4, tgl=2026-01-05, keterangan='GI/2601-0034; Keterangan : ;') | [seq_in_keterangan] MDR/SYS/2602-0074 (id=4711, cabang=4, tgl=2026-01-02, keterangan='Md/2601-0034; Keterangan : ;') | [seq_in_nobukti] SB/PT/2601-0034 (id=2687, cabang=1, tgl=2026-01-26, keterangan='') | [seq_in_nobukti] SB/VT/2601-0034 (id=1579, cabang=1, tgl=2026-01-17, keterangan='') | [seq_in_nobukti] SB/NI/2601-0034 (id=1503, cabang=1, tgl=2026-01-16, keterangan='') | [seq_in_nobukti] SB/WS/2601-0034 (id=1481, cabang=1, tgl=2026-01-16, keterangan='') | [seq_in_keterangan] SB/FR/2601-0762 (id=783, cabang=1, tgl=2026-01-10, keterangan='PT/2601-0034') | [seq_in_keterangan] SB/FR/2601-0161 (id=162, cabang=1, tgl=2026-01-03, keterangan='WN/2601-0034') | [seq_in_keterangan] SB/FR/2601-0148 (id=149, cabang=1, tgl=2026-01-03, keterangan='VX/2601-0034') | [seq_in_nobukti] SB/FR/2601-0034 (id=35, cabang=1, tgl=2026-01-02, keterangan='NS/2601-0034')"
MDR/GI/2511-0015,2511-0015,tidak_ada,
MDR/GI/2511-0052,2511-0052,tidak_ada,
MDR/GI/2511-0028,2511-0028,tidak_ada,
MDR/MR/2505-0049,2505-0049,tidak_ada,
MDR/GI/2505-0171,2505-0171,tidak_ada,
MDR/GI/2601-0036,2601-0036,seq_in_nobukti,"[seq_in_keterangan] CSB/SYS/2604-0355 (id=65024, cabang=2, tgl=2026-01-03, keterangan='UW/2601-0036; Keterangan : ;') | [seq_in_keterangan] CSB/SYS/2604-0270 (id=64939, cabang=2, tgl=2026-01-03, keterangan='FZ/2601-0036; Keterangan : ;') | [seq_in_keterangan] CSB/SYS/2604-0229 (id=64898, cabang=2, tgl=2026-01-03, keterangan='Ma/2601-0036; Keterangan : ;') | [seq_in_keterangan] CSB/SYS/2604-0162 (id=64831, cabang=2, tgl=2026-01-02, keterangan='SI/2601-0036; Keterangan : ;') | [seq_in_keterangan] CSB/SYS/2604-0123 (id=64792, cabang=2, tgl=2026-01-02, keterangan='IN/2601-0036; Keterangan : ;') | [seq_in_keterangan] CSB/SYS/2604-0122 (id=64791, cabang=2, tgl=2026-01-02, keterangan='Wl/2601-0036; Keterangan : ;') | [seq_in_keterangan] KRT/SYS/2603-2128 (id=39585, cabang=5, tgl=2026-01-07, keterangan='VA/2601-0036; Keterangan : ;') | [seq_in_keterangan] KRT/SYS/2603-1169 (id=38626, cabang=5, tgl=2026-01-02, keterangan='Pa/2601-0036; Keterangan : ;') | [seq_in_keterangan] KRT/SYS/2603-1095 (id=38552, cabang=5, tgl=2026-01-02, keterangan='An/2601-0036; Keterangan : ;') | [seq_in_keterangan] KRT/SYS/2603-0989 (id=38446, cabang=5, tgl=2026-01-02, keterangan='Wa/2601-0036; Keterangan : ;') | [seq_in_keterangan] MDR/SYS/2602-2059 (id=6696, cabang=4, tgl=2026-01-26, keterangan='CS/2601-0036; Keterangan : ;') | [seq_in_keterangan] MDR/SYS/2602-0264 (id=4901, cabang=4, tgl=2026-01-05, keterangan='GI/2601-0036; Keterangan : ;') | [seq_in_keterangan] MDR/SYS/2602-0084 (id=4721, cabang=4, tgl=2026-01-03, keterangan='MR/2601-0036; Keterangan : ;') | [seq_in_keterangan] MDR/SYS/2602-0076 (id=4713, cabang=4, tgl=2026-01-02, keterangan='Md/2601-0036; Keterangan : ;') | [seq_in_nobukti] SB/PT/2601-0036 (id=2792, cabang=1, tgl=2026-01-27, keterangan='wahyu A1') | [seq_in_nobukti] SB/VT/2601-0036 (id=2302, cabang=1, tgl=2026-01-23, keterangan='') | [seq_in_nobukti] SB/NI/2601-0036 (id=1505, cabang=1, tgl=2026-01-16, keterangan='') | [seq_in_nobukti] SB/WS/2601-0036 (id=1483, cabang=1, tgl=2026-01-16, keterangan='') | [seq_in_keterangan] SB/FR/2601-0764 (id=785, cabang=1, tgl=2026-01-10, keterangan='PT/2601-0036') | [seq_in_keterangan] SB/FR/2601-0163 (id=164, cabang=1, tgl=2026-01-03, keterangan='WN/2601-0036') | [seq_in_keterangan] SB/FR/2601-0150 (id=151, cabang=1, tgl=2026-01-03, keterangan='VX/2601-0036') | [seq_in_nobukti] SB/FR/2601-0036 (id=37, cabang=1, tgl=2026-01-02, keterangan='NS/2601-0036')"
MDR/CS/2512-0032,2512-0032,tidak_ada,
MDR/GI/2601-0004,2601-0004,seq_in_nobukti,"[seq_in_keterangan] CSB/SYS/2604-0174 (id=64843, cabang=2, tgl=2026-01-02, keterangan='UW/2601-0004; Keterangan : ;') | [seq_in_keterangan] CSB/SYS/2604-0130 (id=64799, cabang=2, tgl=2026-01-02, keterangan='SI/2601-0004; Keterangan : ;') | [seq_in_keterangan] CSB/SYS/2604-0066 (id=64735, cabang=2, tgl=2026-01-02, keterangan='Ma/2601-0004; Keterangan : ;') | [seq_in_keterangan] CSB/SYS/2604-0039 (id=64708, cabang=2, tgl=2026-01-02, keterangan='Wl/2601-0004; Keterangan : ;') | [seq_in_keterangan] CSB/SYS/2604-0013 (id=64682, cabang=2, tgl=2026-01-02, keterangan='IN/2601-0004; Keterangan : ;') | [seq_in_keterangan] CSB/SYS/2604-0004 (id=64673, cabang=2, tgl=2026-01-02, keterangan='FZ/2601-0004; Keterangan : ;') | [seq_in_keterangan] KRT/SYS/2603-1224 (id=38681, cabang=5, tgl=2026-01-03, keterangan='VA/2601-0004; Keterangan : ;') | [seq_in_keterangan] KRT/SYS/2603-1137 (id=38594, cabang=5, tgl=2026-01-02, keterangan='Pa/2601-0004; Keterangan : ;') | [seq_in_keterangan] KRT/SYS/2603-1065 (id=38522, cabang=5, tgl=2026-01-02, keterangan='An/2601-0004; Keterangan : ;') | [seq_in_keterangan] KRT/SYS/2603-0957 (id=38414, cabang=5, tgl=2026-01-02, keterangan='Wa/2601-0004; Keterangan : ;') | [seq_in_keterangan] MDR/SYS/2602-0731 (id=5368, cabang=4, tgl=2026-01-11, keterangan='CS/2601-0004; Keterangan : ;') | [seq_in_keterangan] MDR/SYS/2602-0044 (id=4681, cabang=4, tgl=2026-01-02, keterangan='Md/2601-0004; Keterangan : ;') | [seq_in_keterangan] MDR/SYS/2602-0012 (id=4649, cabang=4, tgl=2026-01-02, keterangan='MR/2601-0004; Keterangan : ;') | [seq_in_keterangan] MDR/SYS/2602-0005 (id=4642, cabang=4, tgl=2026-01-02, keterangan='GI/2601-0004; Keterangan : ;') | [seq_in_nobukti] SB/PT/2601-0004 (id=1570, cabang=1, tgl=2026-01-16, keterangan='') | [seq_in_nobukti] SB/WS/2601-0004 (id=1442, cabang=1, tgl=2026-01-15, keterangan='') | [seq_in_nobukti] SB/VT/2601-0004 (id=1431, cabang=1, tgl=2026-01-15, keterangan='') | [seq_in_nobukti] SB/NI/2601-0004 (id=1398, cabang=1, tgl=2026-01-15, keterangan='') | [seq_in_keterangan] SB/FR/2601-0129 (id=130, cabang=1, tgl=2026-01-03, keterangan='Pt/2601-0004') | [seq_in_keterangan] SB/FR/2601-0064 (id=65, cabang=1, tgl=2026-01-02, keterangan='WN/2601-0004') | [seq_in_keterangan] SB/FR/2601-0049 (id=50, cabang=1, tgl=2026-01-02, keterangan='VX/2601-0004') | [seq_in_nobukti] SB/FR/2601-0004 (id=5, cabang=1, tgl=2026-01-02, keterangan='NS/2601-0004')"
MDR/GI/2601-0146,2601-0146,seq_in_nobukti,"[seq_in_keterangan] CSB/SYS/2604-1727 (id=66396, cabang=2, tgl=2026-01-11, keterangan='UW/2601-0146; Keterangan : ;') | [seq_in_keterangan] CSB/SYS/2604-0897 (id=65566, cabang=2, tgl=2026-01-06, keterangan='FZ/2601-0146; Keterangan : ;') | [seq_in_keterangan] CSB/SYS/2604-0847 (id=65516, cabang=2, tgl=2026-01-06, keterangan='Ma/2601-0146; Keterangan : ;') | [seq_in_keterangan] CSB/SYS/2604-0817 (id=65486, cabang=2, tgl=2026-01-06, keterangan='Wl/2601-0146; Keterangan : ;') | [seq_in_keterangan] CSB/SYS/2604-0753 (id=65422, cabang=2, tgl=2026-01-05, keterangan='SI/2601-0146; Keterangan : ;') | [seq_in_keterangan] CSB/SYS/2604-0704 (id=65373, cabang=2, tgl=2026-01-05, keterangan='IN/2601-0146; Keterangan : ;') | [seq_in_keterangan] KRT/SYS/2603-1589 (id=39046, cabang=5, tgl=2026-01-04, keterangan='An/2601-0146; Keterangan : ;') | [seq_in_keterangan] KRT/SYS/2603-1436 (id=38893, cabang=5, tgl=2026-01-03, keterangan='Pa/2601-0146; Keterangan : ;') | [seq_in_keterangan] KRT/SYS/2603-1330 (id=38787, cabang=5, tgl=2026-01-03, keterangan='Wa/2601-0146; Keterangan : ;') | [seq_in_keterangan] MDR/SYS/2602-1176 (id=5813, cabang=4, tgl=2026-01-15, keterangan='GI/2601-0146; Keterangan : ;') | [seq_in_keterangan] MDR/SYS/2602-0432 (id=5069, cabang=4, tgl=2026-01-07, keterangan='MR/2601-0146; Keterangan : ;') | [seq_in_keterangan] MDR/SYS/2602-0280 (id=4917, cabang=4, tgl=2026-01-05, keterangan='Md/2601-0146; Keterangan : ;') | [seq_in_nobukti] SB/NI/2601-0146 (id=2730, cabang=1, tgl=2026-01-27, keterangan='') | [seq_in_nobukti] SB/VT/2601-0146 (id=2488, cabang=1, tgl=2026-01-25, keterangan='') | [seq_in_nobukti] SB/WS/2601-0146 (id=2383, cabang=1, tgl=2026-01-24, keterangan='') | [seq_in_keterangan] SB/FR/2601-0860 (id=881, cabang=1, tgl=2026-01-11, keterangan='VX/2601-0146') | [seq_in_keterangan] SB/FR/2601-0443 (id=458, cabang=1, tgl=2026-01-06, keterangan='WN/2601-0146') | [seq_in_keterangan] SB/FR/2601-0296 (id=297, cabang=1, tgl=2026-01-05, keterangan='NS/2601-0146') | [seq_in_nobukti] SB/FR/2601-0146 (id=147, cabang=1, tgl=2026-01-03, keterangan='VX/2601-0032')"
MDR/GI/2601-0179,2601-0179,seq_in_nobukti,"[seq_in_keterangan] CSB/SYS/2604-1942 (id=66611, cabang=2, tgl=2026-01-13, keterangan='UW/2601-0179; Keterangan : ;') | [seq_in_keterangan] CSB/SYS/2604-1065 (id=65734, cabang=2, tgl=2026-01-07, keterangan='Wl/2601-0179; Keterangan : ;') | [seq_in_keterangan] CSB/SYS/2604-1055 (id=65724, cabang=2, tgl=2026-01-07, keterangan='FZ/2601-0179; Keterangan : ;') | [seq_in_keterangan] CSB/SYS/2604-1003 (id=65672, cabang=2, tgl=2026-01-07, keterangan='Ma/2601-0179; Keterangan : ;') | [seq_in_keterangan] CSB/SYS/2604-0910 (id=65579, cabang=2, tgl=2026-01-06, keterangan='SI/2601-0179; Keterangan : ;') | [seq_in_keterangan] CSB/SYS/2604-0888 (id=65557, cabang=2, tgl=2026-01-06, keterangan='IN/2601-0179; Keterangan : ;') | [seq_in_keterangan] KRT/SYS/2603-1761 (id=39218, cabang=5, tgl=2026-01-05, keterangan='An/2601-0179; Keterangan : ;') | [seq_in_keterangan] KRT/SYS/2603-1469 (id=38926, cabang=5, tgl=2026-01-03, keterangan='Pa/2601-0179; Keterangan : ;') | [seq_in_keterangan] KRT/SYS/2603-1362 (id=38819, cabang=5, tgl=2026-01-03, keterangan='Wa/2601-0179; Keterangan : ;') | [seq_in_keterangan] MDR/SYS/2602-1342 (id=5979, cabang=4, tgl=2026-01-17, keterangan='GI/2601-0179; Keterangan : ;') | [seq_in_keterangan] MDR/SYS/2602-0535 (id=5172, cabang=4, tgl=2026-01-08, keterangan='MR/2601-0179; Keterangan : ;') | [seq_in_keterangan] MDR/SYS/2602-0312 (id=4949, cabang=4, tgl=2026-01-05, keterangan='Md/2601-0179; Keterangan : ;') | [seq_in_nobukti] SB/NI/2601-0179 (id=2763, cabang=1, tgl=2026-01-27, keterangan='') | [seq_in_nobukti] SB/VT/2601-0179 (id=2556, cabang=1, tgl=2026-01-25, keterangan='') | [seq_in_nobukti] SB/WS/2601-0179 (id=2473, cabang=1, tgl=2026-01-25, keterangan='') | [seq_in_keterangan] SB/FR/2601-1070 (id=1133, cabang=1, tgl=2026-01-13, keterangan='V/2601-0179') | [seq_in_keterangan] SB/FR/2601-0529 (id=546, cabang=1, tgl=2026-01-07, keterangan='WN/2601-0179') | [seq_in_keterangan] SB/FR/2601-0391 (id=406, cabang=1, tgl=2026-01-06, keterangan='NS/2601-0179') | [seq_in_nobukti] SB/FR/2601-0179 (id=180, cabang=1, tgl=2026-01-03, keterangan='WN/2601-0053')"
MDR/GI/2601-0253,2601-0253,seq_in_nobukti,"[seq_in_keterangan] CSB/SYS/2604-3440 (id=68109, cabang=2, tgl=2026-01-20, keterangan='UW/2601-0253; Keterangan : ;') | [seq_in_keterangan] CSB/SYS/2604-1593 (id=66262, cabang=2, tgl=2026-01-10, keterangan='FZ/2601-0253; Keterangan : ;') | [seq_in_keterangan] CSB/SYS/2604-1482 (id=66151, cabang=2, tgl=2026-01-10, keterangan='Wl/2601-0253; Keterangan : ;') | [seq_in_keterangan] CSB/SYS/2604-1294 (id=65963, cabang=2, tgl=2026-01-09, keterangan='IN/2601-0253; Keterangan : ;') | [seq_in_keterangan] CSB/SYS/2604-1269 (id=65938, cabang=2, tgl=2026-01-09, keterangan='Ma/2601-0253; Keterangan : ;') | [seq_in_keterangan] CSB/SYS/2604-1220 (id=65889, cabang=2, tgl=2026-01-08, keterangan='SI/2601-0253; Keterangan : ;') | [seq_in_keterangan] KRT/SYS/2603-1841 (id=39298, cabang=5, tgl=2026-01-05, keterangan='Pa/2601-0253; Keterangan : ;') | [seq_in_keterangan] KRT/SYS/2603-1834 (id=39291, cabang=5, tgl=2026-01-05, keterangan='An/2601-0253; Keterangan : ;') | [seq_in_keterangan] KRT/SYS/2603-1646 (id=39103, cabang=5, tgl=2026-01-05, keterangan='Wa/2601-0253; Keterangan : ;') | [seq_in_keterangan] MDR/SYS/2602-1820 (id=6457, cabang=4, tgl=2026-01-23, keterangan='GI/2601-0253; Keterangan : ;') | [seq_in_keterangan] MDR/SYS/2602-0665 (id=5302, cabang=4, tgl=2026-01-10, keterangan='MR/2601-0253; Keterangan : ;') | [seq_in_keterangan] MDR/SYS/2602-0477 (id=5114, cabang=4, tgl=2026-01-07, keterangan='Md/2601-0253; Keterangan : ;') | [seq_in_nobukti] SB/NI/2601-0253 (id=2988, cabang=1, tgl=2026-01-30, keterangan='') | [seq_in_nobukti] SB/WS/2601-0253 (id=2655, cabang=1, tgl=2026-01-26, keterangan='') | [seq_in_keterangan] SB/FR/2601-1502 (id=1891, cabang=1, tgl=2026-01-19, keterangan='VX/2601-0253') | [seq_in_keterangan] SB/FR/2601-0782 (id=803, cabang=1, tgl=2026-01-10, keterangan='WN/2601-0253') | [seq_in_keterangan] SB/FR/2601-0546 (id=563, cabang=1, tgl=2026-01-08, keterangan='NS/2601-0253') | [seq_in_nobukti] SB/FR/2601-0253 (id=254, cabang=1, tgl=2026-01-04, keterangan='VX/2601-0045')"
MDR/GI/2601-0196,2601-0196,seq_in_nobukti,"[seq_in_keterangan] CSB/SYS/2604-2274 (id=66943, cabang=2, tgl=2026-01-14, keterangan='UW/2601-0196; Keterangan : ;') | [seq_in_keterangan] CSB/SYS/2604-1198 (id=65867, cabang=2, tgl=2026-01-08, keterangan='Wl/2601-0196; Keterangan : ;') | [seq_in_keterangan] CSB/SYS/2604-1122 (id=65791, cabang=2, tgl=2026-01-08, keterangan='FZ/2601-0196; Keterangan : ;') | [seq_in_keterangan] CSB/SYS/2604-1020 (id=65689, cabang=2, tgl=2026-01-07, keterangan='Ma/2601-0196; Keterangan : ;') | [seq_in_keterangan] CSB/SYS/2604-0974 (id=65643, cabang=2, tgl=2026-01-07, keterangan='IN/2601-0196; Keterangan : ;') | [seq_in_keterangan] CSB/SYS/2604-0925 (id=65594, cabang=2, tgl=2026-01-06, keterangan='SI/2601-0196; Keterangan : ;') | [seq_in_keterangan] KRT/SYS/2603-1778 (id=39235, cabang=5, tgl=2026-01-05, keterangan='An/2601-0196; Keterangan : ;') | [seq_in_keterangan] KRT/SYS/2603-1540 (id=38997, cabang=5, tgl=2026-01-04, keterangan='Wa/2601-0196; Keterangan : ;') | [seq_in_keterangan] KRT/SYS/2603-1486 (id=38943, cabang=5, tgl=2026-01-03, keterangan='Pa/2601-0196; Keterangan : ;') | [seq_in_keterangan] MDR/SYS/2602-1506 (id=6143, cabang=4, tgl=2026-01-19, keterangan='GI/2601-0196; Keterangan : ;') | [seq_in_keterangan] MDR/SYS/2602-0551 (id=5188, cabang=4, tgl=2026-01-08, keterangan='MR/2601-0196; Keterangan : ;') | [seq_in_keterangan] MDR/SYS/2602-0329 (id=4966, cabang=4, tgl=2026-01-05, keterangan='Md/2601-0196; Keterangan : ;') | [seq_in_nobukti] SB/NI/2601-0196 (id=2780, cabang=1, tgl=2026-01-27, keterangan='') | [seq_in_nobukti] SB/VT/2601-0196 (id=2606, cabang=1, tgl=2026-01-26, keterangan='') | [seq_in_nobukti] SB/WS/2601-0196 (id=2525, cabang=1, tgl=2026-01-25, keterangan='') | [seq_in_keterangan] SB/FR/2601-1167 (id=1354, cabang=1, tgl=2026-01-14, keterangan='VX/2601-0196') | [seq_in_keterangan] SB/FR/2601-0605 (id=622, cabang=1, tgl=2026-01-08, keterangan='WN/2601-0196') | [seq_in_keterangan] SB/FR/2601-0407 (id=422, cabang=1, tgl=2026-01-06, keterangan='NS/2601-0196') | [seq_in_nobukti] SB/FR/2601-0196 (id=197, cabang=1, tgl=2026-01-04, keterangan='NS/2601-0090')"
MDR/GI/2601-0254,2601-0254,seq_in_nobukti,"[seq_in_keterangan] CSB/SYS/2604-3441 (id=68110, cabang=2, tgl=2026-01-20, keterangan='UW/2601-0254; Keterangan : ;') | [seq_in_keterangan] CSB/SYS/2604-1594 (id=66263, cabang=2, tgl=2026-01-10, keterangan='FZ/2601-0254; Keterangan : ;') | [seq_in_keterangan] CSB/SYS/2604-1483 (id=66152, cabang=2, tgl=2026-01-10, keterangan='Wl/2601-0254; Keterangan : ;') | [seq_in_keterangan] CSB/SYS/2604-1295 (id=65964, cabang=2, tgl=2026-01-09, keterangan='IN/2601-0254; Keterangan : ;') | [seq_in_keterangan] CSB/SYS/2604-1270 (id=65939, cabang=2, tgl=2026-01-09, keterangan='Ma/2601-0254; Keterangan : ;') | [seq_in_keterangan] CSB/SYS/2604-1221 (id=65890, cabang=2, tgl=2026-01-08, keterangan='SI/2601-0254; Keterangan : ;') | [seq_in_keterangan] KRT/SYS/2603-1842 (id=39299, cabang=5, tgl=2026-01-05, keterangan='Pa/2601-0254; Keterangan : ;') | [seq_in_keterangan] KRT/SYS/2603-1835 (id=39292, cabang=5, tgl=2026-01-05, keterangan='An/2601-0254; Keterangan : ;') | [seq_in_keterangan] KRT/SYS/2603-1647 (id=39104, cabang=5, tgl=2026-01-05, keterangan='Wa/2601-0254; Keterangan : ;') | [seq_in_keterangan] MDR/SYS/2602-1821 (id=6458, cabang=4, tgl=2026-01-23, keterangan='GI/2601-0254; Keterangan : ;') | [seq_in_keterangan] MDR/SYS/2602-0666 (id=5303, cabang=4, tgl=2026-01-10, keterangan='MR/2601-0254; Keterangan : ;') | [seq_in_keterangan] MDR/SYS/2602-0478 (id=5115, cabang=4, tgl=2026-01-07, keterangan='Md/2601-0254; Keterangan : ;') | [seq_in_nobukti] SB/NI/2601-0254 (id=2989, cabang=1, tgl=2026-01-30, keterangan='') | [seq_in_nobukti] SB/WS/2601-0254 (id=2656, cabang=1, tgl=2026-01-26, keterangan='') | [seq_in_keterangan] SB/FR/2601-1503 (id=1892, cabang=1, tgl=2026-01-19, keterangan='VX/2601-0254') | [seq_in_keterangan] SB/FR/2601-0783 (id=804, cabang=1, tgl=2026-01-10, keterangan='WN/2601-0254') | [seq_in_keterangan] SB/FR/2601-0547 (id=564, cabang=1, tgl=2026-01-08, keterangan='NS/2601-0254') | [seq_in_nobukti] SB/FR/2601-0254 (id=255, cabang=1, tgl=2026-01-04, keterangan='VX/2601-0046')"
MDR/GI/2601-0170,2601-0170,seq_in_nobukti,"[seq_in_keterangan] CSB/SYS/2604-1933 (id=66602, cabang=2, tgl=2026-01-13, keterangan='UW/2601-0170; Keterangan : ;') | [seq_in_keterangan] CSB/SYS/2604-1037 (id=65706, cabang=2, tgl=2026-01-07, keterangan='FZ/2601-0170; Keterangan : ;') | [seq_in_keterangan] CSB/SYS/2604-0994 (id=65663, cabang=2, tgl=2026-01-07, keterangan='Ma/2601-0170; Keterangan : ;') | [seq_in_keterangan] CSB/SYS/2604-0961 (id=65630, cabang=2, tgl=2026-01-07, keterangan='Wl/2601-0170; Keterangan : ;') | [seq_in_keterangan] CSB/SYS/2604-0879 (id=65548, cabang=2, tgl=2026-01-06, keterangan='IN/2601-0170; Keterangan : ;') | [seq_in_keterangan] CSB/SYS/2604-0776 (id=65445, cabang=2, tgl=2026-01-05, keterangan='SI/2601-0170; Keterangan : ;') | [seq_in_keterangan] KRT/SYS/2603-1613 (id=39070, cabang=5, tgl=2026-01-04, keterangan='An/2601-0170; Keterangan : ;') | [seq_in_keterangan] KRT/SYS/2603-1460 (id=38917, cabang=5, tgl=2026-01-03, keterangan='Pa/2601-0170; Keterangan : ;') | [seq_in_keterangan] KRT/SYS/2603-1353 (id=38810, cabang=5, tgl=2026-01-03, keterangan='Wa/2601-0170; Keterangan : ;') | [seq_in_keterangan] MDR/SYS/2602-1333 (id=5970, cabang=4, tgl=2026-01-17, keterangan='GI/2601-0170; Keterangan : ;') | [seq_in_keterangan] MDR/SYS/2602-0456 (id=5093, cabang=4, tgl=2026-01-07, keterangan='MR/2601-0170; Keterangan : ;') | [seq_in_keterangan] MDR/SYS/2602-0303 (id=4940, cabang=4, tgl=2026-01-05, keterangan='Md/2601-0170; Keterangan : ;') | [seq_in_nobukti] SB/NI/2601-0170 (id=2754, cabang=1, tgl=2026-01-27, keterangan='') | [seq_in_nobukti] SB/VT/2601-0170 (id=2512, cabang=1, tgl=2026-01-25, keterangan='') | [seq_in_nobukti] SB/WS/2601-0170 (id=2464, cabang=1, tgl=2026-01-25, keterangan='') | [seq_in_keterangan] SB/FR/2601-0987 (id=1008, cabang=1, tgl=2026-01-12, keterangan='VX/2601-0170') | [seq_in_keterangan] SB/FR/2601-0466 (id=481, cabang=1, tgl=2026-01-06, keterangan='WN/2601-0170') | [seq_in_keterangan] SB/FR/2601-0320 (id=321, cabang=1, tgl=2026-01-05, keterangan='NS/2601-0170') | [seq_in_nobukti] SB/FR/2601-0170 (id=171, cabang=1, tgl=2026-01-03, keterangan='WN/2601-0044')"
MDR/GI/2601-0233,2601-0233,seq_in_nobukti,"[seq_in_keterangan] CSB/SYS/2604-3075 (id=67744, cabang=2, tgl=2026-01-18, keterangan='UW/2601-0233; Keterangan : ;') | [seq_in_keterangan] CSB/SYS/2604-1332 (id=66001, cabang=2, tgl=2026-01-09, keterangan='Wl/2601-0233; Keterangan : ;') | [seq_in_keterangan] CSB/SYS/2604-1184 (id=65853, cabang=2, tgl=2026-01-08, keterangan='IN/2601-0233; Keterangan : ;') | [seq_in_keterangan] CSB/SYS/2604-1168 (id=65837, cabang=2, tgl=2026-01-08, keterangan='Ma/2601-0233; Keterangan : ;') | [seq_in_keterangan] CSB/SYS/2604-1096 (id=65765, cabang=2, tgl=2026-01-07, keterangan='SI/2601-0233; Keterangan : ;') | [seq_in_keterangan] KRT/SYS/2603-1814 (id=39271, cabang=5, tgl=2026-01-05, keterangan='An/2601-0233; Keterangan : ;') | [seq_in_keterangan] KRT/SYS/2603-1614 (id=39071, cabang=5, tgl=2026-01-04, keterangan='Wa/2601-0233; Keterangan : ;') | [seq_in_keterangan] KRT/SYS/2603-1523 (id=38980, cabang=5, tgl=2026-01-04, keterangan='Pa/2601-0233; Keterangan : ;') | [seq_in_keterangan] MDR/SYS/2602-1748 (id=6385, cabang=4, tgl=2026-01-22, keterangan='GI/2601-0233; Keterangan : ;') | [seq_in_keterangan] MDR/SYS/2602-0589 (id=5226, cabang=4, tgl=2026-01-09, keterangan='MR/2601-0233; Keterangan : ;') | [seq_in_keterangan] MDR/SYS/2602-0422 (id=5059, cabang=4, tgl=2026-01-06, keterangan='Md/2601-0233; Keterangan : ;') | [seq_in_nobukti] SB/NI/2601-0233 (id=2875, cabang=1, tgl=2026-01-28, keterangan='') | [seq_in_nobukti] SB/WS/2601-0233 (id=2625, cabang=1, tgl=2026-01-26, keterangan='') | [seq_in_keterangan] SB/FR/2601-1262 (id=1649, cabang=1, tgl=2026-01-17, keterangan='VX/2601-0233') | [seq_in_keterangan] SB/FR/2601-0701 (id=722, cabang=1, tgl=2026-01-09, keterangan='WN/2601-0233') | [seq_in_keterangan] SB/FR/2601-0492 (id=507, cabang=1, tgl=2026-01-07, keterangan='NS/2601-0233') | [seq_in_nobukti] SB/FR/2601-0233 (id=234, cabang=1, tgl=2026-01-04, keterangan='NS/2601-0131')"
MDR/GI/2601-0234,2601-0234,seq_in_nobukti,"[seq_in_keterangan] CSB/SYS/2604-3245 (id=67914, cabang=2, tgl=2026-01-19, keterangan='UW/2601-0234; Keterangan : ;') | [seq_in_keterangan] CSB/SYS/2604-1353 (id=66022, cabang=2, tgl=2026-01-09, keterangan='FZ/2601-0234; Keterangan : ;') | [seq_in_keterangan] CSB/SYS/2604-1333 (id=66002, cabang=2, tgl=2026-01-09, keterangan='Wl/2601-0234; Keterangan : ;') | [seq_in_keterangan] CSB/SYS/2604-1185 (id=65854, cabang=2, tgl=2026-01-08, keterangan='IN/2601-0234; Keterangan : ;') | [seq_in_keterangan] CSB/SYS/2604-1169 (id=65838, cabang=2, tgl=2026-01-08, keterangan='Ma/2601-0234; Keterangan : ;') | [seq_in_keterangan] CSB/SYS/2604-1097 (id=65766, cabang=2, tgl=2026-01-07, keterangan='SI/2601-0234; Keterangan : ;') | [seq_in_keterangan] KRT/SYS/2603-1815 (id=39272, cabang=5, tgl=2026-01-05, keterangan='An/2601-0234; Keterangan : ;') | [seq_in_keterangan] KRT/SYS/2603-1628 (id=39085, cabang=5, tgl=2026-01-05, keterangan='Wa/2601-0234; Keterangan : ;') | [seq_in_keterangan] KRT/SYS/2603-1524 (id=38981, cabang=5, tgl=2026-01-04, keterangan='Pa/2601-0234; Keterangan : ;') | [seq_in_keterangan] MDR/SYS/2602-1749 (id=6386, cabang=4, tgl=2026-01-22, keterangan='GI/2601-0234; Keterangan : ;') | [seq_in_keterangan] MDR/SYS/2602-0590 (id=5227, cabang=4, tgl=2026-01-09, keterangan='MR/2601-0234; Keterangan : ;') | [seq_in_keterangan] MDR/SYS/2602-0423 (id=5060, cabang=4, tgl=2026-01-06, keterangan='Md/2601-0234; Keterangan : ;') | [seq_in_nobukti] SB/NI/2601-0234 (id=2876, cabang=1, tgl=2026-01-28, keterangan='') | [seq_in_nobukti] SB/WS/2601-0234 (id=2626, cabang=1, tgl=2026-01-26, keterangan='') | [seq_in_keterangan] SB/FR/2601-1263 (id=1650, cabang=1, tgl=2026-01-17, keterangan='VX/2601-0234') | [seq_in_keterangan] SB/FR/2601-0702 (id=723, cabang=1, tgl=2026-01-09, keterangan='WN/2601-0234') | [seq_in_keterangan] SB/FR/2601-0493 (id=508, cabang=1, tgl=2026-01-07, keterangan='NS/2601-0234') | [seq_in_nobukti] SB/FR/2601-0234 (id=235, cabang=1, tgl=2026-01-04, keterangan='NS/2601-0132')"
MDR/MD/2601-0975,2601-0975,seq_in_nobukti,"[seq_in_keterangan] CSB/SYS/2604-5510 (id=70179, cabang=2, tgl=2026-01-31, keterangan='FZ/2601-0975; Keterangan : ;') | [seq_in_keterangan] CSB/SYS/2604-5421 (id=70090, cabang=2, tgl=2026-01-31, keterangan='IN/2601-0975; Keterangan : ;') | [seq_in_keterangan] CSB/SYS/2604-4588 (id=69257, cabang=2, tgl=2026-01-26, keterangan='Wl/2601-0975; Keterangan : ;') | [seq_in_keterangan] CSB/SYS/2604-4377 (id=69046, cabang=2, tgl=2026-01-25, keterangan='Ma/2601-0975; Keterangan : ;') | [seq_in_keterangan] KRT/SYS/2602-1358 (id=11293, cabang=5, tgl=2026-01-15, keterangan='An/2601-0975; Keterangan : ;') | [seq_in_keterangan] KRT/SYS/2602-1235 (id=11170, cabang=5, tgl=2026-01-15, keterangan='Pa/2601-0975; Keterangan : ;') | [seq_in_keterangan] KRT/SYS/2602-0742 (id=10677, cabang=5, tgl=2026-01-13, keterangan='Wa/2601-0975; Keterangan : ;') | [seq_in_keterangan] MDR/SYS/2602-1941 (id=6578, cabang=4, tgl=2026-01-25, keterangan='Md/2601-0975; Keterangan : ;') | [seq_in_nobukti] SB/FR/2601-0975 (id=996, cabang=1, tgl=2026-01-12, keterangan='PT/2601-0069')"
MDR/CS/2602-0001,2602-0001,seq_in_nobukti,"[seq_in_keterangan] CSB/SYS/2604-5683 (id=70352, cabang=2, tgl=2026-02-01, keterangan='SI/2602-0001; Keterangan : ;') | [seq_in_keterangan] CSB/SYS/2604-5642 (id=70311, cabang=2, tgl=2026-02-01, keterangan='UW/2602-0001; Keterangan : ;') | [seq_in_keterangan] CSB/SYS/2604-5631 (id=70300, cabang=2, tgl=2026-02-01, keterangan='FZ/2602-0001; Keterangan : ;') | [seq_in_keterangan] CSB/SYS/2604-5612 (id=70281, cabang=2, tgl=2026-02-01, keterangan='IN/2602-0001; Keterangan : ;') | [seq_in_keterangan] CSB/SYS/2604-5596 (id=70265, cabang=2, tgl=2026-02-01, keterangan='Ma/2602-0001; Keterangan : ;') | [seq_in_keterangan] CSB/SYS/2604-5587 (id=70256, cabang=2, tgl=2026-02-01, keterangan='Wl/2602-0001; Keterangan : ;') | [seq_in_nobukti] SB/RN/2602-0001 (id=31052, cabang=1, tgl=2026-02-22, keterangan='\n Konversi dari Order Jual SB/OJ/2602-0001') | [seq_in_nobukti] SB/SYS/2602-0001 (id=29317, cabang=1, tgl=2026-02-20, keterangan='Pt/2602-0098; Keterangan : ;') | [seq_in_keterangan] KRT/SYS/2602-8300 (id=18235, cabang=5, tgl=2026-02-15, keterangan='U2/2602-0001; Keterangan : ;') | [seq_in_keterangan] KRT/SYS/2602-4856 (id=14791, cabang=5, tgl=2026-02-02, keterangan='VA/2602-0001; Keterangan : ;') | [seq_in_keterangan] KRT/SYS/2602-4813 (id=14748, cabang=5, tgl=2026-02-01, keterangan='Pa/2602-0001; Keterangan : ;') | [seq_in_keterangan] KRT/SYS/2602-4783 (id=14718, cabang=5, tgl=2026-02-01, keterangan='An/2602-0001; Keterangan : ;') | [seq_in_keterangan] KRT/SYS/2602-4689 (id=14624, cabang=5, tgl=2026-02-01, keterangan='Wa/2602-0001; Keterangan : ;') | [seq_in_nobukti] KRT/SYS/2602-0001 (id=9936, cabang=5, tgl=2026-01-10, keterangan='VA/2601-0046; Keterangan : ;') | [seq_in_nobukti] SB/V2/2602-0001 (id=8620, cabang=1, tgl=2026-02-15, keterangan='') | [seq_in_keterangan] MDR/SYS/2602-2572 (id=7209, cabang=4, tgl=2026-02-02, keterangan='CS/2602-0001; Keterangan : ;') | [seq_in_keterangan] MDR/SYS/2602-2536 (id=7173, cabang=4, tgl=2026-02-01, keterangan='Md/2602-0001; Keterangan : ;') | [seq_in_keterangan] MDR/SYS/2602-2526 (id=7163, cabang=4, tgl=2026-02-01, keterangan='GI/2602-0001; Keterangan : ;') | [seq_in_keterangan] MDR/SYS/2602-2503 (id=7140, cabang=4, tgl=2026-02-01, keterangan='MR/2602-0001; Keterangan : ;') | [seq_in_nobukti] MDR/SYS/2602-0001 (id=4638, cabang=4, tgl=2026-01-02, keterangan='FS/2601-0001; Keterangan : ;') | [seq_in_nobukti] SB/NI/2602-0001 (id=4576, cabang=1, tgl=2026-02-11, keterangan='') | [seq_in_nobukti] SB/WS/2602-0001 (id=4550, cabang=1, tgl=2026-02-11, keterangan='') | [seq_in_nobukti] SB/PT/2602-0001 (id=4545, cabang=1, tgl=2026-02-11, keterangan='') | [seq_in_nobukti] SB/FR/2602-0001 (id=3250, cabang=1, tgl=2026-02-02, keterangan='')"
MDR/GI/2601-0264,2601-0264,seq_in_nobukti,"[seq_in_keterangan] CSB/SYS/2604-3711 (id=68380, cabang=2, tgl=2026-01-22, keterangan='UW/2601-0264; Keterangan : ;') | [seq_in_keterangan] CSB/SYS/2604-1689 (id=66358, cabang=2, tgl=2026-01-11, keterangan='FZ/2601-0264; Keterangan : ;') | [seq_in_keterangan] CSB/SYS/2604-1493 (id=66162, cabang=2, tgl=2026-01-10, keterangan='Wl/2601-0264; Keterangan : ;') | [seq_in_keterangan] CSB/SYS/2604-1377 (id=66046, cabang=2, tgl=2026-01-09, keterangan='IN/2601-0264; Keterangan : ;') | [seq_in_keterangan] CSB/SYS/2604-1354 (id=66023, cabang=2, tgl=2026-01-09, keterangan='Ma/2601-0264; Keterangan : ;') | [seq_in_keterangan] CSB/SYS/2604-1231 (id=65900, cabang=2, tgl=2026-01-08, keterangan='SI/2601-0264; Keterangan : ;') | [seq_in_keterangan] KRT/SYS/2603-1903 (id=39360, cabang=5, tgl=2026-01-06, keterangan='An/2601-0264; Keterangan : ;') | [seq_in_keterangan] KRT/SYS/2603-1852 (id=39309, cabang=5, tgl=2026-01-05, keterangan='Pa/2601-0264; Keterangan : ;') | [seq_in_keterangan] MDR/SYS/2602-1955 (id=6592, cabang=4, tgl=2026-01-25, keterangan='GI/2601-0264; Keterangan : ;') | [seq_in_keterangan] MDR/SYS/2602-0778 (id=5415, cabang=4, tgl=2026-01-11, keterangan='MR/2601-0264; Keterangan : ;') | [seq_in_keterangan] MDR/SYS/2602-0488 (id=5125, cabang=4, tgl=2026-01-07, keterangan='Md/2601-0264; Keterangan : ;') | [seq_in_nobukti] SB/NI/2601-0264 (id=3028, cabang=1, tgl=2026-01-30, keterangan='') | [seq_in_nobukti] SB/WS/2601-0264 (id=2666, cabang=1, tgl=2026-01-26, keterangan='') | [seq_in_keterangan] SB/FR/2601-1513 (id=1902, cabang=1, tgl=2026-01-19, keterangan='VX/2601-0264') | [seq_in_keterangan] SB/FR/2601-0793 (id=814, cabang=1, tgl=2026-01-10, keterangan='WN/2601-0264') | [seq_in_keterangan] SB/FR/2601-0557 (id=574, cabang=1, tgl=2026-01-08, keterangan='NS/2601-0264') | [seq_in_nobukti] SB/FR/2601-0264 (id=265, cabang=1, tgl=2026-01-04, keterangan='WN/2601-0073')"
MDR/GI/2601-0262,2601-0262,seq_in_nobukti,"[seq_in_keterangan] CSB/SYS/2604-3669 (id=68338, cabang=2, tgl=2026-01-21, keterangan='UW/2601-0262; Keterangan : ;') | [seq_in_keterangan] CSB/SYS/2604-1687 (id=66356, cabang=2, tgl=2026-01-11, keterangan='FZ/2601-0262; Keterangan : ;') | [seq_in_keterangan] CSB/SYS/2604-1491 (id=66160, cabang=2, tgl=2026-01-10, keterangan='Wl/2601-0262; Keterangan : ;') | [seq_in_keterangan] CSB/SYS/2604-1347 (id=66016, cabang=2, tgl=2026-01-09, keterangan='Ma/2601-0262; Keterangan : ;') | [seq_in_keterangan] CSB/SYS/2604-1303 (id=65972, cabang=2, tgl=2026-01-09, keterangan='IN/2601-0262; Keterangan : ;') | [seq_in_keterangan] CSB/SYS/2604-1229 (id=65898, cabang=2, tgl=2026-01-08, keterangan='SI/2601-0262; Keterangan : ;') | [seq_in_keterangan] KRT/SYS/2603-1901 (id=39358, cabang=5, tgl=2026-01-06, keterangan='An/2601-0262; Keterangan : ;') | [seq_in_keterangan] KRT/SYS/2603-1850 (id=39307, cabang=5, tgl=2026-01-05, keterangan='Pa/2601-0262; Keterangan : ;') | [seq_in_keterangan] KRT/SYS/2603-1655 (id=39112, cabang=5, tgl=2026-01-05, keterangan='Wa/2601-0262; Keterangan : ;') | [seq_in_keterangan] MDR/SYS/2602-1953 (id=6590, cabang=4, tgl=2026-01-25, keterangan='GI/2601-0262; Keterangan : ;') | [seq_in_keterangan] MDR/SYS/2602-0674 (id=5311, cabang=4, tgl=2026-01-10, keterangan='MR/2601-0262; Keterangan : ;') | [seq_in_keterangan] MDR/SYS/2602-0486 (id=5123, cabang=4, tgl=2026-01-07, keterangan='Md/2601-0262; Keterangan : ;') | [seq_in_nobukti] SB/NI/2601-0262 (id=3026, cabang=1, tgl=2026-01-30, keterangan='') | [seq_in_nobukti] SB/WS/2601-0262 (id=2664, cabang=1, tgl=2026-01-26, keterangan='') | [seq_in_keterangan] SB/FR/2601-1511 (id=1900, cabang=1, tgl=2026-01-19, keterangan='VX/2601-0262') | [seq_in_keterangan] SB/FR/2601-0791 (id=812, cabang=1, tgl=2026-01-10, keterangan='WN/2601-0262') | [seq_in_keterangan] SB/FR/2601-0555 (id=572, cabang=1, tgl=2026-01-08, keterangan='NS/2601-0262') | [seq_in_nobukti] SB/FR/2601-0262 (id=263, cabang=1, tgl=2026-01-04, keterangan='WN/2601-0071')"
MDR/GI/2601-0244,2601-0244,seq_in_nobukti,"[seq_in_keterangan] CSB/SYS/2604-3341 (id=68010, cabang=2, tgl=2026-01-20, keterangan='UW/2601-0244; Keterangan : ;') | [seq_in_keterangan] CSB/SYS/2604-1584 (id=66253, cabang=2, tgl=2026-01-10, keterangan='FZ/2601-0244; Keterangan : ;') | [seq_in_keterangan] CSB/SYS/2604-1343 (id=66012, cabang=2, tgl=2026-01-09, keterangan='Wl/2601-0244; Keterangan : ;') | [seq_in_keterangan] CSB/SYS/2604-1261 (id=65930, cabang=2, tgl=2026-01-09, keterangan='Ma/2601-0244; Keterangan : ;') | [seq_in_keterangan] CSB/SYS/2604-1247 (id=65916, cabang=2, tgl=2026-01-08, keterangan='IN/2601-0244; Keterangan : ;') | [seq_in_keterangan] CSB/SYS/2604-1107 (id=65776, cabang=2, tgl=2026-01-07, keterangan='SI/2601-0244; Keterangan : ;') | [seq_in_keterangan] KRT/SYS/2603-1894 (id=39351, cabang=5, tgl=2026-01-05, keterangan='Wa/2601-0244-01; Keterangan : (Revisi Dokumen Wa/2601-0244);') | [seq_in_keterangan] KRT/SYS/2603-1825 (id=39282, cabang=5, tgl=2026-01-05, keterangan='An/2601-0244; Keterangan : ;') | [seq_in_keterangan] KRT/SYS/2603-1534 (id=38991, cabang=5, tgl=2026-01-04, keterangan='Pa/2601-0244; Keterangan : ;') | [seq_in_keterangan] MDR/SYS/2602-1811 (id=6448, cabang=4, tgl=2026-01-23, keterangan='GI/2601-0244; Keterangan : ;') | [seq_in_keterangan] MDR/SYS/2602-0600 (id=5237, cabang=4, tgl=2026-01-09, keterangan='MR/2601-0244; Keterangan : ;') | [seq_in_keterangan] MDR/SYS/2602-0468 (id=5105, cabang=4, tgl=2026-01-07, keterangan='Md/2601-0244; Keterangan : ;') | [seq_in_nobukti] SB/NI/2601-0244 (id=2886, cabang=1, tgl=2026-01-28, keterangan='') | [seq_in_nobukti] SB/WS/2601-0244 (id=2646, cabang=1, tgl=2026-01-26, keterangan='') | [seq_in_keterangan] SB/FR/2601-1377 (id=1764, cabang=1, tgl=2026-01-18, keterangan='VX/2601-0244') | [seq_in_keterangan] SB/FR/2601-0712 (id=733, cabang=1, tgl=2026-01-09, keterangan='WN/2601-0244') | [seq_in_keterangan] SB/FR/2601-0503 (id=518, cabang=1, tgl=2026-01-07, keterangan='NS/2601-0244') | [seq_in_nobukti] SB/FR/2601-0244 (id=245, cabang=1, tgl=2026-01-04, keterangan='Pt/2601-0007')"
MDR/CS/2601-0031,2601-0031,seq_in_nobukti,"[seq_in_keterangan] CSB/SYS/2604-0350 (id=65019, cabang=2, tgl=2026-01-03, keterangan='UW/2601-0031; Keterangan : ;') | [seq_in_keterangan] CSB/SYS/2604-0265 (id=64934, cabang=2, tgl=2026-01-03, keterangan='FZ/2601-0031; Keterangan : ;') | [seq_in_keterangan] CSB/SYS/2604-0224 (id=64893, cabang=2, tgl=2026-01-03, keterangan='Ma/2601-0031; Keterangan : ;') | [seq_in_keterangan] CSB/SYS/2604-0157 (id=64826, cabang=2, tgl=2026-01-02, keterangan='SI/2601-0031; Keterangan : ;') | [seq_in_keterangan] CSB/SYS/2604-0117 (id=64786, cabang=2, tgl=2026-01-02, keterangan='Wl/2601-0031; Keterangan : ;') | [seq_in_keterangan] CSB/SYS/2604-0109 (id=64778, cabang=2, tgl=2026-01-02, keterangan='IN/2601-0031; Keterangan : ;') | [seq_in_keterangan] KRT/SYS/2603-2069 (id=39526, cabang=5, tgl=2026-01-06, keterangan='VA/2601-0031; Keterangan : ;') | [seq_in_keterangan] KRT/SYS/2603-1164 (id=38621, cabang=5, tgl=2026-01-02, keterangan='Pa/2601-0031; Keterangan : ;') | [seq_in_keterangan] KRT/SYS/2603-1091 (id=38548, cabang=5, tgl=2026-01-02, keterangan='An/2601-0031; Keterangan : ;') | [seq_in_keterangan] KRT/SYS/2603-0984 (id=38441, cabang=5, tgl=2026-01-02, keterangan='Wa/2601-0031; Keterangan : ;') | [seq_in_keterangan] MDR/SYS/2602-1758 (id=6395, cabang=4, tgl=2026-01-23, keterangan='CS/2601-0031; Keterangan : ;') | [seq_in_keterangan] MDR/SYS/2602-0259 (id=4896, cabang=4, tgl=2026-01-05, keterangan='GI/2601-0031; Keterangan : ;') | [seq_in_keterangan] MDR/SYS/2602-0071 (id=4708, cabang=4, tgl=2026-01-02, keterangan='Md/2601-0031; Keterangan : ;') | [seq_in_keterangan] MDR/SYS/2602-0039 (id=4676, cabang=4, tgl=2026-01-02, keterangan='MR/2601-0031; Keterangan : ;') | [seq_in_nobukti] SB/PT/2601-0031 (id=2599, cabang=1, tgl=2026-01-26, keterangan='') | [seq_in_nobukti] SB/VT/2601-0031 (id=1574, cabang=1, tgl=2026-01-16, keterangan='') | [seq_in_nobukti] SB/WS/2601-0031 (id=1469, cabang=1, tgl=2026-01-15, keterangan='') | [seq_in_nobukti] SB/NI/2601-0031 (id=1425, cabang=1, tgl=2026-01-15, keterangan='') | [seq_in_keterangan] SB/FR/2601-0907 (id=928, cabang=1, tgl=2026-01-10, keterangan='PT/2601-0031') | [seq_in_keterangan] SB/FR/2601-0158 (id=159, cabang=1, tgl=2026-01-03, keterangan='WN/2601-0031') | [seq_in_nobukti] SB/FR/2601-0031 (id=32, cabang=1, tgl=2026-01-02, keterangan='NS/2601-0031')"
MDR/GI/2602-0105,2602-0105,seq_in_nobukti,"[seq_in_keterangan] CSB/SYS/2604-7356 (id=72025, cabang=2, tgl=2026-02-09, keterangan='UW/2602-0105; Keterangan : ;') | [seq_in_keterangan] CSB/SYS/2604-6292 (id=70961, cabang=2, tgl=2026-02-04, keterangan='SI/2602-0105; Keterangan : ;') | [seq_in_keterangan] CSB/SYS/2604-6264 (id=70933, cabang=2, tgl=2026-02-04, keterangan='Wl/2602-0105; Keterangan : ;') | [seq_in_keterangan] CSB/SYS/2604-6168 (id=70837, cabang=2, tgl=2026-02-04, keterangan='FZ/2602-0105; Keterangan : ;') | [seq_in_keterangan] CSB/SYS/2604-6097 (id=70766, cabang=2, tgl=2026-02-04, keterangan='Ma/2602-0105; Keterangan : ;') | [seq_in_keterangan] CSB/SYS/2604-5947 (id=70616, cabang=2, tgl=2026-02-03, keterangan='IN/2602-0105; Keterangan : ;') | [seq_in_keterangan] KRT/SYS/2603-0261 (id=36595, cabang=5, tgl=2026-02-28, keterangan='VA/2602-0105; Keterangan : ;') | [seq_in_nobukti] SB/V2/2602-0105 (id=35255, cabang=1, tgl=2026-02-27, keterangan='') | [seq_in_nobukti] SB/SYS/2602-0105 (id=30350, cabang=1, tgl=2026-02-21, keterangan='VX/2602-0201; Keterangan : ;') | [seq_in_keterangan] SB/SYS/2602-0008 (id=29324, cabang=1, tgl=2026-02-20, keterangan='Pt/2602-0105; Keterangan : ;') | [seq_in_keterangan] KRT/SYS/2602-5289 (id=15224, cabang=5, tgl=2026-02-03, keterangan='An/2602-0105; Keterangan : ;') | [seq_in_keterangan] KRT/SYS/2602-5065 (id=15000, cabang=5, tgl=2026-02-02, keterangan='Pa/2602-0105; Keterangan : ;') | [seq_in_nobukti] KRT/SYS/2602-0105 (id=10040, cabang=5, tgl=2026-01-10, keterangan='Pa/2601-0668; Keterangan : ;') | [seq_in_nobukti] SB/WS/2602-0105 (id=8382, cabang=1, tgl=2026-02-13, keterangan='') | [seq_in_nobukti] SB/NI/2602-0105 (id=8322, cabang=1, tgl=2026-02-13, keterangan='') | [seq_in_keterangan] MDR/SYS/2602-3271 (id=7908, cabang=4, tgl=2026-02-09, keterangan='GI/2602-0105; Keterangan : ;') | [seq_in_keterangan] MDR/SYS/2602-2785 (id=7422, cabang=4, tgl=2026-02-04, keterangan='MR/2602-0105; Keterangan : ;') | [seq_in_keterangan] MDR/SYS/2602-2714 (id=7351, cabang=4, tgl=2026-02-03, keterangan='Md/2602-0105; Keterangan : ;') | [seq_in_nobukti] MDR/SYS/2602-0105 (id=4742, cabang=4, tgl=2026-01-03, keterangan='MR/2601-0057; Keterangan : ;') | [seq_in_nobukti] SB/FR/2602-0105 (id=3354, cabang=1, tgl=2026-02-02, keterangan='')"
MDR/GI/2602-0016,2602-0016,seq_in_nobukti,"[seq_in_keterangan] CSB/SYS/2604-5850 (id=70519, cabang=2, tgl=2026-02-02, keterangan='UW/2602-0016; Keterangan : ;') | [seq_in_keterangan] CSB/SYS/2604-5703 (id=70372, cabang=2, tgl=2026-02-02, keterangan='FZ/2602-0016; Keterangan : ;') | [seq_in_keterangan] CSB/SYS/2604-5697 (id=70366, cabang=2, tgl=2026-02-01, keterangan='SI/2602-0016; Keterangan : ;') | [seq_in_keterangan] CSB/SYS/2604-5678 (id=70347, cabang=2, tgl=2026-02-01, keterangan='Wl/2602-0016; Keterangan : ;') | [seq_in_keterangan] CSB/SYS/2604-5627 (id=70296, cabang=2, tgl=2026-02-01, keterangan='IN/2602-0016; Keterangan : ;') | [seq_in_keterangan] CSB/SYS/2604-5611 (id=70280, cabang=2, tgl=2026-02-01, keterangan='Ma/2602-0016; Keterangan : ;') | [seq_in_keterangan] MDR/SYS/2603-0590 (id=41045, cabang=4, tgl=2026-02-12, keterangan='CS/2602-0016; Keterangan : ;') | [seq_in_nobukti] SB/SYS/2602-0016 (id=29332, cabang=1, tgl=2026-02-20, keterangan='NS/2602-0780; Keterangan : ;') | [seq_in_keterangan] KRT/SYS/2602-5891 (id=15826, cabang=5, tgl=2026-02-05, keterangan='VA/2602-0016; Keterangan : ;') | [seq_in_keterangan] KRT/SYS/2602-4828 (id=14763, cabang=5, tgl=2026-02-01, keterangan='Pa/2602-0016; Keterangan : ;') | [seq_in_keterangan] KRT/SYS/2602-4798 (id=14733, cabang=5, tgl=2026-02-01, keterangan='An/2602-0016; Keterangan : ;') | [seq_in_keterangan] KRT/SYS/2602-4704 (id=14639, cabang=5, tgl=2026-02-01, keterangan='Wa/2602-0016; Keterangan : ;') | [seq_in_nobukti] KRT/SYS/2602-0016 (id=9951, cabang=5, tgl=2026-01-10, keterangan='Pa/2601-0578; Keterangan : ;') | [seq_in_nobukti] SB/V2/2602-0016 (id=8776, cabang=1, tgl=2026-02-16, keterangan='') | [seq_in_nobukti] SB/PT/2602-0016 (id=8358, cabang=1, tgl=2026-02-13, keterangan='') | [seq_in_keterangan] MDR/SYS/2602-2580 (id=7217, cabang=4, tgl=2026-02-02, keterangan='GI/2602-0016; Keterangan : ;') | [seq_in_keterangan] MDR/SYS/2602-2547 (id=7184, cabang=4, tgl=2026-02-01, keterangan='Md/2602-0016; Keterangan : ;') | [seq_in_keterangan] MDR/SYS/2602-2517 (id=7154, cabang=4, tgl=2026-02-01, keterangan='MR/2602-0016; Keterangan : ;') | [seq_in_nobukti] MDR/SYS/2602-0016 (id=4653, cabang=4, tgl=2026-01-02, keterangan='MR/2601-0008; Keterangan : ;') | [seq_in_nobukti] SB/NI/2602-0016 (id=4591, cabang=1, tgl=2026-02-11, keterangan='') | [seq_in_nobukti] SB/WS/2602-0016 (id=4565, cabang=1, tgl=2026-02-11, keterangan='') | [seq_in_nobukti] SB/FR/2602-0016 (id=3265, cabang=1, tgl=2026-02-02, keterangan='')"
MDR/GI/2602-0035,2602-0035,seq_in_nobukti,"[seq_in_keterangan] CSB/SYS/2604-6430 (id=71099, cabang=2, tgl=2026-02-05, keterangan='UW/2602-0035; Keterangan : ;') | [seq_in_keterangan] CSB/SYS/2604-5868 (id=70537, cabang=2, tgl=2026-02-02, keterangan='SI/2602-0035; Keterangan : ;') | [seq_in_keterangan] CSB/SYS/2604-5811 (id=70480, cabang=2, tgl=2026-02-02, keterangan='Wl/2602-0035; Keterangan : ;') | [seq_in_keterangan] CSB/SYS/2604-5777 (id=70446, cabang=2, tgl=2026-02-02, keterangan='Ma/2602-0035; Keterangan : ;') | [seq_in_keterangan] CSB/SYS/2604-5734 (id=70403, cabang=2, tgl=2026-02-02, keterangan='IN/2602-0035; Keterangan : ;') | [seq_in_keterangan] CSB/SYS/2604-5722 (id=70391, cabang=2, tgl=2026-02-02, keterangan='FZ/2602-0035; Keterangan : ;') | [seq_in_keterangan] MDR/SYS/2602-4590 (id=30665, cabang=4, tgl=2026-02-21, keterangan='CS/2602-0035; Keterangan : ;') | [seq_in_nobukti] SB/SYS/2602-0035 (id=29351, cabang=1, tgl=2026-02-20, keterangan='NS/2602-0799; Keterangan : ;') | [seq_in_keterangan] KRT/SYS/2602-7454 (id=17389, cabang=5, tgl=2026-02-11, keterangan='VA/2602-0035; Keterangan : ;') | [seq_in_keterangan] KRT/SYS/2602-4864 (id=14799, cabang=5, tgl=2026-02-02, keterangan='An/2602-0035; Keterangan : ;') | [seq_in_keterangan] KRT/SYS/2602-4846 (id=14781, cabang=5, tgl=2026-02-01, keterangan='Pa/2602-0035; Keterangan : ;') | [seq_in_keterangan] KRT/SYS/2602-4722 (id=14657, cabang=5, tgl=2026-02-01, keterangan='Wa/2602-0035; Keterangan : ;') | [seq_in_nobukti] KRT/SYS/2602-0035 (id=9970, cabang=5, tgl=2026-01-10, keterangan='Pa/2601-0597; Keterangan : ;') | [seq_in_nobukti] SB/V2/2602-0035 (id=8795, cabang=1, tgl=2026-02-16, keterangan='') | [seq_in_nobukti] SB/PT/2602-0035 (id=8441, cabang=1, tgl=2026-02-14, keterangan='') | [seq_in_nobukti] SB/WS/2602-0035 (id=8230, cabang=1, tgl=2026-02-12, keterangan='') | [seq_in_keterangan] MDR/SYS/2602-2794 (id=7431, cabang=4, tgl=2026-02-04, keterangan='GI/2602-0035; Keterangan : ;') | [seq_in_keterangan] MDR/SYS/2602-2651 (id=7288, cabang=4, tgl=2026-02-02, keterangan='MR/2602-0035; Keterangan : ;') | [seq_in_keterangan] MDR/SYS/2602-2566 (id=7203, cabang=4, tgl=2026-02-01, keterangan='Md/2602-0035; Keterangan : ;') | [seq_in_nobukti] MDR/SYS/2602-0035 (id=4672, cabang=4, tgl=2026-01-02, keterangan='MR/2601-0027; Keterangan : ;') | [seq_in_nobukti] SB/NI/2602-0035 (id=4610, cabang=1, tgl=2026-02-12, keterangan='') | [seq_in_nobukti] SB/FR/2602-0035 (id=3284, cabang=1, tgl=2026-02-02, keterangan='')"
MDR/CS/2602-0008,2602-0008,seq_in_nobukti,"[seq_in_keterangan] CSB/SYS/2604-5690 (id=70359, cabang=2, tgl=2026-02-01, keterangan='SI/2602-0008; Keterangan : ;') | [seq_in_keterangan] CSB/SYS/2604-5649 (id=70318, cabang=2, tgl=2026-02-01, keterangan='UW/2602-0008; Keterangan : ;') | [seq_in_keterangan] CSB/SYS/2604-5638 (id=70307, cabang=2, tgl=2026-02-01, keterangan='FZ/2602-0008; Keterangan : ;') | [seq_in_keterangan] CSB/SYS/2604-5619 (id=70288, cabang=2, tgl=2026-02-01, keterangan='IN/2602-0008; Keterangan : ;') | [seq_in_keterangan] CSB/SYS/2604-5603 (id=70272, cabang=2, tgl=2026-02-01, keterangan='Ma/2602-0008; Keterangan : ;') | [seq_in_keterangan] CSB/SYS/2604-5594 (id=70263, cabang=2, tgl=2026-02-01, keterangan='Wl/2602-0008; Keterangan : ;') | [seq_in_nobukti] SB/SYS/2602-0008 (id=29324, cabang=1, tgl=2026-02-20, keterangan='Pt/2602-0105; Keterangan : ;') | [seq_in_keterangan] KRT/SYS/2602-5203 (id=15138, cabang=5, tgl=2026-02-03, keterangan='VA/2602-0008; Keterangan : ;') | [seq_in_keterangan] KRT/SYS/2602-4820 (id=14755, cabang=5, tgl=2026-02-01, keterangan='Pa/2602-0008; Keterangan : ;') | [seq_in_keterangan] KRT/SYS/2602-4790 (id=14725, cabang=5, tgl=2026-02-01, keterangan='An/2602-0008; Keterangan : ;') | [seq_in_keterangan] KRT/SYS/2602-4696 (id=14631, cabang=5, tgl=2026-02-01, keterangan='Wa/2602-0008; Keterangan : ;') | [seq_in_nobukti] KRT/SYS/2602-0008 (id=9943, cabang=5, tgl=2026-01-10, keterangan='Pa/2601-0570; Keterangan : ;') | [seq_in_nobukti] SB/V2/2602-0008 (id=8627, cabang=1, tgl=2026-02-15, keterangan='') | [seq_in_nobukti] SB/PT/2602-0008 (id=8219, cabang=1, tgl=2026-02-12, keterangan='') | [seq_in_keterangan] MDR/SYS/2602-3066 (id=7703, cabang=4, tgl=2026-02-07, keterangan='CS/2602-0008; Keterangan : ;') | [seq_in_keterangan] MDR/SYS/2602-2539 (id=7176, cabang=4, tgl=2026-02-01, keterangan='Md/2602-0008; Keterangan : ;') | [seq_in_keterangan] MDR/SYS/2602-2533 (id=7170, cabang=4, tgl=2026-02-01, keterangan='GI/2602-0008; Keterangan : ;') | [seq_in_keterangan] MDR/SYS/2602-2510 (id=7147, cabang=4, tgl=2026-02-01, keterangan='MR/2602-0008; Keterangan : ;') | [seq_in_nobukti] MDR/SYS/2602-0008 (id=4645, cabang=4, tgl=2026-01-02, keterangan='GI/2601-0007; Keterangan : ;') | [seq_in_nobukti] SB/NI/2602-0008 (id=4583, cabang=1, tgl=2026-02-11, keterangan='') | [seq_in_nobukti] SB/WS/2602-0008 (id=4557, cabang=1, tgl=2026-02-11, keterangan='') | [seq_in_nobukti] SB/FR/2602-0008 (id=3257, cabang=1, tgl=2026-02-02, keterangan='')"
MDR/GI/2602-0083,2602-0083,seq_in_nobukti,"[seq_in_keterangan] CSB/SYS/2604-6966 (id=71635, cabang=2, tgl=2026-02-07, keterangan='UW/2602-0083; Keterangan : ;') | [seq_in_keterangan] CSB/SYS/2604-6218 (id=70887, cabang=2, tgl=2026-02-04, keterangan='Wl/2602-0083; Keterangan : ;') | [seq_in_keterangan] CSB/SYS/2604-6083 (id=70752, cabang=2, tgl=2026-02-03, keterangan='SI/2602-0083; Keterangan : ;') | [seq_in_keterangan] CSB/SYS/2604-5989 (id=70658, cabang=2, tgl=2026-02-03, keterangan='FZ/2602-0083; Keterangan : ;') | [seq_in_keterangan] CSB/SYS/2604-5924 (id=70593, cabang=2, tgl=2026-02-03, keterangan='Ma/2602-0083; Keterangan : ;') | [seq_in_keterangan] CSB/SYS/2604-5828 (id=70497, cabang=2, tgl=2026-02-02, keterangan='IN/2602-0083; Keterangan : ;') | [seq_in_nobukti] SB/PT/2602-0083 (id=37265, cabang=1, tgl=2026-03-02, keterangan='') | [seq_in_keterangan] KRT/SYS/2602-10292 (id=33321, cabang=5, tgl=2026-02-21, keterangan='VA/2602-0083; Keterangan : ;') | [seq_in_nobukti] SB/V2/2602-0083 (id=30951, cabang=1, tgl=2026-02-22, keterangan='') | [seq_in_nobukti] SB/SYS/2602-0083 (id=30328, cabang=1, tgl=2026-02-21, keterangan='WN/2602-0511; Keterangan : ;') | [seq_in_keterangan] KRT/SYS/2602-5043 (id=14978, cabang=5, tgl=2026-02-02, keterangan='Pa/2602-0083; Keterangan : ;') | [seq_in_keterangan] KRT/SYS/2602-4910 (id=14845, cabang=5, tgl=2026-02-02, keterangan='An/2602-0083; Keterangan : ;') | [seq_in_keterangan] KRT/SYS/2602-4770 (id=14705, cabang=5, tgl=2026-02-01, keterangan='Wa/2602-0083; Keterangan : ;') | [seq_in_nobukti] KRT/SYS/2602-0083 (id=10018, cabang=5, tgl=2026-01-10, keterangan='Pa/2601-0646; Keterangan : ;') | [seq_in_nobukti] SB/WS/2602-0083 (id=8315, cabang=1, tgl=2026-02-13, keterangan='') | [seq_in_nobukti] SB/NI/2602-0083 (id=8280, cabang=1, tgl=2026-02-12, keterangan='') | [seq_in_keterangan] MDR/SYS/2602-3071 (id=7708, cabang=4, tgl=2026-02-07, keterangan='GI/2602-0083; Keterangan : ;') | [seq_in_keterangan] MDR/SYS/2602-2698 (id=7335, cabang=4, tgl=2026-02-03, keterangan='MR/2602-0083; Keterangan : ;') | [seq_in_keterangan] MDR/SYS/2602-2631 (id=7268, cabang=4, tgl=2026-02-02, keterangan='Md/2602-0083; Keterangan : ;') | [seq_in_nobukti] MDR/SYS/2602-0083 (id=4720, cabang=4, tgl=2026-01-03, keterangan='MR/2601-0035; Keterangan : ;') | [seq_in_nobukti] SB/FR/2602-0083 (id=3332, cabang=1, tgl=2026-02-02, keterangan='')"
MDR/GI/2602-0115,2602-0115,seq_in_nobukti,"[seq_in_keterangan] CSB/SYS/2604-7366 (id=72035, cabang=2, tgl=2026-02-09, keterangan='UW/2602-0115; Keterangan : ;') | [seq_in_keterangan] CSB/SYS/2604-6335 (id=71004, cabang=2, tgl=2026-02-05, keterangan='Wl/2602-0115; Keterangan : ;') | [seq_in_keterangan] CSB/SYS/2604-6302 (id=70971, cabang=2, tgl=2026-02-04, keterangan='SI/2602-0115; Keterangan : ;') | [seq_in_keterangan] CSB/SYS/2604-6178 (id=70847, cabang=2, tgl=2026-02-04, keterangan='FZ/2602-0115; Keterangan : ;') | [seq_in_keterangan] CSB/SYS/2604-6106 (id=70775, cabang=2, tgl=2026-02-04, keterangan='Ma/2602-0115; Keterangan : ;') | [seq_in_keterangan] CSB/SYS/2604-5956 (id=70625, cabang=2, tgl=2026-02-03, keterangan='IN/2602-0115; Keterangan : ;') | [seq_in_nobukti] SB/V2/2602-0115 (id=35265, cabang=1, tgl=2026-02-27, keterangan='') | [seq_in_nobukti] SB/SYS/2602-0115 (id=30360, cabang=1, tgl=2026-02-21, keterangan='VX/2602-0211; Keterangan : ;') | [seq_in_keterangan] SB/SYS/2602-0093 (id=30338, cabang=1, tgl=2026-02-21, keterangan='Pt/2602-0115; Keterangan : ;') | [seq_in_keterangan] KRT/SYS/2602-5299 (id=15234, cabang=5, tgl=2026-02-03, keterangan='An/2602-0115; Keterangan : ;') | [seq_in_keterangan] KRT/SYS/2602-5075 (id=15010, cabang=5, tgl=2026-02-02, keterangan='Pa/2602-0115; Keterangan : ;') | [seq_in_keterangan] KRT/SYS/2602-4937 (id=14872, cabang=5, tgl=2026-02-02, keterangan='Wa/2602-0115; Keterangan : ;') | [seq_in_nobukti] KRT/SYS/2602-0115 (id=10050, cabang=5, tgl=2026-01-10, keterangan='Pa/2601-0678; Keterangan : ;') | [seq_in_nobukti] SB/WS/2602-0115 (id=8392, cabang=1, tgl=2026-02-13, keterangan='') | [seq_in_nobukti] SB/NI/2602-0115 (id=8352, cabang=1, tgl=2026-02-13, keterangan='') | [seq_in_keterangan] MDR/SYS/2602-3281 (id=7918, cabang=4, tgl=2026-02-09, keterangan='GI/2602-0115; Keterangan : ;') | [seq_in_keterangan] MDR/SYS/2602-2887 (id=7524, cabang=4, tgl=2026-02-05, keterangan='MR/2602-0115; Keterangan : ;') | [seq_in_keterangan] MDR/SYS/2602-2724 (id=7361, cabang=4, tgl=2026-02-03, keterangan='Md/2602-0115; Keterangan : ;') | [seq_in_nobukti] MDR/SYS/2602-0115 (id=4752, cabang=4, tgl=2026-01-03, keterangan='Md/2601-0047; Keterangan : ;') | [seq_in_nobukti] SB/FR/2602-0115 (id=3364, cabang=1, tgl=2026-02-02, keterangan='')"
MDR/GI/2602-0142,2602-0142,seq_in_nobukti,"[seq_in_keterangan] CSB/SYS/2604-8051 (id=72720, cabang=2, tgl=2026-02-12, keterangan='UW/2602-0142; Keterangan : ;') | [seq_in_keterangan] CSB/SYS/2604-6491 (id=71160, cabang=2, tgl=2026-02-05, keterangan='SI/2602-0142; Keterangan : ;') | [seq_in_keterangan] CSB/SYS/2604-6445 (id=71114, cabang=2, tgl=2026-02-05, keterangan='Wl/2602-0142; Keterangan : ;') | [seq_in_keterangan] CSB/SYS/2604-6390 (id=71059, cabang=2, tgl=2026-02-05, keterangan='FZ/2602-0142; Keterangan : ;') | [seq_in_keterangan] CSB/SYS/2604-6265 (id=70934, cabang=2, tgl=2026-02-04, keterangan='IN/2602-0142; Keterangan : ;') | [seq_in_keterangan] CSB/SYS/2604-6133 (id=70802, cabang=2, tgl=2026-02-04, keterangan='Ma/2602-0142; Keterangan : ;') | [seq_in_nobukti] SB/V2/2602-0142 (id=37179, cabang=1, tgl=2026-03-02, keterangan='') | [seq_in_keterangan] SB/SYS/2602-0455 (id=32604, cabang=1, tgl=2026-02-25, keterangan='Pt/2602-0142; Keterangan : ;') | [seq_in_nobukti] SB/SYS/2602-0142 (id=30387, cabang=1, tgl=2026-02-21, keterangan='NS/2602-0829; Keterangan : ;') | [seq_in_keterangan] KRT/SYS/2602-5325 (id=15260, cabang=5, tgl=2026-02-03, keterangan='An/2602-0142; Keterangan : ;') | [seq_in_keterangan] KRT/SYS/2602-5102 (id=15037, cabang=5, tgl=2026-02-02, keterangan='Pa/2602-0142; Keterangan : ;') | [seq_in_keterangan] KRT/SYS/2602-4963 (id=14898, cabang=5, tgl=2026-02-02, keterangan='Wa/2602-0142; Keterangan : ;') | [seq_in_nobukti] KRT/SYS/2602-0142 (id=10077, cabang=5, tgl=2026-01-10, keterangan='Wa/2601-0778; Keterangan : ;') | [seq_in_nobukti] SB/WS/2602-0142 (id=8462, cabang=1, tgl=2026-02-14, keterangan='') | [seq_in_nobukti] SB/NI/2602-0142 (id=8410, cabang=1, tgl=2026-02-14, keterangan='') | [seq_in_keterangan] MDR/SYS/2602-3470 (id=8107, cabang=4, tgl=2026-02-10, keterangan='GI/2602-0142; Keterangan : ;') | [seq_in_keterangan] MDR/SYS/2602-2914 (id=7551, cabang=4, tgl=2026-02-05, keterangan='MR/2602-0142; Keterangan : ;') | [seq_in_keterangan] MDR/SYS/2602-2750 (id=7387, cabang=4, tgl=2026-02-03, keterangan='Md/2602-0142; Keterangan : ;') | [seq_in_nobukti] MDR/SYS/2602-0142 (id=4779, cabang=4, tgl=2026-01-03, keterangan='Md/2601-0075; Keterangan : ;') | [seq_in_nobukti] SB/FR/2602-0142 (id=3626, cabang=1, tgl=2026-02-03, keterangan='')"
MDR/GI/2602-0276,2602-0276,seq_in_nobukti,"[seq_in_keterangan] CSB/SYS/2604-9166 (id=73835, cabang=2, tgl=2026-02-16, keterangan='UW/2602-0276; Keterangan : ;') | [seq_in_keterangan] CSB/SYS/2604-7204 (id=71873, cabang=2, tgl=2026-02-08, keterangan='SI/2602-0276; Keterangan : ;') | [seq_in_keterangan] CSB/SYS/2604-7058 (id=71727, cabang=2, tgl=2026-02-08, keterangan='Wl/2602-0276; Keterangan : ;') | [seq_in_keterangan] CSB/SYS/2604-7031 (id=71700, cabang=2, tgl=2026-02-08, keterangan='FZ/2602-0276; Keterangan : ;') | [seq_in_keterangan] CSB/SYS/2604-6898 (id=71567, cabang=2, tgl=2026-02-07, keterangan='IN/2602-0276; Keterangan : ;') | [seq_in_keterangan] CSB/SYS/2604-6756 (id=71425, cabang=2, tgl=2026-02-07, keterangan='Ma/2602-0276; Keterangan : ;') | [seq_in_nobukti] SB/WS/2602-0276 (id=35311, cabang=1, tgl=2026-02-27, keterangan='') | [seq_in_keterangan] SB/SYS/2602-0327 (id=32007, cabang=1, tgl=2026-02-24, keterangan='VX/2602-0276; Keterangan : ;') | [seq_in_nobukti] SB/SYS/2602-0276 (id=31513, cabang=1, tgl=2026-02-23, keterangan='NS/2602-0882; Keterangan : ;') | [seq_in_keterangan] KRT/SYS/2602-5748 (id=15683, cabang=5, tgl=2026-02-05, keterangan='An/2602-0276; Keterangan : ;') | [seq_in_keterangan] KRT/SYS/2602-5507 (id=15442, cabang=5, tgl=2026-02-04, keterangan='Wa/2602-0276; Keterangan : ;') | [seq_in_keterangan] KRT/SYS/2602-5397 (id=15332, cabang=5, tgl=2026-02-03, keterangan='Pa/2602-0276; Keterangan : ;') | [seq_in_nobukti] KRT/SYS/2602-0276 (id=10211, cabang=5, tgl=2026-01-11, keterangan='Pa/2601-0701; Keterangan : ;') | [seq_in_keterangan] MDR/SYS/2602-4366 (id=9931, cabang=4, tgl=2026-02-18, keterangan='GI/2602-0276; Keterangan : ;') | [seq_in_nobukti] SB/NI/2602-0276 (id=8643, cabang=1, tgl=2026-02-15, keterangan='') | [seq_in_keterangan] MDR/SYS/2602-3190 (id=7827, cabang=4, tgl=2026-02-08, keterangan='MR/2602-0276; Keterangan : ;') | [seq_in_keterangan] MDR/SYS/2602-3040 (id=7677, cabang=4, tgl=2026-02-06, keterangan='Md/2602-0276; Keterangan : ;') | [seq_in_nobukti] MDR/SYS/2602-0276 (id=4913, cabang=4, tgl=2026-01-05, keterangan='GI/2601-0048; Keterangan : ;') | [seq_in_nobukti] SB/FR/2602-0276 (id=3760, cabang=1, tgl=2026-02-04, keterangan='')"
MDR/GI/2602-0164,2602-0164,seq_in_nobukti,"[seq_in_keterangan] CSB/SYS/2604-8073 (id=72742, cabang=2, tgl=2026-02-12, keterangan='UW/2602-0164; Keterangan : ;') | [seq_in_keterangan] CSB/SYS/2604-6694 (id=71363, cabang=2, tgl=2026-02-06, keterangan='SI/2602-0164; Keterangan : ;') | [seq_in_keterangan] CSB/SYS/2604-6520 (id=71189, cabang=2, tgl=2026-02-06, keterangan='Wl/2602-0164; Keterangan : ;') | [seq_in_keterangan] CSB/SYS/2604-6412 (id=71081, cabang=2, tgl=2026-02-05, keterangan='FZ/2602-0164; Keterangan : ;') | [seq_in_keterangan] CSB/SYS/2604-6362 (id=71031, cabang=2, tgl=2026-02-05, keterangan='IN/2602-0164; Keterangan : ;') | [seq_in_keterangan] CSB/SYS/2604-6241 (id=70910, cabang=2, tgl=2026-02-04, keterangan='Ma/2602-0164; Keterangan : ;') | [seq_in_keterangan] MDR/SYS/2603-0536 (id=40991, cabang=4, tgl=2026-02-12, keterangan='GI/2602-0164; Keterangan : ;') | [seq_in_nobukti] SB/V2/2602-0164 (id=37201, cabang=1, tgl=2026-03-02, keterangan='') | [seq_in_nobukti] SB/SYS/2602-0164 (id=30409, cabang=1, tgl=2026-02-21, keterangan='NS/2602-0851; Keterangan : ;') | [seq_in_keterangan] SB/SYS/2602-0057 (id=29373, cabang=1, tgl=2026-02-20, keterangan='VX/2602-0164; Keterangan : ;') | [seq_in_keterangan] KRT/SYS/2602-5347 (id=15282, cabang=5, tgl=2026-02-03, keterangan='An/2602-0164; Keterangan : ;') | [seq_in_keterangan] KRT/SYS/2602-5124 (id=15059, cabang=5, tgl=2026-02-02, keterangan='Pa/2602-0164; Keterangan : ;') | [seq_in_keterangan] KRT/SYS/2602-4984 (id=14919, cabang=5, tgl=2026-02-02, keterangan='Wa/2602-0164; Keterangan : ;') | [seq_in_nobukti] KRT/SYS/2602-0164 (id=10099, cabang=5, tgl=2026-01-10, keterangan='Wa/2601-0800; Keterangan : ;') | [seq_in_nobukti] SB/NI/2602-0164 (id=8509, cabang=1, tgl=2026-02-14, keterangan='') | [seq_in_nobukti] SB/WS/2602-0164 (id=8484, cabang=1, tgl=2026-02-14, keterangan='') | [seq_in_keterangan] MDR/SYS/2602-2957 (id=7594, cabang=4, tgl=2026-02-06, keterangan='MR/2602-0164; Keterangan : ;') | [seq_in_keterangan] MDR/SYS/2602-2815 (id=7452, cabang=4, tgl=2026-02-04, keterangan='Md/2602-0164; Keterangan : ;') | [seq_in_nobukti] MDR/SYS/2602-0164 (id=4801, cabang=4, tgl=2026-01-03, keterangan='Md/2601-0098; Keterangan : ;') | [seq_in_nobukti] SB/FR/2602-0164 (id=3648, cabang=1, tgl=2026-02-03, keterangan='')"
MDR/GI/2602-0355,2602-0355,seq_in_nobukti,"[seq_in_keterangan] CSB/SYS/2604-9422 (id=74091, cabang=2, tgl=2026-02-17, keterangan='UW/2602-0355; Keterangan : ;') | [seq_in_keterangan] CSB/SYS/2604-7599 (id=72268, cabang=2, tgl=2026-02-10, keterangan='SI/2602-0355; Keterangan : ;') | [seq_in_keterangan] CSB/SYS/2604-7474 (id=72143, cabang=2, tgl=2026-02-10, keterangan='IN/2602-0355; Keterangan : ;') | [seq_in_keterangan] CSB/SYS/2604-7438 (id=72107, cabang=2, tgl=2026-02-10, keterangan='FZ/2602-0355; Keterangan : ;') | [seq_in_keterangan] CSB/SYS/2604-7412 (id=72081, cabang=2, tgl=2026-02-10, keterangan='Wl/2602-0355; Keterangan : ;') | [seq_in_keterangan] CSB/SYS/2604-7251 (id=71920, cabang=2, tgl=2026-02-09, keterangan='Ma/2602-0355; Keterangan : ;') | [seq_in_keterangan] SB/SYS/2603-0004 (id=35917, cabang=1, tgl=2026-02-28, keterangan='VX/2602-0355; Keterangan : ;') | [seq_in_keterangan] MDR/SYS/2602-5069 (id=35611, cabang=4, tgl=2026-02-27, keterangan='GI/2602-0355; Keterangan : ;') | [seq_in_nobukti] SB/SYS/2602-0355 (id=32035, cabang=1, tgl=2026-02-24, keterangan='NS/2602-0948; Keterangan : ;') | [seq_in_keterangan] KRT/SYS/2602-5852 (id=15787, cabang=5, tgl=2026-02-05, keterangan='Pa/2602-0355; Keterangan : ;') | [seq_in_keterangan] KRT/SYS/2602-5827 (id=15762, cabang=5, tgl=2026-02-05, keterangan='An/2602-0355; Keterangan : ;') | [seq_in_keterangan] KRT/SYS/2602-5585 (id=15520, cabang=5, tgl=2026-02-04, keterangan='Wa/2602-0355; Keterangan : ;') | [seq_in_nobukti] KRT/SYS/2602-0355 (id=10290, cabang=5, tgl=2026-01-11, keterangan='An/2601-0597; Keterangan : ;') | [seq_in_nobukti] SB/NI/2602-0355 (id=8850, cabang=1, tgl=2026-02-16, keterangan='') | [seq_in_keterangan] MDR/SYS/2602-3376 (id=8013, cabang=4, tgl=2026-02-10, keterangan='MR/2602-0355; Keterangan : ;') | [seq_in_keterangan] MDR/SYS/2602-3254 (id=7891, cabang=4, tgl=2026-02-08, keterangan='Md/2602-0355; Keterangan : ;') | [seq_in_nobukti] MDR/SYS/2602-0355 (id=4992, cabang=4, tgl=2026-01-05, keterangan='MR/2601-0114; Keterangan : ;') | [seq_in_nobukti] SB/FR/2602-0355 (id=3839, cabang=1, tgl=2026-02-05, keterangan='')"
MDR/GI/2602-0129,2602-0129,seq_in_nobukti,"[seq_in_keterangan] CSB/SYS/2604-7776 (id=72445, cabang=2, tgl=2026-02-11, keterangan='UW/2602-0129; Keterangan : ;') | [seq_in_keterangan] CSB/SYS/2604-6478 (id=71147, cabang=2, tgl=2026-02-05, keterangan='SI/2602-0129; Keterangan : ;') | [seq_in_keterangan] CSB/SYS/2604-6349 (id=71018, cabang=2, tgl=2026-02-05, keterangan='Wl/2602-0129; Keterangan : ;') | [seq_in_keterangan] CSB/SYS/2604-6192 (id=70861, cabang=2, tgl=2026-02-04, keterangan='FZ/2602-0129; Keterangan : ;') | [seq_in_keterangan] CSB/SYS/2604-6120 (id=70789, cabang=2, tgl=2026-02-04, keterangan='Ma/2602-0129; Keterangan : ;') | [seq_in_keterangan] CSB/SYS/2604-6050 (id=70719, cabang=2, tgl=2026-02-03, keterangan='IN/2602-0129; Keterangan : ;') | [seq_in_nobukti] SB/V2/2602-0129 (id=37166, cabang=1, tgl=2026-03-02, keterangan='') | [seq_in_keterangan] SB/SYS/2602-0322 (id=31559, cabang=1, tgl=2026-02-23, keterangan='Pt/2602-0129; Keterangan : ;') | [seq_in_nobukti] SB/SYS/2602-0129 (id=30374, cabang=1, tgl=2026-02-21, keterangan='VX/2602-0226; Keterangan : ;') | [seq_in_keterangan] KRT/SYS/2602-5313 (id=15248, cabang=5, tgl=2026-02-03, keterangan='An/2602-0129; Keterangan : ;') | [seq_in_keterangan] KRT/SYS/2602-5089 (id=15024, cabang=5, tgl=2026-02-02, keterangan='Pa/2602-0129; Keterangan : ;') | [seq_in_keterangan] KRT/SYS/2602-4950 (id=14885, cabang=5, tgl=2026-02-02, keterangan='Wa/2602-0129; Keterangan : ;') | [seq_in_nobukti] KRT/SYS/2602-0129 (id=10064, cabang=5, tgl=2026-01-10, keterangan='Wa/2601-0765; Keterangan : ;') | [seq_in_nobukti] SB/WS/2602-0129 (id=8449, cabang=1, tgl=2026-02-14, keterangan='') | [seq_in_nobukti] SB/NI/2602-0129 (id=8375, cabang=1, tgl=2026-02-13, keterangan='') | [seq_in_keterangan] MDR/SYS/2602-3457 (id=8094, cabang=4, tgl=2026-02-10, keterangan='GI/2602-0129; Keterangan : ;') | [seq_in_keterangan] MDR/SYS/2602-2901 (id=7538, cabang=4, tgl=2026-02-05, keterangan='MR/2602-0129; Keterangan : ;') | [seq_in_keterangan] MDR/SYS/2602-2738 (id=7375, cabang=4, tgl=2026-02-03, keterangan='Md/2602-0129; Keterangan : ;') | [seq_in_nobukti] MDR/SYS/2602-0129 (id=4766, cabang=4, tgl=2026-01-03, keterangan='Md/2601-0061; Keterangan : ;') | [seq_in_nobukti] SB/FR/2602-0129 (id=3613, cabang=1, tgl=2026-02-03, keterangan='')"
MDR/GI/2602-0265,2602-0265,seq_in_nobukti,"[seq_in_keterangan] CSB/SYS/2604-9155 (id=73824, cabang=2, tgl=2026-02-16, keterangan='UW/2602-0265; Keterangan : ;') | [seq_in_keterangan] CSB/SYS/2604-7193 (id=71862, cabang=2, tgl=2026-02-08, keterangan='SI/2602-0265; Keterangan : ;') | [seq_in_keterangan] CSB/SYS/2604-7047 (id=71716, cabang=2, tgl=2026-02-08, keterangan='Wl/2602-0265; Keterangan : ;') | [seq_in_keterangan] CSB/SYS/2604-7020 (id=71689, cabang=2, tgl=2026-02-08, keterangan='FZ/2602-0265; Keterangan : ;') | [seq_in_keterangan] CSB/SYS/2604-6887 (id=71556, cabang=2, tgl=2026-02-07, keterangan='IN/2602-0265; Keterangan : ;') | [seq_in_keterangan] CSB/SYS/2604-6745 (id=71414, cabang=2, tgl=2026-02-07, keterangan='Ma/2602-0265; Keterangan : ;') | [seq_in_nobukti] SB/WS/2602-0265 (id=35300, cabang=1, tgl=2026-02-27, keterangan='') | [seq_in_nobukti] SB/SYS/2602-0265 (id=31502, cabang=1, tgl=2026-02-23, keterangan='WN/2602-0546; Keterangan : ;') | [seq_in_keterangan] SB/SYS/2602-0225 (id=31462, cabang=1, tgl=2026-02-23, keterangan='VX/2602-0265; Keterangan : ;') | [seq_in_keterangan] KRT/SYS/2602-5737 (id=15672, cabang=5, tgl=2026-02-05, keterangan='An/2602-0265; Keterangan : ;') | [seq_in_keterangan] KRT/SYS/2602-5496 (id=15431, cabang=5, tgl=2026-02-04, keterangan='Wa/2602-0265; Keterangan : ;') | [seq_in_keterangan] KRT/SYS/2602-5386 (id=15321, cabang=5, tgl=2026-02-03, keterangan='Pa/2602-0265; Keterangan : ;') | [seq_in_nobukti] KRT/SYS/2602-0265 (id=10200, cabang=5, tgl=2026-01-11, keterangan='Pa/2601-0690; Keterangan : ;') | [seq_in_keterangan] MDR/SYS/2602-4356 (id=9921, cabang=4, tgl=2026-02-18, keterangan='GI/2602-0265; Keterangan : ;') | [seq_in_nobukti] SB/NI/2602-0265 (id=8614, cabang=1, tgl=2026-02-15, keterangan='') | [seq_in_keterangan] MDR/SYS/2602-3179 (id=7816, cabang=4, tgl=2026-02-08, keterangan='MR/2602-0265; Keterangan : ;') | [seq_in_keterangan] MDR/SYS/2602-3029 (id=7666, cabang=4, tgl=2026-02-06, keterangan='Md/2602-0265; Keterangan : ;') | [seq_in_nobukti] MDR/SYS/2602-0265 (id=4902, cabang=4, tgl=2026-01-05, keterangan='GI/2601-0037; Keterangan : ;') | [seq_in_nobukti] SB/FR/2602-0265 (id=3749, cabang=1, tgl=2026-02-04, keterangan='')"
MDR/GI/2602-0325,2602-0325,seq_in_nobukti,"[seq_in_keterangan] CSB/SYS/2604-9392 (id=74061, cabang=2, tgl=2026-02-17, keterangan='UW/2602-0325; Keterangan : ;') | [seq_in_keterangan] CSB/SYS/2604-7569 (id=72238, cabang=2, tgl=2026-02-10, keterangan='SI/2602-0325; Keterangan : ;') | [seq_in_keterangan] CSB/SYS/2604-7303 (id=71972, cabang=2, tgl=2026-02-09, keterangan='FZ/2602-0325; Keterangan : ;') | [seq_in_keterangan] CSB/SYS/2604-7228 (id=71897, cabang=2, tgl=2026-02-09, keterangan='Wl/2602-0325; Keterangan : ;') | [seq_in_keterangan] CSB/SYS/2604-7141 (id=71810, cabang=2, tgl=2026-02-08, keterangan='Ma/2602-0325; Keterangan : ;') | [seq_in_keterangan] CSB/SYS/2604-7013 (id=71682, cabang=2, tgl=2026-02-08, keterangan='IN/2602-0325; Keterangan : ;') | [seq_in_keterangan] SB/SYS/2602-0581 (id=34811, cabang=1, tgl=2026-02-26, keterangan='VX/2602-0325; Keterangan : ;') | [seq_in_keterangan] MDR/SYS/2602-4837 (id=32343, cabang=4, tgl=2026-02-24, keterangan='GI/2602-0325; Keterangan : ;') | [seq_in_nobukti] SB/SYS/2602-0325 (id=32005, cabang=1, tgl=2026-02-24, keterangan='VX/2602-0274; Keterangan : ;') | [seq_in_keterangan] KRT/SYS/2602-5797 (id=15732, cabang=5, tgl=2026-02-05, keterangan='An/2602-0325; Keterangan : ;') | [seq_in_keterangan] KRT/SYS/2602-5635 (id=15570, cabang=5, tgl=2026-02-04, keterangan='Pa/2602-0325; Keterangan : ;') | [seq_in_keterangan] KRT/SYS/2602-5555 (id=15490, cabang=5, tgl=2026-02-04, keterangan='Wa/2602-0325; Keterangan : ;') | [seq_in_nobukti] KRT/SYS/2602-0325 (id=10260, cabang=5, tgl=2026-01-11, keterangan='Wa/2601-0845; Keterangan : ;') | [seq_in_nobukti] SB/NI/2602-0325 (id=8749, cabang=1, tgl=2026-02-16, keterangan='') | [seq_in_keterangan] MDR/SYS/2602-3317 (id=7954, cabang=4, tgl=2026-02-09, keterangan='MR/2602-0325; Keterangan : ;') | [seq_in_keterangan] MDR/SYS/2602-3224 (id=7861, cabang=4, tgl=2026-02-08, keterangan='Md/2602-0325; Keterangan : ;') | [seq_in_nobukti] MDR/SYS/2602-0325 (id=4962, cabang=4, tgl=2026-01-05, keterangan='Md/2601-0192; Keterangan : ;') | [seq_in_nobukti] SB/FR/2602-0325 (id=3809, cabang=1, tgl=2026-02-04, keterangan='')"
MDR/MD/2602-1117,2602-1117,seq_in_nobukti,"[seq_in_keterangan] SB/SYS/2603-0074 (id=35987, cabang=1, tgl=2026-02-28, keterangan='NS/2602-1117; Keterangan : ;') | [seq_in_keterangan] MDR/SYS/2602-4794 (id=32300, cabang=4, tgl=2026-02-24, keterangan='Md/2602-1117; Keterangan : ;') | [seq_in_keterangan] KRT/SYS/2602-8469 (id=18404, cabang=5, tgl=2026-02-15, keterangan='An/2602-1117-01; Keterangan : (Revisi Dokumen An/2602-1117);') | [seq_in_keterangan] KRT/SYS/2602-7955 (id=17890, cabang=5, tgl=2026-02-13, keterangan='Wa/2602-1117; Keterangan : ;') | [seq_in_keterangan] KRT/SYS/2602-7892 (id=17827, cabang=5, tgl=2026-02-13, keterangan='Pa/2602-1117; Keterangan : ;') | [seq_in_nobukti] KRT/SYS/2602-1117 (id=11052, cabang=5, tgl=2026-01-14, keterangan='Pa/2601-0917; Keterangan : ;') | [seq_in_nobukti] SB/FR/2602-1117 (id=8963, cabang=1, tgl=2026-02-17, keterangan='') | [seq_in_nobukti] MDR/SYS/2602-1117 (id=5754, cabang=4, tgl=2026-01-15, keterangan='Md/2601-0546; Keterangan : ;')"
MDR/GI/2603-0012,2603-0012,seq_in_nobukti,"[seq_in_keterangan] CSB/SYS/2604-11711 (id=76380, cabang=2, tgl=2026-03-03, keterangan='UW/2603-0012; Keterangan : ;') | [seq_in_keterangan] CSB/SYS/2604-11542 (id=76211, cabang=2, tgl=2026-03-02, keterangan='FZ/2603-0012; Keterangan : ;') | [seq_in_keterangan] CSB/SYS/2604-11437 (id=76106, cabang=2, tgl=2026-03-01, keterangan='SI/2603-0012; Keterangan : ;') | [seq_in_keterangan] CSB/SYS/2604-11375 (id=76044, cabang=2, tgl=2026-03-01, keterangan='Ma/2603-0012; Keterangan : ;') | [seq_in_keterangan] CSB/SYS/2604-11333 (id=76002, cabang=2, tgl=2026-03-01, keterangan='IN/2603-0012; Keterangan : ;') | [seq_in_nobukti] MDR/ARV/2603-0012 (id=52939, cabang=4, tgl=2026-03-28, keterangan='') | [seq_in_nobukti] MDR/OC/2603-0012 (id=52903, cabang=4, tgl=2026-03-28, keterangan='') | [seq_in_nobukti] MDR/RA/2603-0012 (id=52875, cabang=4, tgl=2026-03-28, keterangan='') | [seq_in_keterangan] MDR/SYS/2603-1128 (id=44801, cabang=4, tgl=2026-03-11, keterangan='CS/2603-0012; Keterangan : ;') | [seq_in_keterangan] KRT/SYS/2603-3725 (id=42647, cabang=5, tgl=2026-03-07, keterangan='VA/2603-0012; Keterangan : ;') | [seq_in_nobukti] SB/WS/2603-0012 (id=41167, cabang=1, tgl=2026-03-06, keterangan='') | [seq_in_nobukti] SB/PT/2603-0012 (id=40298, cabang=1, tgl=2026-03-04, keterangan='') | [seq_in_nobukti] SB/V2/2603-0012 (id=37863, cabang=1, tgl=2026-03-03, keterangan='') | [seq_in_nobukti] SB/NI/2603-0012 (id=37801, cabang=1, tgl=2026-03-03, keterangan='') | [seq_in_keterangan] KRT/SYS/2603-0411 (id=37145, cabang=5, tgl=2026-03-01, keterangan='Pa/2603-0012; Keterangan : ;') | [seq_in_keterangan] KRT/SYS/2603-0278 (id=37012, cabang=5, tgl=2026-03-01, keterangan='Wa/2603-0012; Keterangan : ;') | [seq_in_keterangan] MDR/SYS/2603-0223 (id=36998, cabang=4, tgl=2026-03-01, keterangan='GI/2603-0012; Keterangan : ;') | [seq_in_keterangan] MDR/SYS/2603-0162 (id=36937, cabang=4, tgl=2026-03-01, keterangan='Md/2603-0012; Keterangan : ;') | [seq_in_keterangan] MDR/SYS/2603-0120 (id=36895, cabang=4, tgl=2026-03-01, keterangan='MR/2603-0012; Keterangan : ;') | [seq_in_keterangan] SB/SYS/2603-0128 (id=36612, cabang=1, tgl=2026-03-01, keterangan='VX/2603-0012; Keterangan : ;') | [seq_in_nobukti] KRT/SYS/2603-0012 (id=36346, cabang=5, tgl=2026-02-28, keterangan='An/2602-2068; Keterangan : ;') | [seq_in_nobukti] MDR/SYS/2603-0012 (id=36238, cabang=4, tgl=2026-02-28, keterangan='MR/2602-1059; Keterangan : ;') | [seq_in_nobukti] SB/SYS/2603-0012 (id=35925, cabang=1, tgl=2026-02-28, keterangan='VX/2602-0363; Keterangan : ;')"
MDR/GI/2602-0369,2602-0369,seq_in_nobukti,"[seq_in_keterangan] CSB/SYS/2604-9436 (id=74105, cabang=2, tgl=2026-02-17, keterangan='UW/2602-0369; Keterangan : ;') | [seq_in_keterangan] CSB/SYS/2604-7805 (id=72474, cabang=2, tgl=2026-02-11, keterangan='SI/2602-0369; Keterangan : ;') | [seq_in_keterangan] CSB/SYS/2604-7529 (id=72198, cabang=2, tgl=2026-02-10, keterangan='Wl/2602-0369; Keterangan : ;') | [seq_in_keterangan] CSB/SYS/2604-7527 (id=72196, cabang=2, tgl=2026-02-10, keterangan='FZ/2602-0369; Keterangan : ;') | [seq_in_keterangan] CSB/SYS/2604-7488 (id=72157, cabang=2, tgl=2026-02-10, keterangan='IN/2602-0369; Keterangan : ;') | [seq_in_keterangan] CSB/SYS/2604-7329 (id=71998, cabang=2, tgl=2026-02-09, keterangan='Ma/2602-0369; Keterangan : ;') | [seq_in_keterangan] MDR/SYS/2603-0090 (id=36316, cabang=4, tgl=2026-02-28, keterangan='GI/2602-0369; Keterangan : ;') | [seq_in_keterangan] SB/SYS/2603-0018 (id=35931, cabang=1, tgl=2026-02-28, keterangan='VX/2602-0369; Keterangan : ;') | [seq_in_nobukti] SB/SYS/2602-0369 (id=32049, cabang=1, tgl=2026-02-24, keterangan='NS/2602-0962; Keterangan : ;') | [seq_in_nobukti] SB/NI/2602-0369 (id=30982, cabang=1, tgl=2026-02-22, keterangan='') | [seq_in_keterangan] KRT/SYS/2602-5998 (id=15933, cabang=5, tgl=2026-02-06, keterangan='An/2602-0369; Keterangan : ;') | [seq_in_keterangan] KRT/SYS/2602-5866 (id=15801, cabang=5, tgl=2026-02-05, keterangan='Pa/2602-0369; Keterangan : ;') | [seq_in_keterangan] KRT/SYS/2602-5656 (id=15591, cabang=5, tgl=2026-02-05, keterangan='Wa/2602-0369; Keterangan : ;') | [seq_in_nobukti] KRT/SYS/2602-0369 (id=10304, cabang=5, tgl=2026-01-11, keterangan='An/2601-0612; Keterangan : ;') | [seq_in_keterangan] MDR/SYS/2602-3390 (id=8027, cabang=4, tgl=2026-02-10, keterangan='MR/2602-0369; Keterangan : ;') | [seq_in_keterangan] MDR/SYS/2602-3268 (id=7905, cabang=4, tgl=2026-02-08, keterangan='Md/2602-0369; Keterangan : ;') | [seq_in_nobukti] MDR/SYS/2602-0369 (id=5006, cabang=4, tgl=2026-01-06, keterangan='MR/2601-0128; Keterangan : ;') | [seq_in_nobukti] SB/FR/2602-0369 (id=3853, cabang=1, tgl=2026-02-05, keterangan='')"
MDR/GI/2603-0032,2603-0032,seq_in_nobukti,"[seq_in_keterangan] CSB/SYS/2604-11863 (id=76532, cabang=2, tgl=2026-03-04, keterangan='UW/2603-0032; Keterangan : ;') | [seq_in_keterangan] CSB/SYS/2604-11562 (id=76231, cabang=2, tgl=2026-03-02, keterangan='FZ/2603-0032; Keterangan : ;') | [seq_in_keterangan] CSB/SYS/2604-11457 (id=76126, cabang=2, tgl=2026-03-01, keterangan='SI/2603-0032; Keterangan : ;') | [seq_in_keterangan] CSB/SYS/2604-11408 (id=76077, cabang=2, tgl=2026-03-01, keterangan='Wl/2603-0032; Keterangan : ;') | [seq_in_keterangan] CSB/SYS/2604-11403 (id=76072, cabang=2, tgl=2026-03-01, keterangan='Ma/2603-0032; Keterangan : ;') | [seq_in_keterangan] CSB/SYS/2604-11353 (id=76022, cabang=2, tgl=2026-03-01, keterangan='IN/2603-0032; Keterangan : ;') | [seq_in_nobukti] MDR/RA/2603-0032 (id=53751, cabang=4, tgl=2026-03-29, keterangan='') | [seq_in_nobukti] MDR/ARV/2603-0032 (id=52959, cabang=4, tgl=2026-03-28, keterangan='') | [seq_in_nobukti] MDR/OC/2603-0032 (id=52923, cabang=4, tgl=2026-03-28, keterangan='') | [seq_in_keterangan] KRT/SYS/2603-6256 (id=50041, cabang=5, tgl=2026-03-17, keterangan='VA/2603-0032; Keterangan : ;') | [seq_in_keterangan] MDR/SYS/2603-2292 (id=49548, cabang=4, tgl=2026-03-17, keterangan='CS/2603-0032; Keterangan : ;') | [seq_in_nobukti] SB/WS/2603-0032 (id=41290, cabang=1, tgl=2026-03-06, keterangan='') | [seq_in_nobukti] SB/PT/2603-0032 (id=41217, cabang=1, tgl=2026-03-06, keterangan='') | [seq_in_keterangan] MDR/SYS/2603-0389 (id=38114, cabang=4, tgl=2026-03-03, keterangan='GI/2603-0032; Keterangan : ;') | [seq_in_nobukti] SB/V2/2603-0032 (id=37883, cabang=1, tgl=2026-03-03, keterangan='') | [seq_in_nobukti] SB/NI/2603-0032 (id=37821, cabang=1, tgl=2026-03-03, keterangan='') | [seq_in_keterangan] KRT/SYS/2603-0637 (id=37735, cabang=5, tgl=2026-03-02, keterangan='Pa/2603-0032; Keterangan : ;') | [seq_in_keterangan] KRT/SYS/2603-0369 (id=37103, cabang=5, tgl=2026-03-01, keterangan='An/2603-0032; Keterangan : ;') | [seq_in_keterangan] KRT/SYS/2603-0296 (id=37030, cabang=5, tgl=2026-03-01, keterangan='Wa/2603-0032; Keterangan : ;') | [seq_in_keterangan] MDR/SYS/2603-0182 (id=36957, cabang=4, tgl=2026-03-01, keterangan='Md/2603-0032; Keterangan : ;') | [seq_in_keterangan] MDR/SYS/2603-0140 (id=36915, cabang=4, tgl=2026-03-01, keterangan='MR/2603-0032; Keterangan : ;') | [seq_in_keterangan] SB/SYS/2603-0211 (id=36695, cabang=1, tgl=2026-03-01, keterangan='NS/2603-0032; Keterangan : ;') | [seq_in_keterangan] SB/SYS/2603-0180 (id=36664, cabang=1, tgl=2026-03-01, keterangan='WN/2603-0032; Keterangan : ;') | [seq_in_keterangan] SB/SYS/2603-0148 (id=36632, cabang=1, tgl=2026-03-01, keterangan='VX/2603-0032; Keterangan : ;') | [seq_in_nobukti] KRT/SYS/2603-0032 (id=36366, cabang=5, tgl=2026-02-28, keterangan='An/2602-2089; Keterangan : ;') | [seq_in_nobukti] MDR/SYS/2603-0032 (id=36258, cabang=4, tgl=2026-02-28, keterangan='MR/2602-1079; Keterangan : ;') | [seq_in_nobukti] SB/SYS/2603-0032 (id=35945, cabang=1, tgl=2026-02-28, keterangan='WN/2602-0588; Keterangan : ;')"
MDR/GI/2602-0343,2602-0343,seq_in_nobukti,"[seq_in_keterangan] CSB/SYS/2604-9410 (id=74079, cabang=2, tgl=2026-02-17, keterangan='UW/2602-0343; Keterangan : ;') | [seq_in_keterangan] CSB/SYS/2604-7587 (id=72256, cabang=2, tgl=2026-02-10, keterangan='SI/2602-0343; Keterangan : ;') | [seq_in_keterangan] CSB/SYS/2604-7427 (id=72096, cabang=2, tgl=2026-02-10, keterangan='FZ/2602-0343; Keterangan : ;') | [seq_in_keterangan] CSB/SYS/2604-7336 (id=72005, cabang=2, tgl=2026-02-09, keterangan='Wl/2602-0343; Keterangan : ;') | [seq_in_keterangan] CSB/SYS/2604-7273 (id=71942, cabang=2, tgl=2026-02-09, keterangan='IN/2602-0343; Keterangan : ;') | [seq_in_keterangan] CSB/SYS/2604-7239 (id=71908, cabang=2, tgl=2026-02-09, keterangan='Ma/2602-0343; Keterangan : ;') | [seq_in_keterangan] SB/SYS/2602-0599 (id=34829, cabang=1, tgl=2026-02-26, keterangan='VX/2602-0343; Keterangan : ;') | [seq_in_keterangan] MDR/SYS/2602-4910 (id=32902, cabang=4, tgl=2026-02-25, keterangan='GI/2602-0343; Keterangan : ;') | [seq_in_nobukti] SB/SYS/2602-0343 (id=32023, cabang=1, tgl=2026-02-24, keterangan='NS/2602-0936; Keterangan : ;') | [seq_in_keterangan] KRT/SYS/2602-5841 (id=15776, cabang=5, tgl=2026-02-05, keterangan='Pa/2602-0343; Keterangan : ;') | [seq_in_keterangan] KRT/SYS/2602-5815 (id=15750, cabang=5, tgl=2026-02-05, keterangan='An/2602-0343; Keterangan : ;') | [seq_in_keterangan] KRT/SYS/2602-5573 (id=15508, cabang=5, tgl=2026-02-04, keterangan='Wa/2602-0343; Keterangan : ;') | [seq_in_nobukti] KRT/SYS/2602-0343 (id=10278, cabang=5, tgl=2026-01-11, keterangan='Wa/2601-0863; Keterangan : ;') | [seq_in_nobukti] SB/NI/2602-0343 (id=8838, cabang=1, tgl=2026-02-16, keterangan='') | [seq_in_keterangan] MDR/SYS/2602-3364 (id=8001, cabang=4, tgl=2026-02-10, keterangan='MR/2602-0343; Keterangan : ;') | [seq_in_keterangan] MDR/SYS/2602-3242 (id=7879, cabang=4, tgl=2026-02-08, keterangan='Md/2602-0343; Keterangan : ;') | [seq_in_nobukti] MDR/SYS/2602-0343 (id=4980, cabang=4, tgl=2026-01-05, keterangan='MR/2601-0102; Keterangan : ;') | [seq_in_nobukti] SB/FR/2602-0343 (id=3827, cabang=1, tgl=2026-02-04, keterangan='')"
MDR/GI/2602-0363,2602-0363,seq_in_nobukti,"[seq_in_keterangan] CSB/SYS/2604-9430 (id=74099, cabang=2, tgl=2026-02-17, keterangan='UW/2602-0363; Keterangan : ;') | [seq_in_keterangan] CSB/SYS/2604-7607 (id=72276, cabang=2, tgl=2026-02-10, keterangan='SI/2602-0363; Keterangan : ;') | [seq_in_keterangan] CSB/SYS/2604-7519 (id=72188, cabang=2, tgl=2026-02-10, keterangan='FZ/2602-0363; Keterangan : ;') | [seq_in_keterangan] CSB/SYS/2604-7482 (id=72151, cabang=2, tgl=2026-02-10, keterangan='IN/2602-0363; Keterangan : ;') | [seq_in_keterangan] CSB/SYS/2604-7420 (id=72089, cabang=2, tgl=2026-02-10, keterangan='Wl/2602-0363; Keterangan : ;') | [seq_in_keterangan] CSB/SYS/2604-7259 (id=71928, cabang=2, tgl=2026-02-09, keterangan='Ma/2602-0363; Keterangan : ;') | [seq_in_keterangan] SB/SYS/2603-0012 (id=35925, cabang=1, tgl=2026-02-28, keterangan='VX/2602-0363; Keterangan : ;') | [seq_in_keterangan] MDR/SYS/2602-5077 (id=35619, cabang=4, tgl=2026-02-27, keterangan='GI/2602-0363; Keterangan : ;') | [seq_in_nobukti] SB/SYS/2602-0363 (id=32043, cabang=1, tgl=2026-02-24, keterangan='NS/2602-0956; Keterangan : ;') | [seq_in_nobukti] SB/NI/2602-0363 (id=30976, cabang=1, tgl=2026-02-22, keterangan='') | [seq_in_keterangan] KRT/SYS/2602-5992 (id=15927, cabang=5, tgl=2026-02-06, keterangan='An/2602-0363; Keterangan : ;') | [seq_in_keterangan] KRT/SYS/2602-5860 (id=15795, cabang=5, tgl=2026-02-05, keterangan='Pa/2602-0363; Keterangan : ;') | [seq_in_keterangan] KRT/SYS/2602-5650 (id=15585, cabang=5, tgl=2026-02-05, keterangan='Wa/2602-0363; Keterangan : ;') | [seq_in_nobukti] KRT/SYS/2602-0363 (id=10298, cabang=5, tgl=2026-01-11, keterangan='An/2601-0606; Keterangan : ;') | [seq_in_keterangan] MDR/SYS/2602-3384 (id=8021, cabang=4, tgl=2026-02-10, keterangan='MR/2602-0363; Keterangan : ;') | [seq_in_keterangan] MDR/SYS/2602-3262 (id=7899, cabang=4, tgl=2026-02-08, keterangan='Md/2602-0363; Keterangan : ;') | [seq_in_nobukti] MDR/SYS/2602-0363 (id=5000, cabang=4, tgl=2026-01-05, keterangan='MR/2601-0123; Keterangan : ;') | [seq_in_nobukti] SB/FR/2602-0363 (id=3847, cabang=1, tgl=2026-02-05, keterangan='')"
MDR/GI/2602-0344,2602-0344,seq_in_nobukti,"[seq_in_keterangan] CSB/SYS/2604-9411 (id=74080, cabang=2, tgl=2026-02-17, keterangan='UW/2602-0344; Keterangan : ;') | [seq_in_keterangan] CSB/SYS/2604-7588 (id=72257, cabang=2, tgl=2026-02-10, keterangan='SI/2602-0344; Keterangan : ;') | [seq_in_keterangan] CSB/SYS/2604-7428 (id=72097, cabang=2, tgl=2026-02-10, keterangan='FZ/2602-0344; Keterangan : ;') | [seq_in_keterangan] CSB/SYS/2604-7337 (id=72006, cabang=2, tgl=2026-02-09, keterangan='Wl/2602-0344; Keterangan : ;') | [seq_in_keterangan] CSB/SYS/2604-7274 (id=71943, cabang=2, tgl=2026-02-09, keterangan='IN/2602-0344; Keterangan : ;') | [seq_in_keterangan] CSB/SYS/2604-7240 (id=71909, cabang=2, tgl=2026-02-09, keterangan='Ma/2602-0344; Keterangan : ;') | [seq_in_keterangan] MDR/SYS/2602-4976 (id=35050, cabang=4, tgl=2026-02-26, keterangan='GI/2602-0344; Keterangan : ;') | [seq_in_keterangan] SB/SYS/2602-0600 (id=34830, cabang=1, tgl=2026-02-26, keterangan='VX/2602-0344; Keterangan : ;') | [seq_in_nobukti] SB/SYS/2602-0344 (id=32024, cabang=1, tgl=2026-02-24, keterangan='NS/2602-0937; Keterangan : ;') | [seq_in_keterangan] KRT/SYS/2602-5842 (id=15777, cabang=5, tgl=2026-02-05, keterangan='Pa/2602-0344; Keterangan : ;') | [seq_in_keterangan] KRT/SYS/2602-5816 (id=15751, cabang=5, tgl=2026-02-05, keterangan='An/2602-0344; Keterangan : ;') | [seq_in_keterangan] KRT/SYS/2602-5574 (id=15509, cabang=5, tgl=2026-02-04, keterangan='Wa/2602-0344; Keterangan : ;') | [seq_in_nobukti] KRT/SYS/2602-0344 (id=10279, cabang=5, tgl=2026-01-11, keterangan='Wa/2601-0864; Keterangan : ;') | [seq_in_nobukti] SB/NI/2602-0344 (id=8839, cabang=1, tgl=2026-02-16, keterangan='') | [seq_in_keterangan] MDR/SYS/2602-3365 (id=8002, cabang=4, tgl=2026-02-10, keterangan='MR/2602-0344; Keterangan : ;') | [seq_in_keterangan] MDR/SYS/2602-3243 (id=7880, cabang=4, tgl=2026-02-08, keterangan='Md/2602-0344; Keterangan : ;') | [seq_in_nobukti] MDR/SYS/2602-0344 (id=4981, cabang=4, tgl=2026-01-05, keterangan='MR/2601-0103; Keterangan : k;') | [seq_in_nobukti] SB/FR/2602-0344 (id=3828, cabang=1, tgl=2026-02-04, keterangan='')"
MDR/GI/2603-0056,2603-0056,seq_in_nobukti,"[seq_in_keterangan] CSB/SYS/2604-11941 (id=76610, cabang=2, tgl=2026-03-05, keterangan='UW/2603-0056; Keterangan : ;') | [seq_in_keterangan] CSB/SYS/2604-11756 (id=76425, cabang=2, tgl=2026-03-03, keterangan='FZ/2603-0056; Keterangan : ;') | [seq_in_keterangan] CSB/SYS/2604-11568 (id=76237, cabang=2, tgl=2026-03-02, keterangan='Wl/2603-0056; Keterangan : ;') | [seq_in_keterangan] CSB/SYS/2604-11507 (id=76176, cabang=2, tgl=2026-03-02, keterangan='IN/2603-0056; Keterangan : ;') | [seq_in_keterangan] CSB/SYS/2604-11490 (id=76159, cabang=2, tgl=2026-03-02, keterangan='Ma/2603-0056; Keterangan : ;') | [seq_in_nobukti] MDR/RA/2603-0056 (id=53775, cabang=4, tgl=2026-03-29, keterangan='') | [seq_in_nobukti] MDR/OC/2603-0056 (id=53733, cabang=4, tgl=2026-03-29, keterangan='') | [seq_in_nobukti] MDR/ARV/2603-0056 (id=53695, cabang=4, tgl=2026-03-29, keterangan='') | [seq_in_keterangan] KRT/SYS/2603-6653 (id=52009, cabang=5, tgl=2026-03-25, keterangan='VA/2603-0056; Keterangan : ;') | [seq_in_keterangan] MDR/SYS/2603-1507 (id=47607, cabang=4, tgl=2026-03-05, keterangan='GI/2603-0056; Keterangan : ;') | [seq_in_nobukti] SB/PT/2603-0056 (id=43528, cabang=1, tgl=2026-03-10, keterangan='') | [seq_in_nobukti] SB/WS/2603-0056 (id=41972, cabang=1, tgl=2026-03-07, keterangan='') | [seq_in_nobukti] SB/V2/2603-0056 (id=38387, cabang=1, tgl=2026-03-04, keterangan='') | [seq_in_nobukti] SB/NI/2603-0056 (id=37845, cabang=1, tgl=2026-03-03, keterangan='') | [seq_in_keterangan] KRT/SYS/2603-0660 (id=37758, cabang=5, tgl=2026-03-02, keterangan='Pa/2603-0056; Keterangan : ;') | [seq_in_keterangan] MDR/SYS/2603-0239 (id=37441, cabang=4, tgl=2026-03-02, keterangan='MR/2603-0056; Keterangan : ;') | [seq_in_keterangan] KRT/SYS/2603-0319 (id=37053, cabang=5, tgl=2026-03-01, keterangan='Wa/2603-0056; Keterangan : ;') | [seq_in_keterangan] MDR/SYS/2603-0206 (id=36981, cabang=4, tgl=2026-03-01, keterangan='Md/2603-0056; Keterangan : ;') | [seq_in_nobukti] KRT/SYS/2603-0056 (id=36390, cabang=5, tgl=2026-02-28, keterangan='An/2602-2114; Keterangan : ;') | [seq_in_nobukti] MDR/SYS/2603-0056 (id=36282, cabang=4, tgl=2026-02-28, keterangan='Md/2602-1266; Keterangan : ;') | [seq_in_nobukti] SB/SYS/2603-0056 (id=35969, cabang=1, tgl=2026-02-28, keterangan='NS/2602-1098; Keterangan : ;')"
MDR/GI/2603-0042,2603-0042,seq_in_nobukti,"[seq_in_keterangan] CSB/SYS/2604-11884 (id=76553, cabang=2, tgl=2026-03-04, keterangan='UW/2603-0042; Keterangan : ;') | [seq_in_keterangan] CSB/SYS/2604-11630 (id=76299, cabang=2, tgl=2026-03-03, keterangan='FZ/2603-0042; Keterangan : ;') | [seq_in_keterangan] CSB/SYS/2604-11602 (id=76271, cabang=2, tgl=2026-03-02, keterangan='SI/2603-0042; Keterangan : ;') | [seq_in_keterangan] CSB/SYS/2604-11477 (id=76146, cabang=2, tgl=2026-03-02, keterangan='Ma/2603-0042; Keterangan : ;') | [seq_in_keterangan] CSB/SYS/2604-11418 (id=76087, cabang=2, tgl=2026-03-01, keterangan='Wl/2603-0042; Keterangan : ;') | [seq_in_keterangan] CSB/SYS/2604-11363 (id=76032, cabang=2, tgl=2026-03-01, keterangan='IN/2603-0042; Keterangan : ;') | [seq_in_nobukti] MDR/RA/2603-0042 (id=53761, cabang=4, tgl=2026-03-29, keterangan='') | [seq_in_nobukti] MDR/OC/2603-0042 (id=53719, cabang=4, tgl=2026-03-29, keterangan='') | [seq_in_nobukti] MDR/ARV/2603-0042 (id=52969, cabang=4, tgl=2026-03-28, keterangan='') | [seq_in_keterangan] KRT/SYS/2603-6639 (id=51995, cabang=5, tgl=2026-03-25, keterangan='VA/2603-0042; Keterangan : ;') | [seq_in_nobukti] SB/PT/2603-0042 (id=42738, cabang=1, tgl=2026-03-08, keterangan='seti suma') | [seq_in_nobukti] SB/WS/2603-0042 (id=41958, cabang=1, tgl=2026-03-07, keterangan='') | [seq_in_keterangan] MDR/SYS/2603-0479 (id=40646, cabang=4, tgl=2026-03-04, keterangan='GI/2603-0042; Keterangan : ;') | [seq_in_nobukti] SB/V2/2603-0042 (id=37893, cabang=1, tgl=2026-03-03, keterangan='') | [seq_in_nobukti] SB/NI/2603-0042 (id=37831, cabang=1, tgl=2026-03-03, keterangan='') | [seq_in_keterangan] KRT/SYS/2603-0646 (id=37744, cabang=5, tgl=2026-03-02, keterangan='Pa/2603-0042; Keterangan : ;') | [seq_in_keterangan] KRT/SYS/2603-0379 (id=37113, cabang=5, tgl=2026-03-01, keterangan='An/2603-0042; Keterangan : ;') | [seq_in_keterangan] KRT/SYS/2603-0306 (id=37040, cabang=5, tgl=2026-03-01, keterangan='Wa/2603-0042; Keterangan : ;') | [seq_in_keterangan] MDR/SYS/2603-0192 (id=36967, cabang=4, tgl=2026-03-01, keterangan='Md/2603-0042; Keterangan : ;') | [seq_in_keterangan] MDR/SYS/2603-0150 (id=36925, cabang=4, tgl=2026-03-01, keterangan='MR/2603-0042; Keterangan : ;') | [seq_in_keterangan] SB/SYS/2603-0221 (id=36705, cabang=1, tgl=2026-03-01, keterangan='NS/2603-0042; Keterangan : ;') | [seq_in_nobukti] KRT/SYS/2603-0042 (id=36376, cabang=5, tgl=2026-02-28, keterangan='An/2602-2099; Keterangan : ;') | [seq_in_nobukti] MDR/SYS/2603-0042 (id=36268, cabang=4, tgl=2026-02-28, keterangan='Md/2602-1252; Keterangan : ;') | [seq_in_nobukti] SB/SYS/2603-0042 (id=35955, cabang=1, tgl=2026-02-28, keterangan='WN/2602-0598; Keterangan : ;')"
MDR/GI/2603-0041,2603-0041,seq_in_nobukti,"[seq_in_keterangan] CSB/SYS/2604-11881 (id=76550, cabang=2, tgl=2026-03-04, keterangan='UW/2603-0041; Keterangan : ;') | [seq_in_keterangan] CSB/SYS/2604-11629 (id=76298, cabang=2, tgl=2026-03-03, keterangan='FZ/2603-0041; Keterangan : ;') | [seq_in_keterangan] CSB/SYS/2604-11601 (id=76270, cabang=2, tgl=2026-03-02, keterangan='SI/2603-0041; Keterangan : ;') | [seq_in_keterangan] CSB/SYS/2604-11476 (id=76145, cabang=2, tgl=2026-03-02, keterangan='Ma/2603-0041; Keterangan : ;') | [seq_in_keterangan] CSB/SYS/2604-11417 (id=76086, cabang=2, tgl=2026-03-01, keterangan='Wl/2603-0041; Keterangan : ;') | [seq_in_keterangan] CSB/SYS/2604-11362 (id=76031, cabang=2, tgl=2026-03-01, keterangan='IN/2603-0041; Keterangan : ;') | [seq_in_nobukti] MDR/RA/2603-0041 (id=53760, cabang=4, tgl=2026-03-29, keterangan='') | [seq_in_nobukti] MDR/OC/2603-0041 (id=53718, cabang=4, tgl=2026-03-29, keterangan='') | [seq_in_nobukti] MDR/ARV/2603-0041 (id=52968, cabang=4, tgl=2026-03-28, keterangan='') | [seq_in_keterangan] KRT/SYS/2603-6265 (id=50050, cabang=5, tgl=2026-03-17, keterangan='VA/2603-0041; Keterangan : ;') | [seq_in_nobukti] SB/PT/2603-0041 (id=42737, cabang=1, tgl=2026-03-08, keterangan='wonosari') | [seq_in_nobukti] SB/WS/2603-0041 (id=41957, cabang=1, tgl=2026-03-07, keterangan='') | [seq_in_keterangan] MDR/SYS/2603-0478 (id=40645, cabang=4, tgl=2026-03-04, keterangan='GI/2603-0041; Keterangan : ;') | [seq_in_nobukti] SB/V2/2603-0041 (id=37892, cabang=1, tgl=2026-03-03, keterangan='') | [seq_in_nobukti] SB/NI/2603-0041 (id=37830, cabang=1, tgl=2026-03-03, keterangan='') | [seq_in_keterangan] KRT/SYS/2603-0645 (id=37743, cabang=5, tgl=2026-03-02, keterangan='Pa/2603-0041; Keterangan : ;') | [seq_in_keterangan] KRT/SYS/2603-0378 (id=37112, cabang=5, tgl=2026-03-01, keterangan='An/2603-0041; Keterangan : ;') | [seq_in_keterangan] KRT/SYS/2603-0305 (id=37039, cabang=5, tgl=2026-03-01, keterangan='Wa/2603-0041; Keterangan : ;') | [seq_in_keterangan] MDR/SYS/2603-0191 (id=36966, cabang=4, tgl=2026-03-01, keterangan='Md/2603-0041; Keterangan : ;') | [seq_in_keterangan] MDR/SYS/2603-0149 (id=36924, cabang=4, tgl=2026-03-01, keterangan='MR/2603-0041; Keterangan : ;') | [seq_in_keterangan] SB/SYS/2603-0220 (id=36704, cabang=1, tgl=2026-03-01, keterangan='NS/2603-0041; Keterangan : ;') | [seq_in_nobukti] KRT/SYS/2603-0041 (id=36375, cabang=5, tgl=2026-02-28, keterangan='An/2602-2098; Keterangan : ;') | [seq_in_nobukti] MDR/SYS/2603-0041 (id=36267, cabang=4, tgl=2026-02-28, keterangan='Md/2602-1251; Keterangan : ;') | [seq_in_nobukti] SB/SYS/2603-0041 (id=35954, cabang=1, tgl=2026-02-28, keterangan='WN/2602-0597; Keterangan : ;')"
MDR/GI/2603-0098,2603-0098,seq_in_nobukti,"[seq_in_keterangan] CSB/SYS/2604-13279 (id=77948, cabang=2, tgl=2026-03-11, keterangan='UW/2603-0098; Keterangan : ;') | [seq_in_keterangan] CSB/SYS/2604-12036 (id=76705, cabang=2, tgl=2026-03-05, keterangan='FZ/2603-0098; Keterangan : ;') | [seq_in_keterangan] CSB/SYS/2604-11916 (id=76585, cabang=2, tgl=2026-03-04, keterangan='SI/2603-0098; Keterangan : ;') | [seq_in_keterangan] CSB/SYS/2604-11877 (id=76546, cabang=2, tgl=2026-03-04, keterangan='Wl/2603-0098; Keterangan : ;') | [seq_in_keterangan] CSB/SYS/2604-11682 (id=76351, cabang=2, tgl=2026-03-03, keterangan='Ma/2603-0098; Keterangan : ;') | [seq_in_keterangan] CSB/SYS/2604-11648 (id=76317, cabang=2, tgl=2026-03-03, keterangan='IN/2603-0098; Keterangan : ;') | [seq_in_nobukti] MDR/RA/2603-0098 (id=54797, cabang=4, tgl=2026-03-31, keterangan='') | [seq_in_nobukti] MDR/OC/2603-0098 (id=54719, cabang=4, tgl=2026-03-31, keterangan='') | [seq_in_nobukti] MDR/ARV/2603-0098 (id=54194, cabang=4, tgl=2026-03-30, keterangan='') | [seq_in_keterangan] KRT/SYS/2603-7710 (id=53579, cabang=5, tgl=2026-03-28, keterangan='VA/2603-0098; Keterangan : ;') | [seq_in_nobukti] SB/PT/2603-0098 (id=46212, cabang=1, tgl=2026-03-13, keterangan='') | [seq_in_nobukti] SB/WS/2603-0098 (id=42674, cabang=1, tgl=2026-03-08, keterangan='') | [seq_in_keterangan] MDR/SYS/2603-0790 (id=42319, cabang=4, tgl=2026-03-07, keterangan='GI/2603-0098; Keterangan : ;') | [seq_in_nobukti] SB/NI/2603-0098 (id=40369, cabang=1, tgl=2026-03-04, keterangan='') | [seq_in_nobukti] SB/V2/2603-0098 (id=40320, cabang=1, tgl=2026-03-04, keterangan='') | [seq_in_keterangan] KRT/SYS/2603-0704 (id=38132, cabang=5, tgl=2026-03-03, keterangan='Pa/2603-0098; Keterangan : ;') | [seq_in_keterangan] MDR/SYS/2603-0354 (id=38079, cabang=4, tgl=2026-03-03, keterangan='Md/2603-0098; Keterangan : ;') | [seq_in_keterangan] MDR/SYS/2603-0330 (id=38055, cabang=4, tgl=2026-03-03, keterangan='MR/2603-0098; Keterangan : ;') | [seq_in_keterangan] KRT/SYS/2603-0530 (id=37628, cabang=5, tgl=2026-03-02, keterangan='Wa/2603-0098; Keterangan : ;') | [seq_in_keterangan] KRT/SYS/2603-0458 (id=37556, cabang=5, tgl=2026-03-02, keterangan='An/2603-0098; Keterangan : ;') | [seq_in_nobukti] KRT/SYS/2603-0098 (id=36432, cabang=5, tgl=2026-02-28, keterangan='Wa/2602-2326; Keterangan : ;') | [seq_in_nobukti] MDR/SYS/2603-0098 (id=36324, cabang=4, tgl=2026-02-28, keterangan='GI/2602-0377; Keterangan : ;') | [seq_in_nobukti] SB/SYS/2603-0098 (id=36011, cabang=1, tgl=2026-02-28, keterangan='NS/2602-1141; Keterangan : ;')"
MDR/GI/2603-0027,2603-0027,seq_in_nobukti,"[seq_in_keterangan] KRT/SYS/2604-4317 (id=85045, cabang=5, tgl=2026-03-14, keterangan='VA/2603-0027; Keterangan : ;') | [seq_in_keterangan] CSB/SYS/2604-11746 (id=76415, cabang=2, tgl=2026-03-03, keterangan='UW/2603-0027; Keterangan : ;') | [seq_in_keterangan] CSB/SYS/2604-11557 (id=76226, cabang=2, tgl=2026-03-02, keterangan='FZ/2603-0027; Keterangan : ;') | [seq_in_keterangan] CSB/SYS/2604-11452 (id=76121, cabang=2, tgl=2026-03-01, keterangan='SI/2603-0027; Keterangan : ;') | [seq_in_keterangan] CSB/SYS/2604-11390 (id=76059, cabang=2, tgl=2026-03-01, keterangan='Ma/2603-0027; Keterangan : ;') | [seq_in_keterangan] CSB/SYS/2604-11348 (id=76017, cabang=2, tgl=2026-03-01, keterangan='IN/2603-0027; Keterangan : ;') | [seq_in_keterangan] CSB/SYS/2604-11320 (id=75989, cabang=2, tgl=2026-03-01, keterangan='Wl/2603-0027; Keterangan : ;') | [seq_in_nobukti] MDR/ARV/2603-0027 (id=52954, cabang=4, tgl=2026-03-28, keterangan='') | [seq_in_nobukti] MDR/OC/2603-0027 (id=52918, cabang=4, tgl=2026-03-28, keterangan='') | [seq_in_nobukti] MDR/RA/2603-0027 (id=52890, cabang=4, tgl=2026-03-28, keterangan='') | [seq_in_keterangan] MDR/SYS/2603-2093 (id=48939, cabang=4, tgl=2026-03-15, keterangan='CS/2603-0027; Keterangan : ;') | [seq_in_nobukti] SB/WS/2603-0027 (id=41285, cabang=1, tgl=2026-03-06, keterangan='') | [seq_in_nobukti] SB/PT/2603-0027 (id=41212, cabang=1, tgl=2026-03-06, keterangan='') | [seq_in_nobukti] SB/V2/2603-0027 (id=37878, cabang=1, tgl=2026-03-03, keterangan='') | [seq_in_nobukti] SB/NI/2603-0027 (id=37816, cabang=1, tgl=2026-03-03, keterangan='') | [seq_in_keterangan] KRT/SYS/2603-0632 (id=37730, cabang=5, tgl=2026-03-02, keterangan='Pa/2603-0027; Keterangan : ;') | [seq_in_keterangan] MDR/SYS/2603-0317 (id=37519, cabang=4, tgl=2026-03-02, keterangan='GI/2603-0027; Keterangan : ;') | [seq_in_keterangan] KRT/SYS/2603-0365 (id=37099, cabang=5, tgl=2026-03-01, keterangan='An/2603-0027; Keterangan : ;') | [seq_in_keterangan] MDR/SYS/2603-0177 (id=36952, cabang=4, tgl=2026-03-01, keterangan='Md/2603-0027; Keterangan : ;') | [seq_in_keterangan] MDR/SYS/2603-0135 (id=36910, cabang=4, tgl=2026-03-01, keterangan='MR/2603-0027; Keterangan : ;') | [seq_in_keterangan] SB/SYS/2603-0206 (id=36690, cabang=1, tgl=2026-03-01, keterangan='NS/2603-0027; Keterangan : ;') | [seq_in_keterangan] SB/SYS/2603-0175 (id=36659, cabang=1, tgl=2026-03-01, keterangan='WN/2603-0027; Keterangan : ;') | [seq_in_keterangan] SB/SYS/2603-0143 (id=36627, cabang=1, tgl=2026-03-01, keterangan='VX/2603-0027; Keterangan : ;') | [seq_in_nobukti] KRT/SYS/2603-0027 (id=36361, cabang=5, tgl=2026-02-28, keterangan='An/2602-2084; Keterangan : ;') | [seq_in_nobukti] MDR/SYS/2603-0027 (id=36253, cabang=4, tgl=2026-02-28, keterangan='MR/2602-1074; Keterangan : ;') | [seq_in_nobukti] SB/SYS/2603-0027 (id=35940, cabang=1, tgl=2026-02-28, keterangan='VX/2602-0378; Keterangan : ;')"
MDR/GI/2603-0023,2603-0023,seq_in_nobukti,"[seq_in_keterangan] CSB/SYS/2604-11742 (id=76411, cabang=2, tgl=2026-03-03, keterangan='UW/2603-0023; Keterangan : ;') | [seq_in_keterangan] CSB/SYS/2604-11553 (id=76222, cabang=2, tgl=2026-03-02, keterangan='FZ/2603-0023; Keterangan : ;') | [seq_in_keterangan] CSB/SYS/2604-11448 (id=76117, cabang=2, tgl=2026-03-01, keterangan='SI/2603-0023; Keterangan : ;') | [seq_in_keterangan] CSB/SYS/2604-11386 (id=76055, cabang=2, tgl=2026-03-01, keterangan='Ma/2603-0023; Keterangan : ;') | [seq_in_keterangan] CSB/SYS/2604-11344 (id=76013, cabang=2, tgl=2026-03-01, keterangan='IN/2603-0023; Keterangan : ;') | [seq_in_keterangan] CSB/SYS/2604-11316 (id=75985, cabang=2, tgl=2026-03-01, keterangan='Wl/2603-0023; Keterangan : ;') | [seq_in_nobukti] MDR/ARV/2603-0023 (id=52950, cabang=4, tgl=2026-03-28, keterangan='') | [seq_in_nobukti] MDR/OC/2603-0023 (id=52914, cabang=4, tgl=2026-03-28, keterangan='') | [seq_in_nobukti] MDR/RA/2603-0023 (id=52886, cabang=4, tgl=2026-03-28, keterangan='') | [seq_in_keterangan] MDR/SYS/2603-2089 (id=48935, cabang=4, tgl=2026-03-15, keterangan='CS/2603-0023; Keterangan : ;') | [seq_in_keterangan] KRT/SYS/2603-4667 (id=45164, cabang=5, tgl=2026-03-11, keterangan='VA/2603-0023; Keterangan : ;') | [seq_in_nobukti] SB/WS/2603-0023 (id=41281, cabang=1, tgl=2026-03-06, keterangan='') | [seq_in_nobukti] SB/PT/2603-0023 (id=41208, cabang=1, tgl=2026-03-06, keterangan='') | [seq_in_nobukti] SB/V2/2603-0023 (id=37874, cabang=1, tgl=2026-03-03, keterangan='') | [seq_in_nobukti] SB/NI/2603-0023 (id=37812, cabang=1, tgl=2026-03-03, keterangan='') | [seq_in_keterangan] MDR/SYS/2603-0313 (id=37515, cabang=4, tgl=2026-03-02, keterangan='GI/2603-0023; Keterangan : ;') | [seq_in_keterangan] KRT/SYS/2603-0421 (id=37155, cabang=5, tgl=2026-03-01, keterangan='Pa/2603-0023; Keterangan : ;') | [seq_in_keterangan] KRT/SYS/2603-0361 (id=37095, cabang=5, tgl=2026-03-01, keterangan='An/2603-0023; Keterangan : ;') | [seq_in_keterangan] KRT/SYS/2603-0289 (id=37023, cabang=5, tgl=2026-03-01, keterangan='Wa/2603-0023; Keterangan : ;') | [seq_in_keterangan] MDR/SYS/2603-0173 (id=36948, cabang=4, tgl=2026-03-01, keterangan='Md/2603-0023; Keterangan : ;') | [seq_in_keterangan] MDR/SYS/2603-0131 (id=36906, cabang=4, tgl=2026-03-01, keterangan='MR/2603-0023; Keterangan : ;') | [seq_in_keterangan] SB/SYS/2603-0202 (id=36686, cabang=1, tgl=2026-03-01, keterangan='NS/2603-0023; Keterangan : ;') | [seq_in_keterangan] SB/SYS/2603-0171 (id=36655, cabang=1, tgl=2026-03-01, keterangan='WN/2603-0023; Keterangan : ;') | [seq_in_keterangan] SB/SYS/2603-0139 (id=36623, cabang=1, tgl=2026-03-01, keterangan='VX/2603-0023; Keterangan : ;') | [seq_in_nobukti] KRT/SYS/2603-0023 (id=36357, cabang=5, tgl=2026-02-28, keterangan='An/2602-2079; Keterangan : ;') | [seq_in_nobukti] MDR/SYS/2603-0023 (id=36249, cabang=4, tgl=2026-02-28, keterangan='MR/2602-1070; Keterangan : ;') | [seq_in_nobukti] SB/SYS/2603-0023 (id=35936, cabang=1, tgl=2026-02-28, keterangan='VX/2602-0374; Keterangan : ;')"
MDR/GI/2603-0018,2603-0018,seq_in_nobukti,"[seq_in_keterangan] KRT/SYS/2604-3920 (id=84648, cabang=5, tgl=2026-03-09, keterangan='VA/2603-0018; Keterangan : ;') | [seq_in_keterangan] CSB/SYS/2604-11737 (id=76406, cabang=2, tgl=2026-03-03, keterangan='UW/2603-0018; Keterangan : ;') | [seq_in_keterangan] CSB/SYS/2604-11548 (id=76217, cabang=2, tgl=2026-03-02, keterangan='FZ/2603-0018; Keterangan : ;') | [seq_in_keterangan] CSB/SYS/2604-11443 (id=76112, cabang=2, tgl=2026-03-01, keterangan='SI/2603-0018; Keterangan : ;') | [seq_in_keterangan] CSB/SYS/2604-11381 (id=76050, cabang=2, tgl=2026-03-01, keterangan='Ma/2603-0018; Keterangan : ;') | [seq_in_keterangan] CSB/SYS/2604-11339 (id=76008, cabang=2, tgl=2026-03-01, keterangan='IN/2603-0018; Keterangan : ;') | [seq_in_keterangan] CSB/SYS/2604-11311 (id=75980, cabang=2, tgl=2026-03-01, keterangan='Wl/2603-0018; Keterangan : ;') | [seq_in_nobukti] MDR/ARV/2603-0018 (id=52945, cabang=4, tgl=2026-03-28, keterangan='') | [seq_in_nobukti] MDR/OC/2603-0018 (id=52909, cabang=4, tgl=2026-03-28, keterangan='') | [seq_in_nobukti] MDR/RA/2603-0018 (id=52881, cabang=4, tgl=2026-03-28, keterangan='') | [seq_in_keterangan] MDR/SYS/2603-1422 (id=46598, cabang=4, tgl=2026-03-13, keterangan='CS/2603-0018; Keterangan : ;') | [seq_in_nobukti] SB/WS/2603-0018 (id=41276, cabang=1, tgl=2026-03-06, keterangan='') | [seq_in_nobukti] SB/PT/2603-0018 (id=41050, cabang=1, tgl=2026-03-05, keterangan='') | [seq_in_nobukti] SB/V2/2603-0018 (id=37869, cabang=1, tgl=2026-03-03, keterangan='') | [seq_in_nobukti] SB/NI/2603-0018 (id=37807, cabang=1, tgl=2026-03-03, keterangan='') | [seq_in_keterangan] MDR/SYS/2603-0308 (id=37510, cabang=4, tgl=2026-03-02, keterangan='GI/2603-0018; Keterangan : ;') | [seq_in_keterangan] KRT/SYS/2603-0416 (id=37150, cabang=5, tgl=2026-03-01, keterangan='Pa/2603-0018; Keterangan : ;') | [seq_in_keterangan] KRT/SYS/2603-0356 (id=37090, cabang=5, tgl=2026-03-01, keterangan='An/2603-0018; Keterangan : ;') | [seq_in_keterangan] KRT/SYS/2603-0284 (id=37018, cabang=5, tgl=2026-03-01, keterangan='Wa/2603-0018; Keterangan : ;') | [seq_in_keterangan] MDR/SYS/2603-0168 (id=36943, cabang=4, tgl=2026-03-01, keterangan='Md/2603-0018; Keterangan : ;') | [seq_in_keterangan] MDR/SYS/2603-0126 (id=36901, cabang=4, tgl=2026-03-01, keterangan='MR/2603-0018; Keterangan : ;') | [seq_in_keterangan] SB/SYS/2603-0197 (id=36681, cabang=1, tgl=2026-03-01, keterangan='NS/2603-0018; Keterangan : ;') | [seq_in_keterangan] SB/SYS/2603-0166 (id=36650, cabang=1, tgl=2026-03-01, keterangan='WN/2603-0018; Keterangan : ;') | [seq_in_keterangan] SB/SYS/2603-0134 (id=36618, cabang=1, tgl=2026-03-01, keterangan='VX/2603-0018; Keterangan : ;') | [seq_in_nobukti] KRT/SYS/2603-0018 (id=36352, cabang=5, tgl=2026-02-28, keterangan='An/2602-2074; Keterangan : ;') | [seq_in_nobukti] MDR/SYS/2603-0018 (id=36244, cabang=4, tgl=2026-02-28, keterangan='MR/2602-1065; Keterangan : ;') | [seq_in_nobukti] SB/SYS/2603-0018 (id=35931, cabang=1, tgl=2026-02-28, keterangan='VX/2602-0369; Keterangan : ;')"
MDR/GI/2603-0097,2603-0097,seq_in_nobukti,"[seq_in_keterangan] CSB/SYS/2604-13278 (id=77947, cabang=2, tgl=2026-03-11, keterangan='UW/2603-0097; Keterangan : ;') | [seq_in_keterangan] CSB/SYS/2604-12035 (id=76704, cabang=2, tgl=2026-03-05, keterangan='FZ/2603-0097; Keterangan : ;') | [seq_in_keterangan] CSB/SYS/2604-11915 (id=76584, cabang=2, tgl=2026-03-04, keterangan='SI/2603-0097; Keterangan : ;') | [seq_in_keterangan] CSB/SYS/2604-11772 (id=76441, cabang=2, tgl=2026-03-04, keterangan='Wl/2603-0097; Keterangan : ;') | [seq_in_keterangan] CSB/SYS/2604-11681 (id=76350, cabang=2, tgl=2026-03-03, keterangan='Ma/2603-0097; Keterangan : ;') | [seq_in_keterangan] CSB/SYS/2604-11647 (id=76316, cabang=2, tgl=2026-03-03, keterangan='IN/2603-0097; Keterangan : ;') | [seq_in_nobukti] MDR/RA/2603-0097 (id=54796, cabang=4, tgl=2026-03-31, keterangan='') | [seq_in_nobukti] MDR/OC/2603-0097 (id=54718, cabang=4, tgl=2026-03-31, keterangan='') | [seq_in_nobukti] MDR/ARV/2603-0097 (id=54193, cabang=4, tgl=2026-03-30, keterangan='') | [seq_in_keterangan] KRT/SYS/2603-7709 (id=53578, cabang=5, tgl=2026-03-28, keterangan='VA/2603-0097; Keterangan : ;') | [seq_in_nobukti] SB/PT/2603-0097 (id=46211, cabang=1, tgl=2026-03-13, keterangan='') | [seq_in_nobukti] SB/WS/2603-0097 (id=42673, cabang=1, tgl=2026-03-08, keterangan='') | [seq_in_keterangan] MDR/SYS/2603-0789 (id=42318, cabang=4, tgl=2026-03-07, keterangan='GI/2603-0097; Keterangan : ;') | [seq_in_nobukti] SB/NI/2603-0097 (id=40368, cabang=1, tgl=2026-03-04, keterangan='') | [seq_in_nobukti] SB/V2/2603-0097 (id=40319, cabang=1, tgl=2026-03-04, keterangan='') | [seq_in_keterangan] KRT/SYS/2603-0703 (id=38131, cabang=5, tgl=2026-03-03, keterangan='Pa/2603-0097; Keterangan : ;') | [seq_in_keterangan] MDR/SYS/2603-0353 (id=38078, cabang=4, tgl=2026-03-03, keterangan='Md/2603-0097; Keterangan : ;') | [seq_in_keterangan] MDR/SYS/2603-0329 (id=38054, cabang=4, tgl=2026-03-03, keterangan='MR/2603-0097; Keterangan : ;') | [seq_in_keterangan] KRT/SYS/2603-0529 (id=37627, cabang=5, tgl=2026-03-02, keterangan='Wa/2603-0097; Keterangan : ;') | [seq_in_keterangan] KRT/SYS/2603-0457 (id=37555, cabang=5, tgl=2026-03-02, keterangan='An/2603-0097; Keterangan : ;') | [seq_in_nobukti] KRT/SYS/2603-0097 (id=36431, cabang=5, tgl=2026-02-28, keterangan='Wa/2602-2325; Keterangan : ;') | [seq_in_nobukti] MDR/SYS/2603-0097 (id=36323, cabang=4, tgl=2026-02-28, keterangan='GI/2602-0376; Keterangan : ;') | [seq_in_nobukti] SB/SYS/2603-0097 (id=36010, cabang=1, tgl=2026-02-28, keterangan='NS/2602-1140; Keterangan : ;')"
MDR/GI/2603-0081,2603-0081,seq_in_nobukti,"[seq_in_keterangan] CSB/SYS/2604-12620 (id=77289, cabang=2, tgl=2026-03-08, keterangan='UW/2603-0081; Keterangan : ;') | [seq_in_keterangan] CSB/SYS/2604-11899 (id=76568, cabang=2, tgl=2026-03-04, keterangan='SI/2603-0081; Keterangan : ;') | [seq_in_keterangan] CSB/SYS/2604-11858 (id=76527, cabang=2, tgl=2026-03-04, keterangan='FZ/2603-0081; Keterangan : ;') | [seq_in_keterangan] CSB/SYS/2604-11718 (id=76387, cabang=2, tgl=2026-03-03, keterangan='Wl/2603-0081; Keterangan : ;') | [seq_in_keterangan] CSB/SYS/2604-11597 (id=76266, cabang=2, tgl=2026-03-02, keterangan='Ma/2603-0081; Keterangan : ;') | [seq_in_keterangan] CSB/SYS/2604-11532 (id=76201, cabang=2, tgl=2026-03-02, keterangan='IN/2603-0081; Keterangan : ;') | [seq_in_nobukti] MDR/RA/2603-0081 (id=54209, cabang=4, tgl=2026-03-30, keterangan='') | [seq_in_nobukti] MDR/ARV/2603-0081 (id=54177, cabang=4, tgl=2026-03-30, keterangan='') | [seq_in_nobukti] MDR/OC/2603-0081 (id=54156, cabang=4, tgl=2026-03-30, keterangan='') | [seq_in_keterangan] KRT/SYS/2603-6678 (id=52034, cabang=5, tgl=2026-03-26, keterangan='VA/2603-0081; Keterangan : ;') | [seq_in_nobukti] SB/PT/2603-0081 (id=45170, cabang=1, tgl=2026-03-12, keterangan='') | [seq_in_nobukti] SB/WS/2603-0081 (id=41997, cabang=1, tgl=2026-03-07, keterangan='') | [seq_in_keterangan] MDR/SYS/2603-0694 (id=41578, cabang=4, tgl=2026-03-06, keterangan='GI/2603-0081; Keterangan : ;') | [seq_in_nobukti] SB/NI/2603-0081 (id=40352, cabang=1, tgl=2026-03-04, keterangan='') | [seq_in_nobukti] SB/V2/2603-0081 (id=40303, cabang=1, tgl=2026-03-04, keterangan='') | [seq_in_keterangan] KRT/SYS/2603-0685 (id=37783, cabang=5, tgl=2026-03-02, keterangan='Pa/2603-0081; Keterangan : ;') | [seq_in_keterangan] KRT/SYS/2603-0513 (id=37611, cabang=5, tgl=2026-03-02, keterangan='Wa/2603-0081; Keterangan : ;') | [seq_in_keterangan] KRT/SYS/2603-0442 (id=37540, cabang=5, tgl=2026-03-02, keterangan='An/2603-0081; Keterangan : ;') | [seq_in_keterangan] MDR/SYS/2603-0291 (id=37493, cabang=4, tgl=2026-03-02, keterangan='Md/2603-0081; Keterangan : ;') | [seq_in_keterangan] MDR/SYS/2603-0264 (id=37466, cabang=4, tgl=2026-03-02, keterangan='MR/2603-0081; Keterangan : ;') | [seq_in_nobukti] KRT/SYS/2603-0081 (id=36415, cabang=5, tgl=2026-02-28, keterangan='An/2602-2139; Keterangan : ;') | [seq_in_nobukti] MDR/SYS/2603-0081 (id=36307, cabang=4, tgl=2026-02-28, keterangan='Md/2602-1291; Keterangan : ;') | [seq_in_nobukti] SB/SYS/2603-0081 (id=35994, cabang=1, tgl=2026-02-28, keterangan='NS/2602-1124; Keterangan : ;')"
MDR/GI/2603-0131,2603-0131,seq_in_nobukti,"[seq_in_keterangan] CSB/SYS/2604-13558 (id=78227, cabang=2, tgl=2026-03-13, keterangan='UW/2603-0131; Keterangan : ;') | [seq_in_keterangan] CSB/SYS/2604-12151 (id=76820, cabang=2, tgl=2026-03-06, keterangan='FZ/2603-0131; Keterangan : ;') | [seq_in_keterangan] CSB/SYS/2604-12093 (id=76762, cabang=2, tgl=2026-03-06, keterangan='Wl/2603-0131; Keterangan : ;') | [seq_in_keterangan] CSB/SYS/2604-12079 (id=76748, cabang=2, tgl=2026-03-05, keterangan='SI/2603-0131; Keterangan : ;') | [seq_in_keterangan] CSB/SYS/2604-11821 (id=76490, cabang=2, tgl=2026-03-04, keterangan='IN/2603-0131; Keterangan : ;') | [seq_in_keterangan] CSB/SYS/2604-11785 (id=76454, cabang=2, tgl=2026-03-04, keterangan='Ma/2603-0131; Keterangan : ;') | [seq_in_nobukti] MDR/RA/2603-0131 (id=55364, cabang=4, tgl=2026-04-01, keterangan='') | [seq_in_nobukti] MDR/ARV/2603-0131 (id=55336, cabang=4, tgl=2026-04-01, keterangan='') | [seq_in_nobukti] MDR/OC/2603-0131 (id=54752, cabang=4, tgl=2026-03-31, keterangan='') | [seq_in_nobukti] SB/PT/2603-0131 (id=47353, cabang=1, tgl=2026-03-16, keterangan='') | [seq_in_keterangan] MDR/SYS/2603-0924 (id=43128, cabang=4, tgl=2026-03-08, keterangan='GI/2603-0131; Keterangan : ;') | [seq_in_nobukti] SB/WS/2603-0131 (id=42707, cabang=1, tgl=2026-03-08, keterangan='') | [seq_in_nobukti] SB/V2/2603-0131 (id=41118, cabang=1, tgl=2026-03-05, keterangan='') | [seq_in_nobukti] SB/NI/2603-0131 (id=41064, cabang=1, tgl=2026-03-05, keterangan='') | [seq_in_keterangan] MDR/SYS/2603-0449 (id=40616, cabang=4, tgl=2026-03-04, keterangan='MR/2603-0131; Keterangan : ;') | [seq_in_keterangan] MDR/SYS/2603-0395 (id=40562, cabang=4, tgl=2026-03-04, keterangan='Md/2603-0131; Keterangan : ;') | [seq_in_keterangan] KRT/SYS/2603-0737 (id=38165, cabang=5, tgl=2026-03-03, keterangan='Pa/2603-0131; Keterangan : ;') | [seq_in_keterangan] KRT/SYS/2603-0562 (id=37660, cabang=5, tgl=2026-03-02, keterangan='Wa/2603-0131; Keterangan : ;') | [seq_in_keterangan] KRT/SYS/2603-0491 (id=37589, cabang=5, tgl=2026-03-02, keterangan='An/2603-0131; Keterangan : ;') | [seq_in_nobukti] MDR/SYS/2603-0131 (id=36906, cabang=4, tgl=2026-03-01, keterangan='MR/2603-0023; Keterangan : ;') | [seq_in_nobukti] SB/SYS/2603-0131 (id=36615, cabang=1, tgl=2026-03-01, keterangan='VX/2603-0015; Keterangan : ;') | [seq_in_nobukti] KRT/SYS/2603-0131 (id=36465, cabang=5, tgl=2026-02-28, keterangan='Wa/2602-2359; Keterangan : ;')"
MDR/GI/2603-0153,2603-0153,seq_in_nobukti,"[seq_in_keterangan] CSB/SYS/2604-14306 (id=78975, cabang=2, tgl=2026-03-15, keterangan='UW/2603-0153; Keterangan : ;') | [seq_in_keterangan] CSB/SYS/2604-12375 (id=77044, cabang=2, tgl=2026-03-07, keterangan='FZ/2603-0153; Keterangan : ;') | [seq_in_keterangan] CSB/SYS/2604-12246 (id=76915, cabang=2, tgl=2026-03-06, keterangan='SI/2603-0153; Keterangan : ;') | [seq_in_keterangan] CSB/SYS/2604-12115 (id=76784, cabang=2, tgl=2026-03-06, keterangan='Wl/2603-0153; Keterangan : ;') | [seq_in_keterangan] CSB/SYS/2604-11983 (id=76652, cabang=2, tgl=2026-03-05, keterangan='IN/2603-0153; Keterangan : ;') | [seq_in_keterangan] CSB/SYS/2604-11876 (id=76545, cabang=2, tgl=2026-03-04, keterangan='Ma/2603-0153; Keterangan : ;') | [seq_in_nobukti] MDR/OC/2603-0153 (id=55322, cabang=4, tgl=2026-04-01, keterangan='') | [seq_in_keterangan] MDR/SYS/2603-1795 (id=48641, cabang=4, tgl=2026-03-09, keterangan='GI/2603-0153; Keterangan : ;') | [seq_in_nobukti] SB/PT/2603-0153 (id=47375, cabang=1, tgl=2026-03-16, keterangan='') | [seq_in_nobukti] SB/WS/2603-0153 (id=42729, cabang=1, tgl=2026-03-08, keterangan='') | [seq_in_nobukti] SB/V2/2603-0153 (id=41140, cabang=1, tgl=2026-03-06, keterangan='') | [seq_in_nobukti] SB/NI/2603-0153 (id=41086, cabang=1, tgl=2026-03-05, keterangan='') | [seq_in_keterangan] KRT/SYS/2603-3050 (id=40874, cabang=5, tgl=2026-03-04, keterangan='Pa/2603-0153; Keterangan : ;') | [seq_in_keterangan] MDR/SYS/2603-0471 (id=40638, cabang=4, tgl=2026-03-04, keterangan='MR/2603-0153; Keterangan : ;') | [seq_in_keterangan] MDR/SYS/2603-0417 (id=40584, cabang=4, tgl=2026-03-04, keterangan='Md/2603-0153; Keterangan : ;') | [seq_in_keterangan] KRT/SYS/2603-0849 (id=38277, cabang=5, tgl=2026-03-03, keterangan='An/2603-0153; Keterangan : ;') | [seq_in_keterangan] KRT/SYS/2603-0584 (id=37682, cabang=5, tgl=2026-03-02, keterangan='Wa/2603-0153; Keterangan : ;') | [seq_in_nobukti] MDR/SYS/2603-0153 (id=36928, cabang=4, tgl=2026-03-01, keterangan='Md/2603-0003; Keterangan : ;') | [seq_in_nobukti] SB/SYS/2603-0153 (id=36637, cabang=1, tgl=2026-03-01, keterangan='WN/2603-0004; Keterangan : ;') | [seq_in_nobukti] KRT/SYS/2603-0153 (id=36487, cabang=5, tgl=2026-02-28, keterangan='Wa/2602-2381; Keterangan : ;')"
MDR/GI/2603-0159,2603-0159,seq_in_nobukti,"[seq_in_keterangan] CSB/SYS/2604-14538 (id=79207, cabang=2, tgl=2026-03-16, keterangan='UW/2603-0159; Keterangan : ;') | [seq_in_keterangan] CSB/SYS/2604-12381 (id=77050, cabang=2, tgl=2026-03-07, keterangan='FZ/2603-0159; Keterangan : ;') | [seq_in_keterangan] CSB/SYS/2604-12252 (id=76921, cabang=2, tgl=2026-03-06, keterangan='SI/2603-0159; Keterangan : ;') | [seq_in_keterangan] CSB/SYS/2604-12121 (id=76790, cabang=2, tgl=2026-03-06, keterangan='Wl/2603-0159; Keterangan : ;') | [seq_in_keterangan] CSB/SYS/2604-11989 (id=76658, cabang=2, tgl=2026-03-05, keterangan='IN/2603-0159; Keterangan : ;') | [seq_in_keterangan] CSB/SYS/2604-11891 (id=76560, cabang=2, tgl=2026-03-04, keterangan='Ma/2603-0159; Keterangan : ;') | [seq_in_nobukti] MDR/OC/2603-0159 (id=55328, cabang=4, tgl=2026-04-01, keterangan='') | [seq_in_keterangan] MDR/SYS/2603-1801 (id=48647, cabang=4, tgl=2026-03-09, keterangan='GI/2603-0159; Keterangan : ;') | [seq_in_keterangan] MDR/SYS/2603-1427 (id=47527, cabang=4, tgl=2026-03-05, keterangan='MR/2603-0159; Keterangan : ;') | [seq_in_nobukti] SB/PT/2603-0159 (id=47381, cabang=1, tgl=2026-03-16, keterangan='') | [seq_in_nobukti] SB/WS/2603-0159 (id=42758, cabang=1, tgl=2026-03-08, keterangan='') | [seq_in_nobukti] SB/V2/2603-0159 (id=41146, cabang=1, tgl=2026-03-06, keterangan='') | [seq_in_nobukti] SB/NI/2603-0159 (id=41092, cabang=1, tgl=2026-03-05, keterangan='') | [seq_in_keterangan] KRT/SYS/2603-3056 (id=40880, cabang=5, tgl=2026-03-04, keterangan='Pa/2603-0159; Keterangan : ;') | [seq_in_keterangan] MDR/SYS/2603-0423 (id=40590, cabang=4, tgl=2026-03-04, keterangan='Md/2603-0159; Keterangan : ;') | [seq_in_keterangan] KRT/SYS/2603-0855 (id=38283, cabang=5, tgl=2026-03-03, keterangan='An/2603-0159; Keterangan : ;') | [seq_in_keterangan] KRT/SYS/2603-0590 (id=37688, cabang=5, tgl=2026-03-02, keterangan='Wa/2603-0159; Keterangan : ;') | [seq_in_nobukti] MDR/SYS/2603-0159 (id=36934, cabang=4, tgl=2026-03-01, keterangan='Md/2603-0009; Keterangan : ;') | [seq_in_nobukti] SB/SYS/2603-0159 (id=36643, cabang=1, tgl=2026-03-01, keterangan='WN/2603-0010; Keterangan : ;') | [seq_in_nobukti] KRT/SYS/2603-0159 (id=36493, cabang=5, tgl=2026-02-28, keterangan='Wa/2602-2387; Keterangan : ;')"
MDR/CS/2603-0020,2603-0020,seq_in_nobukti,"[seq_in_keterangan] KRT/SYS/2604-3922 (id=84650, cabang=5, tgl=2026-03-09, keterangan='VA/2603-0020; Keterangan : ;') | [seq_in_keterangan] CSB/SYS/2604-11739 (id=76408, cabang=2, tgl=2026-03-03, keterangan='UW/2603-0020; Keterangan : ;') | [seq_in_keterangan] CSB/SYS/2604-11550 (id=76219, cabang=2, tgl=2026-03-02, keterangan='FZ/2603-0020; Keterangan : ;') | [seq_in_keterangan] CSB/SYS/2604-11445 (id=76114, cabang=2, tgl=2026-03-01, keterangan='SI/2603-0020; Keterangan : ;') | [seq_in_keterangan] CSB/SYS/2604-11383 (id=76052, cabang=2, tgl=2026-03-01, keterangan='Ma/2603-0020; Keterangan : ;') | [seq_in_keterangan] CSB/SYS/2604-11341 (id=76010, cabang=2, tgl=2026-03-01, keterangan='IN/2603-0020; Keterangan : ;') | [seq_in_keterangan] CSB/SYS/2604-11313 (id=75982, cabang=2, tgl=2026-03-01, keterangan='Wl/2603-0020; Keterangan : ;') | [seq_in_nobukti] MDR/ARV/2603-0020 (id=52947, cabang=4, tgl=2026-03-28, keterangan='') | [seq_in_nobukti] MDR/OC/2603-0020 (id=52911, cabang=4, tgl=2026-03-28, keterangan='') | [seq_in_nobukti] MDR/RA/2603-0020 (id=52883, cabang=4, tgl=2026-03-28, keterangan='') | [seq_in_keterangan] MDR/SYS/2603-1424 (id=46600, cabang=4, tgl=2026-03-13, keterangan='CS/2603-0020; Keterangan : ;') | [seq_in_nobukti] SB/WS/2603-0020 (id=41278, cabang=1, tgl=2026-03-06, keterangan='') | [seq_in_nobukti] SB/PT/2603-0020 (id=41205, cabang=1, tgl=2026-03-06, keterangan='') | [seq_in_nobukti] SB/V2/2603-0020 (id=37871, cabang=1, tgl=2026-03-03, keterangan='') | [seq_in_nobukti] SB/NI/2603-0020 (id=37809, cabang=1, tgl=2026-03-03, keterangan='') | [seq_in_keterangan] MDR/SYS/2603-0310 (id=37512, cabang=4, tgl=2026-03-02, keterangan='GI/2603-0020; Keterangan : ;') | [seq_in_keterangan] KRT/SYS/2603-0418 (id=37152, cabang=5, tgl=2026-03-01, keterangan='Pa/2603-0020; Keterangan : ;') | [seq_in_keterangan] KRT/SYS/2603-0358 (id=37092, cabang=5, tgl=2026-03-01, keterangan='An/2603-0020; Keterangan : ;') | [seq_in_keterangan] KRT/SYS/2603-0286 (id=37020, cabang=5, tgl=2026-03-01, keterangan='Wa/2603-0020; Keterangan : ;') | [seq_in_keterangan] MDR/SYS/2603-0170 (id=36945, cabang=4, tgl=2026-03-01, keterangan='Md/2603-0020; Keterangan : ;') | [seq_in_keterangan] MDR/SYS/2603-0128 (id=36903, cabang=4, tgl=2026-03-01, keterangan='MR/2603-0020; Keterangan : ;') | [seq_in_keterangan] SB/SYS/2603-0199 (id=36683, cabang=1, tgl=2026-03-01, keterangan='NS/2603-0020; Keterangan : ;') | [seq_in_keterangan] SB/SYS/2603-0168 (id=36652, cabang=1, tgl=2026-03-01, keterangan='WN/2603-0020; Keterangan : ;') | [seq_in_keterangan] SB/SYS/2603-0136 (id=36620, cabang=1, tgl=2026-03-01, keterangan='VX/2603-0020; Keterangan : ;') | [seq_in_nobukti] KRT/SYS/2603-0020 (id=36354, cabang=5, tgl=2026-02-28, keterangan='An/2602-2076; Keterangan : ;') | [seq_in_nobukti] MDR/SYS/2603-0020 (id=36246, cabang=4, tgl=2026-02-28, keterangan='MR/2602-1067; Keterangan : ;') | [seq_in_nobukti] SB/SYS/2603-0020 (id=35933, cabang=1, tgl=2026-02-28, keterangan='VX/2602-0371; Keterangan : ;')"
MDR/GI/2603-0080,2603-0080,seq_in_nobukti,"[seq_in_keterangan] CSB/SYS/2604-12619 (id=77288, cabang=2, tgl=2026-03-08, keterangan='UW/2603-0080; Keterangan : ;') | [seq_in_keterangan] CSB/SYS/2604-11857 (id=76526, cabang=2, tgl=2026-03-04, keterangan='FZ/2603-0080; Keterangan : ;') | [seq_in_keterangan] CSB/SYS/2604-11717 (id=76386, cabang=2, tgl=2026-03-03, keterangan='Wl/2603-0080; Keterangan : ;') | [seq_in_keterangan] CSB/SYS/2604-11596 (id=76265, cabang=2, tgl=2026-03-02, keterangan='Ma/2603-0080; Keterangan : ;') | [seq_in_keterangan] CSB/SYS/2604-11531 (id=76200, cabang=2, tgl=2026-03-02, keterangan='IN/2603-0080; Keterangan : ;') | [seq_in_nobukti] MDR/RA/2603-0080 (id=54208, cabang=4, tgl=2026-03-30, keterangan='') | [seq_in_nobukti] MDR/ARV/2603-0080 (id=54176, cabang=4, tgl=2026-03-30, keterangan='') | [seq_in_nobukti] MDR/OC/2603-0080 (id=54155, cabang=4, tgl=2026-03-30, keterangan='') | [seq_in_keterangan] KRT/SYS/2603-6677 (id=52033, cabang=5, tgl=2026-03-25, keterangan='VA/2603-0080; Keterangan : ;') | [seq_in_nobukti] SB/PT/2603-0080 (id=45169, cabang=1, tgl=2026-03-12, keterangan='wonosari') | [seq_in_nobukti] SB/WS/2603-0080 (id=41996, cabang=1, tgl=2026-03-07, keterangan='') | [seq_in_keterangan] MDR/SYS/2603-0693 (id=41577, cabang=4, tgl=2026-03-06, keterangan='GI/2603-0080; Keterangan : ;') | [seq_in_nobukti] SB/NI/2603-0080 (id=40351, cabang=1, tgl=2026-03-04, keterangan='') | [seq_in_nobukti] SB/V2/2603-0080 (id=40302, cabang=1, tgl=2026-03-04, keterangan='') | [seq_in_keterangan] KRT/SYS/2603-0684 (id=37782, cabang=5, tgl=2026-03-02, keterangan='Pa/2603-0080; Keterangan : ;') | [seq_in_keterangan] KRT/SYS/2603-0512 (id=37610, cabang=5, tgl=2026-03-02, keterangan='Wa/2603-0080; Keterangan : ;') | [seq_in_keterangan] KRT/SYS/2603-0441 (id=37539, cabang=5, tgl=2026-03-02, keterangan='An/2603-0080; Keterangan : ;') | [seq_in_keterangan] MDR/SYS/2603-0290 (id=37492, cabang=4, tgl=2026-03-02, keterangan='Md/2603-0080; Keterangan : ;') | [seq_in_keterangan] MDR/SYS/2603-0263 (id=37465, cabang=4, tgl=2026-03-02, keterangan='MR/2603-0080; Keterangan : ;') | [seq_in_nobukti] KRT/SYS/2603-0080 (id=36414, cabang=5, tgl=2026-02-28, keterangan='An/2602-2138; Keterangan : ;') | [seq_in_nobukti] MDR/SYS/2603-0080 (id=36306, cabang=4, tgl=2026-02-28, keterangan='Md/2602-1290; Keterangan : ;') | [seq_in_nobukti] SB/SYS/2603-0080 (id=35993, cabang=1, tgl=2026-02-28, keterangan='NS/2602-1123; Keterangan : ;')"
MDR/GI/2603-0079,2603-0079,seq_in_nobukti,"[seq_in_keterangan] CSB/SYS/2604-12618 (id=77287, cabang=2, tgl=2026-03-08, keterangan='UW/2603-0079; Keterangan : ;') | [seq_in_keterangan] CSB/SYS/2604-11898 (id=76567, cabang=2, tgl=2026-03-04, keterangan='SI/2603-0079; Keterangan : ;') | [seq_in_keterangan] CSB/SYS/2604-11856 (id=76525, cabang=2, tgl=2026-03-04, keterangan='FZ/2603-0079; Keterangan : ;') | [seq_in_keterangan] CSB/SYS/2604-11716 (id=76385, cabang=2, tgl=2026-03-03, keterangan='Wl/2603-0079; Keterangan : ;') | [seq_in_keterangan] CSB/SYS/2604-11595 (id=76264, cabang=2, tgl=2026-03-02, keterangan='Ma/2603-0079; Keterangan : ;') | [seq_in_keterangan] CSB/SYS/2604-11530 (id=76199, cabang=2, tgl=2026-03-02, keterangan='IN/2603-0079; Keterangan : ;') | [seq_in_nobukti] MDR/RA/2603-0079 (id=54207, cabang=4, tgl=2026-03-30, keterangan='') | [seq_in_nobukti] MDR/ARV/2603-0079 (id=54175, cabang=4, tgl=2026-03-30, keterangan='') | [seq_in_nobukti] MDR/OC/2603-0079 (id=54154, cabang=4, tgl=2026-03-30, keterangan='') | [seq_in_keterangan] KRT/SYS/2603-6676 (id=52032, cabang=5, tgl=2026-03-25, keterangan='VA/2603-0079; Keterangan : ;') | [seq_in_nobukti] SB/PT/2603-0079 (id=45168, cabang=1, tgl=2026-03-12, keterangan='') | [seq_in_nobukti] SB/WS/2603-0079 (id=41995, cabang=1, tgl=2026-03-07, keterangan='') | [seq_in_keterangan] MDR/SYS/2603-0692 (id=41576, cabang=4, tgl=2026-03-06, keterangan='GI/2603-0079; Keterangan : ;') | [seq_in_nobukti] SB/NI/2603-0079 (id=40350, cabang=1, tgl=2026-03-04, keterangan='') | [seq_in_nobukti] SB/V2/2603-0079 (id=40301, cabang=1, tgl=2026-03-04, keterangan='') | [seq_in_keterangan] KRT/SYS/2603-0683 (id=37781, cabang=5, tgl=2026-03-02, keterangan='Pa/2603-0079; Keterangan : ;') | [seq_in_keterangan] KRT/SYS/2603-0511 (id=37609, cabang=5, tgl=2026-03-02, keterangan='Wa/2603-0079; Keterangan : ;') | [seq_in_keterangan] KRT/SYS/2603-0440 (id=37538, cabang=5, tgl=2026-03-02, keterangan='An/2603-0079; Keterangan : ;') | [seq_in_keterangan] MDR/SYS/2603-0289 (id=37491, cabang=4, tgl=2026-03-02, keterangan='Md/2603-0079; Keterangan : ;') | [seq_in_keterangan] MDR/SYS/2603-0262 (id=37464, cabang=4, tgl=2026-03-02, keterangan='MR/2603-0079; Keterangan : ;') | [seq_in_nobukti] KRT/SYS/2603-0079 (id=36413, cabang=5, tgl=2026-02-28, keterangan='An/2602-2137; Keterangan : ;') | [seq_in_nobukti] MDR/SYS/2603-0079 (id=36305, cabang=4, tgl=2026-02-28, keterangan='Md/2602-1289; Keterangan : ;') | [seq_in_nobukti] SB/SYS/2603-0079 (id=35992, cabang=1, tgl=2026-02-28, keterangan='NS/2602-1122; Keterangan : ;')"
MDR/GI/2603-0148,2603-0148,seq_in_nobukti,"[seq_in_keterangan] CSB/SYS/2604-14301 (id=78970, cabang=2, tgl=2026-03-15, keterangan='UW/2603-0148; Keterangan : ;') | [seq_in_keterangan] CSB/SYS/2604-12370 (id=77039, cabang=2, tgl=2026-03-07, keterangan='FZ/2603-0148; Keterangan : ;') | [seq_in_keterangan] CSB/SYS/2604-12110 (id=76779, cabang=2, tgl=2026-03-06, keterangan='Wl/2603-0148; Keterangan : ;') | [seq_in_keterangan] CSB/SYS/2604-11980 (id=76649, cabang=2, tgl=2026-03-05, keterangan='IN/2603-0148; Keterangan : ;') | [seq_in_keterangan] CSB/SYS/2604-11801 (id=76470, cabang=2, tgl=2026-03-04, keterangan='Ma/2603-0148; Keterangan : ;') | [seq_in_nobukti] MDR/OC/2603-0148 (id=55317, cabang=4, tgl=2026-04-01, keterangan='') | [seq_in_nobukti] SB/PT/2603-0148 (id=47370, cabang=1, tgl=2026-03-16, keterangan='') | [seq_in_keterangan] MDR/SYS/2603-0941 (id=43145, cabang=4, tgl=2026-03-08, keterangan='GI/2603-0148; Keterangan : ;') | [seq_in_nobukti] SB/WS/2603-0148 (id=42724, cabang=1, tgl=2026-03-08, keterangan='') | [seq_in_nobukti] SB/V2/2603-0148 (id=41135, cabang=1, tgl=2026-03-05, keterangan='') | [seq_in_nobukti] SB/NI/2603-0148 (id=41081, cabang=1, tgl=2026-03-05, keterangan='') | [seq_in_keterangan] KRT/SYS/2603-3045 (id=40869, cabang=5, tgl=2026-03-04, keterangan='Pa/2603-0148; Keterangan : ;') | [seq_in_keterangan] MDR/SYS/2603-0466 (id=40633, cabang=4, tgl=2026-03-04, keterangan='MR/2603-0148; Keterangan : ;') | [seq_in_keterangan] MDR/SYS/2603-0412 (id=40579, cabang=4, tgl=2026-03-04, keterangan='Md/2603-0148; Keterangan : ;') | [seq_in_keterangan] KRT/SYS/2603-0579 (id=37677, cabang=5, tgl=2026-03-02, keterangan='Wa/2603-0148; Keterangan : ;') | [seq_in_keterangan] KRT/SYS/2603-0507 (id=37605, cabang=5, tgl=2026-03-02, keterangan='An/2603-0148; Keterangan : ;') | [seq_in_nobukti] MDR/SYS/2603-0148 (id=36923, cabang=4, tgl=2026-03-01, keterangan='MR/2603-0040; Keterangan : ;') | [seq_in_nobukti] SB/SYS/2603-0148 (id=36632, cabang=1, tgl=2026-03-01, keterangan='VX/2603-0032; Keterangan : ;') | [seq_in_nobukti] KRT/SYS/2603-0148 (id=36482, cabang=5, tgl=2026-02-28, keterangan='Wa/2602-2376; Keterangan : ;')"
MDR/GI/2603-0113,2603-0113,seq_in_nobukti,"[seq_in_keterangan] CSB/SYS/2604-13519 (id=78188, cabang=2, tgl=2026-03-12, keterangan='UW/2603-0113; Keterangan : ;') | [seq_in_keterangan] CSB/SYS/2604-12061 (id=76730, cabang=2, tgl=2026-03-05, keterangan='SI/2603-0113; Keterangan : ;') | [seq_in_keterangan] CSB/SYS/2604-12051 (id=76720, cabang=2, tgl=2026-03-05, keterangan='FZ/2603-0113; Keterangan : ;') | [seq_in_keterangan] CSB/SYS/2604-12002 (id=76671, cabang=2, tgl=2026-03-05, keterangan='Wl/2603-0113; Keterangan : ;') | [seq_in_keterangan] CSB/SYS/2604-11803 (id=76472, cabang=2, tgl=2026-03-04, keterangan='IN/2603-0113; Keterangan : ;') | [seq_in_keterangan] CSB/SYS/2604-11697 (id=76366, cabang=2, tgl=2026-03-03, keterangan='Ma/2603-0113; Keterangan : ;') | [seq_in_nobukti] MDR/RA/2603-0113 (id=54812, cabang=4, tgl=2026-03-31, keterangan='') | [seq_in_nobukti] MDR/ARV/2603-0113 (id=54772, cabang=4, tgl=2026-03-31, keterangan='') | [seq_in_nobukti] MDR/OC/2603-0113 (id=54734, cabang=4, tgl=2026-03-31, keterangan='') | [seq_in_nobukti] SB/PT/2603-0113 (id=47159, cabang=1, tgl=2026-03-15, keterangan='') | [seq_in_nobukti] SB/WS/2603-0113 (id=42689, cabang=1, tgl=2026-03-08, keterangan='') | [seq_in_keterangan] MDR/SYS/2603-0805 (id=42334, cabang=4, tgl=2026-03-07, keterangan='GI/2603-0113; Keterangan : ;') | [seq_in_nobukti] SB/V2/2603-0113 (id=41100, cabang=1, tgl=2026-03-05, keterangan='') | [seq_in_nobukti] SB/NI/2603-0113 (id=40384, cabang=1, tgl=2026-03-04, keterangan='') | [seq_in_keterangan] KRT/SYS/2603-0719 (id=38147, cabang=5, tgl=2026-03-03, keterangan='Pa/2603-0113; Keterangan : ;') | [seq_in_keterangan] MDR/SYS/2603-0369 (id=38094, cabang=4, tgl=2026-03-03, keterangan='Md/2603-0113; Keterangan : ;') | [seq_in_keterangan] MDR/SYS/2603-0345 (id=38070, cabang=4, tgl=2026-03-03, keterangan='MR/2603-0113; Keterangan : ;') | [seq_in_keterangan] KRT/SYS/2603-0544 (id=37642, cabang=5, tgl=2026-03-02, keterangan='Wa/2603-0113; Keterangan : ;') | [seq_in_keterangan] KRT/SYS/2603-0473 (id=37571, cabang=5, tgl=2026-03-02, keterangan='An/2603-0113; Keterangan : ;') | [seq_in_nobukti] MDR/SYS/2603-0113 (id=36888, cabang=4, tgl=2026-03-01, keterangan='MR/2603-0005; Keterangan : ;') | [seq_in_nobukti] KRT/SYS/2603-0113 (id=36447, cabang=5, tgl=2026-02-28, keterangan='Wa/2602-2341; Keterangan : ;') | [seq_in_nobukti] SB/SYS/2603-0113 (id=36026, cabang=1, tgl=2026-02-28, keterangan='Pt/2602-0149; Keterangan : ;')"
MDR/GI/2603-0095,2603-0095,seq_in_nobukti,"[seq_in_keterangan] CSB/SYS/2604-13276 (id=77945, cabang=2, tgl=2026-03-11, keterangan='UW/2603-0095; Keterangan : ;') | [seq_in_keterangan] CSB/SYS/2604-12033 (id=76702, cabang=2, tgl=2026-03-05, keterangan='FZ/2603-0095; Keterangan : ;') | [seq_in_keterangan] CSB/SYS/2604-11913 (id=76582, cabang=2, tgl=2026-03-04, keterangan='SI/2603-0095; Keterangan : ;') | [seq_in_keterangan] CSB/SYS/2604-11770 (id=76439, cabang=2, tgl=2026-03-04, keterangan='Wl/2603-0095; Keterangan : ;') | [seq_in_keterangan] CSB/SYS/2604-11679 (id=76348, cabang=2, tgl=2026-03-03, keterangan='Ma/2603-0095; Keterangan : ;') | [seq_in_keterangan] CSB/SYS/2604-11645 (id=76314, cabang=2, tgl=2026-03-03, keterangan='IN/2603-0095; Keterangan : ;') | [seq_in_nobukti] MDR/RA/2603-0095 (id=54794, cabang=4, tgl=2026-03-31, keterangan='') | [seq_in_nobukti] MDR/ARV/2603-0095 (id=54191, cabang=4, tgl=2026-03-30, keterangan='') | [seq_in_nobukti] MDR/OC/2603-0095 (id=54170, cabang=4, tgl=2026-03-30, keterangan='') | [seq_in_keterangan] KRT/SYS/2603-7707 (id=53576, cabang=5, tgl=2026-03-28, keterangan='VA/2603-0095; Keterangan : ;') | [seq_in_nobukti] SB/PT/2603-0095 (id=46209, cabang=1, tgl=2026-03-13, keterangan='') | [seq_in_nobukti] SB/WS/2603-0095 (id=42671, cabang=1, tgl=2026-03-08, keterangan='') | [seq_in_keterangan] MDR/SYS/2603-0787 (id=42316, cabang=4, tgl=2026-03-07, keterangan='GI/2603-0095; Keterangan : ;') | [seq_in_nobukti] SB/NI/2603-0095 (id=40366, cabang=1, tgl=2026-03-04, keterangan='') | [seq_in_nobukti] SB/V2/2603-0095 (id=40317, cabang=1, tgl=2026-03-04, keterangan='') | [seq_in_keterangan] KRT/SYS/2603-0701 (id=38129, cabang=5, tgl=2026-03-03, keterangan='Pa/2603-0095; Keterangan : ;') | [seq_in_keterangan] MDR/SYS/2603-0351 (id=38076, cabang=4, tgl=2026-03-03, keterangan='Md/2603-0095; Keterangan : ;') | [seq_in_keterangan] MDR/SYS/2603-0327 (id=38052, cabang=4, tgl=2026-03-03, keterangan='MR/2603-0095; Keterangan : ;') | [seq_in_keterangan] KRT/SYS/2603-0527 (id=37625, cabang=5, tgl=2026-03-02, keterangan='Wa/2603-0095; Keterangan : ;') | [seq_in_keterangan] KRT/SYS/2603-0455 (id=37553, cabang=5, tgl=2026-03-02, keterangan='An/2603-0095; Keterangan : ;') | [seq_in_nobukti] KRT/SYS/2603-0095 (id=36429, cabang=5, tgl=2026-02-28, keterangan='Wa/2602-2323; Keterangan : ;') | [seq_in_nobukti] MDR/SYS/2603-0095 (id=36321, cabang=4, tgl=2026-02-28, keterangan='GI/2602-0374; Keterangan : ;') | [seq_in_nobukti] SB/SYS/2603-0095 (id=36008, cabang=1, tgl=2026-02-28, keterangan='NS/2602-1138; Keterangan : ;')"
MDR/CS/2603-0021,2603-0021,seq_in_nobukti,"[seq_in_keterangan] KRT/SYS/2604-3923 (id=84651, cabang=5, tgl=2026-03-09, keterangan='VA/2603-0021; Keterangan : ;') | [seq_in_keterangan] CSB/SYS/2604-11740 (id=76409, cabang=2, tgl=2026-03-03, keterangan='UW/2603-0021; Keterangan : ;') | [seq_in_keterangan] CSB/SYS/2604-11551 (id=76220, cabang=2, tgl=2026-03-02, keterangan='FZ/2603-0021; Keterangan : ;') | [seq_in_keterangan] CSB/SYS/2604-11446 (id=76115, cabang=2, tgl=2026-03-01, keterangan='SI/2603-0021; Keterangan : ;') | [seq_in_keterangan] CSB/SYS/2604-11384 (id=76053, cabang=2, tgl=2026-03-01, keterangan='Ma/2603-0021; Keterangan : ;') | [seq_in_keterangan] CSB/SYS/2604-11342 (id=76011, cabang=2, tgl=2026-03-01, keterangan='IN/2603-0021; Keterangan : ;') | [seq_in_keterangan] CSB/SYS/2604-11314 (id=75983, cabang=2, tgl=2026-03-01, keterangan='Wl/2603-0021; Keterangan : ;') | [seq_in_nobukti] MDR/ARV/2603-0021 (id=52948, cabang=4, tgl=2026-03-28, keterangan='') | [seq_in_nobukti] MDR/OC/2603-0021 (id=52912, cabang=4, tgl=2026-03-28, keterangan='') | [seq_in_nobukti] MDR/RA/2603-0021 (id=52884, cabang=4, tgl=2026-03-28, keterangan='') | [seq_in_keterangan] MDR/SYS/2603-1966 (id=48812, cabang=4, tgl=2026-03-14, keterangan='CS/2603-0021; Keterangan : ;') | [seq_in_nobukti] SB/WS/2603-0021 (id=41279, cabang=1, tgl=2026-03-06, keterangan='') | [seq_in_nobukti] SB/PT/2603-0021 (id=41206, cabang=1, tgl=2026-03-06, keterangan='') | [seq_in_nobukti] SB/V2/2603-0021 (id=37872, cabang=1, tgl=2026-03-03, keterangan='') | [seq_in_nobukti] SB/NI/2603-0021 (id=37810, cabang=1, tgl=2026-03-03, keterangan='') | [seq_in_keterangan] MDR/SYS/2603-0311 (id=37513, cabang=4, tgl=2026-03-02, keterangan='GI/2603-0021; Keterangan : ;') | [seq_in_keterangan] KRT/SYS/2603-0419 (id=37153, cabang=5, tgl=2026-03-01, keterangan='Pa/2603-0021; Keterangan : ;') | [seq_in_keterangan] KRT/SYS/2603-0359 (id=37093, cabang=5, tgl=2026-03-01, keterangan='An/2603-0021; Keterangan : ;') | [seq_in_keterangan] KRT/SYS/2603-0287 (id=37021, cabang=5, tgl=2026-03-01, keterangan='Wa/2603-0021; Keterangan : ;') | [seq_in_keterangan] MDR/SYS/2603-0171 (id=36946, cabang=4, tgl=2026-03-01, keterangan='Md/2603-0021; Keterangan : ;') | [seq_in_keterangan] MDR/SYS/2603-0129 (id=36904, cabang=4, tgl=2026-03-01, keterangan='MR/2603-0021; Keterangan : ;') | [seq_in_keterangan] SB/SYS/2603-0200 (id=36684, cabang=1, tgl=2026-03-01, keterangan='NS/2603-0021; Keterangan : ;') | [seq_in_keterangan] SB/SYS/2603-0169 (id=36653, cabang=1, tgl=2026-03-01, keterangan='WN/2603-0021; Keterangan : ;') | [seq_in_keterangan] SB/SYS/2603-0137 (id=36621, cabang=1, tgl=2026-03-01, keterangan='VX/2603-0021; Keterangan : ;') | [seq_in_nobukti] KRT/SYS/2603-0021 (id=36355, cabang=5, tgl=2026-02-28, keterangan='An/2602-2077; Keterangan : ;') | [seq_in_nobukti] MDR/SYS/2603-0021 (id=36247, cabang=4, tgl=2026-02-28, keterangan='MR/2602-1068; Keterangan : ;') | [seq_in_nobukti] SB/SYS/2603-0021 (id=35934, cabang=1, tgl=2026-02-28, keterangan='VX/2602-0372; Keterangan : ;')"
MDR/GI/2603-0152,2603-0152,seq_in_nobukti,"[seq_in_keterangan] CSB/SYS/2604-14305 (id=78974, cabang=2, tgl=2026-03-15, keterangan='UW/2603-0152; Keterangan : ;') | [seq_in_keterangan] CSB/SYS/2604-12374 (id=77043, cabang=2, tgl=2026-03-07, keterangan='FZ/2603-0152; Keterangan : ;') | [seq_in_keterangan] CSB/SYS/2604-12245 (id=76914, cabang=2, tgl=2026-03-06, keterangan='SI/2603-0152; Keterangan : ;') | [seq_in_keterangan] CSB/SYS/2604-12114 (id=76783, cabang=2, tgl=2026-03-06, keterangan='Wl/2603-0152; Keterangan : ;') | [seq_in_keterangan] CSB/SYS/2604-11982 (id=76651, cabang=2, tgl=2026-03-05, keterangan='IN/2603-0152; Keterangan : ;') | [seq_in_keterangan] CSB/SYS/2604-11875 (id=76544, cabang=2, tgl=2026-03-04, keterangan='Ma/2603-0152; Keterangan : ;') | [seq_in_nobukti] MDR/OC/2603-0152 (id=55321, cabang=4, tgl=2026-04-01, keterangan='') | [seq_in_keterangan] MDR/SYS/2603-1794 (id=48640, cabang=4, tgl=2026-03-09, keterangan='GI/2603-0152; Keterangan : ;') | [seq_in_nobukti] SB/PT/2603-0152 (id=47374, cabang=1, tgl=2026-03-16, keterangan='') | [seq_in_nobukti] SB/WS/2603-0152 (id=42728, cabang=1, tgl=2026-03-08, keterangan='') | [seq_in_nobukti] SB/V2/2603-0152 (id=41139, cabang=1, tgl=2026-03-06, keterangan='') | [seq_in_nobukti] SB/NI/2603-0152 (id=41085, cabang=1, tgl=2026-03-05, keterangan='') | [seq_in_keterangan] KRT/SYS/2603-3049 (id=40873, cabang=5, tgl=2026-03-04, keterangan='Pa/2603-0152; Keterangan : ;') | [seq_in_keterangan] MDR/SYS/2603-0470 (id=40637, cabang=4, tgl=2026-03-04, keterangan='MR/2603-0152; Keterangan : ;') | [seq_in_keterangan] MDR/SYS/2603-0416 (id=40583, cabang=4, tgl=2026-03-04, keterangan='Md/2603-0152; Keterangan : ;') | [seq_in_keterangan] KRT/SYS/2603-0848 (id=38276, cabang=5, tgl=2026-03-03, keterangan='An/2603-0152; Keterangan : ;') | [seq_in_keterangan] KRT/SYS/2603-0583 (id=37681, cabang=5, tgl=2026-03-02, keterangan='Wa/2603-0152; Keterangan : ;') | [seq_in_nobukti] MDR/SYS/2603-0152 (id=36927, cabang=4, tgl=2026-03-01, keterangan='Md/2603-0002; Keterangan : ;') | [seq_in_nobukti] SB/SYS/2603-0152 (id=36636, cabang=1, tgl=2026-03-01, keterangan='WN/2603-0003; Keterangan : ;') | [seq_in_nobukti] KRT/SYS/2603-0152 (id=36486, cabang=5, tgl=2026-02-28, keterangan='Wa/2602-2380; Keterangan : ;')"
MDR/GI/2603-0212,2603-0212,seq_in_nobukti,"[seq_in_keterangan] CSB/SYS/2604-14591 (id=79260, cabang=2, tgl=2026-03-16, keterangan='UW/2603-0212; Keterangan : ;') | [seq_in_keterangan] CSB/SYS/2604-12680 (id=77349, cabang=2, tgl=2026-03-09, keterangan='FZ/2603-0212; Keterangan : ;') | [seq_in_keterangan] CSB/SYS/2604-12471 (id=77140, cabang=2, tgl=2026-03-07, keterangan='SI/2603-0212; Keterangan : ;') | [seq_in_keterangan] CSB/SYS/2604-12432 (id=77101, cabang=2, tgl=2026-03-07, keterangan='Wl/2603-0212; Keterangan : ;') | [seq_in_keterangan] CSB/SYS/2604-12340 (id=77009, cabang=2, tgl=2026-03-07, keterangan='IN/2603-0212; Keterangan : ;') | [seq_in_keterangan] CSB/SYS/2604-12129 (id=76798, cabang=2, tgl=2026-03-06, keterangan='Ma/2603-0212; Keterangan : ;') | [seq_in_nobukti] SB/PT/2603-0212 (id=50909, cabang=1, tgl=2026-03-19, keterangan='') | [seq_in_keterangan] MDR/SYS/2603-1501 (id=47601, cabang=4, tgl=2026-03-05, keterangan='Md/2603-0212; Keterangan : ;') | [seq_in_keterangan] MDR/SYS/2603-1286 (id=45734, cabang=4, tgl=2026-03-12, keterangan='GI/2603-0212; Keterangan : ;') | [seq_in_nobukti] SB/WS/2603-0212 (id=43498, cabang=1, tgl=2026-03-09, keterangan='') | [seq_in_nobukti] SB/V2/2603-0212 (id=41894, cabang=1, tgl=2026-03-07, keterangan='') | [seq_in_keterangan] MDR/SYS/2603-0611 (id=41495, cabang=4, tgl=2026-03-06, keterangan='MR/2603-0212; Keterangan : ;') | [seq_in_nobukti] SB/NI/2603-0212 (id=41264, cabang=1, tgl=2026-03-06, keterangan='') | [seq_in_keterangan] KRT/SYS/2603-3109 (id=40933, cabang=5, tgl=2026-03-04, keterangan='Pa/2603-0212; Keterangan : ;') | [seq_in_keterangan] KRT/SYS/2603-0906 (id=38334, cabang=5, tgl=2026-03-03, keterangan='An/2603-0212; Keterangan : ;') | [seq_in_keterangan] KRT/SYS/2603-0757 (id=38185, cabang=5, tgl=2026-03-03, keterangan='Wa/2603-0212; Keterangan : ;') | [seq_in_nobukti] MDR/SYS/2603-0212 (id=36987, cabang=4, tgl=2026-03-01, keterangan='GI/2603-0001; Keterangan : ;') | [seq_in_nobukti] SB/SYS/2603-0212 (id=36696, cabang=1, tgl=2026-03-01, keterangan='NS/2603-0033; Keterangan : ;') | [seq_in_nobukti] KRT/SYS/2603-0212 (id=36546, cabang=5, tgl=2026-02-28, keterangan='Pa/2602-2473; Keterangan : ;')"
MDR/GI/2603-0188,2603-0188,seq_in_nobukti,"[seq_in_keterangan] CSB/SYS/2604-14567 (id=79236, cabang=2, tgl=2026-03-16, keterangan='UW/2603-0188; Keterangan : ;') | [seq_in_keterangan] CSB/SYS/2604-12447 (id=77116, cabang=2, tgl=2026-03-07, keterangan='SI/2603-0188; Keterangan : ;') | [seq_in_keterangan] CSB/SYS/2604-12410 (id=77079, cabang=2, tgl=2026-03-07, keterangan='FZ/2603-0188; Keterangan : ;') | [seq_in_keterangan] CSB/SYS/2604-12321 (id=76990, cabang=2, tgl=2026-03-07, keterangan='Wl/2603-0188; Keterangan : ;') | [seq_in_keterangan] CSB/SYS/2604-12182 (id=76851, cabang=2, tgl=2026-03-06, keterangan='IN/2603-0188; Keterangan : ;') | [seq_in_keterangan] CSB/SYS/2604-11962 (id=76631, cabang=2, tgl=2026-03-05, keterangan='Ma/2603-0188; Keterangan : ;') | [seq_in_nobukti] SB/PT/2603-0188 (id=50151, cabang=1, tgl=2026-03-18, keterangan='') | [seq_in_keterangan] MDR/SYS/2603-1477 (id=47577, cabang=4, tgl=2026-03-05, keterangan='Md/2603-0188; Keterangan : ;') | [seq_in_keterangan] MDR/SYS/2603-1456 (id=47556, cabang=4, tgl=2026-03-05, keterangan='MR/2603-0188; Keterangan : ;') | [seq_in_keterangan] MDR/SYS/2603-1141 (id=44814, cabang=4, tgl=2026-03-11, keterangan='GI/2603-0188; Keterangan : ;') | [seq_in_nobukti] SB/WS/2603-0188 (id=43474, cabang=1, tgl=2026-03-09, keterangan='') | [seq_in_nobukti] SB/NI/2603-0188 (id=41240, cabang=1, tgl=2026-03-06, keterangan='') | [seq_in_nobukti] SB/V2/2603-0188 (id=41187, cabang=1, tgl=2026-03-06, keterangan='') | [seq_in_keterangan] KRT/SYS/2603-3085 (id=40909, cabang=5, tgl=2026-03-04, keterangan='Pa/2603-0188; Keterangan : ;') | [seq_in_keterangan] KRT/SYS/2603-0884 (id=38312, cabang=5, tgl=2026-03-03, keterangan='An/2603-0188; Keterangan : ;') | [seq_in_keterangan] KRT/SYS/2603-0619 (id=37717, cabang=5, tgl=2026-03-02, keterangan='Wa/2603-0188; Keterangan : ;') | [seq_in_nobukti] MDR/SYS/2603-0188 (id=36963, cabang=4, tgl=2026-03-01, keterangan='Md/2603-0038; Keterangan : ;') | [seq_in_nobukti] SB/SYS/2603-0188 (id=36672, cabang=1, tgl=2026-03-01, keterangan='NS/2603-0008; Keterangan : ;') | [seq_in_nobukti] KRT/SYS/2603-0188 (id=36522, cabang=5, tgl=2026-02-28, keterangan='Wa/2602-2416; Keterangan : ;')"
MDR/GI/2603-0171,2603-0171,seq_in_nobukti,"[seq_in_keterangan] CSB/SYS/2604-14550 (id=79219, cabang=2, tgl=2026-03-16, keterangan='UW/2603-0171; Keterangan : ;') | [seq_in_keterangan] CSB/SYS/2604-12393 (id=77062, cabang=2, tgl=2026-03-07, keterangan='FZ/2603-0171; Keterangan : ;') | [seq_in_keterangan] CSB/SYS/2604-12305 (id=76974, cabang=2, tgl=2026-03-07, keterangan='Wl/2603-0171; Keterangan : ;') | [seq_in_keterangan] CSB/SYS/2604-12264 (id=76933, cabang=2, tgl=2026-03-06, keterangan='SI/2603-0171; Keterangan : ;') | [seq_in_keterangan] CSB/SYS/2604-12165 (id=76834, cabang=2, tgl=2026-03-06, keterangan='IN/2603-0171; Keterangan : ;') | [seq_in_keterangan] CSB/SYS/2604-11948 (id=76617, cabang=2, tgl=2026-03-05, keterangan='Ma/2603-0171; Keterangan : ;') | [seq_in_keterangan] MDR/SYS/2603-1460 (id=47560, cabang=4, tgl=2026-03-05, keterangan='Md/2603-0171; Keterangan : ;') | [seq_in_keterangan] MDR/SYS/2603-1439 (id=47539, cabang=4, tgl=2026-03-05, keterangan='MR/2603-0171; Keterangan : ;') | [seq_in_nobukti] SB/PT/2603-0171 (id=47393, cabang=1, tgl=2026-03-16, keterangan='') | [seq_in_keterangan] MDR/SYS/2603-1046 (id=43983, cabang=4, tgl=2026-03-10, keterangan='GI/2603-0171; Keterangan : ;') | [seq_in_nobukti] SB/WS/2603-0171 (id=43457, cabang=1, tgl=2026-03-09, keterangan='') | [seq_in_nobukti] SB/NI/2603-0171 (id=41223, cabang=1, tgl=2026-03-06, keterangan='') | [seq_in_nobukti] SB/V2/2603-0171 (id=41158, cabang=1, tgl=2026-03-06, keterangan='') | [seq_in_keterangan] KRT/SYS/2603-3068 (id=40892, cabang=5, tgl=2026-03-04, keterangan='Pa/2603-0171; Keterangan : ;') | [seq_in_keterangan] KRT/SYS/2603-0867 (id=38295, cabang=5, tgl=2026-03-03, keterangan='An/2603-0171; Keterangan : ;') | [seq_in_keterangan] KRT/SYS/2603-0602 (id=37700, cabang=5, tgl=2026-03-02, keterangan='Wa/2603-0171; Keterangan : ;') | [seq_in_nobukti] MDR/SYS/2603-0171 (id=36946, cabang=4, tgl=2026-03-01, keterangan='Md/2603-0021; Keterangan : ;') | [seq_in_nobukti] SB/SYS/2603-0171 (id=36655, cabang=1, tgl=2026-03-01, keterangan='WN/2603-0023; Keterangan : ;') | [seq_in_nobukti] KRT/SYS/2603-0171 (id=36505, cabang=5, tgl=2026-02-28, keterangan='Wa/2602-2399; Keterangan : ;')"
CSB/FR/2010-0648,2010-0648,tidak_ada,
SB/WN/2602-0510,2602-0510,seq_in_nobukti,"[seq_in_keterangan] CSB/SYS/2604-10626 (id=75295, cabang=2, tgl=2026-02-25, keterangan='UW/2602-0510; Keterangan : ;') | [seq_in_keterangan] CSB/SYS/2604-8612 (id=73281, cabang=2, tgl=2026-02-14, keterangan='SI/2602-0510; Keterangan : ;') | [seq_in_keterangan] CSB/SYS/2604-8315 (id=72984, cabang=2, tgl=2026-02-13, keterangan='FZ/2602-0510; Keterangan : ;') | [seq_in_keterangan] CSB/SYS/2604-8266 (id=72935, cabang=2, tgl=2026-02-13, keterangan='Wl/2602-0510; Keterangan : ;') | [seq_in_keterangan] CSB/SYS/2604-8156 (id=72825, cabang=2, tgl=2026-02-13, keterangan='Ma/2602-0510; Keterangan : ;') | [seq_in_keterangan] CSB/SYS/2604-7956 (id=72625, cabang=2, tgl=2026-02-12, keterangan='IN/2602-0510; Keterangan : ;') | [seq_in_keterangan] MDR/SYS/2603-0511 (id=40966, cabang=4, tgl=2026-02-12, keterangan='Md/2602-0510; Keterangan : ;') | [seq_in_nobukti] SB/NI/2602-0510 (id=37242, cabang=1, tgl=2026-03-02, keterangan='') | [seq_in_nobukti] SB/SYS/2602-0510 (id=32659, cabang=1, tgl=2026-02-25, keterangan='NS/2602-1041; Keterangan : ;') | [seq_in_keterangan] SB/SYS/2602-0010 (id=29326, cabang=1, tgl=2026-02-20, keterangan='WN/2602-0510; Keterangan : ;') | [seq_in_keterangan] KRT/SYS/2602-6408 (id=16343, cabang=5, tgl=2026-02-07, keterangan='Pa/2602-0510; Keterangan : ;') | [seq_in_keterangan] KRT/SYS/2602-6265 (id=16200, cabang=5, tgl=2026-02-07, keterangan='An/2602-0510; Keterangan : ;') | [seq_in_keterangan] KRT/SYS/2602-5955 (id=15890, cabang=5, tgl=2026-02-06, keterangan='Wa/2602-0510; Keterangan : ;') | [seq_in_nobukti] KRT/SYS/2602-0510 (id=10445, cabang=5, tgl=2026-01-12, keterangan='Wa/2601-0878; Keterangan : ;') | [seq_in_keterangan] MDR/SYS/2602-3641 (id=9206, cabang=4, tgl=2026-02-13, keterangan='MR/2602-0510; Keterangan : ;') | [seq_in_nobukti] MDR/SYS/2602-0510 (id=5147, cabang=4, tgl=2026-01-08, keterangan='Md/2601-0276; Keterangan : ;') | [seq_in_nobukti] SB/FR/2602-0510 (id=3994, cabang=1, tgl=2026-02-06, keterangan='')"
MDR/GI/2603-0418,2603-0418,seq_in_nobukti,"[seq_in_keterangan] KRT/SYS/2604-3469 (id=84197, cabang=5, tgl=2026-03-05, keterangan='Wa/2603-0418; Keterangan : ;') | [seq_in_keterangan] KRT/SYS/2604-3385 (id=84113, cabang=5, tgl=2026-03-05, keterangan='An/2603-0418; Keterangan : ;') | [seq_in_keterangan] CSB/SYS/2604-13721 (id=78390, cabang=2, tgl=2026-03-13, keterangan='Wl/2603-0418; Keterangan : ;') | [seq_in_keterangan] CSB/SYS/2604-13584 (id=78253, cabang=2, tgl=2026-03-13, keterangan='IN/2603-0418; Keterangan : ;') | [seq_in_keterangan] CSB/SYS/2604-13551 (id=78220, cabang=2, tgl=2026-03-12, keterangan='FZ/2603-0418; Keterangan : ;') | [seq_in_keterangan] CSB/SYS/2604-13464 (id=78133, cabang=2, tgl=2026-03-12, keterangan='SI/2603-0418; Keterangan : ;') | [seq_in_keterangan] CSB/SYS/2604-13055 (id=77724, cabang=2, tgl=2026-03-11, keterangan='Ma/2603-0418; Keterangan : ;') | [seq_in_keterangan] MDR/SYS/2603-2649 (id=51520, cabang=4, tgl=2026-03-20, keterangan='GI/2603-0418; Keterangan : ;') | [seq_in_nobukti] SB/NI/2603-0418 (id=46126, cabang=1, tgl=2026-03-13, keterangan='') | [seq_in_nobukti] SB/WS/2603-0418 (id=46078, cabang=1, tgl=2026-03-13, keterangan='') | [seq_in_keterangan] MDR/SYS/2603-1057 (id=44730, cabang=4, tgl=2026-03-11, keterangan='MR/2603-0418; Keterangan : ;') | [seq_in_keterangan] MDR/SYS/2603-1029 (id=43966, cabang=4, tgl=2026-03-10, keterangan='Md/2603-0418; Keterangan : ;') | [seq_in_nobukti] SB/V2/2603-0418 (id=43611, cabang=1, tgl=2026-03-10, keterangan='') | [seq_in_keterangan] KRT/SYS/2603-3406 (id=41872, cabang=5, tgl=2026-03-06, keterangan='Pa/2603-0418; Keterangan : ;') | [seq_in_nobukti] MDR/SYS/2603-0418 (id=40585, cabang=4, tgl=2026-03-04, keterangan='Md/2603-0154; Keterangan : ;') | [seq_in_nobukti] KRT/SYS/2603-0418 (id=37152, cabang=5, tgl=2026-03-01, keterangan='Pa/2603-0020; Keterangan : ;')"
SB/FR/2603-0258,2603-0258,seq_in_nobukti,"[seq_in_keterangan] KRT/SYS/2604-3238 (id=83966, cabang=5, tgl=2026-03-05, keterangan='Pa/2603-0258; Keterangan : ;') | [seq_in_keterangan] CSB/SYS/2604-14969 (id=79638, cabang=2, tgl=2026-03-18, keterangan='UW/2603-0258; Keterangan : ;') | [seq_in_keterangan] CSB/SYS/2604-12910 (id=77579, cabang=2, tgl=2026-03-10, keterangan='FZ/2603-0258; Keterangan : ;') | [seq_in_keterangan] CSB/SYS/2604-12738 (id=77407, cabang=2, tgl=2026-03-09, keterangan='Wl/2603-0258; Keterangan : ;') | [seq_in_keterangan] CSB/SYS/2604-12641 (id=77310, cabang=2, tgl=2026-03-08, keterangan='SI/2603-0258; Keterangan : ;') | [seq_in_keterangan] CSB/SYS/2604-12557 (id=77226, cabang=2, tgl=2026-03-08, keterangan='IN/2603-0258; Keterangan : ;') | [seq_in_keterangan] CSB/SYS/2604-12300 (id=76969, cabang=2, tgl=2026-03-07, keterangan='Ma/2603-0258; Keterangan : ;') | [seq_in_nobukti] SB/PT/2603-0258 (id=50955, cabang=1, tgl=2026-03-19, keterangan='') | [seq_in_keterangan] MDR/SYS/2603-2080 (id=48926, cabang=4, tgl=2026-03-15, keterangan='GI/2603-0258; Keterangan : ;') | [seq_in_nobukti] SB/WS/2603-0258 (id=43571, cabang=1, tgl=2026-03-10, keterangan='') | [seq_in_nobukti] SB/NI/2603-0258 (id=43430, cabang=1, tgl=2026-03-09, keterangan='') | [seq_in_keterangan] MDR/SYS/2603-0757 (id=42286, cabang=4, tgl=2026-03-07, keterangan='Md/2603-0258; Keterangan : ;') | [seq_in_keterangan] MDR/SYS/2603-0712 (id=42241, cabang=4, tgl=2026-03-07, keterangan='MR/2603-0258; Keterangan : ;') | [seq_in_nobukti] SB/V2/2603-0258 (id=41940, cabang=1, tgl=2026-03-07, keterangan='') | [seq_in_keterangan] KRT/SYS/2603-2922 (id=40746, cabang=5, tgl=2026-03-04, keterangan='An/2603-0258; Keterangan : ;') | [seq_in_keterangan] KRT/SYS/2603-0802 (id=38230, cabang=5, tgl=2026-03-03, keterangan='Wa/2603-0258; Keterangan : ;') | [seq_in_nobukti] MDR/SYS/2603-0258 (id=37460, cabang=4, tgl=2026-03-02, keterangan='MR/2603-0075; Keterangan : ;') | [seq_in_nobukti] KRT/SYS/2603-0258 (id=36592, cabang=5, tgl=2026-02-28, keterangan='Pa/2602-2519; Keterangan : ;')"
MDR/GI/2603-0317,2603-0317,seq_in_nobukti,"[seq_in_keterangan] KRT/SYS/2604-3296 (id=84024, cabang=5, tgl=2026-03-05, keterangan='Pa/2603-0317; Keterangan : ;') | [seq_in_keterangan] CSB/SYS/2604-15441 (id=80110, cabang=2, tgl=2026-03-28, keterangan='UW/2603-0317; Keterangan : ;') | [seq_in_keterangan] CSB/SYS/2604-13155 (id=77824, cabang=2, tgl=2026-03-11, keterangan='FZ/2603-0317; Keterangan : ;') | [seq_in_keterangan] CSB/SYS/2604-13103 (id=77772, cabang=2, tgl=2026-03-11, keterangan='Wl/2603-0317; Keterangan : ;') | [seq_in_keterangan] CSB/SYS/2604-12889 (id=77558, cabang=2, tgl=2026-03-10, keterangan='IN/2603-0317; Keterangan : ;') | [seq_in_keterangan] CSB/SYS/2604-12841 (id=77510, cabang=2, tgl=2026-03-09, keterangan='SI/2603-0317; Keterangan : ;') | [seq_in_keterangan] CSB/SYS/2604-12749 (id=77418, cabang=2, tgl=2026-03-09, keterangan='Ma/2603-0317; Keterangan : ;') | [seq_in_nobukti] SB/PT/2603-0317 (id=54820, cabang=1, tgl=2026-03-31, keterangan='') | [seq_in_keterangan] MDR/SYS/2603-2246 (id=49502, cabang=4, tgl=2026-03-17, keterangan='GI/2603-0317; Keterangan : ;') | [seq_in_nobukti] SB/WS/2603-0317 (id=45188, cabang=1, tgl=2026-03-12, keterangan='') | [seq_in_nobukti] SB/NI/2603-0317 (id=44459, cabang=1, tgl=2026-03-11, keterangan='') | [seq_in_keterangan] MDR/SYS/2603-0896 (id=43100, cabang=4, tgl=2026-03-08, keterangan='Md/2603-0317; Keterangan : ;') | [seq_in_keterangan] MDR/SYS/2603-0836 (id=43040, cabang=4, tgl=2026-03-08, keterangan='MR/2603-0317; Keterangan : ;') | [seq_in_nobukti] SB/V2/2603-0317 (id=42806, cabang=1, tgl=2026-03-08, keterangan='') | [seq_in_keterangan] KRT/SYS/2603-2854 (id=40678, cabang=5, tgl=2026-03-04, keterangan='Wa/2603-0317; Keterangan : ;') | [seq_in_nobukti] MDR/SYS/2603-0317 (id=37519, cabang=4, tgl=2026-03-02, keterangan='GI/2603-0027; Keterangan : ;') | [seq_in_nobukti] KRT/SYS/2603-0317 (id=37051, cabang=5, tgl=2026-03-01, keterangan='Wa/2603-0054; Keterangan : ;')"
MDR/GI/2603-0413,2603-0413,seq_in_nobukti,"[seq_in_keterangan] KRT/SYS/2604-3464 (id=84192, cabang=5, tgl=2026-03-05, keterangan='Wa/2603-0413; Keterangan : ;') | [seq_in_keterangan] KRT/SYS/2604-3380 (id=84108, cabang=5, tgl=2026-03-05, keterangan='An/2603-0413; Keterangan : ;') | [seq_in_keterangan] CSB/SYS/2604-13716 (id=78385, cabang=2, tgl=2026-03-13, keterangan='Wl/2603-0413; Keterangan : ;') | [seq_in_keterangan] CSB/SYS/2604-13579 (id=78248, cabang=2, tgl=2026-03-13, keterangan='IN/2603-0413; Keterangan : ;') | [seq_in_keterangan] CSB/SYS/2604-13546 (id=78215, cabang=2, tgl=2026-03-12, keterangan='FZ/2603-0413; Keterangan : ;') | [seq_in_keterangan] CSB/SYS/2604-13459 (id=78128, cabang=2, tgl=2026-03-12, keterangan='SI/2603-0413; Keterangan : ;') | [seq_in_keterangan] CSB/SYS/2604-13050 (id=77719, cabang=2, tgl=2026-03-11, keterangan='Ma/2603-0413; Keterangan : ;') | [seq_in_keterangan] MDR/SYS/2603-2644 (id=51260, cabang=4, tgl=2026-03-19, keterangan='GI/2603-0413; Keterangan : ;') | [seq_in_nobukti] SB/NI/2603-0413 (id=46121, cabang=1, tgl=2026-03-13, keterangan='') | [seq_in_nobukti] SB/WS/2603-0413 (id=46070, cabang=1, tgl=2026-03-13, keterangan='') | [seq_in_keterangan] MDR/SYS/2603-1024 (id=43961, cabang=4, tgl=2026-03-10, keterangan='Md/2603-0413; Keterangan : ;') | [seq_in_keterangan] MDR/SYS/2603-0985 (id=43922, cabang=4, tgl=2026-03-10, keterangan='MR/2603-0413; Keterangan : ;') | [seq_in_nobukti] SB/V2/2603-0413 (id=43606, cabang=1, tgl=2026-03-10, keterangan='') | [seq_in_keterangan] KRT/SYS/2603-3402 (id=41868, cabang=5, tgl=2026-03-06, keterangan='Pa/2603-0413; Keterangan : ;') | [seq_in_nobukti] MDR/SYS/2603-0413 (id=40580, cabang=4, tgl=2026-03-04, keterangan='Md/2603-0149; Keterangan : ;') | [seq_in_nobukti] KRT/SYS/2603-0413 (id=37147, cabang=5, tgl=2026-03-01, keterangan='Pa/2603-0015; Keterangan : ;')"
CSB/FZ/2206-1396,2206-1396,tidak_ada,
CSB/40/2207-0973,2207-0973,tidak_ada,
CSB/AL/2108-2128,2108-2128,tidak_ada,
CSB/AL/2111-7513,2111-7513,tidak_ada,
CSB/40/2212-0062,2212-0062,tidak_ada,
CSB/40/2206-0555,2206-0555,tidak_ada,
CSB/AJ/2207-2760,2207-2760,tidak_ada,
CSB/40/2210-2718,2210-2718,tidak_ada,
CSB/40/2212-0014,2212-0014,tidak_ada,
CSB/40/2211-3205,2211-3205,tidak_ada,
CSB/FZ/2210-5722,2210-5722,tidak_ada,
CSB/FZ/2212-0278,2212-0278,tidak_ada,
CSB/39/2301-0040,2301-0040,tidak_ada,
CSB/FZ/2301-1664,2301-1664,tidak_ada,
CSB/39/2301-0491,2301-0491,tidak_ada,
CSB/40/2301-1559,2301-1559,tidak_ada,
CSB/FZ/2308-1303,2308-1303,tidak_ada,
CSB/WL/2309-0690,2309-0690,tidak_ada,
CSB/39/2302-1151,2302-1151,tidak_ada,
CSB/AZ/2309-0058,2309-0058,tidak_ada,
CSB/AJ/2302-1174,2302-1174,tidak_ada,
CSB/FZ/2302-2710,2302-2710,tidak_ada,
CSB/FZ/2302-2709,2302-2709,tidak_ada,
CSB/40/2301-1848,2301-1848,tidak_ada,
CSB/AJ/2301-0994,2301-0994,tidak_ada,
CSB/AZ/2311-2778,2311-2778,tidak_ada,
CSB/WL/2309-0922,2309-0922,tidak_ada,
CSB/AZ/2309-0050,2309-0050,tidak_ada,
CSB/AZ/2310-0372,2310-0372,tidak_ada,
CSB/WX/2310-0322,2310-0322,tidak_ada,
CSB/WL/2408-1020,2408-1020,tidak_ada,
CSB/WX/2311-3399,2311-3399,tidak_ada,
CSB/WX/2311-3361,2311-3361,tidak_ada,
CSB/WL/2408-1021,2408-1021,tidak_ada,
CSB/WX/2401-2195,2401-2195,tidak_ada,
CSB/AZ/2402-7482,2402-7482,tidak_ada,
CSB/AV/2501-0958,2501-0958,tidak_ada,
CSB/MA/2501-0794,2501-0794,tidak_ada,
CSB/AV/2501-0712,2501-0712,tidak_ada,
CSB/MA/2501-0714,2501-0714,tidak_ada,
CSB/AV/2501-0624,2501-0624,tidak_ada,
CSB/FZ/2503-0493,2503-0493,tidak_ada,
CSB/MA/2501-0930,2501-0930,tidak_ada,
CSB/MA/2501-0983,2501-0983,tidak_ada,
CSB/MA/2503-0458,2503-0458,tidak_ada,
CSB/WL/2503-0187,2503-0187,tidak_ada,
CSB/WL/2503-0553,2503-0553,tidak_ada,
CSB/FZ/2503-0651,2503-0651,tidak_ada,
CSB/MA/2503-0646,2503-0646,tidak_ada,
CSB/AV/2503-0723,2503-0723,tidak_ada,
CSB/FZ/2503-0484,2503-0484,tidak_ada,
CSB/WL/2503-0762,2503-0762,tidak_ada,
CSB/IN/2511-0709,2511-0709,tidak_ada,
CSB/FZ/2511-0816,2511-0816,tidak_ada,
CSB/FZ/2511-0719,2511-0719,tidak_ada,
CSB/SI/2511-0584,2511-0584,tidak_ada,
CSB/MA/2505-0172,2505-0172,tidak_ada,
CSB/FZ/2507-0954,2507-0954,tidak_ada,
CSB/SI/2509-0103,2509-0103,tidak_ada,
CSB/SI/2511-0375,2511-0375,tidak_ada,
CSB/MA/2510-0641,2510-0641,tidak_ada,
CSB/MA/2511-0887,2511-0887,tidak_ada,
CSB/IN/2512-0359,2512-0359,tidak_ada,
CSB/FZ/2512-0542,2512-0542,tidak_ada,
CSB/FZ/2512-0116,2512-0116,tidak_ada,
CSB/MA/2601-0394,2601-0394,seq_in_nobukti,"[seq_in_keterangan] CSB/SYS/2604-2467 (id=67136, cabang=2, tgl=2026-01-15, keterangan='SI/2601-0394; Keterangan : ;') | [seq_in_keterangan] CSB/SYS/2604-2419 (id=67088, cabang=2, tgl=2026-01-15, keterangan='FZ/2601-0394; Keterangan : ;') | [seq_in_keterangan] CSB/SYS/2604-2120 (id=66789, cabang=2, tgl=2026-01-14, keterangan='Wl/2601-0394; Keterangan : ;') | [seq_in_keterangan] CSB/SYS/2604-2099 (id=66768, cabang=2, tgl=2026-01-14, keterangan='IN/2601-0394; Keterangan : ;') | [seq_in_keterangan] CSB/SYS/2604-1802 (id=66471, cabang=2, tgl=2026-01-12, keterangan='Ma/2601-0394; Keterangan : ;') | [seq_in_keterangan] KRT/SYS/2603-2525 (id=39982, cabang=5, tgl=2026-01-08, keterangan='An/2601-0394; Keterangan : ;') | [seq_in_keterangan] KRT/SYS/2603-2225 (id=39682, cabang=5, tgl=2026-01-07, keterangan='Pa/2601-0394; Keterangan : ;') | [seq_in_keterangan] KRT/SYS/2603-2000 (id=39457, cabang=5, tgl=2026-01-06, keterangan='Wa/2601-0394; Keterangan : ;') | [seq_in_keterangan] MDR/SYS/2602-1034 (id=5671, cabang=4, tgl=2026-01-14, keterangan='MR/2601-0394; Keterangan : ;') | [seq_in_keterangan] MDR/SYS/2602-0742 (id=5379, cabang=4, tgl=2026-01-11, keterangan='Md/2601-0394; Keterangan : ;') | [seq_in_nobukti] SB/WS/2601-0394 (id=3061, cabang=1, tgl=2026-01-31, keterangan='') | [seq_in_keterangan] SB/FR/2601-1292 (id=1679, cabang=1, tgl=2026-01-17, keterangan='WN/2601-0394') | [seq_in_keterangan] SB/FR/2601-0809 (id=830, cabang=1, tgl=2026-01-11, keterangan='NS/2601-0394') | [seq_in_nobukti] SB/FR/2601-0394 (id=409, cabang=1, tgl=2026-01-06, keterangan='NS/2601-0182')"
CSB/WL/2601-0937,2601-0937,seq_in_nobukti,"[seq_in_keterangan] CSB/SYS/2604-5350 (id=70019, cabang=2, tgl=2026-01-31, keterangan='FZ/2601-0937; Keterangan : ;') | [seq_in_keterangan] CSB/SYS/2604-5045 (id=69714, cabang=2, tgl=2026-01-29, keterangan='IN/2601-0937; Keterangan : ;') | [seq_in_keterangan] CSB/SYS/2604-4386 (id=69055, cabang=2, tgl=2026-01-25, keterangan='Wl/2601-0937; Keterangan : ;') | [seq_in_keterangan] CSB/SYS/2604-4281 (id=68950, cabang=2, tgl=2026-01-24, keterangan='Ma/2601-0937; Keterangan : ;') | [seq_in_keterangan] KRT/SYS/2602-1321 (id=11256, cabang=5, tgl=2026-01-15, keterangan='An/2601-0937; Keterangan : ;') | [seq_in_keterangan] KRT/SYS/2602-1136 (id=11071, cabang=5, tgl=2026-01-14, keterangan='Pa/2601-0937; Keterangan : ;') | [seq_in_keterangan] KRT/SYS/2602-0567 (id=10502, cabang=5, tgl=2026-01-12, keterangan='Wa/2601-0937; Keterangan : ;') | [seq_in_keterangan] MDR/SYS/2602-2486 (id=7123, cabang=4, tgl=2026-01-31, keterangan='MR/2601-0937; Keterangan : ;') | [seq_in_keterangan] MDR/SYS/2602-1905 (id=6542, cabang=4, tgl=2026-01-24, keterangan='Md/2601-0937; Keterangan : ;') | [seq_in_nobukti] SB/FR/2601-0937 (id=958, cabang=1, tgl=2026-01-12, keterangan='NS/2601-0439')"
CSB/IN/2601-0618,2601-0618,seq_in_nobukti,"[seq_in_keterangan] CSB/SYS/2604-3892 (id=68561, cabang=2, tgl=2026-01-22, keterangan='SI/2601-0618; Keterangan : ;') | [seq_in_keterangan] CSB/SYS/2604-3526 (id=68195, cabang=2, tgl=2026-01-20, keterangan='FZ/2601-0618; Keterangan : ;') | [seq_in_keterangan] CSB/SYS/2604-3402 (id=68071, cabang=2, tgl=2026-01-20, keterangan='IN/2601-0618; Keterangan : ;') | [seq_in_keterangan] CSB/SYS/2604-2993 (id=67662, cabang=2, tgl=2026-01-18, keterangan='Wl/2601-0618; Keterangan : ;') | [seq_in_keterangan] CSB/SYS/2604-2813 (id=67482, cabang=2, tgl=2026-01-17, keterangan='Ma/2601-0618; Keterangan : ;') | [seq_in_keterangan] KRT/SYS/2603-2469 (id=39926, cabang=5, tgl=2026-01-08, keterangan='Wa/2601-0618; Keterangan : ;') | [seq_in_keterangan] KRT/SYS/2602-0375 (id=10310, cabang=5, tgl=2026-01-11, keterangan='An/2601-0618; Keterangan : ;') | [seq_in_keterangan] KRT/SYS/2602-0056 (id=9991, cabang=5, tgl=2026-01-10, keterangan='Pa/2601-0618; Keterangan : ;') | [seq_in_keterangan] MDR/SYS/2602-1660 (id=6297, cabang=4, tgl=2026-01-21, keterangan='MR/2601-0618; Keterangan : ;') | [seq_in_keterangan] MDR/SYS/2602-1201 (id=5838, cabang=4, tgl=2026-01-16, keterangan='Md/2601-0618; Keterangan : ;') | [seq_in_keterangan] SB/FR/2601-1336 (id=1723, cabang=1, tgl=2026-01-18, keterangan='NS/2601-0618') | [seq_in_nobukti] SB/FR/2601-0618 (id=635, cabang=1, tgl=2026-01-08, keterangan='WN/2601-0209')"
CSB/MA/2601-0474,2601-0474,seq_in_nobukti,"[seq_in_keterangan] CSB/SYS/2604-2919 (id=67588, cabang=2, tgl=2026-01-17, keterangan='SI/2601-0474; Keterangan : ;') | [seq_in_keterangan] CSB/SYS/2604-2838 (id=67507, cabang=2, tgl=2026-01-17, keterangan='FZ/2601-0474; Keterangan : ;') | [seq_in_keterangan] CSB/SYS/2604-2525 (id=67194, cabang=2, tgl=2026-01-16, keterangan='IN/2601-0474; Keterangan : ;') | [seq_in_keterangan] CSB/SYS/2604-2404 (id=67073, cabang=2, tgl=2026-01-15, keterangan='Wl/2601-0474; Keterangan : ;') | [seq_in_keterangan] CSB/SYS/2604-2181 (id=66850, cabang=2, tgl=2026-01-14, keterangan='Ma/2601-0474; Keterangan : ;') | [seq_in_keterangan] KRT/SYS/2603-2690 (id=40147, cabang=5, tgl=2026-01-09, keterangan='An/2601-0474; Keterangan : ;') | [seq_in_keterangan] KRT/SYS/2603-2425 (id=39882, cabang=5, tgl=2026-01-08, keterangan='Pa/2601-0474; Keterangan : ;') | [seq_in_keterangan] KRT/SYS/2603-2265 (id=39722, cabang=5, tgl=2026-01-07, keterangan='Wa/2601-0474; Keterangan : ;') | [seq_in_keterangan] MDR/SYS/2602-1303 (id=5940, cabang=4, tgl=2026-01-17, keterangan='MR/2601-0474; Keterangan : ;') | [seq_in_keterangan] MDR/SYS/2602-0953 (id=5590, cabang=4, tgl=2026-01-13, keterangan='Md/2601-0474; Keterangan : ;') | [seq_in_keterangan] SB/FR/2601-1493 (id=1882, cabang=1, tgl=2026-01-19, keterangan='WN/2601-0474') | [seq_in_keterangan] SB/FR/2601-1018 (id=1039, cabang=1, tgl=2026-01-13, keterangan='NS/2601-0474') | [seq_in_nobukti] SB/FR/2601-0474 (id=489, cabang=1, tgl=2026-01-07, keterangan='NS/2601-0213')"
CSB/FZ/2601-0578,2601-0578,seq_in_nobukti,"[seq_in_keterangan] CSB/SYS/2604-3689 (id=68358, cabang=2, tgl=2026-01-21, keterangan='SI/2601-0578; Keterangan : ;') | [seq_in_keterangan] CSB/SYS/2604-3260 (id=67929, cabang=2, tgl=2026-01-19, keterangan='IN/2601-0578; Keterangan : ;') | [seq_in_keterangan] CSB/SYS/2604-3254 (id=67923, cabang=2, tgl=2026-01-19, keterangan='FZ/2601-0578; Keterangan : ;') | [seq_in_keterangan] CSB/SYS/2604-2784 (id=67453, cabang=2, tgl=2026-01-17, keterangan='Wl/2601-0578; Keterangan : ;') | [seq_in_keterangan] CSB/SYS/2604-2654 (id=67323, cabang=2, tgl=2026-01-16, keterangan='Ma/2601-0578; Keterangan : ;') | [seq_in_keterangan] KRT/SYS/2603-2368 (id=39825, cabang=5, tgl=2026-01-07, keterangan='Wa/2601-0578; Keterangan : ;') | [seq_in_keterangan] KRT/SYS/2602-0242 (id=10177, cabang=5, tgl=2026-01-10, keterangan='An/2601-0578; Keterangan : ;') | [seq_in_keterangan] KRT/SYS/2602-0016 (id=9951, cabang=5, tgl=2026-01-10, keterangan='Pa/2601-0578; Keterangan : ;') | [seq_in_keterangan] MDR/SYS/2602-1148 (id=5785, cabang=4, tgl=2026-01-15, keterangan='Md/2601-0578; Keterangan : ;') | [seq_in_keterangan] SB/FR/2601-1229 (id=1606, cabang=1, tgl=2026-01-17, keterangan='NS/2601-0578') | [seq_in_nobukti] SB/FR/2601-0578 (id=595, cabang=1, tgl=2026-01-08, keterangan='NS/2601-0286')"
CSB/FZ/2601-0411,2601-0411,seq_in_nobukti,"[seq_in_keterangan] CSB/SYS/2604-2484 (id=67153, cabang=2, tgl=2026-01-15, keterangan='SI/2601-0411; Keterangan : ;') | [seq_in_keterangan] CSB/SYS/2604-2436 (id=67105, cabang=2, tgl=2026-01-15, keterangan='FZ/2601-0411; Keterangan : ;') | [seq_in_keterangan] CSB/SYS/2604-2157 (id=66826, cabang=2, tgl=2026-01-14, keterangan='IN/2601-0411; Keterangan : ;') | [seq_in_keterangan] CSB/SYS/2604-2136 (id=66805, cabang=2, tgl=2026-01-14, keterangan='Wl/2601-0411; Keterangan : ;') | [seq_in_keterangan] CSB/SYS/2604-2007 (id=66676, cabang=2, tgl=2026-01-13, keterangan='Ma/2601-0411; Keterangan : ;') | [seq_in_keterangan] KRT/SYS/2603-2542 (id=39999, cabang=5, tgl=2026-01-08, keterangan='An/2601-0411; Keterangan : ;') | [seq_in_keterangan] KRT/SYS/2603-2241 (id=39698, cabang=5, tgl=2026-01-07, keterangan='Pa/2601-0411; Keterangan : ;') | [seq_in_keterangan] KRT/SYS/2603-2017 (id=39474, cabang=5, tgl=2026-01-06, keterangan='Wa/2601-0411; Keterangan : ;') | [seq_in_keterangan] MDR/SYS/2602-1087 (id=5724, cabang=4, tgl=2026-01-15, keterangan='MR/2601-0411; Keterangan : ;') | [seq_in_keterangan] MDR/SYS/2602-0759 (id=5396, cabang=4, tgl=2026-01-11, keterangan='Md/2601-0411; Keterangan : ;') | [seq_in_nobukti] SB/WS/2601-0411 (id=3124, cabang=1, tgl=2026-01-31, keterangan='') | [seq_in_keterangan] SB/FR/2601-1309 (id=1696, cabang=1, tgl=2026-01-17, keterangan='WN/2601-0411') | [seq_in_keterangan] SB/FR/2601-0826 (id=847, cabang=1, tgl=2026-01-11, keterangan='NS/2601-0411') | [seq_in_nobukti] SB/FR/2601-0411 (id=426, cabang=1, tgl=2026-01-06, keterangan='NS/2601-0200')"
CSB/MA/2601-0902,2601-0902,seq_in_nobukti,"[seq_in_keterangan] CSB/SYS/2604-5574 (id=70243, cabang=2, tgl=2026-01-31, keterangan='SI/2601-0902; Keterangan : ;') | [seq_in_keterangan] CSB/SYS/2604-5179 (id=69848, cabang=2, tgl=2026-01-30, keterangan='FZ/2601-0902; Keterangan : ;') | [seq_in_keterangan] CSB/SYS/2604-4897 (id=69566, cabang=2, tgl=2026-01-28, keterangan='IN/2601-0902; Keterangan : ;') | [seq_in_keterangan] CSB/SYS/2604-4144 (id=68813, cabang=2, tgl=2026-01-24, keterangan='Ma/2601-0902; Keterangan : ;') | [seq_in_keterangan] CSB/SYS/2604-4117 (id=68786, cabang=2, tgl=2026-01-24, keterangan='Wl/2601-0902; Keterangan : ;') | [seq_in_keterangan] KRT/SYS/2602-1112 (id=11047, cabang=5, tgl=2026-01-14, keterangan='An/2601-0902; Keterangan : ;') | [seq_in_keterangan] KRT/SYS/2602-0903 (id=10838, cabang=5, tgl=2026-01-13, keterangan='Pa/2601-0902; Keterangan : ;') | [seq_in_keterangan] KRT/SYS/2602-0533 (id=10468, cabang=5, tgl=2026-01-12, keterangan='Wa/2601-0902; Keterangan : ;') | [seq_in_keterangan] MDR/SYS/2602-2389 (id=7026, cabang=4, tgl=2026-01-30, keterangan='MR/2601-0902; Keterangan : ;') | [seq_in_keterangan] MDR/SYS/2602-1795 (id=6432, cabang=4, tgl=2026-01-23, keterangan='Md/2601-0902; Keterangan : ;') | [seq_in_nobukti] SB/FR/2601-0902 (id=923, cabang=1, tgl=2026-01-11, keterangan='WN/2601-0292')"
CSB/WL/2602-0083,2602-0083,seq_in_nobukti,"[seq_in_keterangan] CSB/SYS/2604-6966 (id=71635, cabang=2, tgl=2026-02-07, keterangan='UW/2602-0083; Keterangan : ;') | [seq_in_keterangan] CSB/SYS/2604-6218 (id=70887, cabang=2, tgl=2026-02-04, keterangan='Wl/2602-0083; Keterangan : ;') | [seq_in_keterangan] CSB/SYS/2604-6083 (id=70752, cabang=2, tgl=2026-02-03, keterangan='SI/2602-0083; Keterangan : ;') | [seq_in_keterangan] CSB/SYS/2604-5989 (id=70658, cabang=2, tgl=2026-02-03, keterangan='FZ/2602-0083; Keterangan : ;') | [seq_in_keterangan] CSB/SYS/2604-5924 (id=70593, cabang=2, tgl=2026-02-03, keterangan='Ma/2602-0083; Keterangan : ;') | [seq_in_keterangan] CSB/SYS/2604-5828 (id=70497, cabang=2, tgl=2026-02-02, keterangan='IN/2602-0083; Keterangan : ;') | [seq_in_nobukti] SB/PT/2602-0083 (id=37265, cabang=1, tgl=2026-03-02, keterangan='') | [seq_in_keterangan] KRT/SYS/2602-10292 (id=33321, cabang=5, tgl=2026-02-21, keterangan='VA/2602-0083; Keterangan : ;') | [seq_in_nobukti] SB/V2/2602-0083 (id=30951, cabang=1, tgl=2026-02-22, keterangan='') | [seq_in_nobukti] SB/SYS/2602-0083 (id=30328, cabang=1, tgl=2026-02-21, keterangan='WN/2602-0511; Keterangan : ;') | [seq_in_keterangan] KRT/SYS/2602-5043 (id=14978, cabang=5, tgl=2026-02-02, keterangan='Pa/2602-0083; Keterangan : ;') | [seq_in_keterangan] KRT/SYS/2602-4910 (id=14845, cabang=5, tgl=2026-02-02, keterangan='An/2602-0083; Keterangan : ;') | [seq_in_keterangan] KRT/SYS/2602-4770 (id=14705, cabang=5, tgl=2026-02-01, keterangan='Wa/2602-0083; Keterangan : ;') | [seq_in_nobukti] KRT/SYS/2602-0083 (id=10018, cabang=5, tgl=2026-01-10, keterangan='Pa/2601-0646; Keterangan : ;') | [seq_in_nobukti] SB/WS/2602-0083 (id=8315, cabang=1, tgl=2026-02-13, keterangan='') | [seq_in_nobukti] SB/NI/2602-0083 (id=8280, cabang=1, tgl=2026-02-12, keterangan='') | [seq_in_keterangan] MDR/SYS/2602-3071 (id=7708, cabang=4, tgl=2026-02-07, keterangan='GI/2602-0083; Keterangan : ;') | [seq_in_keterangan] MDR/SYS/2602-2698 (id=7335, cabang=4, tgl=2026-02-03, keterangan='MR/2602-0083; Keterangan : ;') | [seq_in_keterangan] MDR/SYS/2602-2631 (id=7268, cabang=4, tgl=2026-02-02, keterangan='Md/2602-0083; Keterangan : ;') | [seq_in_nobukti] MDR/SYS/2602-0083 (id=4720, cabang=4, tgl=2026-01-03, keterangan='MR/2601-0035; Keterangan : ;') | [seq_in_nobukti] SB/FR/2602-0083 (id=3332, cabang=1, tgl=2026-02-02, keterangan='')"
CSB/WL/2601-1162,2601-1162,seq_in_nobukti,"[seq_in_keterangan] CSB/SYS/2604-5493 (id=70162, cabang=2, tgl=2026-01-31, keterangan='Wl/2601-1162; Keterangan : ;') | [seq_in_keterangan] KRT/SYS/2602-1781 (id=11716, cabang=5, tgl=2026-01-17, keterangan='An/2601-1162; Keterangan : ;') | [seq_in_keterangan] KRT/SYS/2602-1686 (id=11621, cabang=5, tgl=2026-01-17, keterangan='Pa/2601-1162; Keterangan : ;') | [seq_in_keterangan] KRT/SYS/2602-1199 (id=11134, cabang=5, tgl=2026-01-15, keterangan='Wa/2601-1162; Keterangan : ;') | [seq_in_keterangan] MDR/SYS/2602-2420 (id=7057, cabang=4, tgl=2026-01-31, keterangan='Md/2601-1162; Keterangan : ;') | [seq_in_nobukti] SB/FR/2601-1162 (id=1349, cabang=1, tgl=2026-01-14, keterangan='PT/2601-0087')"
CSB/WL/2601-1144,2601-1144,seq_in_nobukti,"[seq_in_keterangan] CSB/SYS/2604-5402 (id=70071, cabang=2, tgl=2026-01-31, keterangan='Wl/2601-1144; Keterangan : ;') | [seq_in_keterangan] CSB/SYS/2604-5120 (id=69789, cabang=2, tgl=2026-01-29, keterangan='Ma/2601-1144; Keterangan : ;') | [seq_in_keterangan] KRT/SYS/2602-1763 (id=11698, cabang=5, tgl=2026-01-17, keterangan='An/2601-1144; Keterangan : ;') | [seq_in_keterangan] KRT/SYS/2602-1670 (id=11605, cabang=5, tgl=2026-01-17, keterangan='Pa/2601-1144; Keterangan : ;') | [seq_in_keterangan] KRT/SYS/2602-1182 (id=11117, cabang=5, tgl=2026-01-15, keterangan='Wa/2601-1144; Keterangan : ;') | [seq_in_keterangan] MDR/SYS/2602-2359 (id=6996, cabang=4, tgl=2026-01-30, keterangan='Md/2601-1144; Keterangan : ;') | [seq_in_nobukti] SB/FR/2601-1144 (id=1331, cabang=1, tgl=2026-01-14, keterangan='NS/2601-0533')"
CSB/WL/2601-1121,2601-1121,seq_in_nobukti,"[seq_in_keterangan] CSB/SYS/2604-5380 (id=70049, cabang=2, tgl=2026-01-31, keterangan='Wl/2601-1121; Keterangan : ;') | [seq_in_keterangan] CSB/SYS/2604-5067 (id=69736, cabang=2, tgl=2026-01-29, keterangan='Ma/2601-1121; Keterangan : ;') | [seq_in_keterangan] KRT/SYS/2602-1740 (id=11675, cabang=5, tgl=2026-01-17, keterangan='An/2601-1121; Keterangan : ;') | [seq_in_keterangan] KRT/SYS/2602-1647 (id=11582, cabang=5, tgl=2026-01-17, keterangan='Pa/2601-1121; Keterangan : ;') | [seq_in_keterangan] KRT/SYS/2602-1172 (id=11107, cabang=5, tgl=2026-01-14, keterangan='Wa/2601-1121-01; Keterangan : (Revisi Dokumen Wa/2601-1121);') | [seq_in_keterangan] MDR/SYS/2602-2331 (id=6968, cabang=4, tgl=2026-01-29, keterangan='Md/2601-1121; Keterangan : ;') | [seq_in_nobukti] SB/FR/2601-1121 (id=1308, cabang=1, tgl=2026-01-12, keterangan='NS/2601-0456')"
CSB/SI/2601-0880,2601-0880,seq_in_nobukti,"[seq_in_keterangan] CSB/SYS/2604-5326 (id=69995, cabang=2, tgl=2026-01-30, keterangan='SI/2601-0880; Keterangan : ;') | [seq_in_keterangan] CSB/SYS/2604-5092 (id=69761, cabang=2, tgl=2026-01-29, keterangan='FZ/2601-0880; Keterangan : ;') | [seq_in_keterangan] CSB/SYS/2604-4707 (id=69376, cabang=2, tgl=2026-01-27, keterangan='IN/2601-0880; Keterangan : ;') | [seq_in_keterangan] CSB/SYS/2604-4122 (id=68791, cabang=2, tgl=2026-01-24, keterangan='Ma/2601-0880; Keterangan : ;') | [seq_in_keterangan] CSB/SYS/2604-4096 (id=68765, cabang=2, tgl=2026-01-24, keterangan='Wl/2601-0880; Keterangan : ;') | [seq_in_keterangan] KRT/SYS/2602-1090 (id=11025, cabang=5, tgl=2026-01-14, keterangan='An/2601-0880; Keterangan : ;') | [seq_in_keterangan] KRT/SYS/2602-0881 (id=10816, cabang=5, tgl=2026-01-13, keterangan='Pa/2601-0880; Keterangan : ;') | [seq_in_keterangan] KRT/SYS/2602-0512 (id=10447, cabang=5, tgl=2026-01-12, keterangan='Wa/2601-0880; Keterangan : ;') | [seq_in_keterangan] MDR/SYS/2602-2291 (id=6928, cabang=4, tgl=2026-01-29, keterangan='MR/2601-0880; Keterangan : ;') | [seq_in_keterangan] MDR/SYS/2602-1773 (id=6410, cabang=4, tgl=2026-01-23, keterangan='Md/2601-0880; Keterangan : ;') | [seq_in_nobukti] SB/FR/2601-0880 (id=901, cabang=1, tgl=2026-01-11, keterangan='WN/2601-0270')"
CSB/WL/2602-0233,2602-0233,seq_in_nobukti,"[seq_in_keterangan] CSB/SYS/2604-8959 (id=73628, cabang=2, tgl=2026-02-15, keterangan='UW/2602-0233; Keterangan : ;') | [seq_in_keterangan] CSB/SYS/2604-7162 (id=71831, cabang=2, tgl=2026-02-08, keterangan='SI/2602-0233; Keterangan : ;') | [seq_in_keterangan] CSB/SYS/2604-6828 (id=71497, cabang=2, tgl=2026-02-07, keterangan='FZ/2602-0233; Keterangan : ;') | [seq_in_keterangan] CSB/SYS/2604-6806 (id=71475, cabang=2, tgl=2026-02-07, keterangan='Wl/2602-0233; Keterangan : ;') | [seq_in_keterangan] CSB/SYS/2604-6643 (id=71312, cabang=2, tgl=2026-02-06, keterangan='IN/2602-0233; Keterangan : ;') | [seq_in_keterangan] CSB/SYS/2604-6552 (id=71221, cabang=2, tgl=2026-02-06, keterangan='Ma/2602-0233; Keterangan : ;') | [seq_in_nobukti] SB/SYS/2602-0233 (id=31470, cabang=1, tgl=2026-02-23, keterangan='VX/2602-0273; Keterangan : ;') | [seq_in_keterangan] SB/SYS/2602-0194 (id=31431, cabang=1, tgl=2026-02-23, keterangan='VX/2602-0233; Keterangan : ;') | [seq_in_keterangan] KRT/SYS/2602-5458 (id=15393, cabang=5, tgl=2026-02-04, keterangan='An/2602-0233; Keterangan : ;') | [seq_in_keterangan] KRT/SYS/2602-5252 (id=15187, cabang=5, tgl=2026-02-03, keterangan='Wa/2602-0233; Keterangan : ;') | [seq_in_keterangan] KRT/SYS/2602-5196 (id=15131, cabang=5, tgl=2026-02-03, keterangan='Pa/2602-0233; Keterangan : ;') | [seq_in_nobukti] KRT/SYS/2602-0233 (id=10168, cabang=5, tgl=2026-01-10, keterangan='An/2601-0569; Keterangan : ;') | [seq_in_keterangan] MDR/SYS/2602-4094 (id=9659, cabang=4, tgl=2026-02-16, keterangan='GI/2602-0233; Keterangan : ;') | [seq_in_nobukti] SB/WS/2602-0233 (id=8697, cabang=1, tgl=2026-02-15, keterangan='') | [seq_in_nobukti] SB/NI/2602-0233 (id=8582, cabang=1, tgl=2026-02-15, keterangan='') | [seq_in_keterangan] MDR/SYS/2602-3134 (id=7771, cabang=4, tgl=2026-02-07, keterangan='MR/2602-0233; Keterangan : ;') | [seq_in_keterangan] MDR/SYS/2602-2883 (id=7520, cabang=4, tgl=2026-02-05, keterangan='Md/2602-0233; Keterangan : ;') | [seq_in_nobukti] MDR/SYS/2602-0233 (id=4870, cabang=4, tgl=2026-01-04, keterangan='Md/2601-0128; Keterangan : ;') | [seq_in_nobukti] SB/FR/2602-0233 (id=3717, cabang=1, tgl=2026-02-03, keterangan='')"
CSB/WL/2602-0308,2602-0308,seq_in_nobukti,"[seq_in_keterangan] CSB/SYS/2604-9198 (id=73867, cabang=2, tgl=2026-02-16, keterangan='UW/2602-0308; Keterangan : ;') | [seq_in_keterangan] CSB/SYS/2604-7398 (id=72067, cabang=2, tgl=2026-02-09, keterangan='SI/2602-0308; Keterangan : ;') | [seq_in_keterangan] CSB/SYS/2604-7286 (id=71955, cabang=2, tgl=2026-02-09, keterangan='FZ/2602-0308; Keterangan : ;') | [seq_in_keterangan] CSB/SYS/2604-7212 (id=71881, cabang=2, tgl=2026-02-09, keterangan='Wl/2602-0308; Keterangan : ;') | [seq_in_keterangan] CSB/SYS/2604-7101 (id=71770, cabang=2, tgl=2026-02-08, keterangan='Ma/2602-0308; Keterangan : ;') | [seq_in_keterangan] CSB/SYS/2604-6996 (id=71665, cabang=2, tgl=2026-02-08, keterangan='IN/2602-0308; Keterangan : ;') | [seq_in_keterangan] SB/SYS/2602-0449 (id=32598, cabang=1, tgl=2026-02-25, keterangan='VX/2602-0308; Keterangan : ;') | [seq_in_nobukti] SB/SYS/2602-0308 (id=31545, cabang=1, tgl=2026-02-23, keterangan='NS/2602-0916; Keterangan : ;') | [seq_in_keterangan] MDR/SYS/2602-4600 (id=31196, cabang=4, tgl=2026-02-22, keterangan='GI/2602-0308; Keterangan : ;') | [seq_in_keterangan] KRT/SYS/2602-5780 (id=15715, cabang=5, tgl=2026-02-05, keterangan='An/2602-0308; Keterangan : ;') | [seq_in_keterangan] KRT/SYS/2602-5619 (id=15554, cabang=5, tgl=2026-02-04, keterangan='Pa/2602-0308; Keterangan : ;') | [seq_in_keterangan] KRT/SYS/2602-5538 (id=15473, cabang=5, tgl=2026-02-04, keterangan='Wa/2602-0308; Keterangan : ;') | [seq_in_nobukti] KRT/SYS/2602-0308 (id=10243, cabang=5, tgl=2026-01-11, keterangan='Pa/2601-0734; Keterangan : ;') | [seq_in_nobukti] SB/NI/2602-0308 (id=8732, cabang=1, tgl=2026-02-16, keterangan='') | [seq_in_keterangan] MDR/SYS/2602-3300 (id=7937, cabang=4, tgl=2026-02-09, keterangan='MR/2602-0308; Keterangan : ;') | [seq_in_keterangan] MDR/SYS/2602-3101 (id=7738, cabang=4, tgl=2026-02-07, keterangan='Md/2602-0308; Keterangan : ;') | [seq_in_nobukti] MDR/SYS/2602-0308 (id=4945, cabang=4, tgl=2026-01-05, keterangan='Md/2601-0175; Keterangan : ;') | [seq_in_nobukti] SB/FR/2602-0308 (id=3792, cabang=1, tgl=2026-02-04, keterangan='')"
CSB/IN/2602-0296,2602-0296,seq_in_nobukti,"[seq_in_keterangan] CSB/SYS/2604-9186 (id=73855, cabang=2, tgl=2026-02-16, keterangan='UW/2602-0296; Keterangan : ;') | [seq_in_keterangan] CSB/SYS/2604-7386 (id=72055, cabang=2, tgl=2026-02-09, keterangan='SI/2602-0296; Keterangan : ;') | [seq_in_keterangan] CSB/SYS/2604-7133 (id=71802, cabang=2, tgl=2026-02-08, keterangan='FZ/2602-0296; Keterangan : ;') | [seq_in_keterangan] CSB/SYS/2604-7089 (id=71758, cabang=2, tgl=2026-02-08, keterangan='Ma/2602-0296; Keterangan : ;') | [seq_in_keterangan] CSB/SYS/2604-7078 (id=71747, cabang=2, tgl=2026-02-08, keterangan='Wl/2602-0296; Keterangan : ;') | [seq_in_keterangan] CSB/SYS/2604-6984 (id=71653, cabang=2, tgl=2026-02-08, keterangan='IN/2602-0296; Keterangan : ;') | [seq_in_keterangan] SB/SYS/2602-0437 (id=32586, cabang=1, tgl=2026-02-25, keterangan='VX/2602-0296; Keterangan : ;') | [seq_in_nobukti] SB/SYS/2602-0296 (id=31533, cabang=1, tgl=2026-02-23, keterangan='NS/2602-0904; Keterangan : ;') | [seq_in_keterangan] MDR/SYS/2602-4584 (id=30659, cabang=4, tgl=2026-02-21, keterangan='GI/2602-0296; Keterangan : ;') | [seq_in_keterangan] KRT/SYS/2602-5768 (id=15703, cabang=5, tgl=2026-02-05, keterangan='An/2602-0296; Keterangan : ;') | [seq_in_keterangan] KRT/SYS/2602-5608 (id=15543, cabang=5, tgl=2026-02-04, keterangan='Pa/2602-0296; Keterangan : ;') | [seq_in_keterangan] KRT/SYS/2602-5527 (id=15462, cabang=5, tgl=2026-02-04, keterangan='Wa/2602-0296; Keterangan : ;') | [seq_in_nobukti] KRT/SYS/2602-0296 (id=10231, cabang=5, tgl=2026-01-11, keterangan='Pa/2601-0722; Keterangan : ;') | [seq_in_nobukti] SB/NI/2602-0296 (id=8720, cabang=1, tgl=2026-02-16, keterangan='') | [seq_in_keterangan] MDR/SYS/2602-3210 (id=7847, cabang=4, tgl=2026-02-08, keterangan='MR/2602-0296; Keterangan : ;') | [seq_in_keterangan] MDR/SYS/2602-3089 (id=7726, cabang=4, tgl=2026-02-07, keterangan='Md/2602-0296; Keterangan : ;') | [seq_in_nobukti] MDR/SYS/2602-0296 (id=4933, cabang=4, tgl=2026-01-05, keterangan='Md/2601-0163; Keterangan : ;') | [seq_in_nobukti] SB/FR/2602-0296 (id=3780, cabang=1, tgl=2026-02-04, keterangan='')"
CSB/IN/2602-0166,2602-0166,seq_in_nobukti,"[seq_in_keterangan] CSB/SYS/2604-8075 (id=72744, cabang=2, tgl=2026-02-12, keterangan='UW/2602-0166; Keterangan : ;') | [seq_in_keterangan] CSB/SYS/2604-6696 (id=71365, cabang=2, tgl=2026-02-06, keterangan='SI/2602-0166; Keterangan : ;') | [seq_in_keterangan] CSB/SYS/2604-6522 (id=71191, cabang=2, tgl=2026-02-06, keterangan='Wl/2602-0166; Keterangan : ;') | [seq_in_keterangan] CSB/SYS/2604-6414 (id=71083, cabang=2, tgl=2026-02-05, keterangan='FZ/2602-0166; Keterangan : ;') | [seq_in_keterangan] CSB/SYS/2604-6364 (id=71033, cabang=2, tgl=2026-02-05, keterangan='IN/2602-0166; Keterangan : ;') | [seq_in_keterangan] CSB/SYS/2604-6243 (id=70912, cabang=2, tgl=2026-02-04, keterangan='Ma/2602-0166; Keterangan : ;') | [seq_in_keterangan] MDR/SYS/2603-0538 (id=40993, cabang=4, tgl=2026-02-12, keterangan='GI/2602-0166; Keterangan : ;') | [seq_in_nobukti] SB/V2/2602-0166 (id=37203, cabang=1, tgl=2026-03-02, keterangan='') | [seq_in_nobukti] SB/SYS/2602-0166 (id=30411, cabang=1, tgl=2026-02-21, keterangan='NS/2602-0853; Keterangan : ;') | [seq_in_keterangan] SB/SYS/2602-0059 (id=29375, cabang=1, tgl=2026-02-20, keterangan='VX/2602-0166; Keterangan : ;') | [seq_in_keterangan] KRT/SYS/2602-5349 (id=15284, cabang=5, tgl=2026-02-03, keterangan='An/2602-0166; Keterangan : ;') | [seq_in_keterangan] KRT/SYS/2602-5126 (id=15061, cabang=5, tgl=2026-02-02, keterangan='Pa/2602-0166; Keterangan : ;') | [seq_in_keterangan] KRT/SYS/2602-4986 (id=14921, cabang=5, tgl=2026-02-02, keterangan='Wa/2602-0166; Keterangan : ;') | [seq_in_nobukti] KRT/SYS/2602-0166 (id=10101, cabang=5, tgl=2026-01-10, keterangan='Wa/2601-0802; Keterangan : ;') | [seq_in_nobukti] SB/NI/2602-0166 (id=8511, cabang=1, tgl=2026-02-14, keterangan='') | [seq_in_nobukti] SB/WS/2602-0166 (id=8486, cabang=1, tgl=2026-02-14, keterangan='') | [seq_in_keterangan] MDR/SYS/2602-2959 (id=7596, cabang=4, tgl=2026-02-06, keterangan='MR/2602-0166; Keterangan : ;') | [seq_in_keterangan] MDR/SYS/2602-2817 (id=7454, cabang=4, tgl=2026-02-04, keterangan='Md/2602-0166; Keterangan : ;') | [seq_in_nobukti] MDR/SYS/2602-0166 (id=4803, cabang=4, tgl=2026-01-03, keterangan='Md/2601-0100; Keterangan : ;') | [seq_in_nobukti] SB/FR/2602-0166 (id=3650, cabang=1, tgl=2026-02-03, keterangan='')"
CSB/WL/2602-0324,2602-0324,seq_in_nobukti,"[seq_in_keterangan] CSB/SYS/2604-9391 (id=74060, cabang=2, tgl=2026-02-17, keterangan='UW/2602-0324; Keterangan : ;') | [seq_in_keterangan] CSB/SYS/2604-7568 (id=72237, cabang=2, tgl=2026-02-10, keterangan='SI/2602-0324; Keterangan : ;') | [seq_in_keterangan] CSB/SYS/2604-7302 (id=71971, cabang=2, tgl=2026-02-09, keterangan='FZ/2602-0324; Keterangan : ;') | [seq_in_keterangan] CSB/SYS/2604-7227 (id=71896, cabang=2, tgl=2026-02-09, keterangan='Wl/2602-0324; Keterangan : ;') | [seq_in_keterangan] CSB/SYS/2604-7140 (id=71809, cabang=2, tgl=2026-02-08, keterangan='Ma/2602-0324; Keterangan : ;') | [seq_in_keterangan] CSB/SYS/2604-7012 (id=71681, cabang=2, tgl=2026-02-08, keterangan='IN/2602-0324; Keterangan : ;') | [seq_in_keterangan] SB/SYS/2602-0580 (id=34810, cabang=1, tgl=2026-02-26, keterangan='VX/2602-0324; Keterangan : ;') | [seq_in_keterangan] MDR/SYS/2602-4836 (id=32342, cabang=4, tgl=2026-02-24, keterangan='GI/2602-0324; Keterangan : ;') | [seq_in_nobukti] SB/SYS/2602-0324 (id=31561, cabang=1, tgl=2026-02-23, keterangan='Pt/2602-0131; Keterangan : ;') | [seq_in_keterangan] KRT/SYS/2602-5796 (id=15731, cabang=5, tgl=2026-02-05, keterangan='An/2602-0324; Keterangan : ;') | [seq_in_keterangan] KRT/SYS/2602-5634 (id=15569, cabang=5, tgl=2026-02-04, keterangan='Pa/2602-0324; Keterangan : ;') | [seq_in_keterangan] KRT/SYS/2602-5554 (id=15489, cabang=5, tgl=2026-02-04, keterangan='Wa/2602-0324; Keterangan : ;') | [seq_in_nobukti] KRT/SYS/2602-0324 (id=10259, cabang=5, tgl=2026-01-11, keterangan='Wa/2601-0844; Keterangan : ;') | [seq_in_nobukti] SB/NI/2602-0324 (id=8748, cabang=1, tgl=2026-02-16, keterangan='') | [seq_in_keterangan] MDR/SYS/2602-3316 (id=7953, cabang=4, tgl=2026-02-09, keterangan='MR/2602-0324; Keterangan : ;') | [seq_in_keterangan] MDR/SYS/2602-3223 (id=7860, cabang=4, tgl=2026-02-08, keterangan='Md/2602-0324; Keterangan : ;') | [seq_in_nobukti] MDR/SYS/2602-0324 (id=4961, cabang=4, tgl=2026-01-05, keterangan='Md/2601-0191; Keterangan : ;') | [seq_in_nobukti] SB/FR/2602-0324 (id=3808, cabang=1, tgl=2026-02-04, keterangan='')"
CSB/WL/2602-0109,2602-0109,seq_in_nobukti,"[seq_in_keterangan] CSB/SYS/2604-7360 (id=72029, cabang=2, tgl=2026-02-09, keterangan='UW/2602-0109; Keterangan : ;') | [seq_in_keterangan] CSB/SYS/2604-6329 (id=70998, cabang=2, tgl=2026-02-05, keterangan='Wl/2602-0109; Keterangan : ;') | [seq_in_keterangan] CSB/SYS/2604-6296 (id=70965, cabang=2, tgl=2026-02-04, keterangan='SI/2602-0109; Keterangan : ;') | [seq_in_keterangan] CSB/SYS/2604-6172 (id=70841, cabang=2, tgl=2026-02-04, keterangan='FZ/2602-0109; Keterangan : ;') | [seq_in_keterangan] CSB/SYS/2604-6100 (id=70769, cabang=2, tgl=2026-02-04, keterangan='Ma/2602-0109; Keterangan : ;') | [seq_in_keterangan] CSB/SYS/2604-5951 (id=70620, cabang=2, tgl=2026-02-03, keterangan='IN/2602-0109; Keterangan : ;') | [seq_in_nobukti] SB/V2/2602-0109 (id=35259, cabang=1, tgl=2026-02-27, keterangan='') | [seq_in_nobukti] SB/SYS/2602-0109 (id=30354, cabang=1, tgl=2026-02-21, keterangan='VX/2602-0205; Keterangan : ;') | [seq_in_keterangan] SB/SYS/2602-0087 (id=30332, cabang=1, tgl=2026-02-21, keterangan='Pt/2602-0109; Keterangan : ;') | [seq_in_keterangan] KRT/SYS/2602-5293 (id=15228, cabang=5, tgl=2026-02-03, keterangan='An/2602-0109; Keterangan : ;') | [seq_in_keterangan] KRT/SYS/2602-5069 (id=15004, cabang=5, tgl=2026-02-02, keterangan='Pa/2602-0109; Keterangan : ;') | [seq_in_keterangan] KRT/SYS/2602-4931 (id=14866, cabang=5, tgl=2026-02-02, keterangan='Wa/2602-0109; Keterangan : ;') | [seq_in_nobukti] KRT/SYS/2602-0109 (id=10044, cabang=5, tgl=2026-01-10, keterangan='Pa/2601-0672; Keterangan : ;') | [seq_in_nobukti] SB/WS/2602-0109 (id=8386, cabang=1, tgl=2026-02-13, keterangan='') | [seq_in_nobukti] SB/NI/2602-0109 (id=8326, cabang=1, tgl=2026-02-13, keterangan='') | [seq_in_keterangan] MDR/SYS/2602-3275 (id=7912, cabang=4, tgl=2026-02-09, keterangan='GI/2602-0109; Keterangan : ;') | [seq_in_keterangan] MDR/SYS/2602-2789 (id=7426, cabang=4, tgl=2026-02-04, keterangan='MR/2602-0109; Keterangan : ;') | [seq_in_keterangan] MDR/SYS/2602-2718 (id=7355, cabang=4, tgl=2026-02-03, keterangan='Md/2602-0109; Keterangan : ;') | [seq_in_nobukti] MDR/SYS/2602-0109 (id=4746, cabang=4, tgl=2026-01-03, keterangan='MR/2601-0061; Keterangan : ;') | [seq_in_nobukti] SB/FR/2602-0109 (id=3358, cabang=1, tgl=2026-02-02, keterangan='')"
CSB/WL/2602-0349,2602-0349,seq_in_nobukti,"[seq_in_keterangan] CSB/SYS/2604-9416 (id=74085, cabang=2, tgl=2026-02-17, keterangan='UW/2602-0349; Keterangan : ;') | [seq_in_keterangan] CSB/SYS/2604-7593 (id=72262, cabang=2, tgl=2026-02-10, keterangan='SI/2602-0349; Keterangan : ;') | [seq_in_keterangan] CSB/SYS/2604-7433 (id=72102, cabang=2, tgl=2026-02-10, keterangan='FZ/2602-0349; Keterangan : ;') | [seq_in_keterangan] CSB/SYS/2604-7406 (id=72075, cabang=2, tgl=2026-02-10, keterangan='Wl/2602-0349; Keterangan : ;') | [seq_in_keterangan] CSB/SYS/2604-7279 (id=71948, cabang=2, tgl=2026-02-09, keterangan='IN/2602-0349; Keterangan : ;') | [seq_in_keterangan] CSB/SYS/2604-7245 (id=71914, cabang=2, tgl=2026-02-09, keterangan='Ma/2602-0349; Keterangan : ;') | [seq_in_keterangan] MDR/SYS/2602-4981 (id=35055, cabang=4, tgl=2026-02-26, keterangan='GI/2602-0349; Keterangan : ;') | [seq_in_keterangan] SB/SYS/2602-0605 (id=34835, cabang=1, tgl=2026-02-26, keterangan='VX/2602-0349; Keterangan : ;') | [seq_in_nobukti] SB/SYS/2602-0349 (id=32029, cabang=1, tgl=2026-02-24, keterangan='NS/2602-0942; Keterangan : ;') | [seq_in_keterangan] KRT/SYS/2602-5846 (id=15781, cabang=5, tgl=2026-02-05, keterangan='Pa/2602-0349; Keterangan : ;') | [seq_in_keterangan] KRT/SYS/2602-5821 (id=15756, cabang=5, tgl=2026-02-05, keterangan='An/2602-0349; Keterangan : ;') | [seq_in_keterangan] KRT/SYS/2602-5579 (id=15514, cabang=5, tgl=2026-02-04, keterangan='Wa/2602-0349; Keterangan : ;') | [seq_in_nobukti] KRT/SYS/2602-0349 (id=10284, cabang=5, tgl=2026-01-11, keterangan='Wa/2601-0869; Keterangan : ;') | [seq_in_nobukti] SB/NI/2602-0349 (id=8844, cabang=1, tgl=2026-02-16, keterangan='') | [seq_in_keterangan] MDR/SYS/2602-3370 (id=8007, cabang=4, tgl=2026-02-10, keterangan='MR/2602-0349; Keterangan : ;') | [seq_in_keterangan] MDR/SYS/2602-3248 (id=7885, cabang=4, tgl=2026-02-08, keterangan='Md/2602-0349; Keterangan : ;') | [seq_in_nobukti] MDR/SYS/2602-0349 (id=4986, cabang=4, tgl=2026-01-05, keterangan='MR/2601-0108; Keterangan : ;') | [seq_in_nobukti] SB/FR/2602-0349 (id=3833, cabang=1, tgl=2026-02-05, keterangan='')"
CSB/WL/2602-0394,2602-0394,seq_in_nobukti,"[seq_in_keterangan] CSB/SYS/2604-9683 (id=74352, cabang=2, tgl=2026-02-18, keterangan='UW/2602-0394; Keterangan : ;') | [seq_in_keterangan] CSB/SYS/2604-7829 (id=72498, cabang=2, tgl=2026-02-11, keterangan='SI/2602-0394; Keterangan : ;') | [seq_in_keterangan] CSB/SYS/2604-7707 (id=72376, cabang=2, tgl=2026-02-11, keterangan='Wl/2602-0394; Keterangan : ;') | [seq_in_keterangan] CSB/SYS/2604-7640 (id=72309, cabang=2, tgl=2026-02-11, keterangan='FZ/2602-0394; Keterangan : ;') | [seq_in_keterangan] CSB/SYS/2604-7513 (id=72182, cabang=2, tgl=2026-02-10, keterangan='IN/2602-0394; Keterangan : ;') | [seq_in_keterangan] CSB/SYS/2604-7463 (id=72132, cabang=2, tgl=2026-02-10, keterangan='Ma/2602-0394; Keterangan : ;') | [seq_in_nobukti] SB/SYS/2602-0394 (id=32074, cabang=1, tgl=2026-02-24, keterangan='VX/2602-0278; Keterangan : ;') | [seq_in_nobukti] SB/NI/2602-0394 (id=31007, cabang=1, tgl=2026-02-22, keterangan='') | [seq_in_keterangan] KRT/SYS/2602-6109 (id=16044, cabang=5, tgl=2026-02-06, keterangan='Pa/2602-0394; Keterangan : ;') | [seq_in_keterangan] KRT/SYS/2602-6023 (id=15958, cabang=5, tgl=2026-02-06, keterangan='An/2602-0394; Keterangan : ;') | [seq_in_keterangan] KRT/SYS/2602-5680 (id=15615, cabang=5, tgl=2026-02-05, keterangan='Wa/2602-0394; Keterangan : ;') | [seq_in_nobukti] KRT/SYS/2602-0394 (id=10329, cabang=5, tgl=2026-01-11, keterangan='An/2601-0638; Keterangan : ;') | [seq_in_keterangan] MDR/SYS/2602-3521 (id=8158, cabang=4, tgl=2026-02-11, keterangan='MR/2602-0394; Keterangan : ;') | [seq_in_keterangan] MDR/SYS/2602-3347 (id=7984, cabang=4, tgl=2026-02-09, keterangan='Md/2602-0394; Keterangan : ;') | [seq_in_nobukti] MDR/SYS/2602-0394 (id=5031, cabang=4, tgl=2026-01-06, keterangan='Md/2601-0202; Keterangan : ;') | [seq_in_nobukti] SB/FR/2602-0394 (id=3878, cabang=1, tgl=2026-02-05, keterangan='')"
CSB/SI/2602-0426,2602-0426,seq_in_nobukti,"[seq_in_keterangan] CSB/SYS/2604-9715 (id=74384, cabang=2, tgl=2026-02-18, keterangan='UW/2602-0426; Keterangan : ;') | [seq_in_keterangan] CSB/SYS/2604-8104 (id=72773, cabang=2, tgl=2026-02-12, keterangan='SI/2602-0426; Keterangan : ;') | [seq_in_keterangan] CSB/SYS/2604-8010 (id=72679, cabang=2, tgl=2026-02-12, keterangan='FZ/2602-0426; Keterangan : ;') | [seq_in_keterangan] CSB/SYS/2604-7962 (id=72631, cabang=2, tgl=2026-02-12, keterangan='Wl/2602-0426; Keterangan : ;') | [seq_in_keterangan] CSB/SYS/2604-7729 (id=72398, cabang=2, tgl=2026-02-11, keterangan='Ma/2602-0426; Keterangan : ;') | [seq_in_keterangan] CSB/SYS/2604-7677 (id=72346, cabang=2, tgl=2026-02-11, keterangan='IN/2602-0426; Keterangan : ;') | [seq_in_nobukti] SB/SYS/2602-0426 (id=32106, cabang=1, tgl=2026-02-24, keterangan='WN/2602-0576; Keterangan : ;') | [seq_in_nobukti] SB/NI/2602-0426 (id=31039, cabang=1, tgl=2026-02-22, keterangan='') | [seq_in_keterangan] KRT/SYS/2602-6324 (id=16259, cabang=5, tgl=2026-02-07, keterangan='Pa/2602-0426; Keterangan : ;') | [seq_in_keterangan] KRT/SYS/2602-6054 (id=15989, cabang=5, tgl=2026-02-06, keterangan='An/2602-0426; Keterangan : ;') | [seq_in_keterangan] KRT/SYS/2602-5711 (id=15646, cabang=5, tgl=2026-02-05, keterangan='Wa/2602-0426; Keterangan : ;') | [seq_in_nobukti] KRT/SYS/2602-0426 (id=10361, cabang=5, tgl=2026-01-12, keterangan='Pa/2601-0748; Keterangan : ;') | [seq_in_keterangan] MDR/SYS/2602-3553 (id=8190, cabang=4, tgl=2026-02-11, keterangan='MR/2602-0426; Keterangan : ;') | [seq_in_keterangan] MDR/SYS/2602-3428 (id=8065, cabang=4, tgl=2026-02-10, keterangan='Md/2602-0426; Keterangan : ;') | [seq_in_nobukti] MDR/SYS/2602-0426 (id=5063, cabang=4, tgl=2026-01-06, keterangan='Md/2601-0237; Keterangan : ;') | [seq_in_nobukti] SB/FR/2602-0426 (id=3910, cabang=1, tgl=2026-02-05, keterangan='')"
CSB/WL/2602-0446,2602-0446,seq_in_nobukti,"[seq_in_keterangan] CSB/SYS/2604-9735 (id=74404, cabang=2, tgl=2026-02-18, keterangan='UW/2602-0446; Keterangan : ;') | [seq_in_keterangan] CSB/SYS/2604-8124 (id=72793, cabang=2, tgl=2026-02-12, keterangan='SI/2602-0446; Keterangan : ;') | [seq_in_keterangan] CSB/SYS/2604-8030 (id=72699, cabang=2, tgl=2026-02-12, keterangan='FZ/2602-0446; Keterangan : ;') | [seq_in_keterangan] CSB/SYS/2604-7982 (id=72651, cabang=2, tgl=2026-02-12, keterangan='Wl/2602-0446; Keterangan : ;') | [seq_in_keterangan] CSB/SYS/2604-7894 (id=72563, cabang=2, tgl=2026-02-12, keterangan='IN/2602-0446; Keterangan : ;') | [seq_in_keterangan] CSB/SYS/2604-7749 (id=72418, cabang=2, tgl=2026-02-11, keterangan='Ma/2602-0446; Keterangan : ;') | [seq_in_keterangan] MDR/SYS/2603-0555 (id=41010, cabang=4, tgl=2026-02-12, keterangan='MR/2602-0446; Keterangan : ;') | [seq_in_nobukti] SB/NI/2602-0446 (id=35344, cabang=1, tgl=2026-02-27, keterangan='') | [seq_in_nobukti] SB/SYS/2602-0446 (id=32595, cabang=1, tgl=2026-02-25, keterangan='VX/2602-0305; Keterangan : ;') | [seq_in_keterangan] KRT/SYS/2602-6344 (id=16279, cabang=5, tgl=2026-02-07, keterangan='Pa/2602-0446; Keterangan : ;') | [seq_in_keterangan] KRT/SYS/2602-6073 (id=16008, cabang=5, tgl=2026-02-06, keterangan='An/2602-0446; Keterangan : ;') | [seq_in_keterangan] KRT/SYS/2602-5731 (id=15666, cabang=5, tgl=2026-02-05, keterangan='Wa/2602-0446; Keterangan : ;') | [seq_in_nobukti] KRT/SYS/2602-0446 (id=10381, cabang=5, tgl=2026-01-12, keterangan='Pa/2601-0769; Keterangan : ;') | [seq_in_keterangan] MDR/SYS/2602-3448 (id=8085, cabang=4, tgl=2026-02-10, keterangan='Md/2602-0446; Keterangan : ;') | [seq_in_nobukti] MDR/SYS/2602-0446 (id=5083, cabang=4, tgl=2026-01-07, keterangan='MR/2601-0160; Keterangan : ;') | [seq_in_nobukti] SB/FR/2602-0446 (id=3930, cabang=1, tgl=2026-02-05, keterangan='')"
CSB/SI/2602-0469,2602-0469,seq_in_nobukti,"[seq_in_keterangan] CSB/SYS/2604-9843 (id=74512, cabang=2, tgl=2026-02-19, keterangan='UW/2602-0469; Keterangan : ;') | [seq_in_keterangan] CSB/SYS/2604-8333 (id=73002, cabang=2, tgl=2026-02-13, keterangan='SI/2602-0469; Keterangan : ;') | [seq_in_keterangan] CSB/SYS/2604-8182 (id=72851, cabang=2, tgl=2026-02-13, keterangan='FZ/2602-0469; Keterangan : ;') | [seq_in_keterangan] CSB/SYS/2604-8004 (id=72673, cabang=2, tgl=2026-02-12, keterangan='Wl/2602-0469; Keterangan : ;') | [seq_in_keterangan] CSB/SYS/2604-7916 (id=72585, cabang=2, tgl=2026-02-12, keterangan='IN/2602-0469; Keterangan : ;') | [seq_in_keterangan] CSB/SYS/2604-7871 (id=72540, cabang=2, tgl=2026-02-12, keterangan='Ma/2602-0469; Keterangan : ;') | [seq_in_keterangan] MDR/SYS/2603-0578 (id=41033, cabang=4, tgl=2026-02-12, keterangan='MR/2602-0469; Keterangan : ;') | [seq_in_nobukti] SB/NI/2602-0469 (id=35367, cabang=1, tgl=2026-02-27, keterangan='') | [seq_in_nobukti] SB/SYS/2602-0469 (id=32618, cabang=1, tgl=2026-02-25, keterangan='NS/2602-1000; Keterangan : ;') | [seq_in_keterangan] KRT/SYS/2602-6367 (id=16302, cabang=5, tgl=2026-02-07, keterangan='Pa/2602-0469; Keterangan : ;') | [seq_in_keterangan] KRT/SYS/2602-6096 (id=16031, cabang=5, tgl=2026-02-06, keterangan='An/2602-0469; Keterangan : ;') | [seq_in_keterangan] KRT/SYS/2602-5914 (id=15849, cabang=5, tgl=2026-02-06, keterangan='Wa/2602-0469; Keterangan : ;') | [seq_in_nobukti] KRT/SYS/2602-0469 (id=10404, cabang=5, tgl=2026-01-12, keterangan='Pa/2601-0793; Keterangan : ;') | [seq_in_keterangan] MDR/SYS/2602-3487 (id=8124, cabang=4, tgl=2026-02-11, keterangan='Md/2602-0469; Keterangan : ;') | [seq_in_nobukti] MDR/SYS/2602-0469 (id=5106, cabang=4, tgl=2026-01-07, keterangan='Md/2601-0245; Keterangan : ;') | [seq_in_nobukti] SB/FR/2602-0469 (id=3953, cabang=1, tgl=2026-02-05, keterangan='')"
CSB/WL/2602-0365,2602-0365,seq_in_nobukti,"[seq_in_keterangan] CSB/SYS/2604-9432 (id=74101, cabang=2, tgl=2026-02-17, keterangan='UW/2602-0365; Keterangan : ;') | [seq_in_keterangan] CSB/SYS/2604-7609 (id=72278, cabang=2, tgl=2026-02-10, keterangan='SI/2602-0365; Keterangan : ;') | [seq_in_keterangan] CSB/SYS/2604-7484 (id=72153, cabang=2, tgl=2026-02-10, keterangan='IN/2602-0365; Keterangan : ;') | [seq_in_keterangan] CSB/SYS/2604-7422 (id=72091, cabang=2, tgl=2026-02-10, keterangan='Wl/2602-0365; Keterangan : ;') | [seq_in_keterangan] CSB/SYS/2604-7261 (id=71930, cabang=2, tgl=2026-02-09, keterangan='Ma/2602-0365; Keterangan : ;') | [seq_in_keterangan] MDR/SYS/2603-0086 (id=36312, cabang=4, tgl=2026-02-28, keterangan='GI/2602-0365; Keterangan : ;') | [seq_in_keterangan] SB/SYS/2603-0014 (id=35927, cabang=1, tgl=2026-02-28, keterangan='VX/2602-0365; Keterangan : ;') | [seq_in_nobukti] SB/SYS/2602-0365 (id=32045, cabang=1, tgl=2026-02-24, keterangan='NS/2602-0958; Keterangan : ;') | [seq_in_nobukti] SB/NI/2602-0365 (id=30978, cabang=1, tgl=2026-02-22, keterangan='') | [seq_in_keterangan] KRT/SYS/2602-5994 (id=15929, cabang=5, tgl=2026-02-06, keterangan='An/2602-0365; Keterangan : ;') | [seq_in_keterangan] KRT/SYS/2602-5862 (id=15797, cabang=5, tgl=2026-02-05, keterangan='Pa/2602-0365; Keterangan : ;') | [seq_in_keterangan] KRT/SYS/2602-5652 (id=15587, cabang=5, tgl=2026-02-05, keterangan='Wa/2602-0365; Keterangan : ;') | [seq_in_nobukti] KRT/SYS/2602-0365 (id=10300, cabang=5, tgl=2026-01-11, keterangan='An/2601-0608; Keterangan : ;') | [seq_in_keterangan] MDR/SYS/2602-3386 (id=8023, cabang=4, tgl=2026-02-10, keterangan='MR/2602-0365; Keterangan : ;') | [seq_in_keterangan] MDR/SYS/2602-3264 (id=7901, cabang=4, tgl=2026-02-08, keterangan='Md/2602-0365; Keterangan : ;') | [seq_in_nobukti] MDR/SYS/2602-0365 (id=5002, cabang=4, tgl=2026-01-06, keterangan='CS/2601-0001; Keterangan : ;') | [seq_in_nobukti] SB/FR/2602-0365 (id=3849, cabang=1, tgl=2026-02-05, keterangan='')"
CSB/WL/2602-0358,2602-0358,seq_in_nobukti,"[seq_in_keterangan] CSB/SYS/2604-9425 (id=74094, cabang=2, tgl=2026-02-17, keterangan='UW/2602-0358; Keterangan : ;') | [seq_in_keterangan] CSB/SYS/2604-7602 (id=72271, cabang=2, tgl=2026-02-10, keterangan='SI/2602-0358; Keterangan : ;') | [seq_in_keterangan] CSB/SYS/2604-7477 (id=72146, cabang=2, tgl=2026-02-10, keterangan='IN/2602-0358; Keterangan : ;') | [seq_in_keterangan] CSB/SYS/2604-7441 (id=72110, cabang=2, tgl=2026-02-10, keterangan='FZ/2602-0358; Keterangan : ;') | [seq_in_keterangan] CSB/SYS/2604-7415 (id=72084, cabang=2, tgl=2026-02-10, keterangan='Wl/2602-0358; Keterangan : ;') | [seq_in_keterangan] CSB/SYS/2604-7254 (id=71923, cabang=2, tgl=2026-02-09, keterangan='Ma/2602-0358; Keterangan : ;') | [seq_in_keterangan] SB/SYS/2603-0007 (id=35920, cabang=1, tgl=2026-02-28, keterangan='VX/2602-0358; Keterangan : ;') | [seq_in_keterangan] MDR/SYS/2602-5072 (id=35614, cabang=4, tgl=2026-02-27, keterangan='GI/2602-0358; Keterangan : ;') | [seq_in_nobukti] SB/SYS/2602-0358 (id=32038, cabang=1, tgl=2026-02-24, keterangan='NS/2602-0951; Keterangan : ;') | [seq_in_nobukti] SB/NI/2602-0358 (id=30971, cabang=1, tgl=2026-02-22, keterangan='') | [seq_in_keterangan] KRT/SYS/2602-5855 (id=15790, cabang=5, tgl=2026-02-05, keterangan='Pa/2602-0358; Keterangan : ;') | [seq_in_keterangan] KRT/SYS/2602-5830 (id=15765, cabang=5, tgl=2026-02-05, keterangan='An/2602-0358; Keterangan : ;') | [seq_in_keterangan] KRT/SYS/2602-5588 (id=15523, cabang=5, tgl=2026-02-04, keterangan='Wa/2602-0358; Keterangan : ;') | [seq_in_nobukti] KRT/SYS/2602-0358 (id=10293, cabang=5, tgl=2026-01-11, keterangan='An/2601-0601; Keterangan : ;') | [seq_in_keterangan] MDR/SYS/2602-3379 (id=8016, cabang=4, tgl=2026-02-10, keterangan='MR/2602-0358; Keterangan : ;') | [seq_in_keterangan] MDR/SYS/2602-3257 (id=7894, cabang=4, tgl=2026-02-08, keterangan='Md/2602-0358; Keterangan : ;') | [seq_in_nobukti] MDR/SYS/2602-0358 (id=4995, cabang=4, tgl=2026-01-05, keterangan='MR/2601-0117; Keterangan : ;') | [seq_in_nobukti] SB/FR/2602-0358 (id=3842, cabang=1, tgl=2026-02-05, keterangan='')"
CSB/IN/2602-0365,2602-0365,seq_in_nobukti,"[seq_in_keterangan] CSB/SYS/2604-9432 (id=74101, cabang=2, tgl=2026-02-17, keterangan='UW/2602-0365; Keterangan : ;') | [seq_in_keterangan] CSB/SYS/2604-7609 (id=72278, cabang=2, tgl=2026-02-10, keterangan='SI/2602-0365; Keterangan : ;') | [seq_in_keterangan] CSB/SYS/2604-7484 (id=72153, cabang=2, tgl=2026-02-10, keterangan='IN/2602-0365; Keterangan : ;') | [seq_in_keterangan] CSB/SYS/2604-7422 (id=72091, cabang=2, tgl=2026-02-10, keterangan='Wl/2602-0365; Keterangan : ;') | [seq_in_keterangan] CSB/SYS/2604-7261 (id=71930, cabang=2, tgl=2026-02-09, keterangan='Ma/2602-0365; Keterangan : ;') | [seq_in_keterangan] MDR/SYS/2603-0086 (id=36312, cabang=4, tgl=2026-02-28, keterangan='GI/2602-0365; Keterangan : ;') | [seq_in_keterangan] SB/SYS/2603-0014 (id=35927, cabang=1, tgl=2026-02-28, keterangan='VX/2602-0365; Keterangan : ;') | [seq_in_nobukti] SB/SYS/2602-0365 (id=32045, cabang=1, tgl=2026-02-24, keterangan='NS/2602-0958; Keterangan : ;') | [seq_in_nobukti] SB/NI/2602-0365 (id=30978, cabang=1, tgl=2026-02-22, keterangan='') | [seq_in_keterangan] KRT/SYS/2602-5994 (id=15929, cabang=5, tgl=2026-02-06, keterangan='An/2602-0365; Keterangan : ;') | [seq_in_keterangan] KRT/SYS/2602-5862 (id=15797, cabang=5, tgl=2026-02-05, keterangan='Pa/2602-0365; Keterangan : ;') | [seq_in_keterangan] KRT/SYS/2602-5652 (id=15587, cabang=5, tgl=2026-02-05, keterangan='Wa/2602-0365; Keterangan : ;') | [seq_in_nobukti] KRT/SYS/2602-0365 (id=10300, cabang=5, tgl=2026-01-11, keterangan='An/2601-0608; Keterangan : ;') | [seq_in_keterangan] MDR/SYS/2602-3386 (id=8023, cabang=4, tgl=2026-02-10, keterangan='MR/2602-0365; Keterangan : ;') | [seq_in_keterangan] MDR/SYS/2602-3264 (id=7901, cabang=4, tgl=2026-02-08, keterangan='Md/2602-0365; Keterangan : ;') | [seq_in_nobukti] MDR/SYS/2602-0365 (id=5002, cabang=4, tgl=2026-01-06, keterangan='CS/2601-0001; Keterangan : ;') | [seq_in_nobukti] SB/FR/2602-0365 (id=3849, cabang=1, tgl=2026-02-05, keterangan='')"
CSB/WL/2602-0402,2602-0402,seq_in_nobukti,"[seq_in_keterangan] CSB/SYS/2604-9691 (id=74360, cabang=2, tgl=2026-02-18, keterangan='UW/2602-0402; Keterangan : ;') | [seq_in_keterangan] CSB/SYS/2604-7837 (id=72506, cabang=2, tgl=2026-02-11, keterangan='SI/2602-0402; Keterangan : ;') | [seq_in_keterangan] CSB/SYS/2604-7715 (id=72384, cabang=2, tgl=2026-02-11, keterangan='Wl/2602-0402; Keterangan : ;') | [seq_in_keterangan] CSB/SYS/2604-7648 (id=72317, cabang=2, tgl=2026-02-11, keterangan='FZ/2602-0402; Keterangan : ;') | [seq_in_keterangan] CSB/SYS/2604-7537 (id=72206, cabang=2, tgl=2026-02-10, keterangan='IN/2602-0402; Keterangan : ;') | [seq_in_keterangan] CSB/SYS/2604-7470 (id=72139, cabang=2, tgl=2026-02-10, keterangan='Ma/2602-0402; Keterangan : ;') | [seq_in_nobukti] SB/SYS/2602-0402 (id=32082, cabang=1, tgl=2026-02-24, keterangan='WN/2602-0552; Keterangan : ;') | [seq_in_nobukti] SB/NI/2602-0402 (id=31015, cabang=1, tgl=2026-02-22, keterangan='') | [seq_in_keterangan] KRT/SYS/2602-6116 (id=16051, cabang=5, tgl=2026-02-06, keterangan='Pa/2602-0402; Keterangan : ;') | [seq_in_keterangan] KRT/SYS/2602-6030 (id=15965, cabang=5, tgl=2026-02-06, keterangan='An/2602-0402; Keterangan : ;') | [seq_in_keterangan] KRT/SYS/2602-5688 (id=15623, cabang=5, tgl=2026-02-05, keterangan='Wa/2602-0402; Keterangan : ;') | [seq_in_nobukti] KRT/SYS/2602-0402 (id=10337, cabang=5, tgl=2026-01-11, keterangan='An/2601-0646; Keterangan : ;') | [seq_in_keterangan] MDR/SYS/2602-3529 (id=8166, cabang=4, tgl=2026-02-11, keterangan='MR/2602-0402; Keterangan : ;') | [seq_in_keterangan] MDR/SYS/2602-3404 (id=8041, cabang=4, tgl=2026-02-10, keterangan='Md/2602-0402; Keterangan : ;') | [seq_in_nobukti] MDR/SYS/2602-0402 (id=5039, cabang=4, tgl=2026-01-06, keterangan='Md/2601-0210; Keterangan : ;') | [seq_in_nobukti] SB/FR/2602-0402 (id=3886, cabang=1, tgl=2026-02-05, keterangan='')"
CSB/FZ/2602-0353,2602-0353,seq_in_nobukti,"[seq_in_keterangan] CSB/SYS/2604-9420 (id=74089, cabang=2, tgl=2026-02-17, keterangan='UW/2602-0353; Keterangan : ;') | [seq_in_keterangan] CSB/SYS/2604-7597 (id=72266, cabang=2, tgl=2026-02-10, keterangan='SI/2602-0353; Keterangan : ;') | [seq_in_keterangan] CSB/SYS/2604-7436 (id=72105, cabang=2, tgl=2026-02-10, keterangan='FZ/2602-0353; Keterangan : ;') | [seq_in_keterangan] CSB/SYS/2604-7410 (id=72079, cabang=2, tgl=2026-02-10, keterangan='Wl/2602-0353; Keterangan : ;') | [seq_in_keterangan] CSB/SYS/2604-7316 (id=71985, cabang=2, tgl=2026-02-09, keterangan='IN/2602-0353; Keterangan : ;') | [seq_in_keterangan] CSB/SYS/2604-7249 (id=71918, cabang=2, tgl=2026-02-09, keterangan='Ma/2602-0353; Keterangan : ;') | [seq_in_keterangan] SB/SYS/2603-0002 (id=35915, cabang=1, tgl=2026-02-28, keterangan='VX/2602-0353; Keterangan : ;') | [seq_in_keterangan] MDR/SYS/2602-4985 (id=35059, cabang=4, tgl=2026-02-26, keterangan='GI/2602-0353; Keterangan : ;') | [seq_in_nobukti] SB/SYS/2602-0353 (id=32033, cabang=1, tgl=2026-02-24, keterangan='NS/2602-0946; Keterangan : ;') | [seq_in_keterangan] KRT/SYS/2602-5850 (id=15785, cabang=5, tgl=2026-02-05, keterangan='Pa/2602-0353; Keterangan : ;') | [seq_in_keterangan] KRT/SYS/2602-5825 (id=15760, cabang=5, tgl=2026-02-05, keterangan='An/2602-0353; Keterangan : ;') | [seq_in_keterangan] KRT/SYS/2602-5583 (id=15518, cabang=5, tgl=2026-02-04, keterangan='Wa/2602-0353; Keterangan : ;') | [seq_in_nobukti] KRT/SYS/2602-0353 (id=10288, cabang=5, tgl=2026-01-11, keterangan='An/2601-0595; Keterangan : ;') | [seq_in_nobukti] SB/NI/2602-0353 (id=8848, cabang=1, tgl=2026-02-16, keterangan='') | [seq_in_keterangan] MDR/SYS/2602-3374 (id=8011, cabang=4, tgl=2026-02-10, keterangan='MR/2602-0353; Keterangan : ;') | [seq_in_keterangan] MDR/SYS/2602-3252 (id=7889, cabang=4, tgl=2026-02-08, keterangan='Md/2602-0353; Keterangan : ;') | [seq_in_nobukti] MDR/SYS/2602-0353 (id=4990, cabang=4, tgl=2026-01-05, keterangan='MR/2601-0112; Keterangan : ;') | [seq_in_nobukti] SB/FR/2602-0353 (id=3837, cabang=1, tgl=2026-02-05, keterangan='')"
CSB/FZ/2602-0493,2602-0493,seq_in_nobukti,"[seq_in_keterangan] CSB/SYS/2604-10183 (id=74852, cabang=2, tgl=2026-02-22, keterangan='UW/2602-0493; Keterangan : ;') | [seq_in_keterangan] CSB/SYS/2604-8595 (id=73264, cabang=2, tgl=2026-02-14, keterangan='SI/2602-0493; Keterangan : ;') | [seq_in_keterangan] CSB/SYS/2604-8249 (id=72918, cabang=2, tgl=2026-02-13, keterangan='Wl/2602-0493; Keterangan : ;') | [seq_in_keterangan] CSB/SYS/2604-8206 (id=72875, cabang=2, tgl=2026-02-13, keterangan='FZ/2602-0493; Keterangan : ;') | [seq_in_keterangan] CSB/SYS/2604-8040 (id=72709, cabang=2, tgl=2026-02-12, keterangan='Ma/2602-0493; Keterangan : ;') | [seq_in_keterangan] CSB/SYS/2604-7939 (id=72608, cabang=2, tgl=2026-02-12, keterangan='IN/2602-0493; Keterangan : ;') | [seq_in_keterangan] MDR/SYS/2603-0495 (id=40950, cabang=4, tgl=2026-02-12, keterangan='Md/2602-0493; Keterangan : ;') | [seq_in_nobukti] SB/NI/2602-0493 (id=37225, cabang=1, tgl=2026-03-02, keterangan='') | [seq_in_nobukti] SB/SYS/2602-0493 (id=32642, cabang=1, tgl=2026-02-25, keterangan='NS/2602-1024; Keterangan : ;') | [seq_in_keterangan] KRT/SYS/2602-6391 (id=16326, cabang=5, tgl=2026-02-07, keterangan='Pa/2602-0493; Keterangan : ;') | [seq_in_keterangan] KRT/SYS/2602-6248 (id=16183, cabang=5, tgl=2026-02-07, keterangan='An/2602-0493; Keterangan : ;') | [seq_in_keterangan] KRT/SYS/2602-5938 (id=15873, cabang=5, tgl=2026-02-06, keterangan='Wa/2602-0493; Keterangan : ;') | [seq_in_nobukti] KRT/SYS/2602-0493 (id=10428, cabang=5, tgl=2026-01-12, keterangan='Pa/2601-0818; Keterangan : ;') | [seq_in_keterangan] MDR/SYS/2602-3625 (id=9190, cabang=4, tgl=2026-02-13, keterangan='MR/2602-0493; Keterangan : ;') | [seq_in_nobukti] MDR/SYS/2602-0493 (id=5130, cabang=4, tgl=2026-01-07, keterangan='GI/2601-0058; Keterangan : ;') | [seq_in_nobukti] SB/FR/2602-0493 (id=3977, cabang=1, tgl=2026-02-06, keterangan='')"
CSB/MA/2602-0576,2602-0576,seq_in_nobukti,"[seq_in_keterangan] CSB/SYS/2604-8879 (id=73548, cabang=2, tgl=2026-02-15, keterangan='SI/2602-0576; Keterangan : ;') | [seq_in_keterangan] CSB/SYS/2604-8794 (id=73463, cabang=2, tgl=2026-02-15, keterangan='FZ/2602-0576; Keterangan : ;') | [seq_in_keterangan] CSB/SYS/2604-8712 (id=73381, cabang=2, tgl=2026-02-15, keterangan='Wl/2602-0576; Keterangan : ;') | [seq_in_keterangan] CSB/SYS/2604-8453 (id=73122, cabang=2, tgl=2026-02-14, keterangan='Ma/2602-0576; Keterangan : ;') | [seq_in_keterangan] CSB/SYS/2604-8413 (id=73082, cabang=2, tgl=2026-02-14, keterangan='IN/2602-0576; Keterangan : ;') | [seq_in_nobukti] SB/SYS/2602-0576 (id=34806, cabang=1, tgl=2026-02-26, keterangan='VX/2602-0320; Keterangan : ;') | [seq_in_keterangan] SB/SYS/2602-0426 (id=32106, cabang=1, tgl=2026-02-24, keterangan='WN/2602-0576; Keterangan : ;') | [seq_in_keterangan] KRT/SYS/2602-6563 (id=16498, cabang=5, tgl=2026-02-08, keterangan='An/2602-0576; Keterangan : ;') | [seq_in_keterangan] KRT/SYS/2602-6475 (id=16410, cabang=5, tgl=2026-02-08, keterangan='Pa/2602-0576; Keterangan : ;') | [seq_in_keterangan] KRT/SYS/2602-6170 (id=16105, cabang=5, tgl=2026-02-07, keterangan='Wa/2602-0576; Keterangan : ;') | [seq_in_nobukti] KRT/SYS/2602-0576 (id=10511, cabang=5, tgl=2026-01-12, keterangan='Wa/2601-0947; Keterangan : ;') | [seq_in_keterangan] MDR/SYS/2602-3806 (id=9371, cabang=4, tgl=2026-02-15, keterangan='MR/2602-0576; Keterangan : ;') | [seq_in_keterangan] MDR/SYS/2602-3754 (id=9319, cabang=4, tgl=2026-02-14, keterangan='Md/2602-0576; Keterangan : ;') | [seq_in_nobukti] MDR/SYS/2602-0576 (id=5213, cabang=4, tgl=2026-01-09, keterangan='MR/2601-0220; Keterangan : ;') | [seq_in_nobukti] SB/FR/2602-0576 (id=4060, cabang=1, tgl=2026-02-07, keterangan='')"
CSB/MA/2602-0545,2602-0545,seq_in_nobukti,"[seq_in_keterangan] CSB/SYS/2604-11054 (id=75723, cabang=2, tgl=2026-02-27, keterangan='UW/2602-0545; Keterangan : ;') | [seq_in_keterangan] CSB/SYS/2604-8646 (id=73315, cabang=2, tgl=2026-02-14, keterangan='SI/2602-0545; Keterangan : ;') | [seq_in_keterangan] CSB/SYS/2604-8562 (id=73231, cabang=2, tgl=2026-02-14, keterangan='FZ/2602-0545; Keterangan : ;') | [seq_in_keterangan] CSB/SYS/2604-8503 (id=73172, cabang=2, tgl=2026-02-14, keterangan='Wl/2602-0545; Keterangan : ;') | [seq_in_keterangan] CSB/SYS/2604-8327 (id=72996, cabang=2, tgl=2026-02-13, keterangan='Ma/2602-0545; Keterangan : ;') | [seq_in_keterangan] CSB/SYS/2604-8241 (id=72910, cabang=2, tgl=2026-02-13, keterangan='IN/2602-0545; Keterangan : ;') | [seq_in_nobukti] SB/SYS/2602-0545 (id=34775, cabang=1, tgl=2026-02-26, keterangan='NS/2602-1072; Keterangan : ;') | [seq_in_keterangan] SB/SYS/2602-0264 (id=31501, cabang=1, tgl=2026-02-23, keterangan='WN/2602-0545; Keterangan : ;') | [seq_in_keterangan] KRT/SYS/2602-6444 (id=16379, cabang=5, tgl=2026-02-08, keterangan='Pa/2602-0545; Keterangan : ;') | [seq_in_keterangan] KRT/SYS/2602-6300 (id=16235, cabang=5, tgl=2026-02-07, keterangan='An/2602-0545; Keterangan : ;') | [seq_in_keterangan] KRT/SYS/2602-6139 (id=16074, cabang=5, tgl=2026-02-07, keterangan='Wa/2602-0545; Keterangan : ;') | [seq_in_nobukti] KRT/SYS/2602-0545 (id=10480, cabang=5, tgl=2026-01-12, keterangan='Wa/2601-0914; Keterangan : ;') | [seq_in_keterangan] MDR/SYS/2602-3718 (id=9283, cabang=4, tgl=2026-02-14, keterangan='MR/2602-0545; Keterangan : ;') | [seq_in_keterangan] MDR/SYS/2602-3668 (id=9233, cabang=4, tgl=2026-02-13, keterangan='Md/2602-0545; Keterangan : ;') | [seq_in_nobukti] MDR/SYS/2602-0545 (id=5182, cabang=4, tgl=2026-01-08, keterangan='MR/2601-0190; Keterangan : ;') | [seq_in_nobukti] SB/FR/2602-0545 (id=4029, cabang=1, tgl=2026-02-06, keterangan='')"
CSB/WL/2602-0545,2602-0545,seq_in_nobukti,"[seq_in_keterangan] CSB/SYS/2604-11054 (id=75723, cabang=2, tgl=2026-02-27, keterangan='UW/2602-0545; Keterangan : ;') | [seq_in_keterangan] CSB/SYS/2604-8646 (id=73315, cabang=2, tgl=2026-02-14, keterangan='SI/2602-0545; Keterangan : ;') | [seq_in_keterangan] CSB/SYS/2604-8562 (id=73231, cabang=2, tgl=2026-02-14, keterangan='FZ/2602-0545; Keterangan : ;') | [seq_in_keterangan] CSB/SYS/2604-8503 (id=73172, cabang=2, tgl=2026-02-14, keterangan='Wl/2602-0545; Keterangan : ;') | [seq_in_keterangan] CSB/SYS/2604-8327 (id=72996, cabang=2, tgl=2026-02-13, keterangan='Ma/2602-0545; Keterangan : ;') | [seq_in_keterangan] CSB/SYS/2604-8241 (id=72910, cabang=2, tgl=2026-02-13, keterangan='IN/2602-0545; Keterangan : ;') | [seq_in_nobukti] SB/SYS/2602-0545 (id=34775, cabang=1, tgl=2026-02-26, keterangan='NS/2602-1072; Keterangan : ;') | [seq_in_keterangan] SB/SYS/2602-0264 (id=31501, cabang=1, tgl=2026-02-23, keterangan='WN/2602-0545; Keterangan : ;') | [seq_in_keterangan] KRT/SYS/2602-6444 (id=16379, cabang=5, tgl=2026-02-08, keterangan='Pa/2602-0545; Keterangan : ;') | [seq_in_keterangan] KRT/SYS/2602-6300 (id=16235, cabang=5, tgl=2026-02-07, keterangan='An/2602-0545; Keterangan : ;') | [seq_in_keterangan] KRT/SYS/2602-6139 (id=16074, cabang=5, tgl=2026-02-07, keterangan='Wa/2602-0545; Keterangan : ;') | [seq_in_nobukti] KRT/SYS/2602-0545 (id=10480, cabang=5, tgl=2026-01-12, keterangan='Wa/2601-0914; Keterangan : ;') | [seq_in_keterangan] MDR/SYS/2602-3718 (id=9283, cabang=4, tgl=2026-02-14, keterangan='MR/2602-0545; Keterangan : ;') | [seq_in_keterangan] MDR/SYS/2602-3668 (id=9233, cabang=4, tgl=2026-02-13, keterangan='Md/2602-0545; Keterangan : ;') | [seq_in_nobukti] MDR/SYS/2602-0545 (id=5182, cabang=4, tgl=2026-01-08, keterangan='MR/2601-0190; Keterangan : ;') | [seq_in_nobukti] SB/FR/2602-0545 (id=4029, cabang=1, tgl=2026-02-06, keterangan='')"
CSB/WL/2602-0574,2602-0574,seq_in_nobukti,"[seq_in_keterangan] CSB/SYS/2604-8877 (id=73546, cabang=2, tgl=2026-02-15, keterangan='SI/2602-0574; Keterangan : ;') | [seq_in_keterangan] CSB/SYS/2604-8792 (id=73461, cabang=2, tgl=2026-02-15, keterangan='FZ/2602-0574; Keterangan : ;') | [seq_in_keterangan] CSB/SYS/2604-8663 (id=73332, cabang=2, tgl=2026-02-14, keterangan='Wl/2602-0574; Keterangan : ;') | [seq_in_keterangan] CSB/SYS/2604-8451 (id=73120, cabang=2, tgl=2026-02-14, keterangan='Ma/2602-0574; Keterangan : ;') | [seq_in_keterangan] CSB/SYS/2604-8411 (id=73080, cabang=2, tgl=2026-02-14, keterangan='IN/2602-0574; Keterangan : ;') | [seq_in_nobukti] SB/SYS/2602-0574 (id=34804, cabang=1, tgl=2026-02-26, keterangan='VX/2602-0318; Keterangan : ;') | [seq_in_keterangan] SB/SYS/2602-0424 (id=32104, cabang=1, tgl=2026-02-24, keterangan='WN/2602-0574; Keterangan : ;') | [seq_in_keterangan] KRT/SYS/2602-6561 (id=16496, cabang=5, tgl=2026-02-08, keterangan='An/2602-0574; Keterangan : ;') | [seq_in_keterangan] KRT/SYS/2602-6473 (id=16408, cabang=5, tgl=2026-02-08, keterangan='Pa/2602-0574; Keterangan : ;') | [seq_in_keterangan] KRT/SYS/2602-6168 (id=16103, cabang=5, tgl=2026-02-07, keterangan='Wa/2602-0574; Keterangan : ;') | [seq_in_nobukti] KRT/SYS/2602-0574 (id=10509, cabang=5, tgl=2026-01-12, keterangan='Wa/2601-0944; Keterangan : ;') | [seq_in_keterangan] MDR/SYS/2602-3804 (id=9369, cabang=4, tgl=2026-02-15, keterangan='MR/2602-0574; Keterangan : ;') | [seq_in_keterangan] MDR/SYS/2602-3752 (id=9317, cabang=4, tgl=2026-02-14, keterangan='Md/2602-0574; Keterangan : ;') | [seq_in_nobukti] MDR/SYS/2602-0574 (id=5211, cabang=4, tgl=2026-01-09, keterangan='MR/2601-0218; Keterangan : ;') | [seq_in_nobukti] SB/FR/2602-0574 (id=4058, cabang=1, tgl=2026-02-07, keterangan='')"
CSB/WL/2602-0776,2602-0776,seq_in_nobukti,"[seq_in_keterangan] CSB/SYS/2604-10106 (id=74775, cabang=2, tgl=2026-02-21, keterangan='FZ/2602-0776; Keterangan : ;') | [seq_in_keterangan] CSB/SYS/2604-10055 (id=74724, cabang=2, tgl=2026-02-21, keterangan='Wl/2602-0776; Keterangan : ;') | [seq_in_keterangan] CSB/SYS/2604-9950 (id=74619, cabang=2, tgl=2026-02-20, keterangan='Ma/2602-0776; Keterangan : ;') | [seq_in_keterangan] CSB/SYS/2604-9619 (id=74288, cabang=2, tgl=2026-02-18, keterangan='IN/2602-0776; Keterangan : ;') | [seq_in_keterangan] CSB/SYS/2604-9529 (id=74198, cabang=2, tgl=2026-02-17, keterangan='SI/2602-0776; Keterangan : ;') | [seq_in_keterangan] SB/SYS/2602-0012 (id=29328, cabang=1, tgl=2026-02-20, keterangan='NS/2602-0776; Keterangan : ;') | [seq_in_keterangan] KRT/SYS/2602-7373 (id=17308, cabang=5, tgl=2026-02-11, keterangan='An/2602-0776; Keterangan : ;') | [seq_in_keterangan] KRT/SYS/2602-7000 (id=16935, cabang=5, tgl=2026-02-10, keterangan='Pa/2602-0776; Keterangan : ;') | [seq_in_keterangan] KRT/SYS/2602-6917 (id=16852, cabang=5, tgl=2026-02-10, keterangan='Wa/2602-0776; Keterangan : ;') | [seq_in_nobukti] KRT/SYS/2602-0776 (id=10711, cabang=5, tgl=2026-01-13, keterangan='Wa/2601-1012; Keterangan : ;') | [seq_in_keterangan] MDR/SYS/2602-4271 (id=9836, cabang=4, tgl=2026-02-18, keterangan='MR/2602-0776; Keterangan : ;') | [seq_in_keterangan] MDR/SYS/2602-4182 (id=9747, cabang=4, tgl=2026-02-17, keterangan='Md/2602-0776; Keterangan : ;') | [seq_in_nobukti] MDR/SYS/2602-0776 (id=5413, cabang=4, tgl=2026-01-11, keterangan='Md/2601-0429; Keterangan : ;') | [seq_in_nobukti] SB/FR/2602-0776 (id=4282, cabang=1, tgl=2026-02-08, keterangan='')"
CSB/IN/2602-0714,2602-0714,seq_in_nobukti,"[seq_in_keterangan] CSB/SYS/2604-9792 (id=74461, cabang=2, tgl=2026-02-19, keterangan='FZ/2602-0714; Keterangan : ;') | [seq_in_keterangan] CSB/SYS/2604-9570 (id=74239, cabang=2, tgl=2026-02-18, keterangan='Wl/2602-0714; Keterangan : ;') | [seq_in_keterangan] CSB/SYS/2604-9470 (id=74139, cabang=2, tgl=2026-02-17, keterangan='Ma/2602-0714; Keterangan : ;') | [seq_in_keterangan] CSB/SYS/2604-9297 (id=73966, cabang=2, tgl=2026-02-17, keterangan='IN/2602-0714; Keterangan : ;') | [seq_in_keterangan] CSB/SYS/2604-9283 (id=73952, cabang=2, tgl=2026-02-16, keterangan='SI/2602-0714; Keterangan : ;') | [seq_in_keterangan] KRT/SYS/2602-7079 (id=17014, cabang=5, tgl=2026-02-10, keterangan='An/2602-0714; Keterangan : ;') | [seq_in_keterangan] KRT/SYS/2602-6788 (id=16723, cabang=5, tgl=2026-02-09, keterangan='Pa/2602-0714; Keterangan : ;') | [seq_in_keterangan] KRT/SYS/2602-6639 (id=16574, cabang=5, tgl=2026-02-09, keterangan='Wa/2602-0714; Keterangan : ;') | [seq_in_nobukti] KRT/SYS/2602-0714 (id=10649, cabang=5, tgl=2026-01-13, keterangan='An/2601-0766; Keterangan : ;') | [seq_in_keterangan] MDR/SYS/2602-4139 (id=9704, cabang=4, tgl=2026-02-17, keterangan='MR/2602-0714; Keterangan : ;') | [seq_in_keterangan] MDR/SYS/2602-3974 (id=9539, cabang=4, tgl=2026-02-16, keterangan='Md/2602-0714; Keterangan : ;') | [seq_in_nobukti] MDR/SYS/2602-0714 (id=5351, cabang=4, tgl=2026-01-10, keterangan='Md/2601-0382; Keterangan : ;') | [seq_in_nobukti] SB/FR/2602-0714 (id=4220, cabang=1, tgl=2026-02-08, keterangan='')"
CSB/IN/2602-0791,2602-0791,seq_in_nobukti,"[seq_in_keterangan] CSB/SYS/2604-10258 (id=74927, cabang=2, tgl=2026-02-22, keterangan='Ma/2602-0791; Keterangan : ;') | [seq_in_keterangan] CSB/SYS/2604-10190 (id=74859, cabang=2, tgl=2026-02-22, keterangan='Wl/2602-0791; Keterangan : ;') | [seq_in_keterangan] CSB/SYS/2604-10120 (id=74789, cabang=2, tgl=2026-02-21, keterangan='FZ/2602-0791; Keterangan : ;') | [seq_in_keterangan] CSB/SYS/2604-9633 (id=74302, cabang=2, tgl=2026-02-18, keterangan='IN/2602-0791; Keterangan : ;') | [seq_in_keterangan] CSB/SYS/2604-9544 (id=74213, cabang=2, tgl=2026-02-17, keterangan='SI/2602-0791; Keterangan : ;') | [seq_in_keterangan] SB/SYS/2602-0027 (id=29343, cabang=1, tgl=2026-02-20, keterangan='NS/2602-0791; Keterangan : ;') | [seq_in_keterangan] KRT/SYS/2602-7388 (id=17323, cabang=5, tgl=2026-02-11, keterangan='An/2602-0791; Keterangan : ;') | [seq_in_keterangan] KRT/SYS/2602-7015 (id=16950, cabang=5, tgl=2026-02-10, keterangan='Pa/2602-0791; Keterangan : ;') | [seq_in_keterangan] KRT/SYS/2602-6932 (id=16867, cabang=5, tgl=2026-02-10, keterangan='Wa/2602-0791; Keterangan : ;') | [seq_in_nobukti] KRT/SYS/2602-0791 (id=10726, cabang=5, tgl=2026-01-13, keterangan='Wa/2601-1028; Keterangan : ;') | [seq_in_keterangan] MDR/SYS/2602-4286 (id=9851, cabang=4, tgl=2026-02-18, keterangan='MR/2602-0791; Keterangan : ;') | [seq_in_keterangan] MDR/SYS/2602-4197 (id=9762, cabang=4, tgl=2026-02-17, keterangan='Md/2602-0791; Keterangan : ;') | [seq_in_nobukti] MDR/SYS/2602-0791 (id=5428, cabang=4, tgl=2026-01-11, keterangan='MR/2601-0277; Keterangan : ;') | [seq_in_nobukti] SB/FR/2602-0791 (id=4297, cabang=1, tgl=2026-02-09, keterangan='')"
CSB/MA/2602-0716,2602-0716,seq_in_nobukti,"[seq_in_keterangan] CSB/SYS/2604-9794 (id=74463, cabang=2, tgl=2026-02-19, keterangan='FZ/2602-0716; Keterangan : ;') | [seq_in_keterangan] CSB/SYS/2604-9646 (id=74315, cabang=2, tgl=2026-02-18, keterangan='Ma/2602-0716; Keterangan : ;') | [seq_in_keterangan] CSB/SYS/2604-9572 (id=74241, cabang=2, tgl=2026-02-18, keterangan='Wl/2602-0716; Keterangan : ;') | [seq_in_keterangan] CSB/SYS/2604-9299 (id=73968, cabang=2, tgl=2026-02-17, keterangan='IN/2602-0716; Keterangan : ;') | [seq_in_keterangan] CSB/SYS/2604-9285 (id=73954, cabang=2, tgl=2026-02-16, keterangan='SI/2602-0716; Keterangan : ;') | [seq_in_keterangan] KRT/SYS/2602-7081 (id=17016, cabang=5, tgl=2026-02-10, keterangan='An/2602-0716; Keterangan : ;') | [seq_in_keterangan] KRT/SYS/2602-6790 (id=16725, cabang=5, tgl=2026-02-09, keterangan='Pa/2602-0716; Keterangan : ;') | [seq_in_keterangan] KRT/SYS/2602-6641 (id=16576, cabang=5, tgl=2026-02-09, keterangan='Wa/2602-0716; Keterangan : ;') | [seq_in_nobukti] KRT/SYS/2602-0716 (id=10651, cabang=5, tgl=2026-01-13, keterangan='An/2601-0768; Keterangan : ;') | [seq_in_keterangan] MDR/SYS/2602-4141 (id=9706, cabang=4, tgl=2026-02-17, keterangan='MR/2602-0716; Keterangan : ;') | [seq_in_keterangan] MDR/SYS/2602-3976 (id=9541, cabang=4, tgl=2026-02-16, keterangan='Md/2602-0716; Keterangan : ;') | [seq_in_nobukti] MDR/SYS/2602-0716 (id=5353, cabang=4, tgl=2026-01-10, keterangan='Md/2601-0384; Keterangan : ;') | [seq_in_nobukti] SB/FR/2602-0716 (id=4222, cabang=1, tgl=2026-02-08, keterangan='')"
CSB/WL/2602-0584,2602-0584,seq_in_nobukti,"[seq_in_keterangan] CSB/SYS/2604-8887 (id=73556, cabang=2, tgl=2026-02-15, keterangan='SI/2602-0584; Keterangan : ;') | [seq_in_keterangan] CSB/SYS/2604-8802 (id=73471, cabang=2, tgl=2026-02-15, keterangan='FZ/2602-0584; Keterangan : ;') | [seq_in_keterangan] CSB/SYS/2604-8720 (id=73389, cabang=2, tgl=2026-02-15, keterangan='Wl/2602-0584; Keterangan : ;') | [seq_in_keterangan] CSB/SYS/2604-8461 (id=73130, cabang=2, tgl=2026-02-14, keterangan='Ma/2602-0584; Keterangan : ;') | [seq_in_keterangan] CSB/SYS/2604-8421 (id=73090, cabang=2, tgl=2026-02-14, keterangan='IN/2602-0584; Keterangan : ;') | [seq_in_nobukti] SB/SYS/2602-0584 (id=34814, cabang=1, tgl=2026-02-26, keterangan='VX/2602-0328; Keterangan : ;') | [seq_in_keterangan] SB/SYS/2602-0566 (id=34796, cabang=1, tgl=2026-02-26, keterangan='WN/2602-0584; Keterangan : ;') | [seq_in_keterangan] KRT/SYS/2602-6571 (id=16506, cabang=5, tgl=2026-02-08, keterangan='An/2602-0584; Keterangan : ;') | [seq_in_keterangan] KRT/SYS/2602-6483 (id=16418, cabang=5, tgl=2026-02-08, keterangan='Pa/2602-0584; Keterangan : ;') | [seq_in_keterangan] KRT/SYS/2602-6178 (id=16113, cabang=5, tgl=2026-02-07, keterangan='Wa/2602-0584; Keterangan : ;') | [seq_in_nobukti] KRT/SYS/2602-0584 (id=10519, cabang=5, tgl=2026-01-12, keterangan='Wa/2601-0955; Keterangan : ;') | [seq_in_keterangan] MDR/SYS/2602-3814 (id=9379, cabang=4, tgl=2026-02-15, keterangan='MR/2602-0584; Keterangan : ;') | [seq_in_keterangan] MDR/SYS/2602-3762 (id=9327, cabang=4, tgl=2026-02-14, keterangan='Md/2602-0584; Keterangan : ;') | [seq_in_nobukti] MDR/SYS/2602-0584 (id=5221, cabang=4, tgl=2026-01-09, keterangan='MR/2601-0228; Keterangan : ;') | [seq_in_nobukti] SB/FR/2602-0584 (id=4068, cabang=1, tgl=2026-02-07, keterangan='')"
CSB/IN/2602-0851,2602-0851,seq_in_nobukti,"[seq_in_keterangan] CSB/SYS/2604-10512 (id=75181, cabang=2, tgl=2026-02-24, keterangan='Ma/2602-0851; Keterangan : ;') | [seq_in_keterangan] CSB/SYS/2604-10488 (id=75157, cabang=2, tgl=2026-02-24, keterangan='Wl/2602-0851; Keterangan : ;') | [seq_in_keterangan] CSB/SYS/2604-10407 (id=75076, cabang=2, tgl=2026-02-23, keterangan='FZ/2602-0851; Keterangan : ;') | [seq_in_keterangan] CSB/SYS/2604-10071 (id=74740, cabang=2, tgl=2026-02-21, keterangan='IN/2602-0851; Keterangan : ;') | [seq_in_keterangan] CSB/SYS/2604-9865 (id=74534, cabang=2, tgl=2026-02-19, keterangan='SI/2602-0851; Keterangan : ;') | [seq_in_keterangan] SB/SYS/2602-0164 (id=30409, cabang=1, tgl=2026-02-21, keterangan='NS/2602-0851; Keterangan : ;') | [seq_in_keterangan] MDR/SYS/2602-4452 (id=29974, cabang=4, tgl=2026-02-20, keterangan='MR/2602-0851; Keterangan : ;') | [seq_in_keterangan] KRT/SYS/2602-7447 (id=17382, cabang=5, tgl=2026-02-11, keterangan='An/2602-0851; Keterangan : ;') | [seq_in_keterangan] KRT/SYS/2602-7261 (id=17196, cabang=5, tgl=2026-02-11, keterangan='Wa/2602-0851; Keterangan : ;') | [seq_in_keterangan] KRT/SYS/2602-7151 (id=17086, cabang=5, tgl=2026-02-11, keterangan='Pa/2602-0851; Keterangan : ;') | [seq_in_nobukti] KRT/SYS/2602-0851 (id=10786, cabang=5, tgl=2026-01-13, keterangan='Pa/2601-0850; Keterangan : ;') | [seq_in_keterangan] MDR/SYS/2602-4317 (id=9882, cabang=4, tgl=2026-02-18, keterangan='Md/2602-0851; Keterangan : ;') | [seq_in_nobukti] MDR/SYS/2602-0851 (id=5488, cabang=4, tgl=2026-01-12, keterangan='MR/2601-0293; Keterangan : ;') | [seq_in_nobukti] SB/FR/2602-0851 (id=4357, cabang=1, tgl=2026-02-09, keterangan='')"
CSB/WL/2602-0959,2602-0959,seq_in_nobukti,"[seq_in_keterangan] CSB/SYS/2604-11128 (id=75797, cabang=2, tgl=2026-02-28, keterangan='Ma/2602-0959; Keterangan : ;') | [seq_in_keterangan] CSB/SYS/2604-11105 (id=75774, cabang=2, tgl=2026-02-28, keterangan='Wl/2602-0959; Keterangan : ;') | [seq_in_keterangan] CSB/SYS/2604-10848 (id=75517, cabang=2, tgl=2026-02-26, keterangan='FZ/2602-0959; Keterangan : ;') | [seq_in_keterangan] CSB/SYS/2604-10572 (id=75241, cabang=2, tgl=2026-02-24, keterangan='IN/2602-0959; Keterangan : ;') | [seq_in_keterangan] CSB/SYS/2604-10430 (id=75099, cabang=2, tgl=2026-02-23, keterangan='SI/2602-0959; Keterangan : ;') | [seq_in_keterangan] MDR/SYS/2602-4813 (id=32319, cabang=4, tgl=2026-02-24, keterangan='MR/2602-0959; Keterangan : ;') | [seq_in_keterangan] SB/SYS/2602-0366 (id=32046, cabang=1, tgl=2026-02-24, keterangan='NS/2602-0959; Keterangan : ;') | [seq_in_keterangan] MDR/SYS/2602-4499 (id=30021, cabang=4, tgl=2026-02-20, keterangan='Md/2602-0959; Keterangan : ;') | [seq_in_keterangan] KRT/SYS/2602-7764 (id=17699, cabang=5, tgl=2026-02-13, keterangan='An/2602-0959; Keterangan : ;') | [seq_in_keterangan] KRT/SYS/2602-7670 (id=17605, cabang=5, tgl=2026-02-12, keterangan='Pa/2602-0959; Keterangan : ;') | [seq_in_keterangan] KRT/SYS/2602-7367 (id=17302, cabang=5, tgl=2026-02-11, keterangan='Wa/2602-0959; Keterangan : ;') | [seq_in_nobukti] KRT/SYS/2602-0959 (id=10894, cabang=5, tgl=2026-01-14, keterangan='Wa/2601-1071; Keterangan : ;') | [seq_in_nobukti] MDR/SYS/2602-0959 (id=5596, cabang=4, tgl=2026-01-13, keterangan='Md/2601-0480; Keterangan : ;') | [seq_in_nobukti] SB/FR/2602-0959 (id=4465, cabang=1, tgl=2026-02-10, keterangan='')"
CSB/WL/2602-0839,2602-0839,seq_in_nobukti,"[seq_in_keterangan] CSB/SYS/2604-10466 (id=75135, cabang=2, tgl=2026-02-23, keterangan='Wl/2602-0839; Keterangan : ;') | [seq_in_keterangan] CSB/SYS/2604-10388 (id=75057, cabang=2, tgl=2026-02-23, keterangan='Ma/2602-0839; Keterangan : ;') | [seq_in_keterangan] CSB/SYS/2604-10307 (id=74976, cabang=2, tgl=2026-02-22, keterangan='FZ/2602-0839; Keterangan : ;') | [seq_in_keterangan] CSB/SYS/2604-10060 (id=74729, cabang=2, tgl=2026-02-21, keterangan='IN/2602-0839; Keterangan : ;') | [seq_in_keterangan] CSB/SYS/2604-9781 (id=74450, cabang=2, tgl=2026-02-18, keterangan='SI/2602-0839; Keterangan : ;') | [seq_in_keterangan] SB/SYS/2602-0152 (id=30397, cabang=1, tgl=2026-02-21, keterangan='NS/2602-0839; Keterangan : ;') | [seq_in_keterangan] MDR/SYS/2602-4440 (id=29962, cabang=4, tgl=2026-02-20, keterangan='MR/2602-0839; Keterangan : ;') | [seq_in_keterangan] KRT/SYS/2602-7458 (id=17393, cabang=5, tgl=2026-02-11, keterangan='Pa/2602-0839-01; Keterangan : (Revisi Dokumen Pa/2602-0839);') | [seq_in_keterangan] KRT/SYS/2602-7435 (id=17370, cabang=5, tgl=2026-02-11, keterangan='An/2602-0839; Keterangan : ;') | [seq_in_keterangan] KRT/SYS/2602-7250 (id=17185, cabang=5, tgl=2026-02-11, keterangan='Wa/2602-0839; Keterangan : ;') | [seq_in_nobukti] KRT/SYS/2602-0839 (id=10774, cabang=5, tgl=2026-01-13, keterangan='Pa/2601-0838; Keterangan : ;') | [seq_in_keterangan] MDR/SYS/2602-4305 (id=9870, cabang=4, tgl=2026-02-18, keterangan='Md/2602-0839; Keterangan : ;') | [seq_in_nobukti] MDR/SYS/2602-0839 (id=5476, cabang=4, tgl=2026-01-12, keterangan='Md/2601-0465; Keterangan : ;') | [seq_in_nobukti] SB/FR/2602-0839 (id=4345, cabang=1, tgl=2026-02-09, keterangan='')"
CSB/WL/2602-0826,2602-0826,seq_in_nobukti,"[seq_in_keterangan] CSB/SYS/2604-10375 (id=75044, cabang=2, tgl=2026-02-23, keterangan='Ma/2602-0826; Keterangan : ;') | [seq_in_keterangan] CSB/SYS/2604-10335 (id=75004, cabang=2, tgl=2026-02-23, keterangan='Wl/2602-0826; Keterangan : ;') | [seq_in_keterangan] CSB/SYS/2604-10217 (id=74886, cabang=2, tgl=2026-02-22, keterangan='FZ/2602-0826; Keterangan : ;') | [seq_in_keterangan] CSB/SYS/2604-9825 (id=74494, cabang=2, tgl=2026-02-19, keterangan='IN/2602-0826; Keterangan : ;') | [seq_in_keterangan] CSB/SYS/2604-9768 (id=74437, cabang=2, tgl=2026-02-18, keterangan='SI/2602-0826; Keterangan : ;') | [seq_in_keterangan] SB/SYS/2602-0139 (id=30384, cabang=1, tgl=2026-02-21, keterangan='NS/2602-0826; Keterangan : ;') | [seq_in_keterangan] MDR/SYS/2602-4397 (id=29540, cabang=4, tgl=2026-02-19, keterangan='MR/2602-0826; Keterangan : ;') | [seq_in_keterangan] KRT/SYS/2602-7423 (id=17358, cabang=5, tgl=2026-02-11, keterangan='An/2602-0826; Keterangan : ;') | [seq_in_keterangan] KRT/SYS/2602-7050 (id=16985, cabang=5, tgl=2026-02-10, keterangan='Pa/2602-0826; Keterangan : ;') | [seq_in_keterangan] KRT/SYS/2602-6967 (id=16902, cabang=5, tgl=2026-02-10, keterangan='Wa/2602-0826; Keterangan : ;') | [seq_in_nobukti] KRT/SYS/2602-0826 (id=10761, cabang=5, tgl=2026-01-13, keterangan='Wa/2601-1063; Keterangan : ;') | [seq_in_keterangan] MDR/SYS/2602-4231 (id=9796, cabang=4, tgl=2026-02-17, keterangan='Md/2602-0826; Keterangan : ;') | [seq_in_nobukti] MDR/SYS/2602-0826 (id=5463, cabang=4, tgl=2026-01-12, keterangan='Md/2601-0451; Keterangan : ;') | [seq_in_nobukti] SB/FR/2602-0826 (id=4332, cabang=1, tgl=2026-02-09, keterangan='')"
CSB/WL/2602-0939,2602-0939,seq_in_nobukti,"[seq_in_keterangan] CSB/SYS/2604-10983 (id=75652, cabang=2, tgl=2026-02-27, keterangan='Ma/2602-0939; Keterangan : ;') | [seq_in_keterangan] CSB/SYS/2604-10961 (id=75630, cabang=2, tgl=2026-02-27, keterangan='Wl/2602-0939; Keterangan : ;') | [seq_in_keterangan] CSB/SYS/2604-10761 (id=75430, cabang=2, tgl=2026-02-25, keterangan='FZ/2602-0939; Keterangan : ;') | [seq_in_keterangan] CSB/SYS/2604-10552 (id=75221, cabang=2, tgl=2026-02-24, keterangan='IN/2602-0939; Keterangan : ;') | [seq_in_keterangan] CSB/SYS/2604-10279 (id=74948, cabang=2, tgl=2026-02-22, keterangan='SI/2602-0939; Keterangan : ;') | [seq_in_keterangan] SB/SYS/2602-0346 (id=32026, cabang=1, tgl=2026-02-24, keterangan='NS/2602-0939; Keterangan : ;') | [seq_in_keterangan] MDR/SYS/2602-4741 (id=31788, cabang=4, tgl=2026-02-23, keterangan='MR/2602-0939; Keterangan : ;') | [seq_in_keterangan] MDR/SYS/2602-4479 (id=30001, cabang=4, tgl=2026-02-20, keterangan='Md/2602-0939; Keterangan : ;') | [seq_in_keterangan] KRT/SYS/2602-7542 (id=17477, cabang=5, tgl=2026-02-12, keterangan='An/2602-0939; Keterangan : ;') | [seq_in_keterangan] KRT/SYS/2602-7347 (id=17282, cabang=5, tgl=2026-02-11, keterangan='Wa/2602-0939; Keterangan : ;') | [seq_in_keterangan] KRT/SYS/2602-7239 (id=17174, cabang=5, tgl=2026-02-11, keterangan='Pa/2602-0939; Keterangan : ;') | [seq_in_nobukti] KRT/SYS/2602-0939 (id=10874, cabang=5, tgl=2026-01-13, keterangan='An/2601-0800; Keterangan : ;') | [seq_in_nobukti] MDR/SYS/2602-0939 (id=5576, cabang=4, tgl=2026-01-13, keterangan='MR/2601-0368; Keterangan : ;') | [seq_in_nobukti] SB/FR/2602-0939 (id=4445, cabang=1, tgl=2026-02-10, keterangan='')"
CSB/WL/2602-0907,2602-0907,seq_in_nobukti,"[seq_in_keterangan] CSB/SYS/2604-10883 (id=75552, cabang=2, tgl=2026-02-26, keterangan='Ma/2602-0907; Keterangan : ;') | [seq_in_keterangan] CSB/SYS/2604-10829 (id=75498, cabang=2, tgl=2026-02-26, keterangan='Wl/2602-0907; Keterangan : ;') | [seq_in_keterangan] CSB/SYS/2604-10660 (id=75329, cabang=2, tgl=2026-02-25, keterangan='FZ/2602-0907; Keterangan : ;') | [seq_in_keterangan] CSB/SYS/2604-10448 (id=75117, cabang=2, tgl=2026-02-23, keterangan='IN/2602-0907; Keterangan : ;') | [seq_in_keterangan] CSB/SYS/2604-10149 (id=74818, cabang=2, tgl=2026-02-21, keterangan='SI/2602-0907; Keterangan : ;') | [seq_in_keterangan] SB/SYS/2602-0299 (id=31536, cabang=1, tgl=2026-02-23, keterangan='NS/2602-0907; Keterangan : ;') | [seq_in_keterangan] MDR/SYS/2602-4648 (id=31244, cabang=4, tgl=2026-02-22, keterangan='MR/2602-0907; Keterangan : ;') | [seq_in_keterangan] MDR/SYS/2602-4417 (id=29560, cabang=4, tgl=2026-02-19, keterangan='Md/2602-0907; Keterangan : ;') | [seq_in_keterangan] KRT/SYS/2602-7510 (id=17445, cabang=5, tgl=2026-02-12, keterangan='An/2602-0907; Keterangan : ;') | [seq_in_keterangan] KRT/SYS/2602-7316 (id=17251, cabang=5, tgl=2026-02-11, keterangan='Wa/2602-0907; Keterangan : ;') | [seq_in_keterangan] KRT/SYS/2602-7207 (id=17142, cabang=5, tgl=2026-02-11, keterangan='Pa/2602-0907; Keterangan : ;') | [seq_in_nobukti] KRT/SYS/2602-0907 (id=10842, cabang=5, tgl=2026-01-13, keterangan='Pa/2601-0906; Keterangan : ;') | [seq_in_nobukti] MDR/SYS/2602-0907 (id=5544, cabang=4, tgl=2026-01-12, keterangan='GI/2601-0109; Keterangan : ;') | [seq_in_nobukti] SB/FR/2602-0907 (id=4413, cabang=1, tgl=2026-02-10, keterangan='')"
CSB/WL/2603-0047,2603-0047,seq_in_nobukti,"[seq_in_keterangan] CSB/SYS/2604-11932 (id=76601, cabang=2, tgl=2026-03-05, keterangan='UW/2603-0047; Keterangan : ;') | [seq_in_keterangan] CSB/SYS/2604-11747 (id=76416, cabang=2, tgl=2026-03-03, keterangan='FZ/2603-0047; Keterangan : ;') | [seq_in_keterangan] CSB/SYS/2604-11607 (id=76276, cabang=2, tgl=2026-03-02, keterangan='SI/2603-0047; Keterangan : ;') | [seq_in_keterangan] CSB/SYS/2604-11498 (id=76167, cabang=2, tgl=2026-03-02, keterangan='IN/2603-0047; Keterangan : ;') | [seq_in_keterangan] CSB/SYS/2604-11482 (id=76151, cabang=2, tgl=2026-03-02, keterangan='Ma/2603-0047; Keterangan : ;') | [seq_in_keterangan] CSB/SYS/2604-11465 (id=76134, cabang=2, tgl=2026-03-02, keterangan='Wl/2603-0047; Keterangan : ;') | [seq_in_nobukti] MDR/RA/2603-0047 (id=53766, cabang=4, tgl=2026-03-29, keterangan='') | [seq_in_nobukti] MDR/OC/2603-0047 (id=53724, cabang=4, tgl=2026-03-29, keterangan='') | [seq_in_nobukti] MDR/ARV/2603-0047 (id=53686, cabang=4, tgl=2026-03-29, keterangan='') | [seq_in_keterangan] KRT/SYS/2603-6644 (id=52000, cabang=5, tgl=2026-03-25, keterangan='VA/2603-0047; Keterangan : ;') | [seq_in_nobukti] SB/PT/2603-0047 (id=42743, cabang=1, tgl=2026-03-08, keterangan='') | [seq_in_nobukti] SB/WS/2603-0047 (id=41963, cabang=1, tgl=2026-03-07, keterangan='') | [seq_in_keterangan] MDR/SYS/2603-0484 (id=40651, cabang=4, tgl=2026-03-04, keterangan='GI/2603-0047; Keterangan : ;') | [seq_in_nobukti] SB/V2/2603-0047 (id=37898, cabang=1, tgl=2026-03-03, keterangan='') | [seq_in_nobukti] SB/NI/2603-0047 (id=37836, cabang=1, tgl=2026-03-03, keterangan='') | [seq_in_keterangan] KRT/SYS/2603-0651 (id=37749, cabang=5, tgl=2026-03-02, keterangan='Pa/2603-0047; Keterangan : ;') | [seq_in_keterangan] MDR/SYS/2603-0230 (id=37432, cabang=4, tgl=2026-03-02, keterangan='MR/2603-0047; Keterangan : ;') | [seq_in_keterangan] KRT/SYS/2603-0384 (id=37118, cabang=5, tgl=2026-03-01, keterangan='An/2603-0047; Keterangan : ;') | [seq_in_keterangan] KRT/SYS/2603-0311 (id=37045, cabang=5, tgl=2026-03-01, keterangan='Wa/2603-0047; Keterangan : ;') | [seq_in_keterangan] MDR/SYS/2603-0197 (id=36972, cabang=4, tgl=2026-03-01, keterangan='Md/2603-0047; Keterangan : ;') | [seq_in_nobukti] KRT/SYS/2603-0047 (id=36381, cabang=5, tgl=2026-02-28, keterangan='An/2602-2104; Keterangan : ;') | [seq_in_nobukti] MDR/SYS/2603-0047 (id=36273, cabang=4, tgl=2026-02-28, keterangan='Md/2602-1257; Keterangan : ;') | [seq_in_nobukti] SB/SYS/2603-0047 (id=35960, cabang=1, tgl=2026-02-28, keterangan='NS/2602-1089; Keterangan : ;')"
CSB/WL/2603-0033,2603-0033,seq_in_nobukti,"[seq_in_keterangan] CSB/SYS/2604-11864 (id=76533, cabang=2, tgl=2026-03-04, keterangan='UW/2603-0033; Keterangan : ;') | [seq_in_keterangan] CSB/SYS/2604-11563 (id=76232, cabang=2, tgl=2026-03-02, keterangan='FZ/2603-0033; Keterangan : ;') | [seq_in_keterangan] CSB/SYS/2604-11458 (id=76127, cabang=2, tgl=2026-03-01, keterangan='SI/2603-0033; Keterangan : ;') | [seq_in_keterangan] CSB/SYS/2604-11409 (id=76078, cabang=2, tgl=2026-03-01, keterangan='Wl/2603-0033; Keterangan : ;') | [seq_in_keterangan] CSB/SYS/2604-11404 (id=76073, cabang=2, tgl=2026-03-01, keterangan='Ma/2603-0033; Keterangan : ;') | [seq_in_keterangan] CSB/SYS/2604-11354 (id=76023, cabang=2, tgl=2026-03-01, keterangan='IN/2603-0033; Keterangan : ;') | [seq_in_nobukti] MDR/RA/2603-0033 (id=53752, cabang=4, tgl=2026-03-29, keterangan='') | [seq_in_nobukti] MDR/ARV/2603-0033 (id=52960, cabang=4, tgl=2026-03-28, keterangan='') | [seq_in_nobukti] MDR/OC/2603-0033 (id=52924, cabang=4, tgl=2026-03-28, keterangan='') | [seq_in_keterangan] KRT/SYS/2603-6257 (id=50042, cabang=5, tgl=2026-03-17, keterangan='VA/2603-0033; Keterangan : ;') | [seq_in_nobukti] SB/PT/2603-0033 (id=41887, cabang=1, tgl=2026-03-07, keterangan='leaway') | [seq_in_nobukti] SB/WS/2603-0033 (id=41291, cabang=1, tgl=2026-03-06, keterangan='') | [seq_in_keterangan] MDR/SYS/2603-0390 (id=38115, cabang=4, tgl=2026-03-03, keterangan='GI/2603-0033; Keterangan : ;') | [seq_in_nobukti] SB/V2/2603-0033 (id=37884, cabang=1, tgl=2026-03-03, keterangan='') | [seq_in_nobukti] SB/NI/2603-0033 (id=37822, cabang=1, tgl=2026-03-03, keterangan='') | [seq_in_keterangan] KRT/SYS/2603-0638 (id=37736, cabang=5, tgl=2026-03-02, keterangan='Pa/2603-0033; Keterangan : ;') | [seq_in_keterangan] KRT/SYS/2603-0370 (id=37104, cabang=5, tgl=2026-03-01, keterangan='An/2603-0033; Keterangan : ;') | [seq_in_keterangan] KRT/SYS/2603-0297 (id=37031, cabang=5, tgl=2026-03-01, keterangan='Wa/2603-0033; Keterangan : ;') | [seq_in_keterangan] MDR/SYS/2603-0183 (id=36958, cabang=4, tgl=2026-03-01, keterangan='Md/2603-0033; Keterangan : ;') | [seq_in_keterangan] MDR/SYS/2603-0141 (id=36916, cabang=4, tgl=2026-03-01, keterangan='MR/2603-0033; Keterangan : ;') | [seq_in_keterangan] SB/SYS/2603-0212 (id=36696, cabang=1, tgl=2026-03-01, keterangan='NS/2603-0033; Keterangan : ;') | [seq_in_keterangan] SB/SYS/2603-0149 (id=36633, cabang=1, tgl=2026-03-01, keterangan='VX/2603-0033; Keterangan : ;') | [seq_in_nobukti] KRT/SYS/2603-0033 (id=36367, cabang=5, tgl=2026-02-28, keterangan='An/2602-2090; Keterangan : ;') | [seq_in_nobukti] MDR/SYS/2603-0033 (id=36259, cabang=4, tgl=2026-02-28, keterangan='MR/2602-1080; Keterangan : ;') | [seq_in_nobukti] SB/SYS/2603-0033 (id=35946, cabang=1, tgl=2026-02-28, keterangan='WN/2602-0589; Keterangan : ;')"
CSB/WL/2602-0973,2602-0973,seq_in_nobukti,"[seq_in_keterangan] CSB/SYS/2604-11142 (id=75811, cabang=2, tgl=2026-02-28, keterangan='Ma/2602-0973; Keterangan : ;') | [seq_in_keterangan] CSB/SYS/2604-11119 (id=75788, cabang=2, tgl=2026-02-28, keterangan='Wl/2602-0973; Keterangan : ;') | [seq_in_keterangan] CSB/SYS/2604-10862 (id=75531, cabang=2, tgl=2026-02-26, keterangan='FZ/2602-0973; Keterangan : ;') | [seq_in_keterangan] CSB/SYS/2604-10692 (id=75361, cabang=2, tgl=2026-02-25, keterangan='IN/2602-0973; Keterangan : ;') | [seq_in_keterangan] CSB/SYS/2604-10444 (id=75113, cabang=2, tgl=2026-02-23, keterangan='SI/2602-0973; Keterangan : ;') | [seq_in_keterangan] MDR/SYS/2602-4827 (id=32333, cabang=4, tgl=2026-02-24, keterangan='MR/2602-0973; Keterangan : ;') | [seq_in_keterangan] SB/SYS/2602-0379 (id=32059, cabang=1, tgl=2026-02-24, keterangan='NS/2602-0973; Keterangan : ;') | [seq_in_keterangan] MDR/SYS/2602-4523 (id=30598, cabang=4, tgl=2026-02-21, keterangan='Md/2602-0973; Keterangan : ;') | [seq_in_keterangan] KRT/SYS/2602-7778 (id=17713, cabang=5, tgl=2026-02-13, keterangan='An/2602-0973; Keterangan : ;') | [seq_in_keterangan] KRT/SYS/2602-7684 (id=17619, cabang=5, tgl=2026-02-12, keterangan='Pa/2602-0973; Keterangan : ;') | [seq_in_keterangan] KRT/SYS/2602-7555 (id=17490, cabang=5, tgl=2026-02-12, keterangan='Wa/2602-0973; Keterangan : ;') | [seq_in_nobukti] KRT/SYS/2602-0973 (id=10908, cabang=5, tgl=2026-01-14, keterangan='Wa/2601-1085; Keterangan : ;') | [seq_in_nobukti] MDR/SYS/2602-0973 (id=5610, cabang=4, tgl=2026-01-13, keterangan='Md/2601-0494; Keterangan : ;') | [seq_in_nobukti] SB/FR/2602-0973 (id=4479, cabang=1, tgl=2026-02-10, keterangan='')"
CSB/MA/2603-0066,2603-0066,seq_in_nobukti,"[seq_in_keterangan] CSB/SYS/2604-12275 (id=76944, cabang=2, tgl=2026-03-07, keterangan='UW/2603-0066; Keterangan : ;') | [seq_in_keterangan] CSB/SYS/2604-11843 (id=76512, cabang=2, tgl=2026-03-04, keterangan='FZ/2603-0066; Keterangan : ;') | [seq_in_keterangan] CSB/SYS/2604-11723 (id=76392, cabang=2, tgl=2026-03-03, keterangan='SI/2603-0066; Keterangan : ;') | [seq_in_keterangan] CSB/SYS/2604-11589 (id=76258, cabang=2, tgl=2026-03-02, keterangan='Wl/2603-0066; Keterangan : ;') | [seq_in_keterangan] CSB/SYS/2604-11578 (id=76247, cabang=2, tgl=2026-03-02, keterangan='Ma/2603-0066; Keterangan : ;') | [seq_in_keterangan] CSB/SYS/2604-11517 (id=76186, cabang=2, tgl=2026-03-02, keterangan='IN/2603-0066; Keterangan : ;') | [seq_in_nobukti] MDR/RA/2603-0066 (id=53785, cabang=4, tgl=2026-03-29, keterangan='') | [seq_in_nobukti] MDR/OC/2603-0066 (id=53743, cabang=4, tgl=2026-03-29, keterangan='') | [seq_in_nobukti] MDR/ARV/2603-0066 (id=53705, cabang=4, tgl=2026-03-29, keterangan='') | [seq_in_keterangan] KRT/SYS/2603-6663 (id=52019, cabang=5, tgl=2026-03-25, keterangan='VA/2603-0066; Keterangan : ;') | [seq_in_nobukti] SB/PT/2603-0066 (id=44351, cabang=1, tgl=2026-03-11, keterangan='') | [seq_in_nobukti] SB/WS/2603-0066 (id=41982, cabang=1, tgl=2026-03-07, keterangan='') | [seq_in_nobukti] SB/NI/2603-0066 (id=40337, cabang=1, tgl=2026-03-04, keterangan='') | [seq_in_nobukti] SB/V2/2603-0066 (id=38397, cabang=1, tgl=2026-03-04, keterangan='') | [seq_in_keterangan] KRT/SYS/2603-0670 (id=37768, cabang=5, tgl=2026-03-02, keterangan='Pa/2603-0066; Keterangan : ;') | [seq_in_keterangan] KRT/SYS/2603-0427 (id=37525, cabang=5, tgl=2026-03-02, keterangan='An/2603-0066; Keterangan : ;') | [seq_in_keterangan] MDR/SYS/2603-0276 (id=37478, cabang=4, tgl=2026-03-02, keterangan='Md/2603-0066; Keterangan : ;') | [seq_in_keterangan] MDR/SYS/2603-0249 (id=37451, cabang=4, tgl=2026-03-02, keterangan='MR/2603-0066; Keterangan : ;') | [seq_in_keterangan] KRT/SYS/2603-0329 (id=37063, cabang=5, tgl=2026-03-01, keterangan='Wa/2603-0066; Keterangan : ;') | [seq_in_nobukti] KRT/SYS/2603-0066 (id=36400, cabang=5, tgl=2026-02-28, keterangan='An/2602-2124; Keterangan : ;') | [seq_in_nobukti] MDR/SYS/2603-0066 (id=36292, cabang=4, tgl=2026-02-28, keterangan='Md/2602-1276; Keterangan : ;') | [seq_in_nobukti] SB/SYS/2603-0066 (id=35979, cabang=1, tgl=2026-02-28, keterangan='NS/2602-1109; Keterangan : ;')"
CSB/WL/2603-0010,2603-0010,seq_in_nobukti,"[seq_in_keterangan] CSB/SYS/2604-11709 (id=76378, cabang=2, tgl=2026-03-03, keterangan='UW/2603-0010; Keterangan : ;') | [seq_in_keterangan] CSB/SYS/2604-11540 (id=76209, cabang=2, tgl=2026-03-02, keterangan='FZ/2603-0010; Keterangan : ;') | [seq_in_keterangan] CSB/SYS/2604-11435 (id=76104, cabang=2, tgl=2026-03-01, keterangan='SI/2603-0010; Keterangan : ;') | [seq_in_keterangan] CSB/SYS/2604-11373 (id=76042, cabang=2, tgl=2026-03-01, keterangan='Ma/2603-0010; Keterangan : ;') | [seq_in_keterangan] CSB/SYS/2604-11331 (id=76000, cabang=2, tgl=2026-03-01, keterangan='IN/2603-0010; Keterangan : ;') | [seq_in_keterangan] CSB/SYS/2604-11304 (id=75973, cabang=2, tgl=2026-03-01, keterangan='Wl/2603-0010; Keterangan : ;') | [seq_in_nobukti] MDR/ARV/2603-0010 (id=52937, cabang=4, tgl=2026-03-28, keterangan='') | [seq_in_nobukti] MDR/OC/2603-0010 (id=52901, cabang=4, tgl=2026-03-28, keterangan='') | [seq_in_nobukti] MDR/RA/2603-0010 (id=52873, cabang=4, tgl=2026-03-28, keterangan='') | [seq_in_keterangan] MDR/SYS/2603-0813 (id=42342, cabang=4, tgl=2026-03-07, keterangan='CS/2603-0010; Keterangan : ;') | [seq_in_keterangan] KRT/SYS/2603-3128 (id=41594, cabang=5, tgl=2026-03-06, keterangan='VA/2603-0010; Keterangan : ;') | [seq_in_nobukti] SB/WS/2603-0010 (id=41165, cabang=1, tgl=2026-03-06, keterangan='') | [seq_in_nobukti] SB/PT/2603-0010 (id=40296, cabang=1, tgl=2026-03-04, keterangan='') | [seq_in_nobukti] SB/V2/2603-0010 (id=37861, cabang=1, tgl=2026-03-03, keterangan='') | [seq_in_nobukti] SB/NI/2603-0010 (id=37799, cabang=1, tgl=2026-03-03, keterangan='') | [seq_in_keterangan] KRT/SYS/2603-0409 (id=37143, cabang=5, tgl=2026-03-01, keterangan='Pa/2603-0010; Keterangan : ;') | [seq_in_keterangan] KRT/SYS/2603-0349 (id=37083, cabang=5, tgl=2026-03-01, keterangan='An/2603-0010; Keterangan : ;') | [seq_in_keterangan] KRT/SYS/2603-0276 (id=37010, cabang=5, tgl=2026-03-01, keterangan='Wa/2603-0010; Keterangan : ;') | [seq_in_keterangan] MDR/SYS/2603-0221 (id=36996, cabang=4, tgl=2026-03-01, keterangan='GI/2603-0010; Keterangan : ;') | [seq_in_keterangan] MDR/SYS/2603-0160 (id=36935, cabang=4, tgl=2026-03-01, keterangan='Md/2603-0010; Keterangan : ;') | [seq_in_keterangan] MDR/SYS/2603-0118 (id=36893, cabang=4, tgl=2026-03-01, keterangan='MR/2603-0010; Keterangan : ;') | [seq_in_keterangan] SB/SYS/2603-0190 (id=36674, cabang=1, tgl=2026-03-01, keterangan='NS/2603-0010; Keterangan : ;') | [seq_in_keterangan] SB/SYS/2603-0159 (id=36643, cabang=1, tgl=2026-03-01, keterangan='WN/2603-0010; Keterangan : ;') | [seq_in_keterangan] SB/SYS/2603-0126 (id=36610, cabang=1, tgl=2026-03-01, keterangan='VX/2603-0010; Keterangan : ;') | [seq_in_nobukti] KRT/SYS/2603-0010 (id=36344, cabang=5, tgl=2026-02-28, keterangan='An/2602-2066; Keterangan : ;') | [seq_in_nobukti] MDR/SYS/2603-0010 (id=36236, cabang=4, tgl=2026-02-28, keterangan='MR/2602-1057; Keterangan : ;') | [seq_in_nobukti] SB/SYS/2603-0010 (id=35923, cabang=1, tgl=2026-02-28, keterangan='VX/2602-0361; Keterangan : ;')"
CSB/WL/2603-0058,2603-0058,seq_in_nobukti,"[seq_in_keterangan] CSB/SYS/2604-12204 (id=76873, cabang=2, tgl=2026-03-06, keterangan='UW/2603-0058; Keterangan : ;') | [seq_in_keterangan] CSB/SYS/2604-11758 (id=76427, cabang=2, tgl=2026-03-03, keterangan='FZ/2603-0058; Keterangan : ;') | [seq_in_keterangan] CSB/SYS/2604-11617 (id=76286, cabang=2, tgl=2026-03-02, keterangan='SI/2603-0058; Keterangan : ;') | [seq_in_keterangan] CSB/SYS/2604-11570 (id=76239, cabang=2, tgl=2026-03-02, keterangan='Wl/2603-0058; Keterangan : ;') | [seq_in_keterangan] CSB/SYS/2604-11509 (id=76178, cabang=2, tgl=2026-03-02, keterangan='IN/2603-0058; Keterangan : ;') | [seq_in_keterangan] CSB/SYS/2604-11492 (id=76161, cabang=2, tgl=2026-03-02, keterangan='Ma/2603-0058; Keterangan : ;') | [seq_in_nobukti] MDR/RA/2603-0058 (id=53777, cabang=4, tgl=2026-03-29, keterangan='') | [seq_in_nobukti] MDR/OC/2603-0058 (id=53735, cabang=4, tgl=2026-03-29, keterangan='') | [seq_in_nobukti] MDR/ARV/2603-0058 (id=53697, cabang=4, tgl=2026-03-29, keterangan='') | [seq_in_keterangan] KRT/SYS/2603-6655 (id=52011, cabang=5, tgl=2026-03-25, keterangan='VA/2603-0058; Keterangan : ;') | [seq_in_keterangan] MDR/SYS/2603-1509 (id=47609, cabang=4, tgl=2026-03-05, keterangan='GI/2603-0058; Keterangan : ;') | [seq_in_nobukti] SB/PT/2603-0058 (id=43530, cabang=1, tgl=2026-03-10, keterangan='') | [seq_in_nobukti] SB/WS/2603-0058 (id=41974, cabang=1, tgl=2026-03-07, keterangan='') | [seq_in_nobukti] SB/V2/2603-0058 (id=38389, cabang=1, tgl=2026-03-04, keterangan='') | [seq_in_nobukti] SB/NI/2603-0058 (id=37847, cabang=1, tgl=2026-03-03, keterangan='') | [seq_in_keterangan] KRT/SYS/2603-0662 (id=37760, cabang=5, tgl=2026-03-02, keterangan='Pa/2603-0058; Keterangan : ;') | [seq_in_keterangan] MDR/SYS/2603-0241 (id=37443, cabang=4, tgl=2026-03-02, keterangan='MR/2603-0058; Keterangan : ;') | [seq_in_keterangan] KRT/SYS/2603-0394 (id=37128, cabang=5, tgl=2026-03-01, keterangan='An/2603-0058; Keterangan : ;') | [seq_in_keterangan] KRT/SYS/2603-0321 (id=37055, cabang=5, tgl=2026-03-01, keterangan='Wa/2603-0058; Keterangan : ;') | [seq_in_keterangan] MDR/SYS/2603-0208 (id=36983, cabang=4, tgl=2026-03-01, keterangan='Md/2603-0058; Keterangan : ;') | [seq_in_nobukti] KRT/SYS/2603-0058 (id=36392, cabang=5, tgl=2026-02-28, keterangan='An/2602-2116; Keterangan : ;') | [seq_in_nobukti] MDR/SYS/2603-0058 (id=36284, cabang=4, tgl=2026-02-28, keterangan='Md/2602-1268; Keterangan : ;') | [seq_in_nobukti] SB/SYS/2603-0058 (id=35971, cabang=1, tgl=2026-02-28, keterangan='NS/2602-1100; Keterangan : ;')"
CSB/WL/2603-0100,2603-0100,seq_in_nobukti,"[seq_in_keterangan] CSB/SYS/2604-13281 (id=77950, cabang=2, tgl=2026-03-11, keterangan='UW/2603-0100; Keterangan : ;') | [seq_in_keterangan] CSB/SYS/2604-12038 (id=76707, cabang=2, tgl=2026-03-05, keterangan='FZ/2603-0100; Keterangan : ;') | [seq_in_keterangan] CSB/SYS/2604-11918 (id=76587, cabang=2, tgl=2026-03-04, keterangan='SI/2603-0100; Keterangan : ;') | [seq_in_keterangan] CSB/SYS/2604-11879 (id=76548, cabang=2, tgl=2026-03-04, keterangan='Wl/2603-0100; Keterangan : ;') | [seq_in_keterangan] CSB/SYS/2604-11684 (id=76353, cabang=2, tgl=2026-03-03, keterangan='Ma/2603-0100; Keterangan : ;') | [seq_in_keterangan] CSB/SYS/2604-11650 (id=76319, cabang=2, tgl=2026-03-03, keterangan='IN/2603-0100; Keterangan : ;') | [seq_in_nobukti] MDR/RA/2603-0100 (id=54799, cabang=4, tgl=2026-03-31, keterangan='') | [seq_in_nobukti] MDR/OC/2603-0100 (id=54721, cabang=4, tgl=2026-03-31, keterangan='') | [seq_in_nobukti] MDR/ARV/2603-0100 (id=54196, cabang=4, tgl=2026-03-30, keterangan='') | [seq_in_keterangan] KRT/SYS/2603-7712 (id=53581, cabang=5, tgl=2026-03-28, keterangan='VA/2603-0100; Keterangan : ;') | [seq_in_nobukti] SB/PT/2603-0100 (id=47022, cabang=1, tgl=2026-03-14, keterangan='') | [seq_in_nobukti] SB/WS/2603-0100 (id=42676, cabang=1, tgl=2026-03-08, keterangan='') | [seq_in_keterangan] MDR/SYS/2603-0792 (id=42321, cabang=4, tgl=2026-03-07, keterangan='GI/2603-0100; Keterangan : ;') | [seq_in_nobukti] SB/NI/2603-0100 (id=40371, cabang=1, tgl=2026-03-04, keterangan='') | [seq_in_nobukti] SB/V2/2603-0100 (id=40322, cabang=1, tgl=2026-03-04, keterangan='') | [seq_in_keterangan] KRT/SYS/2603-0706 (id=38134, cabang=5, tgl=2026-03-03, keterangan='Pa/2603-0100; Keterangan : ;') | [seq_in_keterangan] MDR/SYS/2603-0356 (id=38081, cabang=4, tgl=2026-03-03, keterangan='Md/2603-0100; Keterangan : ;') | [seq_in_keterangan] MDR/SYS/2603-0332 (id=38057, cabang=4, tgl=2026-03-03, keterangan='MR/2603-0100; Keterangan : ;') | [seq_in_keterangan] KRT/SYS/2603-0532 (id=37630, cabang=5, tgl=2026-03-02, keterangan='Wa/2603-0100; Keterangan : ;') | [seq_in_keterangan] KRT/SYS/2603-0460 (id=37558, cabang=5, tgl=2026-03-02, keterangan='An/2603-0100; Keterangan : ;') | [seq_in_nobukti] KRT/SYS/2603-0100 (id=36434, cabang=5, tgl=2026-02-28, keterangan='Wa/2602-2328; Keterangan : ;') | [seq_in_nobukti] MDR/SYS/2603-0100 (id=36326, cabang=4, tgl=2026-02-28, keterangan='GI/2602-0379; Keterangan : ;') | [seq_in_nobukti] SB/SYS/2603-0100 (id=36013, cabang=1, tgl=2026-02-28, keterangan='NS/2602-1143; Keterangan : ;')"
CSB/WL/2603-0084,2603-0084,seq_in_nobukti,"[seq_in_keterangan] CSB/SYS/2604-12623 (id=77292, cabang=2, tgl=2026-03-08, keterangan='UW/2603-0084; Keterangan : ;') | [seq_in_keterangan] CSB/SYS/2604-12022 (id=76691, cabang=2, tgl=2026-03-05, keterangan='FZ/2603-0084; Keterangan : ;') | [seq_in_keterangan] CSB/SYS/2604-11902 (id=76571, cabang=2, tgl=2026-03-04, keterangan='SI/2603-0084; Keterangan : ;') | [seq_in_keterangan] CSB/SYS/2604-11760 (id=76429, cabang=2, tgl=2026-03-03, keterangan='Wl/2603-0084; Keterangan : ;') | [seq_in_keterangan] CSB/SYS/2604-11668 (id=76337, cabang=2, tgl=2026-03-03, keterangan='Ma/2603-0084; Keterangan : ;') | [seq_in_keterangan] CSB/SYS/2604-11635 (id=76304, cabang=2, tgl=2026-03-03, keterangan='IN/2603-0084; Keterangan : ;') | [seq_in_nobukti] MDR/RA/2603-0084 (id=54212, cabang=4, tgl=2026-03-30, keterangan='') | [seq_in_nobukti] MDR/ARV/2603-0084 (id=54180, cabang=4, tgl=2026-03-30, keterangan='') | [seq_in_nobukti] MDR/OC/2603-0084 (id=54159, cabang=4, tgl=2026-03-30, keterangan='') | [seq_in_keterangan] KRT/SYS/2603-6916 (id=52272, cabang=5, tgl=2026-03-26, keterangan='VA/2603-0084; Keterangan : ;') | [seq_in_nobukti] SB/PT/2603-0084 (id=45173, cabang=1, tgl=2026-03-12, keterangan='') | [seq_in_nobukti] SB/WS/2603-0084 (id=42000, cabang=1, tgl=2026-03-07, keterangan='') | [seq_in_keterangan] MDR/SYS/2603-0697 (id=41581, cabang=4, tgl=2026-03-06, keterangan='GI/2603-0084; Keterangan : ;') | [seq_in_nobukti] SB/NI/2603-0084 (id=40355, cabang=1, tgl=2026-03-04, keterangan='') | [seq_in_nobukti] SB/V2/2603-0084 (id=40306, cabang=1, tgl=2026-03-04, keterangan='') | [seq_in_keterangan] KRT/SYS/2603-0688 (id=37786, cabang=5, tgl=2026-03-02, keterangan='Pa/2603-0084; Keterangan : ;') | [seq_in_keterangan] KRT/SYS/2603-0516 (id=37614, cabang=5, tgl=2026-03-02, keterangan='Wa/2603-0084; Keterangan : ;') | [seq_in_keterangan] KRT/SYS/2603-0444 (id=37542, cabang=5, tgl=2026-03-02, keterangan='An/2603-0084; Keterangan : ;') | [seq_in_keterangan] MDR/SYS/2603-0294 (id=37496, cabang=4, tgl=2026-03-02, keterangan='Md/2603-0084; Keterangan : ;') | [seq_in_keterangan] MDR/SYS/2603-0267 (id=37469, cabang=4, tgl=2026-03-02, keterangan='MR/2603-0084; Keterangan : ;') | [seq_in_nobukti] KRT/SYS/2603-0084 (id=36418, cabang=5, tgl=2026-02-28, keterangan='An/2602-2142; Keterangan : ;') | [seq_in_nobukti] MDR/SYS/2603-0084 (id=36310, cabang=4, tgl=2026-02-28, keterangan='Md/2602-1294; Keterangan : ;') | [seq_in_nobukti] SB/SYS/2603-0084 (id=35997, cabang=1, tgl=2026-02-28, keterangan='NS/2602-1127; Keterangan : ;')"
CSB/SI/2603-0072,2603-0072,seq_in_nobukti,"[seq_in_keterangan] CSB/SYS/2604-12611 (id=77280, cabang=2, tgl=2026-03-08, keterangan='UW/2603-0072; Keterangan : ;') | [seq_in_keterangan] CSB/SYS/2604-11849 (id=76518, cabang=2, tgl=2026-03-04, keterangan='FZ/2603-0072; Keterangan : ;') | [seq_in_keterangan] CSB/SYS/2604-11729 (id=76398, cabang=2, tgl=2026-03-03, keterangan='SI/2603-0072; Keterangan : ;') | [seq_in_keterangan] CSB/SYS/2604-11661 (id=76330, cabang=2, tgl=2026-03-03, keterangan='Wl/2603-0072; Keterangan : ;') | [seq_in_keterangan] CSB/SYS/2604-11582 (id=76251, cabang=2, tgl=2026-03-02, keterangan='Ma/2603-0072; Keterangan : ;') | [seq_in_keterangan] CSB/SYS/2604-11523 (id=76192, cabang=2, tgl=2026-03-02, keterangan='IN/2603-0072; Keterangan : ;') | [seq_in_nobukti] MDR/RA/2603-0072 (id=54200, cabang=4, tgl=2026-03-30, keterangan='') | [seq_in_nobukti] MDR/OC/2603-0072 (id=54147, cabang=4, tgl=2026-03-30, keterangan='') | [seq_in_nobukti] MDR/ARV/2603-0072 (id=53711, cabang=4, tgl=2026-03-29, keterangan='') | [seq_in_keterangan] KRT/SYS/2603-6669 (id=52025, cabang=5, tgl=2026-03-25, keterangan='VA/2603-0072; Keterangan : ;') | [seq_in_keterangan] MDR/SYS/2603-1522 (id=47622, cabang=4, tgl=2026-03-05, keterangan='GI/2603-0072; Keterangan : ;') | [seq_in_nobukti] SB/PT/2603-0072 (id=44413, cabang=1, tgl=2026-03-11, keterangan='') | [seq_in_nobukti] SB/WS/2603-0072 (id=41988, cabang=1, tgl=2026-03-07, keterangan='') | [seq_in_nobukti] SB/NI/2603-0072 (id=40343, cabang=1, tgl=2026-03-04, keterangan='') | [seq_in_nobukti] SB/V2/2603-0072 (id=38403, cabang=1, tgl=2026-03-04, keterangan='') | [seq_in_keterangan] KRT/SYS/2603-0676 (id=37774, cabang=5, tgl=2026-03-02, keterangan='Pa/2603-0072; Keterangan : ;') | [seq_in_keterangan] KRT/SYS/2603-0433 (id=37531, cabang=5, tgl=2026-03-02, keterangan='An/2603-0072; Keterangan : ;') | [seq_in_keterangan] MDR/SYS/2603-0282 (id=37484, cabang=4, tgl=2026-03-02, keterangan='Md/2603-0072; Keterangan : ;') | [seq_in_keterangan] MDR/SYS/2603-0255 (id=37457, cabang=4, tgl=2026-03-02, keterangan='MR/2603-0072; Keterangan : ;') | [seq_in_keterangan] KRT/SYS/2603-0335 (id=37069, cabang=5, tgl=2026-03-01, keterangan='Wa/2603-0072; Keterangan : ;') | [seq_in_nobukti] KRT/SYS/2603-0072 (id=36406, cabang=5, tgl=2026-02-28, keterangan='An/2602-2130; Keterangan : ;') | [seq_in_nobukti] MDR/SYS/2603-0072 (id=36298, cabang=4, tgl=2026-02-28, keterangan='Md/2602-1282; Keterangan : ;') | [seq_in_nobukti] SB/SYS/2603-0072 (id=35985, cabang=1, tgl=2026-02-28, keterangan='NS/2602-1115; Keterangan : ;')"
CSB/WL/2603-0072,2603-0072,seq_in_nobukti,"[seq_in_keterangan] CSB/SYS/2604-12611 (id=77280, cabang=2, tgl=2026-03-08, keterangan='UW/2603-0072; Keterangan : ;') | [seq_in_keterangan] CSB/SYS/2604-11849 (id=76518, cabang=2, tgl=2026-03-04, keterangan='FZ/2603-0072; Keterangan : ;') | [seq_in_keterangan] CSB/SYS/2604-11729 (id=76398, cabang=2, tgl=2026-03-03, keterangan='SI/2603-0072; Keterangan : ;') | [seq_in_keterangan] CSB/SYS/2604-11661 (id=76330, cabang=2, tgl=2026-03-03, keterangan='Wl/2603-0072; Keterangan : ;') | [seq_in_keterangan] CSB/SYS/2604-11582 (id=76251, cabang=2, tgl=2026-03-02, keterangan='Ma/2603-0072; Keterangan : ;') | [seq_in_keterangan] CSB/SYS/2604-11523 (id=76192, cabang=2, tgl=2026-03-02, keterangan='IN/2603-0072; Keterangan : ;') | [seq_in_nobukti] MDR/RA/2603-0072 (id=54200, cabang=4, tgl=2026-03-30, keterangan='') | [seq_in_nobukti] MDR/OC/2603-0072 (id=54147, cabang=4, tgl=2026-03-30, keterangan='') | [seq_in_nobukti] MDR/ARV/2603-0072 (id=53711, cabang=4, tgl=2026-03-29, keterangan='') | [seq_in_keterangan] KRT/SYS/2603-6669 (id=52025, cabang=5, tgl=2026-03-25, keterangan='VA/2603-0072; Keterangan : ;') | [seq_in_keterangan] MDR/SYS/2603-1522 (id=47622, cabang=4, tgl=2026-03-05, keterangan='GI/2603-0072; Keterangan : ;') | [seq_in_nobukti] SB/PT/2603-0072 (id=44413, cabang=1, tgl=2026-03-11, keterangan='') | [seq_in_nobukti] SB/WS/2603-0072 (id=41988, cabang=1, tgl=2026-03-07, keterangan='') | [seq_in_nobukti] SB/NI/2603-0072 (id=40343, cabang=1, tgl=2026-03-04, keterangan='') | [seq_in_nobukti] SB/V2/2603-0072 (id=38403, cabang=1, tgl=2026-03-04, keterangan='') | [seq_in_keterangan] KRT/SYS/2603-0676 (id=37774, cabang=5, tgl=2026-03-02, keterangan='Pa/2603-0072; Keterangan : ;') | [seq_in_keterangan] KRT/SYS/2603-0433 (id=37531, cabang=5, tgl=2026-03-02, keterangan='An/2603-0072; Keterangan : ;') | [seq_in_keterangan] MDR/SYS/2603-0282 (id=37484, cabang=4, tgl=2026-03-02, keterangan='Md/2603-0072; Keterangan : ;') | [seq_in_keterangan] MDR/SYS/2603-0255 (id=37457, cabang=4, tgl=2026-03-02, keterangan='MR/2603-0072; Keterangan : ;') | [seq_in_keterangan] KRT/SYS/2603-0335 (id=37069, cabang=5, tgl=2026-03-01, keterangan='Wa/2603-0072; Keterangan : ;') | [seq_in_nobukti] KRT/SYS/2603-0072 (id=36406, cabang=5, tgl=2026-02-28, keterangan='An/2602-2130; Keterangan : ;') | [seq_in_nobukti] MDR/SYS/2603-0072 (id=36298, cabang=4, tgl=2026-02-28, keterangan='Md/2602-1282; Keterangan : ;') | [seq_in_nobukti] SB/SYS/2603-0072 (id=35985, cabang=1, tgl=2026-02-28, keterangan='NS/2602-1115; Keterangan : ;')"
CSB/IN/2603-0085,2603-0085,seq_in_nobukti,"[seq_in_keterangan] CSB/SYS/2604-12665 (id=77334, cabang=2, tgl=2026-03-09, keterangan='UW/2603-0085; Keterangan : ;') | [seq_in_keterangan] CSB/SYS/2604-12023 (id=76692, cabang=2, tgl=2026-03-05, keterangan='FZ/2603-0085; Keterangan : ;') | [seq_in_keterangan] CSB/SYS/2604-11903 (id=76572, cabang=2, tgl=2026-03-04, keterangan='SI/2603-0085; Keterangan : ;') | [seq_in_keterangan] CSB/SYS/2604-11669 (id=76338, cabang=2, tgl=2026-03-03, keterangan='Ma/2603-0085; Keterangan : ;') | [seq_in_keterangan] CSB/SYS/2604-11636 (id=76305, cabang=2, tgl=2026-03-03, keterangan='IN/2603-0085; Keterangan : ;') | [seq_in_nobukti] MDR/RA/2603-0085 (id=54213, cabang=4, tgl=2026-03-30, keterangan='') | [seq_in_nobukti] MDR/ARV/2603-0085 (id=54181, cabang=4, tgl=2026-03-30, keterangan='') | [seq_in_nobukti] MDR/OC/2603-0085 (id=54160, cabang=4, tgl=2026-03-30, keterangan='') | [seq_in_keterangan] KRT/SYS/2603-6917 (id=52273, cabang=5, tgl=2026-03-26, keterangan='VA/2603-0085; Keterangan : ;') | [seq_in_nobukti] SB/PT/2603-0085 (id=45174, cabang=1, tgl=2026-03-12, keterangan='') | [seq_in_nobukti] SB/WS/2603-0085 (id=42001, cabang=1, tgl=2026-03-07, keterangan='') | [seq_in_keterangan] MDR/SYS/2603-0698 (id=41582, cabang=4, tgl=2026-03-06, keterangan='GI/2603-0085; Keterangan : ;') | [seq_in_nobukti] SB/NI/2603-0085 (id=40356, cabang=1, tgl=2026-03-04, keterangan='') | [seq_in_nobukti] SB/V2/2603-0085 (id=40307, cabang=1, tgl=2026-03-04, keterangan='') | [seq_in_keterangan] KRT/SYS/2603-0689 (id=37787, cabang=5, tgl=2026-03-02, keterangan='Pa/2603-0085; Keterangan : ;') | [seq_in_keterangan] KRT/SYS/2603-0517 (id=37615, cabang=5, tgl=2026-03-02, keterangan='Wa/2603-0085; Keterangan : ;') | [seq_in_keterangan] KRT/SYS/2603-0445 (id=37543, cabang=5, tgl=2026-03-02, keterangan='An/2603-0085; Keterangan : ;') | [seq_in_keterangan] MDR/SYS/2603-0295 (id=37497, cabang=4, tgl=2026-03-02, keterangan='Md/2603-0085; Keterangan : ;') | [seq_in_keterangan] MDR/SYS/2603-0268 (id=37470, cabang=4, tgl=2026-03-02, keterangan='MR/2603-0085; Keterangan : ;') | [seq_in_nobukti] KRT/SYS/2603-0085 (id=36419, cabang=5, tgl=2026-02-28, keterangan='An/2602-2143; Keterangan : ;') | [seq_in_nobukti] MDR/SYS/2603-0085 (id=36311, cabang=4, tgl=2026-02-28, keterangan='Md/2602-1295; Keterangan : ;') | [seq_in_nobukti] SB/SYS/2603-0085 (id=35998, cabang=1, tgl=2026-02-28, keterangan='NS/2602-1128; Keterangan : ;')"
CSB/FZ/2603-0096,2603-0096,seq_in_nobukti,"[seq_in_keterangan] CSB/SYS/2604-13277 (id=77946, cabang=2, tgl=2026-03-11, keterangan='UW/2603-0096; Keterangan : ;') | [seq_in_keterangan] CSB/SYS/2604-12034 (id=76703, cabang=2, tgl=2026-03-05, keterangan='FZ/2603-0096; Keterangan : ;') | [seq_in_keterangan] CSB/SYS/2604-11914 (id=76583, cabang=2, tgl=2026-03-04, keterangan='SI/2603-0096; Keterangan : ;') | [seq_in_keterangan] CSB/SYS/2604-11771 (id=76440, cabang=2, tgl=2026-03-04, keterangan='Wl/2603-0096; Keterangan : ;') | [seq_in_keterangan] CSB/SYS/2604-11680 (id=76349, cabang=2, tgl=2026-03-03, keterangan='Ma/2603-0096; Keterangan : ;') | [seq_in_keterangan] CSB/SYS/2604-11646 (id=76315, cabang=2, tgl=2026-03-03, keterangan='IN/2603-0096; Keterangan : ;') | [seq_in_nobukti] MDR/RA/2603-0096 (id=54795, cabang=4, tgl=2026-03-31, keterangan='') | [seq_in_nobukti] MDR/OC/2603-0096 (id=54717, cabang=4, tgl=2026-03-31, keterangan='') | [seq_in_nobukti] MDR/ARV/2603-0096 (id=54192, cabang=4, tgl=2026-03-30, keterangan='') | [seq_in_keterangan] KRT/SYS/2603-7708 (id=53577, cabang=5, tgl=2026-03-28, keterangan='VA/2603-0096; Keterangan : ;') | [seq_in_nobukti] SB/PT/2603-0096 (id=46210, cabang=1, tgl=2026-03-13, keterangan='') | [seq_in_nobukti] SB/WS/2603-0096 (id=42672, cabang=1, tgl=2026-03-08, keterangan='') | [seq_in_keterangan] MDR/SYS/2603-0788 (id=42317, cabang=4, tgl=2026-03-07, keterangan='GI/2603-0096; Keterangan : ;') | [seq_in_nobukti] SB/NI/2603-0096 (id=40367, cabang=1, tgl=2026-03-04, keterangan='') | [seq_in_nobukti] SB/V2/2603-0096 (id=40318, cabang=1, tgl=2026-03-04, keterangan='') | [seq_in_keterangan] KRT/SYS/2603-0702 (id=38130, cabang=5, tgl=2026-03-03, keterangan='Pa/2603-0096; Keterangan : ;') | [seq_in_keterangan] MDR/SYS/2603-0352 (id=38077, cabang=4, tgl=2026-03-03, keterangan='Md/2603-0096; Keterangan : ;') | [seq_in_keterangan] MDR/SYS/2603-0328 (id=38053, cabang=4, tgl=2026-03-03, keterangan='MR/2603-0096; Keterangan : ;') | [seq_in_keterangan] KRT/SYS/2603-0528 (id=37626, cabang=5, tgl=2026-03-02, keterangan='Wa/2603-0096; Keterangan : ;') | [seq_in_keterangan] KRT/SYS/2603-0456 (id=37554, cabang=5, tgl=2026-03-02, keterangan='An/2603-0096; Keterangan : ;') | [seq_in_nobukti] KRT/SYS/2603-0096 (id=36430, cabang=5, tgl=2026-02-28, keterangan='Wa/2602-2324; Keterangan : ;') | [seq_in_nobukti] MDR/SYS/2603-0096 (id=36322, cabang=4, tgl=2026-02-28, keterangan='GI/2602-0375; Keterangan : ;') | [seq_in_nobukti] SB/SYS/2603-0096 (id=36009, cabang=1, tgl=2026-02-28, keterangan='NS/2602-1139; Keterangan : ;')"
CSB/WL/2603-0125,2603-0125,seq_in_nobukti,"[seq_in_keterangan] CSB/SYS/2604-13531 (id=78200, cabang=2, tgl=2026-03-12, keterangan='UW/2603-0125; Keterangan : ;') | [seq_in_keterangan] CSB/SYS/2604-12145 (id=76814, cabang=2, tgl=2026-03-06, keterangan='FZ/2603-0125; Keterangan : ;') | [seq_in_keterangan] CSB/SYS/2604-12073 (id=76742, cabang=2, tgl=2026-03-05, keterangan='SI/2603-0125; Keterangan : ;') | [seq_in_keterangan] CSB/SYS/2604-12014 (id=76683, cabang=2, tgl=2026-03-05, keterangan='Wl/2603-0125; Keterangan : ;') | [seq_in_keterangan] CSB/SYS/2604-11815 (id=76484, cabang=2, tgl=2026-03-04, keterangan='IN/2603-0125; Keterangan : ;') | [seq_in_keterangan] CSB/SYS/2604-11779 (id=76448, cabang=2, tgl=2026-03-04, keterangan='Ma/2603-0125; Keterangan : ;') | [seq_in_nobukti] MDR/RA/2603-0125 (id=55358, cabang=4, tgl=2026-04-01, keterangan='') | [seq_in_nobukti] MDR/ARV/2603-0125 (id=54784, cabang=4, tgl=2026-03-31, keterangan='') | [seq_in_nobukti] MDR/OC/2603-0125 (id=54746, cabang=4, tgl=2026-03-31, keterangan='') | [seq_in_nobukti] SB/PT/2603-0125 (id=47347, cabang=1, tgl=2026-03-16, keterangan='') | [seq_in_keterangan] MDR/SYS/2603-0918 (id=43122, cabang=4, tgl=2026-03-08, keterangan='GI/2603-0125; Keterangan : ;') | [seq_in_nobukti] SB/WS/2603-0125 (id=42701, cabang=1, tgl=2026-03-08, keterangan='') | [seq_in_nobukti] SB/V2/2603-0125 (id=41112, cabang=1, tgl=2026-03-05, keterangan='') | [seq_in_nobukti] SB/NI/2603-0125 (id=41058, cabang=1, tgl=2026-03-05, keterangan='') | [seq_in_keterangan] MDR/SYS/2603-0443 (id=40610, cabang=4, tgl=2026-03-04, keterangan='MR/2603-0125; Keterangan : ;') | [seq_in_keterangan] KRT/SYS/2603-0731 (id=38159, cabang=5, tgl=2026-03-03, keterangan='Pa/2603-0125; Keterangan : ;') | [seq_in_keterangan] MDR/SYS/2603-0381 (id=38106, cabang=4, tgl=2026-03-03, keterangan='Md/2603-0125; Keterangan : ;') | [seq_in_keterangan] KRT/SYS/2603-0556 (id=37654, cabang=5, tgl=2026-03-02, keterangan='Wa/2603-0125; Keterangan : ;') | [seq_in_keterangan] KRT/SYS/2603-0485 (id=37583, cabang=5, tgl=2026-03-02, keterangan='An/2603-0125; Keterangan : ;') | [seq_in_nobukti] MDR/SYS/2603-0125 (id=36900, cabang=4, tgl=2026-03-01, keterangan='MR/2603-0017; Keterangan : ;') | [seq_in_nobukti] SB/SYS/2603-0125 (id=36609, cabang=1, tgl=2026-03-01, keterangan='VX/2603-0009; Keterangan : ;') | [seq_in_nobukti] KRT/SYS/2603-0125 (id=36459, cabang=5, tgl=2026-02-28, keterangan='Wa/2602-2353; Keterangan : ;')"
CSB/WL/2603-0122,2603-0122,seq_in_nobukti,"[seq_in_keterangan] CSB/SYS/2604-13528 (id=78197, cabang=2, tgl=2026-03-12, keterangan='UW/2603-0122; Keterangan : ;') | [seq_in_keterangan] CSB/SYS/2604-12142 (id=76811, cabang=2, tgl=2026-03-06, keterangan='FZ/2603-0122; Keterangan : ;') | [seq_in_keterangan] CSB/SYS/2604-12070 (id=76739, cabang=2, tgl=2026-03-05, keterangan='SI/2603-0122; Keterangan : ;') | [seq_in_keterangan] CSB/SYS/2604-12011 (id=76680, cabang=2, tgl=2026-03-05, keterangan='Wl/2603-0122; Keterangan : ;') | [seq_in_keterangan] CSB/SYS/2604-11812 (id=76481, cabang=2, tgl=2026-03-04, keterangan='IN/2603-0122; Keterangan : ;') | [seq_in_nobukti] MDR/RA/2603-0122 (id=55355, cabang=4, tgl=2026-04-01, keterangan='') | [seq_in_nobukti] MDR/ARV/2603-0122 (id=54781, cabang=4, tgl=2026-03-31, keterangan='') | [seq_in_nobukti] MDR/OC/2603-0122 (id=54743, cabang=4, tgl=2026-03-31, keterangan='') | [seq_in_nobukti] SB/PT/2603-0122 (id=47344, cabang=1, tgl=2026-03-16, keterangan='') | [seq_in_keterangan] MDR/SYS/2603-0915 (id=43119, cabang=4, tgl=2026-03-08, keterangan='GI/2603-0122; Keterangan : ;') | [seq_in_nobukti] SB/WS/2603-0122 (id=42698, cabang=1, tgl=2026-03-08, keterangan='') | [seq_in_nobukti] SB/V2/2603-0122 (id=41109, cabang=1, tgl=2026-03-05, keterangan='') | [seq_in_nobukti] SB/NI/2603-0122 (id=41055, cabang=1, tgl=2026-03-05, keterangan='') | [seq_in_keterangan] MDR/SYS/2603-0440 (id=40607, cabang=4, tgl=2026-03-04, keterangan='MR/2603-0122; Keterangan : ;') | [seq_in_keterangan] KRT/SYS/2603-0728 (id=38156, cabang=5, tgl=2026-03-03, keterangan='Pa/2603-0122; Keterangan : ;') | [seq_in_keterangan] MDR/SYS/2603-0378 (id=38103, cabang=4, tgl=2026-03-03, keterangan='Md/2603-0122; Keterangan : ;') | [seq_in_keterangan] KRT/SYS/2603-0553 (id=37651, cabang=5, tgl=2026-03-02, keterangan='Wa/2603-0122; Keterangan : ;') | [seq_in_keterangan] KRT/SYS/2603-0482 (id=37580, cabang=5, tgl=2026-03-02, keterangan='An/2603-0122; Keterangan : ;') | [seq_in_nobukti] MDR/SYS/2603-0122 (id=36897, cabang=4, tgl=2026-03-01, keterangan='MR/2603-0014; Keterangan : ;') | [seq_in_nobukti] SB/SYS/2603-0122 (id=36606, cabang=1, tgl=2026-03-01, keterangan='VX/2603-0006; Keterangan : ;') | [seq_in_nobukti] KRT/SYS/2603-0122 (id=36456, cabang=5, tgl=2026-02-28, keterangan='Wa/2602-2350; Keterangan : ;')"
CSB/WL/2603-0104,2603-0104,seq_in_nobukti,"[seq_in_keterangan] CSB/SYS/2604-13510 (id=78179, cabang=2, tgl=2026-03-12, keterangan='UW/2603-0104; Keterangan : ;') | [seq_in_keterangan] CSB/SYS/2604-12042 (id=76711, cabang=2, tgl=2026-03-05, keterangan='FZ/2603-0104; Keterangan : ;') | [seq_in_keterangan] CSB/SYS/2604-11993 (id=76662, cabang=2, tgl=2026-03-05, keterangan='Wl/2603-0104; Keterangan : ;') | [seq_in_keterangan] CSB/SYS/2604-11922 (id=76591, cabang=2, tgl=2026-03-04, keterangan='SI/2603-0104; Keterangan : ;') | [seq_in_keterangan] CSB/SYS/2604-11688 (id=76357, cabang=2, tgl=2026-03-03, keterangan='Ma/2603-0104; Keterangan : ;') | [seq_in_keterangan] CSB/SYS/2604-11654 (id=76323, cabang=2, tgl=2026-03-03, keterangan='IN/2603-0104; Keterangan : ;') | [seq_in_keterangan] KRT/SYS/2603-8231 (id=55125, cabang=5, tgl=2026-03-31, keterangan='VA/2603-0104; Keterangan : ;') | [seq_in_nobukti] MDR/RA/2603-0104 (id=54803, cabang=4, tgl=2026-03-31, keterangan='') | [seq_in_nobukti] MDR/ARV/2603-0104 (id=54763, cabang=4, tgl=2026-03-31, keterangan='') | [seq_in_nobukti] MDR/OC/2603-0104 (id=54725, cabang=4, tgl=2026-03-31, keterangan='') | [seq_in_nobukti] SB/PT/2603-0104 (id=47026, cabang=1, tgl=2026-03-14, keterangan='') | [seq_in_nobukti] SB/WS/2603-0104 (id=42680, cabang=1, tgl=2026-03-08, keterangan='') | [seq_in_keterangan] MDR/SYS/2603-0796 (id=42325, cabang=4, tgl=2026-03-07, keterangan='GI/2603-0104; Keterangan : ;') | [seq_in_nobukti] SB/NI/2603-0104 (id=40375, cabang=1, tgl=2026-03-04, keterangan='') | [seq_in_nobukti] SB/V2/2603-0104 (id=40326, cabang=1, tgl=2026-03-04, keterangan='') | [seq_in_keterangan] KRT/SYS/2603-0710 (id=38138, cabang=5, tgl=2026-03-03, keterangan='Pa/2603-0104; Keterangan : ;') | [seq_in_keterangan] MDR/SYS/2603-0360 (id=38085, cabang=4, tgl=2026-03-03, keterangan='Md/2603-0104; Keterangan : ;') | [seq_in_keterangan] MDR/SYS/2603-0336 (id=38061, cabang=4, tgl=2026-03-03, keterangan='MR/2603-0104; Keterangan : ;') | [seq_in_keterangan] KRT/SYS/2603-0536 (id=37634, cabang=5, tgl=2026-03-02, keterangan='Wa/2603-0104; Keterangan : ;') | [seq_in_keterangan] KRT/SYS/2603-0464 (id=37562, cabang=5, tgl=2026-03-02, keterangan='An/2603-0104; Keterangan : ;') | [seq_in_nobukti] KRT/SYS/2603-0104 (id=36438, cabang=5, tgl=2026-02-28, keterangan='Wa/2602-2332; Keterangan : ;') | [seq_in_nobukti] MDR/SYS/2603-0104 (id=36330, cabang=4, tgl=2026-02-28, keterangan='GI/2602-0383; Keterangan : ;') | [seq_in_nobukti] SB/SYS/2603-0104 (id=36017, cabang=1, tgl=2026-02-28, keterangan='NS/2602-1147; Keterangan : ;')"
CSB/FZ/2603-0078,2603-0078,seq_in_nobukti,"[seq_in_keterangan] CSB/SYS/2604-12617 (id=77286, cabang=2, tgl=2026-03-08, keterangan='UW/2603-0078; Keterangan : ;') | [seq_in_keterangan] CSB/SYS/2604-11897 (id=76566, cabang=2, tgl=2026-03-04, keterangan='SI/2603-0078; Keterangan : ;') | [seq_in_keterangan] CSB/SYS/2604-11855 (id=76524, cabang=2, tgl=2026-03-04, keterangan='FZ/2603-0078; Keterangan : ;') | [seq_in_keterangan] CSB/SYS/2604-11715 (id=76384, cabang=2, tgl=2026-03-03, keterangan='Wl/2603-0078; Keterangan : ;') | [seq_in_keterangan] CSB/SYS/2604-11594 (id=76263, cabang=2, tgl=2026-03-02, keterangan='Ma/2603-0078; Keterangan : ;') | [seq_in_keterangan] CSB/SYS/2604-11529 (id=76198, cabang=2, tgl=2026-03-02, keterangan='IN/2603-0078; Keterangan : ;') | [seq_in_nobukti] MDR/RA/2603-0078 (id=54206, cabang=4, tgl=2026-03-30, keterangan='') | [seq_in_nobukti] MDR/ARV/2603-0078 (id=54174, cabang=4, tgl=2026-03-30, keterangan='') | [seq_in_nobukti] MDR/OC/2603-0078 (id=54153, cabang=4, tgl=2026-03-30, keterangan='') | [seq_in_keterangan] KRT/SYS/2603-6675 (id=52031, cabang=5, tgl=2026-03-25, keterangan='VA/2603-0078; Keterangan : ;') | [seq_in_nobukti] SB/PT/2603-0078 (id=45167, cabang=1, tgl=2026-03-12, keterangan='') | [seq_in_nobukti] SB/WS/2603-0078 (id=41994, cabang=1, tgl=2026-03-07, keterangan='') | [seq_in_keterangan] MDR/SYS/2603-0691 (id=41575, cabang=4, tgl=2026-03-06, keterangan='GI/2603-0078; Keterangan : ;') | [seq_in_nobukti] SB/NI/2603-0078 (id=40349, cabang=1, tgl=2026-03-04, keterangan='') | [seq_in_nobukti] SB/V2/2603-0078 (id=40300, cabang=1, tgl=2026-03-04, keterangan='') | [seq_in_keterangan] KRT/SYS/2603-0682 (id=37780, cabang=5, tgl=2026-03-02, keterangan='Pa/2603-0078; Keterangan : ;') | [seq_in_keterangan] KRT/SYS/2603-0510 (id=37608, cabang=5, tgl=2026-03-02, keterangan='Wa/2603-0078; Keterangan : ;') | [seq_in_keterangan] KRT/SYS/2603-0439 (id=37537, cabang=5, tgl=2026-03-02, keterangan='An/2603-0078; Keterangan : ;') | [seq_in_keterangan] MDR/SYS/2603-0288 (id=37490, cabang=4, tgl=2026-03-02, keterangan='Md/2603-0078; Keterangan : ;') | [seq_in_keterangan] MDR/SYS/2603-0261 (id=37463, cabang=4, tgl=2026-03-02, keterangan='MR/2603-0078; Keterangan : ;') | [seq_in_nobukti] KRT/SYS/2603-0078 (id=36412, cabang=5, tgl=2026-02-28, keterangan='An/2602-2136; Keterangan : ;') | [seq_in_nobukti] MDR/SYS/2603-0078 (id=36304, cabang=4, tgl=2026-02-28, keterangan='Md/2602-1288; Keterangan : ;') | [seq_in_nobukti] SB/SYS/2603-0078 (id=35991, cabang=1, tgl=2026-02-28, keterangan='NS/2602-1121; Keterangan : ;')"
CSB/MA/2603-0185,2603-0185,seq_in_nobukti,"[seq_in_keterangan] CSB/SYS/2604-14564 (id=79233, cabang=2, tgl=2026-03-16, keterangan='UW/2603-0185; Keterangan : ;') | [seq_in_keterangan] CSB/SYS/2604-12444 (id=77113, cabang=2, tgl=2026-03-07, keterangan='SI/2603-0185; Keterangan : ;') | [seq_in_keterangan] CSB/SYS/2604-12407 (id=77076, cabang=2, tgl=2026-03-07, keterangan='FZ/2603-0185; Keterangan : ;') | [seq_in_keterangan] CSB/SYS/2604-12318 (id=76987, cabang=2, tgl=2026-03-07, keterangan='Wl/2603-0185; Keterangan : ;') | [seq_in_keterangan] CSB/SYS/2604-12179 (id=76848, cabang=2, tgl=2026-03-06, keterangan='IN/2603-0185; Keterangan : ;') | [seq_in_keterangan] CSB/SYS/2604-11961 (id=76630, cabang=2, tgl=2026-03-05, keterangan='Ma/2603-0185; Keterangan : ;') | [seq_in_nobukti] SB/PT/2603-0185 (id=49060, cabang=1, tgl=2026-03-17, keterangan='') | [seq_in_keterangan] MDR/SYS/2603-1474 (id=47574, cabang=4, tgl=2026-03-05, keterangan='Md/2603-0185; Keterangan : ;') | [seq_in_keterangan] MDR/SYS/2603-1453 (id=47553, cabang=4, tgl=2026-03-05, keterangan='MR/2603-0185; Keterangan : ;') | [seq_in_keterangan] MDR/SYS/2603-1138 (id=44811, cabang=4, tgl=2026-03-11, keterangan='GI/2603-0185; Keterangan : ;') | [seq_in_nobukti] SB/WS/2603-0185 (id=43471, cabang=1, tgl=2026-03-09, keterangan='') | [seq_in_nobukti] SB/NI/2603-0185 (id=41237, cabang=1, tgl=2026-03-06, keterangan='') | [seq_in_nobukti] SB/V2/2603-0185 (id=41184, cabang=1, tgl=2026-03-06, keterangan='') | [seq_in_keterangan] KRT/SYS/2603-3082 (id=40906, cabang=5, tgl=2026-03-04, keterangan='Pa/2603-0185; Keterangan : ;') | [seq_in_keterangan] KRT/SYS/2603-0881 (id=38309, cabang=5, tgl=2026-03-03, keterangan='An/2603-0185; Keterangan : ;') | [seq_in_keterangan] KRT/SYS/2603-0616 (id=37714, cabang=5, tgl=2026-03-02, keterangan='Wa/2603-0185; Keterangan : ;') | [seq_in_nobukti] MDR/SYS/2603-0185 (id=36960, cabang=4, tgl=2026-03-01, keterangan='Md/2603-0035; Keterangan : ;') | [seq_in_nobukti] SB/SYS/2603-0185 (id=36669, cabang=1, tgl=2026-03-01, keterangan='NS/2603-0005; Keterangan : ;') | [seq_in_nobukti] KRT/SYS/2603-0185 (id=36519, cabang=5, tgl=2026-02-28, keterangan='Wa/2602-2413; Keterangan : ;')"
CSB/WL/2603-0137,2603-0137,seq_in_nobukti,"[seq_in_keterangan] CSB/SYS/2604-13564 (id=78233, cabang=2, tgl=2026-03-13, keterangan='UW/2603-0137; Keterangan : ;') | [seq_in_keterangan] CSB/SYS/2604-12156 (id=76825, cabang=2, tgl=2026-03-06, keterangan='FZ/2603-0137; Keterangan : ;') | [seq_in_keterangan] CSB/SYS/2604-12099 (id=76768, cabang=2, tgl=2026-03-06, keterangan='Wl/2603-0137; Keterangan : ;') | [seq_in_keterangan] CSB/SYS/2604-12085 (id=76754, cabang=2, tgl=2026-03-05, keterangan='SI/2603-0137; Keterangan : ;') | [seq_in_keterangan] CSB/SYS/2604-11827 (id=76496, cabang=2, tgl=2026-03-04, keterangan='IN/2603-0137; Keterangan : ;') | [seq_in_keterangan] CSB/SYS/2604-11791 (id=76460, cabang=2, tgl=2026-03-04, keterangan='Ma/2603-0137; Keterangan : ;') | [seq_in_nobukti] MDR/ARV/2603-0137 (id=55342, cabang=4, tgl=2026-04-01, keterangan='') | [seq_in_nobukti] MDR/OC/2603-0137 (id=54758, cabang=4, tgl=2026-03-31, keterangan='') | [seq_in_nobukti] SB/PT/2603-0137 (id=47359, cabang=1, tgl=2026-03-16, keterangan='') | [seq_in_keterangan] MDR/SYS/2603-0930 (id=43134, cabang=4, tgl=2026-03-08, keterangan='GI/2603-0137; Keterangan : ;') | [seq_in_nobukti] SB/WS/2603-0137 (id=42713, cabang=1, tgl=2026-03-08, keterangan='') | [seq_in_nobukti] SB/V2/2603-0137 (id=41124, cabang=1, tgl=2026-03-05, keterangan='') | [seq_in_nobukti] SB/NI/2603-0137 (id=41070, cabang=1, tgl=2026-03-05, keterangan='') | [seq_in_keterangan] KRT/SYS/2603-3035 (id=40859, cabang=5, tgl=2026-03-04, keterangan='Pa/2603-0137; Keterangan : ;') | [seq_in_keterangan] MDR/SYS/2603-0455 (id=40622, cabang=4, tgl=2026-03-04, keterangan='MR/2603-0137; Keterangan : ;') | [seq_in_keterangan] MDR/SYS/2603-0401 (id=40568, cabang=4, tgl=2026-03-04, keterangan='Md/2603-0137; Keterangan : ;') | [seq_in_keterangan] KRT/SYS/2603-0568 (id=37666, cabang=5, tgl=2026-03-02, keterangan='Wa/2603-0137; Keterangan : ;') | [seq_in_keterangan] KRT/SYS/2603-0496 (id=37594, cabang=5, tgl=2026-03-02, keterangan='An/2603-0137; Keterangan : ;') | [seq_in_nobukti] MDR/SYS/2603-0137 (id=36912, cabang=4, tgl=2026-03-01, keterangan='MR/2603-0029; Keterangan : ;') | [seq_in_nobukti] SB/SYS/2603-0137 (id=36621, cabang=1, tgl=2026-03-01, keterangan='VX/2603-0021; Keterangan : ;') | [seq_in_nobukti] KRT/SYS/2603-0137 (id=36471, cabang=5, tgl=2026-02-28, keterangan='Wa/2602-2365; Keterangan : ;')"
CSB/MA/2603-0184,2603-0184,seq_in_nobukti,"[seq_in_keterangan] CSB/SYS/2604-14563 (id=79232, cabang=2, tgl=2026-03-16, keterangan='UW/2603-0184; Keterangan : ;') | [seq_in_keterangan] CSB/SYS/2604-12443 (id=77112, cabang=2, tgl=2026-03-07, keterangan='SI/2603-0184; Keterangan : ;') | [seq_in_keterangan] CSB/SYS/2604-12406 (id=77075, cabang=2, tgl=2026-03-07, keterangan='FZ/2603-0184; Keterangan : ;') | [seq_in_keterangan] CSB/SYS/2604-12317 (id=76986, cabang=2, tgl=2026-03-07, keterangan='Wl/2603-0184; Keterangan : ;') | [seq_in_keterangan] CSB/SYS/2604-12178 (id=76847, cabang=2, tgl=2026-03-06, keterangan='IN/2603-0184; Keterangan : ;') | [seq_in_keterangan] CSB/SYS/2604-11960 (id=76629, cabang=2, tgl=2026-03-05, keterangan='Ma/2603-0184; Keterangan : ;') | [seq_in_nobukti] SB/PT/2603-0184 (id=49059, cabang=1, tgl=2026-03-17, keterangan='') | [seq_in_keterangan] MDR/SYS/2603-1473 (id=47573, cabang=4, tgl=2026-03-05, keterangan='Md/2603-0184; Keterangan : ;') | [seq_in_keterangan] MDR/SYS/2603-1452 (id=47552, cabang=4, tgl=2026-03-05, keterangan='MR/2603-0184; Keterangan : ;') | [seq_in_keterangan] MDR/SYS/2603-1137 (id=44810, cabang=4, tgl=2026-03-11, keterangan='GI/2603-0184; Keterangan : ;') | [seq_in_nobukti] SB/WS/2603-0184 (id=43470, cabang=1, tgl=2026-03-09, keterangan='') | [seq_in_nobukti] SB/NI/2603-0184 (id=41236, cabang=1, tgl=2026-03-06, keterangan='') | [seq_in_nobukti] SB/V2/2603-0184 (id=41183, cabang=1, tgl=2026-03-06, keterangan='') | [seq_in_keterangan] KRT/SYS/2603-3081 (id=40905, cabang=5, tgl=2026-03-04, keterangan='Pa/2603-0184; Keterangan : ;') | [seq_in_keterangan] KRT/SYS/2603-0880 (id=38308, cabang=5, tgl=2026-03-03, keterangan='An/2603-0184; Keterangan : ;') | [seq_in_keterangan] KRT/SYS/2603-0615 (id=37713, cabang=5, tgl=2026-03-02, keterangan='Wa/2603-0184; Keterangan : ;') | [seq_in_nobukti] MDR/SYS/2603-0184 (id=36959, cabang=4, tgl=2026-03-01, keterangan='Md/2603-0034; Keterangan : ;') | [seq_in_nobukti] SB/SYS/2603-0184 (id=36668, cabang=1, tgl=2026-03-01, keterangan='NS/2603-0004; Keterangan : ;') | [seq_in_nobukti] KRT/SYS/2603-0184 (id=36518, cabang=5, tgl=2026-02-28, keterangan='Wa/2602-2412; Keterangan : ;')"
CSB/MA/2603-0178,2603-0178,seq_in_nobukti,"[seq_in_keterangan] CSB/SYS/2604-14557 (id=79226, cabang=2, tgl=2026-03-16, keterangan='UW/2603-0178; Keterangan : ;') | [seq_in_keterangan] CSB/SYS/2604-12400 (id=77069, cabang=2, tgl=2026-03-07, keterangan='FZ/2603-0178; Keterangan : ;') | [seq_in_keterangan] CSB/SYS/2604-12312 (id=76981, cabang=2, tgl=2026-03-07, keterangan='Wl/2603-0178; Keterangan : ;') | [seq_in_keterangan] CSB/SYS/2604-12271 (id=76940, cabang=2, tgl=2026-03-06, keterangan='SI/2603-0178; Keterangan : ;') | [seq_in_keterangan] CSB/SYS/2604-12172 (id=76841, cabang=2, tgl=2026-03-06, keterangan='IN/2603-0178; Keterangan : ;') | [seq_in_keterangan] CSB/SYS/2604-11954 (id=76623, cabang=2, tgl=2026-03-05, keterangan='Ma/2603-0178; Keterangan : ;') | [seq_in_keterangan] MDR/SYS/2603-1467 (id=47567, cabang=4, tgl=2026-03-05, keterangan='Md/2603-0178; Keterangan : ;') | [seq_in_keterangan] MDR/SYS/2603-1446 (id=47546, cabang=4, tgl=2026-03-05, keterangan='MR/2603-0178; Keterangan : ;') | [seq_in_nobukti] SB/PT/2603-0178 (id=47400, cabang=1, tgl=2026-03-16, keterangan='') | [seq_in_keterangan] MDR/SYS/2603-1131 (id=44804, cabang=4, tgl=2026-03-11, keterangan='GI/2603-0178; Keterangan : ;') | [seq_in_nobukti] SB/WS/2603-0178 (id=43464, cabang=1, tgl=2026-03-09, keterangan='') | [seq_in_nobukti] SB/NI/2603-0178 (id=41230, cabang=1, tgl=2026-03-06, keterangan='') | [seq_in_nobukti] SB/V2/2603-0178 (id=41177, cabang=1, tgl=2026-03-06, keterangan='') | [seq_in_keterangan] KRT/SYS/2603-3075 (id=40899, cabang=5, tgl=2026-03-04, keterangan='Pa/2603-0178; Keterangan : ;') | [seq_in_keterangan] KRT/SYS/2603-0874 (id=38302, cabang=5, tgl=2026-03-03, keterangan='An/2603-0178; Keterangan : ;') | [seq_in_keterangan] KRT/SYS/2603-0609 (id=37707, cabang=5, tgl=2026-03-02, keterangan='Wa/2603-0178; Keterangan : ;') | [seq_in_nobukti] MDR/SYS/2603-0178 (id=36953, cabang=4, tgl=2026-03-01, keterangan='Md/2603-0028; Keterangan : ;') | [seq_in_nobukti] SB/SYS/2603-0178 (id=36662, cabang=1, tgl=2026-03-01, keterangan='WN/2603-0030; Keterangan : ;') | [seq_in_nobukti] KRT/SYS/2603-0178 (id=36512, cabang=5, tgl=2026-02-28, keterangan='Wa/2602-2406; Keterangan : ;')"
CSB/WL/2603-0135,2603-0135,seq_in_nobukti,"[seq_in_keterangan] CSB/SYS/2604-13562 (id=78231, cabang=2, tgl=2026-03-13, keterangan='UW/2603-0135; Keterangan : ;') | [seq_in_keterangan] CSB/SYS/2604-12154 (id=76823, cabang=2, tgl=2026-03-06, keterangan='FZ/2603-0135; Keterangan : ;') | [seq_in_keterangan] CSB/SYS/2604-12097 (id=76766, cabang=2, tgl=2026-03-06, keterangan='Wl/2603-0135; Keterangan : ;') | [seq_in_keterangan] CSB/SYS/2604-12083 (id=76752, cabang=2, tgl=2026-03-05, keterangan='SI/2603-0135; Keterangan : ;') | [seq_in_keterangan] CSB/SYS/2604-11825 (id=76494, cabang=2, tgl=2026-03-04, keterangan='IN/2603-0135; Keterangan : ;') | [seq_in_keterangan] CSB/SYS/2604-11789 (id=76458, cabang=2, tgl=2026-03-04, keterangan='Ma/2603-0135; Keterangan : ;') | [seq_in_nobukti] MDR/RA/2603-0135 (id=55368, cabang=4, tgl=2026-04-01, keterangan='') | [seq_in_nobukti] MDR/ARV/2603-0135 (id=55340, cabang=4, tgl=2026-04-01, keterangan='') | [seq_in_nobukti] MDR/OC/2603-0135 (id=54756, cabang=4, tgl=2026-03-31, keterangan='') | [seq_in_nobukti] SB/PT/2603-0135 (id=47357, cabang=1, tgl=2026-03-16, keterangan='') | [seq_in_keterangan] MDR/SYS/2603-0928 (id=43132, cabang=4, tgl=2026-03-08, keterangan='GI/2603-0135; Keterangan : ;') | [seq_in_nobukti] SB/WS/2603-0135 (id=42711, cabang=1, tgl=2026-03-08, keterangan='ring p') | [seq_in_nobukti] SB/V2/2603-0135 (id=41122, cabang=1, tgl=2026-03-05, keterangan='') | [seq_in_nobukti] SB/NI/2603-0135 (id=41068, cabang=1, tgl=2026-03-05, keterangan='') | [seq_in_keterangan] MDR/SYS/2603-0453 (id=40620, cabang=4, tgl=2026-03-04, keterangan='MR/2603-0135; Keterangan : ;') | [seq_in_keterangan] MDR/SYS/2603-0399 (id=40566, cabang=4, tgl=2026-03-04, keterangan='Md/2603-0135; Keterangan : ;') | [seq_in_keterangan] KRT/SYS/2603-0741 (id=38169, cabang=5, tgl=2026-03-03, keterangan='Pa/2603-0135; Keterangan : ;') | [seq_in_keterangan] KRT/SYS/2603-0566 (id=37664, cabang=5, tgl=2026-03-02, keterangan='Wa/2603-0135; Keterangan : ;') | [seq_in_keterangan] KRT/SYS/2603-0494 (id=37592, cabang=5, tgl=2026-03-02, keterangan='An/2603-0135; Keterangan : ;') | [seq_in_nobukti] MDR/SYS/2603-0135 (id=36910, cabang=4, tgl=2026-03-01, keterangan='MR/2603-0027; Keterangan : ;') | [seq_in_nobukti] SB/SYS/2603-0135 (id=36619, cabang=1, tgl=2026-03-01, keterangan='VX/2603-0019; Keterangan : ;') | [seq_in_nobukti] KRT/SYS/2603-0135 (id=36469, cabang=5, tgl=2026-02-28, keterangan='Wa/2602-2363; Keterangan : ;')"
CSB/WL/2603-0159,2603-0159,seq_in_nobukti,"[seq_in_keterangan] CSB/SYS/2604-14538 (id=79207, cabang=2, tgl=2026-03-16, keterangan='UW/2603-0159; Keterangan : ;') | [seq_in_keterangan] CSB/SYS/2604-12381 (id=77050, cabang=2, tgl=2026-03-07, keterangan='FZ/2603-0159; Keterangan : ;') | [seq_in_keterangan] CSB/SYS/2604-12252 (id=76921, cabang=2, tgl=2026-03-06, keterangan='SI/2603-0159; Keterangan : ;') | [seq_in_keterangan] CSB/SYS/2604-12121 (id=76790, cabang=2, tgl=2026-03-06, keterangan='Wl/2603-0159; Keterangan : ;') | [seq_in_keterangan] CSB/SYS/2604-11989 (id=76658, cabang=2, tgl=2026-03-05, keterangan='IN/2603-0159; Keterangan : ;') | [seq_in_keterangan] CSB/SYS/2604-11891 (id=76560, cabang=2, tgl=2026-03-04, keterangan='Ma/2603-0159; Keterangan : ;') | [seq_in_nobukti] MDR/OC/2603-0159 (id=55328, cabang=4, tgl=2026-04-01, keterangan='') | [seq_in_keterangan] MDR/SYS/2603-1801 (id=48647, cabang=4, tgl=2026-03-09, keterangan='GI/2603-0159; Keterangan : ;') | [seq_in_keterangan] MDR/SYS/2603-1427 (id=47527, cabang=4, tgl=2026-03-05, keterangan='MR/2603-0159; Keterangan : ;') | [seq_in_nobukti] SB/PT/2603-0159 (id=47381, cabang=1, tgl=2026-03-16, keterangan='') | [seq_in_nobukti] SB/WS/2603-0159 (id=42758, cabang=1, tgl=2026-03-08, keterangan='') | [seq_in_nobukti] SB/V2/2603-0159 (id=41146, cabang=1, tgl=2026-03-06, keterangan='') | [seq_in_nobukti] SB/NI/2603-0159 (id=41092, cabang=1, tgl=2026-03-05, keterangan='') | [seq_in_keterangan] KRT/SYS/2603-3056 (id=40880, cabang=5, tgl=2026-03-04, keterangan='Pa/2603-0159; Keterangan : ;') | [seq_in_keterangan] MDR/SYS/2603-0423 (id=40590, cabang=4, tgl=2026-03-04, keterangan='Md/2603-0159; Keterangan : ;') | [seq_in_keterangan] KRT/SYS/2603-0855 (id=38283, cabang=5, tgl=2026-03-03, keterangan='An/2603-0159; Keterangan : ;') | [seq_in_keterangan] KRT/SYS/2603-0590 (id=37688, cabang=5, tgl=2026-03-02, keterangan='Wa/2603-0159; Keterangan : ;') | [seq_in_nobukti] MDR/SYS/2603-0159 (id=36934, cabang=4, tgl=2026-03-01, keterangan='Md/2603-0009; Keterangan : ;') | [seq_in_nobukti] SB/SYS/2603-0159 (id=36643, cabang=1, tgl=2026-03-01, keterangan='WN/2603-0010; Keterangan : ;') | [seq_in_nobukti] KRT/SYS/2603-0159 (id=36493, cabang=5, tgl=2026-02-28, keterangan='Wa/2602-2387; Keterangan : ;')"
CSB/WL/2603-0154,2603-0154,seq_in_nobukti,"[seq_in_keterangan] CSB/SYS/2604-14307 (id=78976, cabang=2, tgl=2026-03-15, keterangan='UW/2603-0154; Keterangan : ;') | [seq_in_keterangan] CSB/SYS/2604-12376 (id=77045, cabang=2, tgl=2026-03-07, keterangan='FZ/2603-0154; Keterangan : ;') | [seq_in_keterangan] CSB/SYS/2604-12247 (id=76916, cabang=2, tgl=2026-03-06, keterangan='SI/2603-0154; Keterangan : ;') | [seq_in_keterangan] CSB/SYS/2604-12116 (id=76785, cabang=2, tgl=2026-03-06, keterangan='Wl/2603-0154; Keterangan : ;') | [seq_in_keterangan] CSB/SYS/2604-11984 (id=76653, cabang=2, tgl=2026-03-05, keterangan='IN/2603-0154; Keterangan : ;') | [seq_in_keterangan] CSB/SYS/2604-11886 (id=76555, cabang=2, tgl=2026-03-04, keterangan='Ma/2603-0154; Keterangan : ;') | [seq_in_nobukti] MDR/OC/2603-0154 (id=55323, cabang=4, tgl=2026-04-01, keterangan='') | [seq_in_keterangan] MDR/SYS/2603-1796 (id=48642, cabang=4, tgl=2026-03-09, keterangan='GI/2603-0154; Keterangan : ;') | [seq_in_nobukti] SB/PT/2603-0154 (id=47376, cabang=1, tgl=2026-03-16, keterangan='') | [seq_in_nobukti] SB/WS/2603-0154 (id=42730, cabang=1, tgl=2026-03-08, keterangan='') | [seq_in_nobukti] SB/V2/2603-0154 (id=41141, cabang=1, tgl=2026-03-06, keterangan='') | [seq_in_nobukti] SB/NI/2603-0154 (id=41087, cabang=1, tgl=2026-03-05, keterangan='') | [seq_in_keterangan] KRT/SYS/2603-3051 (id=40875, cabang=5, tgl=2026-03-04, keterangan='Pa/2603-0154; Keterangan : ;') | [seq_in_keterangan] MDR/SYS/2603-0472 (id=40639, cabang=4, tgl=2026-03-04, keterangan='MR/2603-0154; Keterangan : ;') | [seq_in_keterangan] MDR/SYS/2603-0418 (id=40585, cabang=4, tgl=2026-03-04, keterangan='Md/2603-0154; Keterangan : ;') | [seq_in_keterangan] KRT/SYS/2603-0850 (id=38278, cabang=5, tgl=2026-03-03, keterangan='An/2603-0154; Keterangan : ;') | [seq_in_keterangan] KRT/SYS/2603-0585 (id=37683, cabang=5, tgl=2026-03-02, keterangan='Wa/2603-0154; Keterangan : ;') | [seq_in_nobukti] MDR/SYS/2603-0154 (id=36929, cabang=4, tgl=2026-03-01, keterangan='Md/2603-0004; Keterangan : ;') | [seq_in_nobukti] SB/SYS/2603-0154 (id=36638, cabang=1, tgl=2026-03-01, keterangan='WN/2603-0005; Keterangan : ;') | [seq_in_nobukti] KRT/SYS/2603-0154 (id=36488, cabang=5, tgl=2026-02-28, keterangan='Wa/2602-2382; Keterangan : ;')"
CSB/WL/2603-0160,2603-0160,seq_in_nobukti,"[seq_in_keterangan] CSB/SYS/2604-14539 (id=79208, cabang=2, tgl=2026-03-16, keterangan='UW/2603-0160; Keterangan : ;') | [seq_in_keterangan] CSB/SYS/2604-12382 (id=77051, cabang=2, tgl=2026-03-07, keterangan='FZ/2603-0160; Keterangan : ;') | [seq_in_keterangan] CSB/SYS/2604-12253 (id=76922, cabang=2, tgl=2026-03-06, keterangan='SI/2603-0160; Keterangan : ;') | [seq_in_keterangan] CSB/SYS/2604-12201 (id=76870, cabang=2, tgl=2026-03-06, keterangan='Wl/2603-0160; Keterangan : ;') | [seq_in_keterangan] CSB/SYS/2604-11990 (id=76659, cabang=2, tgl=2026-03-05, keterangan='IN/2603-0160; Keterangan : ;') | [seq_in_keterangan] CSB/SYS/2604-11892 (id=76561, cabang=2, tgl=2026-03-04, keterangan='Ma/2603-0160; Keterangan : ;') | [seq_in_nobukti] MDR/OC/2603-0160 (id=55329, cabang=4, tgl=2026-04-01, keterangan='') | [seq_in_keterangan] MDR/SYS/2603-1802 (id=48648, cabang=4, tgl=2026-03-09, keterangan='GI/2603-0160; Keterangan : ;') | [seq_in_keterangan] MDR/SYS/2603-1428 (id=47528, cabang=4, tgl=2026-03-05, keterangan='MR/2603-0160; Keterangan : ;') | [seq_in_nobukti] SB/PT/2603-0160 (id=47382, cabang=1, tgl=2026-03-16, keterangan='') | [seq_in_nobukti] SB/WS/2603-0160 (id=42759, cabang=1, tgl=2026-03-08, keterangan='') | [seq_in_nobukti] SB/V2/2603-0160 (id=41147, cabang=1, tgl=2026-03-06, keterangan='') | [seq_in_nobukti] SB/NI/2603-0160 (id=41093, cabang=1, tgl=2026-03-05, keterangan='') | [seq_in_keterangan] KRT/SYS/2603-3057 (id=40881, cabang=5, tgl=2026-03-04, keterangan='Pa/2603-0160; Keterangan : ;') | [seq_in_keterangan] MDR/SYS/2603-0424 (id=40591, cabang=4, tgl=2026-03-04, keterangan='Md/2603-0160; Keterangan : ;') | [seq_in_keterangan] KRT/SYS/2603-0856 (id=38284, cabang=5, tgl=2026-03-03, keterangan='An/2603-0160; Keterangan : ;') | [seq_in_keterangan] KRT/SYS/2603-0591 (id=37689, cabang=5, tgl=2026-03-02, keterangan='Wa/2603-0160; Keterangan : ;') | [seq_in_nobukti] MDR/SYS/2603-0160 (id=36935, cabang=4, tgl=2026-03-01, keterangan='Md/2603-0010; Keterangan : ;') | [seq_in_nobukti] SB/SYS/2603-0160 (id=36644, cabang=1, tgl=2026-03-01, keterangan='WN/2603-0011; Keterangan : ;') | [seq_in_nobukti] KRT/SYS/2603-0160 (id=36494, cabang=5, tgl=2026-02-28, keterangan='Wa/2602-2388; Keterangan : ;')"
CSB/WL/2603-0178,2603-0178,seq_in_nobukti,"[seq_in_keterangan] CSB/SYS/2604-14557 (id=79226, cabang=2, tgl=2026-03-16, keterangan='UW/2603-0178; Keterangan : ;') | [seq_in_keterangan] CSB/SYS/2604-12400 (id=77069, cabang=2, tgl=2026-03-07, keterangan='FZ/2603-0178; Keterangan : ;') | [seq_in_keterangan] CSB/SYS/2604-12312 (id=76981, cabang=2, tgl=2026-03-07, keterangan='Wl/2603-0178; Keterangan : ;') | [seq_in_keterangan] CSB/SYS/2604-12271 (id=76940, cabang=2, tgl=2026-03-06, keterangan='SI/2603-0178; Keterangan : ;') | [seq_in_keterangan] CSB/SYS/2604-12172 (id=76841, cabang=2, tgl=2026-03-06, keterangan='IN/2603-0178; Keterangan : ;') | [seq_in_keterangan] CSB/SYS/2604-11954 (id=76623, cabang=2, tgl=2026-03-05, keterangan='Ma/2603-0178; Keterangan : ;') | [seq_in_keterangan] MDR/SYS/2603-1467 (id=47567, cabang=4, tgl=2026-03-05, keterangan='Md/2603-0178; Keterangan : ;') | [seq_in_keterangan] MDR/SYS/2603-1446 (id=47546, cabang=4, tgl=2026-03-05, keterangan='MR/2603-0178; Keterangan : ;') | [seq_in_nobukti] SB/PT/2603-0178 (id=47400, cabang=1, tgl=2026-03-16, keterangan='') | [seq_in_keterangan] MDR/SYS/2603-1131 (id=44804, cabang=4, tgl=2026-03-11, keterangan='GI/2603-0178; Keterangan : ;') | [seq_in_nobukti] SB/WS/2603-0178 (id=43464, cabang=1, tgl=2026-03-09, keterangan='') | [seq_in_nobukti] SB/NI/2603-0178 (id=41230, cabang=1, tgl=2026-03-06, keterangan='') | [seq_in_nobukti] SB/V2/2603-0178 (id=41177, cabang=1, tgl=2026-03-06, keterangan='') | [seq_in_keterangan] KRT/SYS/2603-3075 (id=40899, cabang=5, tgl=2026-03-04, keterangan='Pa/2603-0178; Keterangan : ;') | [seq_in_keterangan] KRT/SYS/2603-0874 (id=38302, cabang=5, tgl=2026-03-03, keterangan='An/2603-0178; Keterangan : ;') | [seq_in_keterangan] KRT/SYS/2603-0609 (id=37707, cabang=5, tgl=2026-03-02, keterangan='Wa/2603-0178; Keterangan : ;') | [seq_in_nobukti] MDR/SYS/2603-0178 (id=36953, cabang=4, tgl=2026-03-01, keterangan='Md/2603-0028; Keterangan : ;') | [seq_in_nobukti] SB/SYS/2603-0178 (id=36662, cabang=1, tgl=2026-03-01, keterangan='WN/2603-0030; Keterangan : ;') | [seq_in_nobukti] KRT/SYS/2603-0178 (id=36512, cabang=5, tgl=2026-02-28, keterangan='Wa/2602-2406; Keterangan : ;')"
CSB/WL/2603-0134,2603-0134,seq_in_nobukti,"[seq_in_keterangan] CSB/SYS/2604-13561 (id=78230, cabang=2, tgl=2026-03-13, keterangan='UW/2603-0134; Keterangan : ;') | [seq_in_keterangan] CSB/SYS/2604-12153 (id=76822, cabang=2, tgl=2026-03-06, keterangan='FZ/2603-0134; Keterangan : ;') | [seq_in_keterangan] CSB/SYS/2604-12096 (id=76765, cabang=2, tgl=2026-03-06, keterangan='Wl/2603-0134; Keterangan : ;') | [seq_in_keterangan] CSB/SYS/2604-12082 (id=76751, cabang=2, tgl=2026-03-05, keterangan='SI/2603-0134; Keterangan : ;') | [seq_in_keterangan] CSB/SYS/2604-11824 (id=76493, cabang=2, tgl=2026-03-04, keterangan='IN/2603-0134; Keterangan : ;') | [seq_in_keterangan] CSB/SYS/2604-11788 (id=76457, cabang=2, tgl=2026-03-04, keterangan='Ma/2603-0134; Keterangan : ;') | [seq_in_nobukti] MDR/RA/2603-0134 (id=55367, cabang=4, tgl=2026-04-01, keterangan='') | [seq_in_nobukti] MDR/ARV/2603-0134 (id=55339, cabang=4, tgl=2026-04-01, keterangan='') | [seq_in_nobukti] MDR/OC/2603-0134 (id=54755, cabang=4, tgl=2026-03-31, keterangan='') | [seq_in_nobukti] SB/PT/2603-0134 (id=47356, cabang=1, tgl=2026-03-16, keterangan='') | [seq_in_keterangan] MDR/SYS/2603-0927 (id=43131, cabang=4, tgl=2026-03-08, keterangan='GI/2603-0134; Keterangan : ;') | [seq_in_nobukti] SB/WS/2603-0134 (id=42710, cabang=1, tgl=2026-03-08, keterangan='') | [seq_in_nobukti] SB/V2/2603-0134 (id=41121, cabang=1, tgl=2026-03-05, keterangan='') | [seq_in_nobukti] SB/NI/2603-0134 (id=41067, cabang=1, tgl=2026-03-05, keterangan='') | [seq_in_keterangan] MDR/SYS/2603-0452 (id=40619, cabang=4, tgl=2026-03-04, keterangan='MR/2603-0134; Keterangan : ;') | [seq_in_keterangan] MDR/SYS/2603-0398 (id=40565, cabang=4, tgl=2026-03-04, keterangan='Md/2603-0134; Keterangan : ;') | [seq_in_keterangan] KRT/SYS/2603-0740 (id=38168, cabang=5, tgl=2026-03-03, keterangan='Pa/2603-0134; Keterangan : ;') | [seq_in_keterangan] KRT/SYS/2603-0565 (id=37663, cabang=5, tgl=2026-03-02, keterangan='Wa/2603-0134; Keterangan : ;') | [seq_in_nobukti] MDR/SYS/2603-0134 (id=36909, cabang=4, tgl=2026-03-01, keterangan='MR/2603-0026; Keterangan : ;') | [seq_in_nobukti] SB/SYS/2603-0134 (id=36618, cabang=1, tgl=2026-03-01, keterangan='VX/2603-0018; Keterangan : ;') | [seq_in_nobukti] KRT/SYS/2603-0134 (id=36468, cabang=5, tgl=2026-02-28, keterangan='Wa/2602-2362; Keterangan : ;')"
CSB/WL/2603-0207,2603-0207,seq_in_nobukti,"[seq_in_keterangan] CSB/SYS/2604-14586 (id=79255, cabang=2, tgl=2026-03-16, keterangan='UW/2603-0207; Keterangan : ;') | [seq_in_keterangan] CSB/SYS/2604-12603 (id=77272, cabang=2, tgl=2026-03-08, keterangan='FZ/2603-0207; Keterangan : ;') | [seq_in_keterangan] CSB/SYS/2604-12466 (id=77135, cabang=2, tgl=2026-03-07, keterangan='SI/2603-0207; Keterangan : ;') | [seq_in_keterangan] CSB/SYS/2604-12427 (id=77096, cabang=2, tgl=2026-03-07, keterangan='Wl/2603-0207; Keterangan : ;') | [seq_in_keterangan] CSB/SYS/2604-12335 (id=77004, cabang=2, tgl=2026-03-07, keterangan='IN/2603-0207; Keterangan : ;') | [seq_in_keterangan] CSB/SYS/2604-12124 (id=76793, cabang=2, tgl=2026-03-06, keterangan='Ma/2603-0207; Keterangan : ;') | [seq_in_nobukti] SB/PT/2603-0207 (id=50904, cabang=1, tgl=2026-03-19, keterangan='') | [seq_in_keterangan] MDR/SYS/2603-1496 (id=47596, cabang=4, tgl=2026-03-05, keterangan='Md/2603-0207; Keterangan : ;') | [seq_in_keterangan] MDR/SYS/2603-1281 (id=45729, cabang=4, tgl=2026-03-12, keterangan='GI/2603-0207; Keterangan : ;') | [seq_in_nobukti] SB/WS/2603-0207 (id=43493, cabang=1, tgl=2026-03-09, keterangan='') | [seq_in_nobukti] SB/V2/2603-0207 (id=41889, cabang=1, tgl=2026-03-07, keterangan='') | [seq_in_keterangan] MDR/SYS/2603-0606 (id=41490, cabang=4, tgl=2026-03-06, keterangan='MR/2603-0207; Keterangan : ;') | [seq_in_nobukti] SB/NI/2603-0207 (id=41259, cabang=1, tgl=2026-03-06, keterangan='') | [seq_in_keterangan] KRT/SYS/2603-3104 (id=40928, cabang=5, tgl=2026-03-04, keterangan='Pa/2603-0207; Keterangan : ;') | [seq_in_keterangan] KRT/SYS/2603-0901 (id=38329, cabang=5, tgl=2026-03-03, keterangan='An/2603-0207; Keterangan : ;') | [seq_in_keterangan] KRT/SYS/2603-0752 (id=38180, cabang=5, tgl=2026-03-03, keterangan='Wa/2603-0207; Keterangan : ;') | [seq_in_nobukti] MDR/SYS/2603-0207 (id=36982, cabang=4, tgl=2026-03-01, keterangan='Md/2603-0057; Keterangan : ;') | [seq_in_nobukti] SB/SYS/2603-0207 (id=36691, cabang=1, tgl=2026-03-01, keterangan='NS/2603-0028; Keterangan : ;') | [seq_in_nobukti] KRT/SYS/2603-0207 (id=36541, cabang=5, tgl=2026-02-28, keterangan='Pa/2602-2468; Keterangan : ;')"
CSB/SI/2603-0313,2603-0313,seq_in_nobukti,"[seq_in_keterangan] KRT/SYS/2604-3292 (id=84020, cabang=5, tgl=2026-03-05, keterangan='Pa/2603-0313; Keterangan : ;') | [seq_in_keterangan] CSB/SYS/2604-15437 (id=80106, cabang=2, tgl=2026-03-28, keterangan='UW/2603-0313; Keterangan : ;') | [seq_in_keterangan] CSB/SYS/2604-13151 (id=77820, cabang=2, tgl=2026-03-11, keterangan='FZ/2603-0313; Keterangan : ;') | [seq_in_keterangan] CSB/SYS/2604-13099 (id=77768, cabang=2, tgl=2026-03-11, keterangan='Wl/2603-0313; Keterangan : ;') | [seq_in_keterangan] CSB/SYS/2604-12885 (id=77554, cabang=2, tgl=2026-03-10, keterangan='IN/2603-0313; Keterangan : ;') | [seq_in_keterangan] CSB/SYS/2604-12837 (id=77506, cabang=2, tgl=2026-03-09, keterangan='SI/2603-0313; Keterangan : ;') | [seq_in_keterangan] CSB/SYS/2604-12599 (id=77268, cabang=2, tgl=2026-03-08, keterangan='Ma/2603-0313; Keterangan : ;') | [seq_in_nobukti] SB/PT/2603-0313 (id=54106, cabang=1, tgl=2026-03-30, keterangan='') | [seq_in_keterangan] MDR/SYS/2603-1727 (id=48110, cabang=4, tgl=2026-03-16, keterangan='GI/2603-0313; Keterangan : ;') | [seq_in_nobukti] SB/WS/2603-0313 (id=45184, cabang=1, tgl=2026-03-12, keterangan='') | [seq_in_nobukti] SB/NI/2603-0313 (id=44455, cabang=1, tgl=2026-03-11, keterangan='') | [seq_in_keterangan] MDR/SYS/2603-0892 (id=43096, cabang=4, tgl=2026-03-08, keterangan='Md/2603-0313; Keterangan : ;') | [seq_in_keterangan] MDR/SYS/2603-0832 (id=43036, cabang=4, tgl=2026-03-08, keterangan='MR/2603-0313; Keterangan : ;') | [seq_in_nobukti] SB/V2/2603-0313 (id=42802, cabang=1, tgl=2026-03-08, keterangan='') | [seq_in_keterangan] KRT/SYS/2603-2976 (id=40800, cabang=5, tgl=2026-03-04, keterangan='An/2603-0313; Keterangan : ;') | [seq_in_keterangan] KRT/SYS/2603-2850 (id=40674, cabang=5, tgl=2026-03-04, keterangan='Wa/2603-0313; Keterangan : ;') | [seq_in_nobukti] MDR/SYS/2603-0313 (id=37515, cabang=4, tgl=2026-03-02, keterangan='GI/2603-0023; Keterangan : ;') | [seq_in_nobukti] KRT/SYS/2603-0313 (id=37047, cabang=5, tgl=2026-03-01, keterangan='Wa/2603-0049; Keterangan : ;')"
CSB/MA/2603-0325,2603-0325,seq_in_nobukti,"[seq_in_keterangan] KRT/SYS/2604-3304 (id=84032, cabang=5, tgl=2026-03-05, keterangan='Pa/2603-0325; Keterangan : ;') | [seq_in_keterangan] CSB/SYS/2604-15730 (id=80399, cabang=2, tgl=2026-03-30, keterangan='UW/2603-0325; Keterangan : ;') | [seq_in_keterangan] CSB/SYS/2604-13204 (id=77873, cabang=2, tgl=2026-03-11, keterangan='Wl/2603-0325; Keterangan : ;') | [seq_in_keterangan] CSB/SYS/2604-13163 (id=77832, cabang=2, tgl=2026-03-11, keterangan='FZ/2603-0325; Keterangan : ;') | [seq_in_keterangan] CSB/SYS/2604-13018 (id=77687, cabang=2, tgl=2026-03-10, keterangan='SI/2603-0325; Keterangan : ;') | [seq_in_keterangan] CSB/SYS/2604-12896 (id=77565, cabang=2, tgl=2026-03-10, keterangan='IN/2603-0325; Keterangan : ;') | [seq_in_keterangan] CSB/SYS/2604-12757 (id=77426, cabang=2, tgl=2026-03-09, keterangan='Ma/2603-0325; Keterangan : ;') | [seq_in_keterangan] MDR/SYS/2603-2254 (id=49510, cabang=4, tgl=2026-03-17, keterangan='GI/2603-0325; Keterangan : ;') | [seq_in_nobukti] SB/WS/2603-0325 (id=45196, cabang=1, tgl=2026-03-12, keterangan='') | [seq_in_nobukti] SB/NI/2603-0325 (id=44467, cabang=1, tgl=2026-03-11, keterangan='') | [seq_in_keterangan] MDR/SYS/2603-0904 (id=43108, cabang=4, tgl=2026-03-08, keterangan='Md/2603-0325; Keterangan : ;') | [seq_in_keterangan] MDR/SYS/2603-0844 (id=43048, cabang=4, tgl=2026-03-08, keterangan='MR/2603-0325; Keterangan : ;') | [seq_in_nobukti] SB/V2/2603-0325 (id=42814, cabang=1, tgl=2026-03-08, keterangan='') | [seq_in_keterangan] KRT/SYS/2603-2987 (id=40811, cabang=5, tgl=2026-03-04, keterangan='An/2603-0325; Keterangan : ;') | [seq_in_keterangan] KRT/SYS/2603-2862 (id=40686, cabang=5, tgl=2026-03-04, keterangan='Wa/2603-0325; Keterangan : ;') | [seq_in_nobukti] MDR/SYS/2603-0325 (id=38050, cabang=4, tgl=2026-03-03, keterangan='MR/2603-0093; Keterangan : ;') | [seq_in_nobukti] KRT/SYS/2603-0325 (id=37059, cabang=5, tgl=2026-03-01, keterangan='Wa/2603-0062; Keterangan : ;')"
CSB/WL/2603-0255,2603-0255,seq_in_nobukti,"[seq_in_keterangan] KRT/SYS/2604-3235 (id=83963, cabang=5, tgl=2026-03-05, keterangan='Pa/2603-0255; Keterangan : ;') | [seq_in_keterangan] CSB/SYS/2604-14966 (id=79635, cabang=2, tgl=2026-03-18, keterangan='UW/2603-0255; Keterangan : ;') | [seq_in_keterangan] CSB/SYS/2604-12907 (id=77576, cabang=2, tgl=2026-03-10, keterangan='FZ/2603-0255; Keterangan : ;') | [seq_in_keterangan] CSB/SYS/2604-12735 (id=77404, cabang=2, tgl=2026-03-09, keterangan='Wl/2603-0255; Keterangan : ;') | [seq_in_keterangan] CSB/SYS/2604-12638 (id=77307, cabang=2, tgl=2026-03-08, keterangan='SI/2603-0255; Keterangan : ;') | [seq_in_keterangan] CSB/SYS/2604-12437 (id=77106, cabang=2, tgl=2026-03-07, keterangan='IN/2603-0255; Keterangan : ;') | [seq_in_keterangan] CSB/SYS/2604-12297 (id=76966, cabang=2, tgl=2026-03-07, keterangan='Ma/2603-0255; Keterangan : ;') | [seq_in_nobukti] SB/PT/2603-0255 (id=50952, cabang=1, tgl=2026-03-19, keterangan='') | [seq_in_keterangan] MDR/SYS/2603-1987 (id=48833, cabang=4, tgl=2026-03-14, keterangan='GI/2603-0255; Keterangan : ;') | [seq_in_nobukti] SB/WS/2603-0255 (id=43568, cabang=1, tgl=2026-03-10, keterangan='') | [seq_in_nobukti] SB/NI/2603-0255 (id=43427, cabang=1, tgl=2026-03-09, keterangan='') | [seq_in_keterangan] MDR/SYS/2603-0754 (id=42283, cabang=4, tgl=2026-03-07, keterangan='Md/2603-0255; Keterangan : ;') | [seq_in_keterangan] MDR/SYS/2603-0709 (id=42238, cabang=4, tgl=2026-03-07, keterangan='MR/2603-0255; Keterangan : ;') | [seq_in_nobukti] SB/V2/2603-0255 (id=41937, cabang=1, tgl=2026-03-07, keterangan='') | [seq_in_keterangan] KRT/SYS/2603-0949 (id=38377, cabang=5, tgl=2026-03-03, keterangan='An/2603-0255; Keterangan : ;') | [seq_in_keterangan] KRT/SYS/2603-0799 (id=38227, cabang=5, tgl=2026-03-03, keterangan='Wa/2603-0255; Keterangan : ;') | [seq_in_nobukti] MDR/SYS/2603-0255 (id=37457, cabang=4, tgl=2026-03-02, keterangan='MR/2603-0072; Keterangan : ;') | [seq_in_nobukti] KRT/SYS/2603-0255 (id=36589, cabang=5, tgl=2026-02-28, keterangan='Pa/2602-2516; Keterangan : ;')"
CSB/WL/2603-0298,2603-0298,seq_in_nobukti,"[seq_in_keterangan] KRT/SYS/2604-3277 (id=84005, cabang=5, tgl=2026-03-05, keterangan='Pa/2603-0298; Keterangan : ;') | [seq_in_keterangan] CSB/SYS/2604-15153 (id=79822, cabang=2, tgl=2026-03-19, keterangan='UW/2603-0298; Keterangan : ;') | [seq_in_keterangan] CSB/SYS/2604-13136 (id=77805, cabang=2, tgl=2026-03-11, keterangan='FZ/2603-0298; Keterangan : ;') | [seq_in_keterangan] CSB/SYS/2604-12977 (id=77646, cabang=2, tgl=2026-03-10, keterangan='Wl/2603-0298; Keterangan : ;') | [seq_in_keterangan] CSB/SYS/2604-12822 (id=77491, cabang=2, tgl=2026-03-09, keterangan='SI/2603-0298; Keterangan : ;') | [seq_in_keterangan] CSB/SYS/2604-12800 (id=77469, cabang=2, tgl=2026-03-09, keterangan='IN/2603-0298; Keterangan : ;') | [seq_in_keterangan] CSB/SYS/2604-12547 (id=77216, cabang=2, tgl=2026-03-08, keterangan='Ma/2603-0298; Keterangan : ;') | [seq_in_nobukti] SB/PT/2603-0298 (id=53628, cabang=1, tgl=2026-03-29, keterangan='') | [seq_in_keterangan] MDR/SYS/2603-1712 (id=48095, cabang=4, tgl=2026-03-16, keterangan='GI/2603-0298; Keterangan : ;') | [seq_in_nobukti] SB/WS/2603-0298 (id=44479, cabang=1, tgl=2026-03-11, keterangan='') | [seq_in_nobukti] SB/NI/2603-0298 (id=44440, cabang=1, tgl=2026-03-11, keterangan='') | [seq_in_keterangan] MDR/SYS/2603-0877 (id=43081, cabang=4, tgl=2026-03-08, keterangan='Md/2603-0298; Keterangan : ;') | [seq_in_keterangan] MDR/SYS/2603-0817 (id=43021, cabang=4, tgl=2026-03-08, keterangan='MR/2603-0298; Keterangan : ;') | [seq_in_nobukti] SB/V2/2603-0298 (id=42787, cabang=1, tgl=2026-03-08, keterangan='') | [seq_in_keterangan] KRT/SYS/2603-2961 (id=40785, cabang=5, tgl=2026-03-04, keterangan='An/2603-0298; Keterangan : ;') | [seq_in_keterangan] KRT/SYS/2603-0842 (id=38270, cabang=5, tgl=2026-03-03, keterangan='Wa/2603-0298; Keterangan : ;') | [seq_in_nobukti] MDR/SYS/2603-0298 (id=37500, cabang=4, tgl=2026-03-02, keterangan='Md/2603-0088; Keterangan : ;') | [seq_in_nobukti] KRT/SYS/2603-0298 (id=37032, cabang=5, tgl=2026-03-01, keterangan='Wa/2603-0034; Keterangan : ;')"
CSB/IN/2603-0280,2603-0280,seq_in_nobukti,"[seq_in_keterangan] KRT/SYS/2604-3260 (id=83988, cabang=5, tgl=2026-03-05, keterangan='Pa/2603-0280; Keterangan : ;') | [seq_in_keterangan] CSB/SYS/2604-15076 (id=79745, cabang=2, tgl=2026-03-18, keterangan='UW/2603-0280; Keterangan : ;') | [seq_in_keterangan] CSB/SYS/2604-12960 (id=77629, cabang=2, tgl=2026-03-10, keterangan='FZ/2603-0280; Keterangan : ;') | [seq_in_keterangan] CSB/SYS/2604-12939 (id=77608, cabang=2, tgl=2026-03-10, keterangan='Wl/2603-0280; Keterangan : ;') | [seq_in_keterangan] CSB/SYS/2604-12669 (id=77338, cabang=2, tgl=2026-03-09, keterangan='IN/2603-0280; Keterangan : ;') | [seq_in_keterangan] CSB/SYS/2604-12663 (id=77332, cabang=2, tgl=2026-03-08, keterangan='SI/2603-0280; Keterangan : ;') | [seq_in_keterangan] CSB/SYS/2604-12530 (id=77199, cabang=2, tgl=2026-03-08, keterangan='Ma/2603-0280; Keterangan : ;') | [seq_in_nobukti] SB/PT/2603-0280 (id=50977, cabang=1, tgl=2026-03-19, keterangan='') | [seq_in_keterangan] MDR/SYS/2603-1694 (id=48077, cabang=4, tgl=2026-03-16, keterangan='GI/2603-0280; Keterangan : ;') | [seq_in_nobukti] SB/NI/2603-0280 (id=44422, cabang=1, tgl=2026-03-11, keterangan='') | [seq_in_nobukti] SB/WS/2603-0280 (id=43593, cabang=1, tgl=2026-03-10, keterangan='') | [seq_in_nobukti] SB/V2/2603-0280 (id=42769, cabang=1, tgl=2026-03-08, keterangan='') | [seq_in_keterangan] MDR/SYS/2603-0779 (id=42308, cabang=4, tgl=2026-03-07, keterangan='Md/2603-0280; Keterangan : ;') | [seq_in_keterangan] MDR/SYS/2603-0734 (id=42263, cabang=4, tgl=2026-03-07, keterangan='MR/2603-0280; Keterangan : ;') | [seq_in_keterangan] KRT/SYS/2603-2943 (id=40767, cabang=5, tgl=2026-03-04, keterangan='An/2603-0280; Keterangan : ;') | [seq_in_keterangan] KRT/SYS/2603-0824 (id=38252, cabang=5, tgl=2026-03-03, keterangan='Wa/2603-0280; Keterangan : ;') | [seq_in_nobukti] MDR/SYS/2603-0280 (id=37482, cabang=4, tgl=2026-03-02, keterangan='Md/2603-0070; Keterangan : ;') | [seq_in_nobukti] KRT/SYS/2603-0280 (id=37014, cabang=5, tgl=2026-03-01, keterangan='Wa/2603-0014; Keterangan : ;')"
CSB/MA/2603-0268,2603-0268,seq_in_nobukti,"[seq_in_keterangan] KRT/SYS/2604-3248 (id=83976, cabang=5, tgl=2026-03-05, keterangan='Pa/2603-0268; Keterangan : ;') | [seq_in_keterangan] CSB/SYS/2604-15065 (id=79734, cabang=2, tgl=2026-03-18, keterangan='UW/2603-0268; Keterangan : ;') | [seq_in_keterangan] CSB/SYS/2604-12919 (id=77588, cabang=2, tgl=2026-03-10, keterangan='FZ/2603-0268; Keterangan : ;') | [seq_in_keterangan] CSB/SYS/2604-12789 (id=77458, cabang=2, tgl=2026-03-09, keterangan='Wl/2603-0268; Keterangan : ;') | [seq_in_keterangan] CSB/SYS/2604-12651 (id=77320, cabang=2, tgl=2026-03-08, keterangan='SI/2603-0268; Keterangan : ;') | [seq_in_keterangan] CSB/SYS/2604-12567 (id=77236, cabang=2, tgl=2026-03-08, keterangan='IN/2603-0268; Keterangan : ;') | [seq_in_keterangan] CSB/SYS/2604-12519 (id=77188, cabang=2, tgl=2026-03-08, keterangan='Ma/2603-0268; Keterangan : ;') | [seq_in_nobukti] SB/PT/2603-0268 (id=50965, cabang=1, tgl=2026-03-19, keterangan='') | [seq_in_keterangan] MDR/SYS/2603-1682 (id=48065, cabang=4, tgl=2026-03-16, keterangan='GI/2603-0268; Keterangan : ;') | [seq_in_nobukti] SB/WS/2603-0268 (id=43581, cabang=1, tgl=2026-03-10, keterangan='') | [seq_in_nobukti] SB/NI/2603-0268 (id=43516, cabang=1, tgl=2026-03-10, keterangan='') | [seq_in_keterangan] MDR/SYS/2603-0767 (id=42296, cabang=4, tgl=2026-03-07, keterangan='Md/2603-0268; Keterangan : ;') | [seq_in_keterangan] MDR/SYS/2603-0722 (id=42251, cabang=4, tgl=2026-03-07, keterangan='MR/2603-0268; Keterangan : ;') | [seq_in_nobukti] SB/V2/2603-0268 (id=41950, cabang=1, tgl=2026-03-07, keterangan='') | [seq_in_keterangan] KRT/SYS/2603-2932 (id=40756, cabang=5, tgl=2026-03-04, keterangan='An/2603-0268; Keterangan : ;') | [seq_in_keterangan] KRT/SYS/2603-0812 (id=38240, cabang=5, tgl=2026-03-03, keterangan='Wa/2603-0268; Keterangan : ;') | [seq_in_nobukti] MDR/SYS/2603-0268 (id=37470, cabang=4, tgl=2026-03-02, keterangan='MR/2603-0085; Keterangan : ;') | [seq_in_nobukti] KRT/SYS/2603-0268 (id=37002, cabang=5, tgl=2026-03-01, keterangan='Wa/2603-0002; Keterangan : ;')"
CSB/WL/2603-0177,2603-0177,seq_in_nobukti,"[seq_in_keterangan] CSB/SYS/2604-14556 (id=79225, cabang=2, tgl=2026-03-16, keterangan='UW/2603-0177; Keterangan : ;') | [seq_in_keterangan] CSB/SYS/2604-12399 (id=77068, cabang=2, tgl=2026-03-07, keterangan='FZ/2603-0177; Keterangan : ;') | [seq_in_keterangan] CSB/SYS/2604-12311 (id=76980, cabang=2, tgl=2026-03-07, keterangan='Wl/2603-0177; Keterangan : ;') | [seq_in_keterangan] CSB/SYS/2604-12270 (id=76939, cabang=2, tgl=2026-03-06, keterangan='SI/2603-0177; Keterangan : ;') | [seq_in_keterangan] CSB/SYS/2604-12171 (id=76840, cabang=2, tgl=2026-03-06, keterangan='IN/2603-0177; Keterangan : ;') | [seq_in_keterangan] CSB/SYS/2604-11953 (id=76622, cabang=2, tgl=2026-03-05, keterangan='Ma/2603-0177; Keterangan : ;') | [seq_in_keterangan] MDR/SYS/2603-1466 (id=47566, cabang=4, tgl=2026-03-05, keterangan='Md/2603-0177; Keterangan : ;') | [seq_in_keterangan] MDR/SYS/2603-1445 (id=47545, cabang=4, tgl=2026-03-05, keterangan='MR/2603-0177; Keterangan : ;') | [seq_in_nobukti] SB/PT/2603-0177 (id=47399, cabang=1, tgl=2026-03-16, keterangan='') | [seq_in_keterangan] MDR/SYS/2603-1052 (id=43989, cabang=4, tgl=2026-03-10, keterangan='GI/2603-0177; Keterangan : ;') | [seq_in_nobukti] SB/WS/2603-0177 (id=43463, cabang=1, tgl=2026-03-09, keterangan='') | [seq_in_nobukti] SB/NI/2603-0177 (id=41229, cabang=1, tgl=2026-03-06, keterangan='') | [seq_in_nobukti] SB/V2/2603-0177 (id=41176, cabang=1, tgl=2026-03-06, keterangan='') | [seq_in_keterangan] KRT/SYS/2603-3074 (id=40898, cabang=5, tgl=2026-03-04, keterangan='Pa/2603-0177; Keterangan : ;') | [seq_in_keterangan] KRT/SYS/2603-0873 (id=38301, cabang=5, tgl=2026-03-03, keterangan='An/2603-0177; Keterangan : ;') | [seq_in_keterangan] KRT/SYS/2603-0608 (id=37706, cabang=5, tgl=2026-03-02, keterangan='Wa/2603-0177; Keterangan : ;') | [seq_in_nobukti] MDR/SYS/2603-0177 (id=36952, cabang=4, tgl=2026-03-01, keterangan='Md/2603-0027; Keterangan : ;') | [seq_in_nobukti] SB/SYS/2603-0177 (id=36661, cabang=1, tgl=2026-03-01, keterangan='WN/2603-0029; Keterangan : ;') | [seq_in_nobukti] KRT/SYS/2603-0177 (id=36511, cabang=5, tgl=2026-02-28, keterangan='Wa/2602-2405; Keterangan : ;')"
CSB/SI/2603-0240,2603-0240,seq_in_nobukti,"[seq_in_keterangan] KRT/SYS/2604-3220 (id=83948, cabang=5, tgl=2026-03-05, keterangan='Pa/2603-0240; Keterangan : ;') | [seq_in_keterangan] CSB/SYS/2604-14718 (id=79387, cabang=2, tgl=2026-03-17, keterangan='UW/2603-0240; Keterangan : ;') | [seq_in_keterangan] CSB/SYS/2604-12720 (id=77389, cabang=2, tgl=2026-03-09, keterangan='Wl/2603-0240; Keterangan : ;') | [seq_in_keterangan] CSB/SYS/2604-12706 (id=77375, cabang=2, tgl=2026-03-09, keterangan='FZ/2603-0240; Keterangan : ;') | [seq_in_keterangan] CSB/SYS/2604-12498 (id=77167, cabang=2, tgl=2026-03-07, keterangan='SI/2603-0240; Keterangan : ;') | [seq_in_keterangan] CSB/SYS/2604-12366 (id=77035, cabang=2, tgl=2026-03-07, keterangan='IN/2603-0240; Keterangan : ;') | [seq_in_keterangan] CSB/SYS/2604-12282 (id=76951, cabang=2, tgl=2026-03-07, keterangan='Ma/2603-0240; Keterangan : ;') | [seq_in_nobukti] SB/PT/2603-0240 (id=50937, cabang=1, tgl=2026-03-19, keterangan='') | [seq_in_keterangan] MDR/SYS/2603-1973 (id=48819, cabang=4, tgl=2026-03-14, keterangan='GI/2603-0240; Keterangan : ;') | [seq_in_nobukti] SB/WS/2603-0240 (id=43553, cabang=1, tgl=2026-03-10, keterangan='') | [seq_in_nobukti] SB/NI/2603-0240 (id=42666, cabang=1, tgl=2026-03-08, keterangan='') | [seq_in_nobukti] SB/V2/2603-0240 (id=41922, cabang=1, tgl=2026-03-07, keterangan='') | [seq_in_keterangan] MDR/SYS/2603-0677 (id=41561, cabang=4, tgl=2026-03-06, keterangan='Md/2603-0240; Keterangan : ;') | [seq_in_keterangan] MDR/SYS/2603-0639 (id=41523, cabang=4, tgl=2026-03-06, keterangan='MR/2603-0240; Keterangan : ;') | [seq_in_keterangan] KRT/SYS/2603-0934 (id=38362, cabang=5, tgl=2026-03-03, keterangan='An/2603-0240; Keterangan : ;') | [seq_in_keterangan] KRT/SYS/2603-0785 (id=38213, cabang=5, tgl=2026-03-03, keterangan='Wa/2603-0240; Keterangan : ;') | [seq_in_nobukti] MDR/SYS/2603-0240 (id=37442, cabang=4, tgl=2026-03-02, keterangan='MR/2603-0057; Keterangan : ;') | [seq_in_nobukti] KRT/SYS/2603-0240 (id=36574, cabang=5, tgl=2026-02-28, keterangan='Pa/2602-2501; Keterangan : ;')"
CSB/WL/2603-0248,2603-0248,seq_in_nobukti,"[seq_in_keterangan] KRT/SYS/2604-3228 (id=83956, cabang=5, tgl=2026-03-05, keterangan='Pa/2603-0248; Keterangan : ;') | [seq_in_keterangan] CSB/SYS/2604-14726 (id=79395, cabang=2, tgl=2026-03-17, keterangan='UW/2603-0248; Keterangan : ;') | [seq_in_keterangan] CSB/SYS/2604-12728 (id=77397, cabang=2, tgl=2026-03-09, keterangan='Wl/2603-0248; Keterangan : ;') | [seq_in_keterangan] CSB/SYS/2604-12714 (id=77383, cabang=2, tgl=2026-03-09, keterangan='FZ/2603-0248; Keterangan : ;') | [seq_in_keterangan] CSB/SYS/2604-12631 (id=77300, cabang=2, tgl=2026-03-08, keterangan='SI/2603-0248; Keterangan : ;') | [seq_in_keterangan] CSB/SYS/2604-12415 (id=77084, cabang=2, tgl=2026-03-07, keterangan='IN/2603-0248; Keterangan : ;') | [seq_in_keterangan] CSB/SYS/2604-12290 (id=76959, cabang=2, tgl=2026-03-07, keterangan='Ma/2603-0248; Keterangan : ;') | [seq_in_nobukti] SB/PT/2603-0248 (id=50945, cabang=1, tgl=2026-03-19, keterangan='') | [seq_in_keterangan] MDR/SYS/2603-1980 (id=48826, cabang=4, tgl=2026-03-14, keterangan='GI/2603-0248; Keterangan : ;') | [seq_in_nobukti] SB/WS/2603-0248 (id=43561, cabang=1, tgl=2026-03-10, keterangan='') | [seq_in_nobukti] SB/NI/2603-0248 (id=42750, cabang=1, tgl=2026-03-08, keterangan='') | [seq_in_nobukti] SB/V2/2603-0248 (id=41930, cabang=1, tgl=2026-03-07, keterangan='') | [seq_in_keterangan] MDR/SYS/2603-0685 (id=41569, cabang=4, tgl=2026-03-06, keterangan='Md/2603-0248; Keterangan : ;') | [seq_in_keterangan] MDR/SYS/2603-0647 (id=41531, cabang=4, tgl=2026-03-06, keterangan='MR/2603-0248; Keterangan : ;') | [seq_in_keterangan] KRT/SYS/2603-0942 (id=38370, cabang=5, tgl=2026-03-03, keterangan='An/2603-0248; Keterangan : ;') | [seq_in_keterangan] KRT/SYS/2603-0792 (id=38220, cabang=5, tgl=2026-03-03, keterangan='Wa/2603-0248; Keterangan : ;') | [seq_in_nobukti] MDR/SYS/2603-0248 (id=37450, cabang=4, tgl=2026-03-02, keterangan='MR/2603-0065; Keterangan : ;') | [seq_in_nobukti] KRT/SYS/2603-0248 (id=36582, cabang=5, tgl=2026-02-28, keterangan='Pa/2602-2509; Keterangan : ;')"
CSB/WL/2603-0215,2603-0215,seq_in_nobukti,"[seq_in_keterangan] CSB/SYS/2604-14594 (id=79263, cabang=2, tgl=2026-03-16, keterangan='UW/2603-0215; Keterangan : ;') | [seq_in_keterangan] CSB/SYS/2604-12683 (id=77352, cabang=2, tgl=2026-03-09, keterangan='FZ/2603-0215; Keterangan : ;') | [seq_in_keterangan] CSB/SYS/2604-12499 (id=77168, cabang=2, tgl=2026-03-08, keterangan='Wl/2603-0215; Keterangan : ;') | [seq_in_keterangan] CSB/SYS/2604-12474 (id=77143, cabang=2, tgl=2026-03-07, keterangan='SI/2603-0215; Keterangan : ;') | [seq_in_keterangan] CSB/SYS/2604-12343 (id=77012, cabang=2, tgl=2026-03-07, keterangan='IN/2603-0215; Keterangan : ;') | [seq_in_keterangan] CSB/SYS/2604-12132 (id=76801, cabang=2, tgl=2026-03-06, keterangan='Ma/2603-0215; Keterangan : ;') | [seq_in_nobukti] SB/PT/2603-0215 (id=50912, cabang=1, tgl=2026-03-19, keterangan='') | [seq_in_keterangan] MDR/SYS/2603-1504 (id=47604, cabang=4, tgl=2026-03-05, keterangan='Md/2603-0215; Keterangan : ;') | [seq_in_keterangan] MDR/SYS/2603-1402 (id=46578, cabang=4, tgl=2026-03-13, keterangan='GI/2603-0215; Keterangan : ;') | [seq_in_nobukti] SB/WS/2603-0215 (id=43501, cabang=1, tgl=2026-03-09, keterangan='') | [seq_in_nobukti] SB/V2/2603-0215 (id=41897, cabang=1, tgl=2026-03-07, keterangan='') | [seq_in_keterangan] MDR/SYS/2603-0614 (id=41498, cabang=4, tgl=2026-03-06, keterangan='MR/2603-0215; Keterangan : ;') | [seq_in_nobukti] SB/NI/2603-0215 (id=41267, cabang=1, tgl=2026-03-06, keterangan='') | [seq_in_keterangan] KRT/SYS/2603-3112 (id=40936, cabang=5, tgl=2026-03-04, keterangan='Pa/2603-0215; Keterangan : ;') | [seq_in_keterangan] KRT/SYS/2603-0909 (id=38337, cabang=5, tgl=2026-03-03, keterangan='An/2603-0215; Keterangan : ;') | [seq_in_keterangan] KRT/SYS/2603-0760 (id=38188, cabang=5, tgl=2026-03-03, keterangan='Wa/2603-0215; Keterangan : ;') | [seq_in_nobukti] MDR/SYS/2603-0215 (id=36990, cabang=4, tgl=2026-03-01, keterangan='GI/2603-0004; Keterangan : ;') | [seq_in_nobukti] SB/SYS/2603-0215 (id=36699, cabang=1, tgl=2026-03-01, keterangan='NS/2603-0036; Keterangan : ;') | [seq_in_nobukti] KRT/SYS/2603-0215 (id=36549, cabang=5, tgl=2026-02-28, keterangan='Pa/2602-2476; Keterangan : ;')"
CSB/WL/2603-0309,2603-0309,seq_in_nobukti,"[seq_in_keterangan] KRT/SYS/2604-3288 (id=84016, cabang=5, tgl=2026-03-05, keterangan='Pa/2603-0309; Keterangan : ;') | [seq_in_keterangan] CSB/SYS/2604-15433 (id=80102, cabang=2, tgl=2026-03-28, keterangan='UW/2603-0309; Keterangan : ;') | [seq_in_keterangan] CSB/SYS/2604-13147 (id=77816, cabang=2, tgl=2026-03-11, keterangan='FZ/2603-0309; Keterangan : ;') | [seq_in_keterangan] CSB/SYS/2604-13095 (id=77764, cabang=2, tgl=2026-03-11, keterangan='Wl/2603-0309; Keterangan : ;') | [seq_in_keterangan] CSB/SYS/2604-12881 (id=77550, cabang=2, tgl=2026-03-10, keterangan='IN/2603-0309; Keterangan : ;') | [seq_in_keterangan] CSB/SYS/2604-12833 (id=77502, cabang=2, tgl=2026-03-09, keterangan='SI/2603-0309; Keterangan : ;') | [seq_in_keterangan] CSB/SYS/2604-12596 (id=77265, cabang=2, tgl=2026-03-08, keterangan='Ma/2603-0309; Keterangan : ;') | [seq_in_nobukti] SB/PT/2603-0309 (id=54102, cabang=1, tgl=2026-03-30, keterangan='wonosari') | [seq_in_keterangan] MDR/SYS/2603-1723 (id=48106, cabang=4, tgl=2026-03-16, keterangan='GI/2603-0309; Keterangan : ;') | [seq_in_nobukti] SB/WS/2603-0309 (id=45180, cabang=1, tgl=2026-03-12, keterangan='') | [seq_in_nobukti] SB/NI/2603-0309 (id=44451, cabang=1, tgl=2026-03-11, keterangan='') | [seq_in_keterangan] MDR/SYS/2603-0888 (id=43092, cabang=4, tgl=2026-03-08, keterangan='Md/2603-0309; Keterangan : ;') | [seq_in_keterangan] MDR/SYS/2603-0828 (id=43032, cabang=4, tgl=2026-03-08, keterangan='MR/2603-0309; Keterangan : ;') | [seq_in_nobukti] SB/V2/2603-0309 (id=42798, cabang=1, tgl=2026-03-08, keterangan='') | [seq_in_keterangan] KRT/SYS/2603-2972 (id=40796, cabang=5, tgl=2026-03-04, keterangan='An/2603-0309; Keterangan : ;') | [seq_in_keterangan] KRT/SYS/2603-2846 (id=40670, cabang=5, tgl=2026-03-04, keterangan='Wa/2603-0309; Keterangan : ;') | [seq_in_nobukti] MDR/SYS/2603-0309 (id=37511, cabang=4, tgl=2026-03-02, keterangan='GI/2603-0019; Keterangan : ;') | [seq_in_nobukti] KRT/SYS/2603-0309 (id=37043, cabang=5, tgl=2026-03-01, keterangan='Wa/2603-0045; Keterangan : ;')"
CSB/WL/2603-0278,2603-0278,seq_in_nobukti,"[seq_in_keterangan] KRT/SYS/2604-3258 (id=83986, cabang=5, tgl=2026-03-05, keterangan='Pa/2603-0278; Keterangan : ;') | [seq_in_keterangan] CSB/SYS/2604-15074 (id=79743, cabang=2, tgl=2026-03-18, keterangan='UW/2603-0278; Keterangan : ;') | [seq_in_keterangan] CSB/SYS/2604-12937 (id=77606, cabang=2, tgl=2026-03-10, keterangan='Wl/2603-0278; Keterangan : ;') | [seq_in_keterangan] CSB/SYS/2604-12929 (id=77598, cabang=2, tgl=2026-03-10, keterangan='FZ/2603-0278; Keterangan : ;') | [seq_in_keterangan] CSB/SYS/2604-12667 (id=77336, cabang=2, tgl=2026-03-09, keterangan='IN/2603-0278; Keterangan : ;') | [seq_in_keterangan] CSB/SYS/2604-12661 (id=77330, cabang=2, tgl=2026-03-08, keterangan='SI/2603-0278; Keterangan : ;') | [seq_in_keterangan] CSB/SYS/2604-12528 (id=77197, cabang=2, tgl=2026-03-08, keterangan='Ma/2603-0278; Keterangan : ;') | [seq_in_nobukti] SB/PT/2603-0278 (id=50975, cabang=1, tgl=2026-03-19, keterangan='') | [seq_in_keterangan] MDR/SYS/2603-1692 (id=48075, cabang=4, tgl=2026-03-16, keterangan='GI/2603-0278; Keterangan : ;') | [seq_in_nobukti] SB/NI/2603-0278 (id=44420, cabang=1, tgl=2026-03-11, keterangan='') | [seq_in_nobukti] SB/WS/2603-0278 (id=43591, cabang=1, tgl=2026-03-10, keterangan='') | [seq_in_nobukti] SB/V2/2603-0278 (id=42767, cabang=1, tgl=2026-03-08, keterangan='') | [seq_in_keterangan] MDR/SYS/2603-0777 (id=42306, cabang=4, tgl=2026-03-07, keterangan='Md/2603-0278; Keterangan : ;') | [seq_in_keterangan] MDR/SYS/2603-0732 (id=42261, cabang=4, tgl=2026-03-07, keterangan='MR/2603-0278; Keterangan : ;') | [seq_in_keterangan] KRT/SYS/2603-2941 (id=40765, cabang=5, tgl=2026-03-04, keterangan='An/2603-0278; Keterangan : ;') | [seq_in_keterangan] KRT/SYS/2603-0822 (id=38250, cabang=5, tgl=2026-03-03, keterangan='Wa/2603-0278; Keterangan : ;') | [seq_in_nobukti] MDR/SYS/2603-0278 (id=37480, cabang=4, tgl=2026-03-02, keterangan='Md/2603-0068; Keterangan : ;') | [seq_in_nobukti] KRT/SYS/2603-0278 (id=37012, cabang=5, tgl=2026-03-01, keterangan='Wa/2603-0012; Keterangan : ;')"
CSB/WL/2603-0282,2603-0282,seq_in_nobukti,"[seq_in_keterangan] KRT/SYS/2604-3262 (id=83990, cabang=5, tgl=2026-03-05, keterangan='Pa/2603-0282; Keterangan : ;') | [seq_in_keterangan] CSB/SYS/2604-15077 (id=79746, cabang=2, tgl=2026-03-18, keterangan='UW/2603-0282; Keterangan : ;') | [seq_in_keterangan] CSB/SYS/2604-12997 (id=77666, cabang=2, tgl=2026-03-10, keterangan='FZ/2603-0282; Keterangan : ;') | [seq_in_keterangan] CSB/SYS/2604-12941 (id=77610, cabang=2, tgl=2026-03-10, keterangan='Wl/2603-0282; Keterangan : ;') | [seq_in_keterangan] CSB/SYS/2604-12806 (id=77475, cabang=2, tgl=2026-03-09, keterangan='SI/2603-0282; Keterangan : ;') | [seq_in_keterangan] CSB/SYS/2604-12671 (id=77340, cabang=2, tgl=2026-03-09, keterangan='IN/2603-0282; Keterangan : ;') | [seq_in_nobukti] SB/PT/2603-0282 (id=50979, cabang=1, tgl=2026-03-19, keterangan='') | [seq_in_keterangan] MDR/SYS/2603-1696 (id=48079, cabang=4, tgl=2026-03-16, keterangan='GI/2603-0282; Keterangan : ;') | [seq_in_nobukti] SB/NI/2603-0282 (id=44424, cabang=1, tgl=2026-03-11, keterangan='') | [seq_in_nobukti] SB/WS/2603-0282 (id=43595, cabang=1, tgl=2026-03-10, keterangan='') | [seq_in_nobukti] SB/V2/2603-0282 (id=42771, cabang=1, tgl=2026-03-08, keterangan='') | [seq_in_keterangan] MDR/SYS/2603-0781 (id=42310, cabang=4, tgl=2026-03-07, keterangan='Md/2603-0282; Keterangan : ;') | [seq_in_keterangan] MDR/SYS/2603-0736 (id=42265, cabang=4, tgl=2026-03-07, keterangan='MR/2603-0282; Keterangan : ;') | [seq_in_keterangan] KRT/SYS/2603-2945 (id=40769, cabang=5, tgl=2026-03-04, keterangan='An/2603-0282; Keterangan : ;') | [seq_in_keterangan] KRT/SYS/2603-0826 (id=38254, cabang=5, tgl=2026-03-03, keterangan='Wa/2603-0282; Keterangan : ;') | [seq_in_nobukti] MDR/SYS/2603-0282 (id=37484, cabang=4, tgl=2026-03-02, keterangan='Md/2603-0072; Keterangan : ;') | [seq_in_nobukti] KRT/SYS/2603-0282 (id=37016, cabang=5, tgl=2026-03-01, keterangan='Wa/2603-0016; Keterangan : ;')"
CSB/WL/2603-0272,2603-0272,seq_in_nobukti,"[seq_in_keterangan] KRT/SYS/2604-3252 (id=83980, cabang=5, tgl=2026-03-05, keterangan='Pa/2603-0272; Keterangan : ;') | [seq_in_keterangan] CSB/SYS/2604-12932 (id=77601, cabang=2, tgl=2026-03-10, keterangan='Wl/2603-0272; Keterangan : ;') | [seq_in_keterangan] CSB/SYS/2604-12923 (id=77592, cabang=2, tgl=2026-03-10, keterangan='FZ/2603-0272; Keterangan : ;') | [seq_in_keterangan] CSB/SYS/2604-12655 (id=77324, cabang=2, tgl=2026-03-08, keterangan='SI/2603-0272; Keterangan : ;') | [seq_in_keterangan] CSB/SYS/2604-12570 (id=77239, cabang=2, tgl=2026-03-08, keterangan='IN/2603-0272; Keterangan : ;') | [seq_in_keterangan] CSB/SYS/2604-12522 (id=77191, cabang=2, tgl=2026-03-08, keterangan='Ma/2603-0272; Keterangan : ;') | [seq_in_nobukti] SB/PT/2603-0272 (id=50969, cabang=1, tgl=2026-03-19, keterangan='') | [seq_in_keterangan] MDR/SYS/2603-1686 (id=48069, cabang=4, tgl=2026-03-16, keterangan='GI/2603-0272; Keterangan : ;') | [seq_in_nobukti] SB/WS/2603-0272 (id=43585, cabang=1, tgl=2026-03-10, keterangan='') | [seq_in_nobukti] SB/NI/2603-0272 (id=43520, cabang=1, tgl=2026-03-10, keterangan='') | [seq_in_nobukti] SB/V2/2603-0272 (id=42761, cabang=1, tgl=2026-03-08, keterangan='') | [seq_in_keterangan] MDR/SYS/2603-0771 (id=42300, cabang=4, tgl=2026-03-07, keterangan='Md/2603-0272; Keterangan : ;') | [seq_in_keterangan] MDR/SYS/2603-0726 (id=42255, cabang=4, tgl=2026-03-07, keterangan='MR/2603-0272; Keterangan : ;') | [seq_in_keterangan] KRT/SYS/2603-2936 (id=40760, cabang=5, tgl=2026-03-04, keterangan='An/2603-0272; Keterangan : ;') | [seq_in_keterangan] KRT/SYS/2603-0816 (id=38244, cabang=5, tgl=2026-03-03, keterangan='Wa/2603-0272; Keterangan : ;') | [seq_in_nobukti] MDR/SYS/2603-0272 (id=37474, cabang=4, tgl=2026-03-02, keterangan='Md/2603-0062; Keterangan : ;') | [seq_in_nobukti] KRT/SYS/2603-0272 (id=37006, cabang=5, tgl=2026-03-01, keterangan='Wa/2603-0006; Keterangan : ;')"
CSB/FZ/2603-0349,2603-0349,seq_in_nobukti,"[seq_in_keterangan] KRT/SYS/2604-3328 (id=84056, cabang=5, tgl=2026-03-05, keterangan='Pa/2603-0349; Keterangan : ;') | [seq_in_keterangan] CSB/SYS/2604-13358 (id=78027, cabang=2, tgl=2026-03-12, keterangan='Wl/2603-0349; Keterangan : ;') | [seq_in_keterangan] CSB/SYS/2604-13206 (id=77875, cabang=2, tgl=2026-03-11, keterangan='FZ/2603-0349; Keterangan : ;') | [seq_in_keterangan] CSB/SYS/2604-13114 (id=77783, cabang=2, tgl=2026-03-11, keterangan='IN/2603-0349; Keterangan : ;') | [seq_in_keterangan] CSB/SYS/2604-13042 (id=77711, cabang=2, tgl=2026-03-10, keterangan='SI/2603-0349; Keterangan : ;') | [seq_in_keterangan] CSB/SYS/2604-12781 (id=77450, cabang=2, tgl=2026-03-09, keterangan='Ma/2603-0349; Keterangan : ;') | [seq_in_keterangan] MDR/SYS/2603-2278 (id=49534, cabang=4, tgl=2026-03-17, keterangan='GI/2603-0349; Keterangan : ;') | [seq_in_keterangan] MDR/SYS/2603-1770 (id=48616, cabang=4, tgl=2026-03-09, keterangan='MR/2603-0349; Keterangan : ;') | [seq_in_keterangan] MDR/SYS/2603-1742 (id=48588, cabang=4, tgl=2026-03-09, keterangan='Md/2603-0349; Keterangan : ;') | [seq_in_nobukti] SB/NI/2603-0349 (id=45268, cabang=1, tgl=2026-03-12, keterangan='') | [seq_in_nobukti] SB/WS/2603-0349 (id=45220, cabang=1, tgl=2026-03-12, keterangan='') | [seq_in_nobukti] SB/V2/2603-0349 (id=42838, cabang=1, tgl=2026-03-08, keterangan='') | [seq_in_keterangan] KRT/SYS/2603-3011 (id=40835, cabang=5, tgl=2026-03-04, keterangan='An/2603-0349; Keterangan : ;') | [seq_in_keterangan] KRT/SYS/2603-2885 (id=40709, cabang=5, tgl=2026-03-04, keterangan='Wa/2603-0349; Keterangan : ;') | [seq_in_nobukti] MDR/SYS/2603-0349 (id=38074, cabang=4, tgl=2026-03-03, keterangan='Md/2603-0093; Keterangan : ;') | [seq_in_nobukti] KRT/SYS/2603-0349 (id=37083, cabang=5, tgl=2026-03-01, keterangan='An/2603-0010; Keterangan : ;')"
CSB/WL/2603-0397,2603-0397,seq_in_nobukti,"[seq_in_keterangan] KRT/SYS/2604-3448 (id=84176, cabang=5, tgl=2026-03-05, keterangan='Wa/2603-0397; Keterangan : ;') | [seq_in_keterangan] KRT/SYS/2604-3364 (id=84092, cabang=5, tgl=2026-03-05, keterangan='An/2603-0397; Keterangan : ;') | [seq_in_keterangan] CSB/SYS/2604-13700 (id=78369, cabang=2, tgl=2026-03-13, keterangan='Wl/2603-0397; Keterangan : ;') | [seq_in_keterangan] CSB/SYS/2604-13448 (id=78117, cabang=2, tgl=2026-03-12, keterangan='FZ/2603-0397; Keterangan : ;') | [seq_in_keterangan] CSB/SYS/2604-13386 (id=78055, cabang=2, tgl=2026-03-12, keterangan='IN/2603-0397; Keterangan : ;') | [seq_in_keterangan] CSB/SYS/2604-13262 (id=77931, cabang=2, tgl=2026-03-11, keterangan='SI/2603-0397; Keterangan : ;') | [seq_in_keterangan] CSB/SYS/2604-12964 (id=77633, cabang=2, tgl=2026-03-10, keterangan='Ma/2603-0397; Keterangan : ;') | [seq_in_keterangan] MDR/SYS/2603-2502 (id=50767, cabang=4, tgl=2026-03-18, keterangan='GI/2603-0397; Keterangan : ;') | [seq_in_nobukti] SB/WS/2603-0397 (id=46054, cabang=1, tgl=2026-03-13, keterangan='') | [seq_in_nobukti] SB/NI/2603-0397 (id=45316, cabang=1, tgl=2026-03-12, keterangan='') | [seq_in_keterangan] MDR/SYS/2603-1008 (id=43945, cabang=4, tgl=2026-03-10, keterangan='Md/2603-0397; Keterangan : ;') | [seq_in_keterangan] MDR/SYS/2603-0969 (id=43906, cabang=4, tgl=2026-03-10, keterangan='MR/2603-0397; Keterangan : ;') | [seq_in_nobukti] SB/V2/2603-0397 (id=43420, cabang=1, tgl=2026-03-09, keterangan='') | [seq_in_keterangan] KRT/SYS/2603-3386 (id=41852, cabang=5, tgl=2026-03-06, keterangan='Pa/2603-0397; Keterangan : ;') | [seq_in_nobukti] MDR/SYS/2603-0397 (id=40564, cabang=4, tgl=2026-03-04, keterangan='Md/2603-0133; Keterangan : ;') | [seq_in_nobukti] KRT/SYS/2603-0397 (id=37131, cabang=5, tgl=2026-03-01, keterangan='An/2603-0061; Keterangan : ;')"
CSB/MA/2603-0552,2603-0552,seq_in_nobukti,"[seq_in_keterangan] CSB/SYS/2604-14921 (id=79590, cabang=2, tgl=2026-03-18, keterangan='Wl/2603-0552; Keterangan : ;') | [seq_in_keterangan] CSB/SYS/2604-14344 (id=79013, cabang=2, tgl=2026-03-16, keterangan='IN/2603-0552; Keterangan : ;') | [seq_in_keterangan] CSB/SYS/2604-14291 (id=78960, cabang=2, tgl=2026-03-15, keterangan='FZ/2603-0552; Keterangan : ;') | [seq_in_keterangan] CSB/SYS/2604-14023 (id=78692, cabang=2, tgl=2026-03-14, keterangan='SI/2603-0552; Keterangan : ;') | [seq_in_keterangan] CSB/SYS/2604-13804 (id=78473, cabang=2, tgl=2026-03-13, keterangan='Ma/2603-0552; Keterangan : ;') | [seq_in_nobukti] SB/WS/2603-0552 (id=47219, cabang=1, tgl=2026-03-15, keterangan='') | [seq_in_nobukti] SB/NI/2603-0552 (id=47107, cabang=1, tgl=2026-03-14, keterangan='') | [seq_in_nobukti] SB/V2/2603-0552 (id=47043, cabang=1, tgl=2026-03-14, keterangan='') | [seq_in_keterangan] MDR/SYS/2603-1374 (id=46550, cabang=4, tgl=2026-03-13, keterangan='MR/2603-0552; Keterangan : ;') | [seq_in_keterangan] MDR/SYS/2603-1312 (id=46488, cabang=4, tgl=2026-03-13, keterangan='Md/2603-0552; Keterangan : ;') | [seq_in_keterangan] KRT/SYS/2603-3927 (id=43348, cabang=5, tgl=2026-03-08, keterangan='Pa/2603-0552; Keterangan : ;') | [seq_in_keterangan] KRT/SYS/2603-3312 (id=41778, cabang=5, tgl=2026-03-06, keterangan='An/2603-0552; Keterangan : ;') | [seq_in_keterangan] KRT/SYS/2603-3214 (id=41680, cabang=5, tgl=2026-03-06, keterangan='Wa/2603-0552; Keterangan : ;') | [seq_in_nobukti] MDR/SYS/2603-0552 (id=41007, cabang=4, tgl=2026-02-12, keterangan='MR/2602-0443; Keterangan : ;') | [seq_in_nobukti] KRT/SYS/2603-0552 (id=37650, cabang=5, tgl=2026-03-02, keterangan='Wa/2603-0121; Keterangan : ;')"
CSB/WL/2603-0313,2603-0313,seq_in_nobukti,"[seq_in_keterangan] KRT/SYS/2604-3292 (id=84020, cabang=5, tgl=2026-03-05, keterangan='Pa/2603-0313; Keterangan : ;') | [seq_in_keterangan] CSB/SYS/2604-15437 (id=80106, cabang=2, tgl=2026-03-28, keterangan='UW/2603-0313; Keterangan : ;') | [seq_in_keterangan] CSB/SYS/2604-13151 (id=77820, cabang=2, tgl=2026-03-11, keterangan='FZ/2603-0313; Keterangan : ;') | [seq_in_keterangan] CSB/SYS/2604-13099 (id=77768, cabang=2, tgl=2026-03-11, keterangan='Wl/2603-0313; Keterangan : ;') | [seq_in_keterangan] CSB/SYS/2604-12885 (id=77554, cabang=2, tgl=2026-03-10, keterangan='IN/2603-0313; Keterangan : ;') | [seq_in_keterangan] CSB/SYS/2604-12837 (id=77506, cabang=2, tgl=2026-03-09, keterangan='SI/2603-0313; Keterangan : ;') | [seq_in_keterangan] CSB/SYS/2604-12599 (id=77268, cabang=2, tgl=2026-03-08, keterangan='Ma/2603-0313; Keterangan : ;') | [seq_in_nobukti] SB/PT/2603-0313 (id=54106, cabang=1, tgl=2026-03-30, keterangan='') | [seq_in_keterangan] MDR/SYS/2603-1727 (id=48110, cabang=4, tgl=2026-03-16, keterangan='GI/2603-0313; Keterangan : ;') | [seq_in_nobukti] SB/WS/2603-0313 (id=45184, cabang=1, tgl=2026-03-12, keterangan='') | [seq_in_nobukti] SB/NI/2603-0313 (id=44455, cabang=1, tgl=2026-03-11, keterangan='') | [seq_in_keterangan] MDR/SYS/2603-0892 (id=43096, cabang=4, tgl=2026-03-08, keterangan='Md/2603-0313; Keterangan : ;') | [seq_in_keterangan] MDR/SYS/2603-0832 (id=43036, cabang=4, tgl=2026-03-08, keterangan='MR/2603-0313; Keterangan : ;') | [seq_in_nobukti] SB/V2/2603-0313 (id=42802, cabang=1, tgl=2026-03-08, keterangan='') | [seq_in_keterangan] KRT/SYS/2603-2976 (id=40800, cabang=5, tgl=2026-03-04, keterangan='An/2603-0313; Keterangan : ;') | [seq_in_keterangan] KRT/SYS/2603-2850 (id=40674, cabang=5, tgl=2026-03-04, keterangan='Wa/2603-0313; Keterangan : ;') | [seq_in_nobukti] MDR/SYS/2603-0313 (id=37515, cabang=4, tgl=2026-03-02, keterangan='GI/2603-0023; Keterangan : ;') | [seq_in_nobukti] KRT/SYS/2603-0313 (id=37047, cabang=5, tgl=2026-03-01, keterangan='Wa/2603-0049; Keterangan : ;')"
CSB/WL/2603-0357,2603-0357,seq_in_nobukti,"[seq_in_keterangan] KRT/SYS/2604-3336 (id=84064, cabang=5, tgl=2026-03-05, keterangan='Pa/2603-0357; Keterangan : ;') | [seq_in_keterangan] CSB/SYS/2604-13366 (id=78035, cabang=2, tgl=2026-03-12, keterangan='Wl/2603-0357; Keterangan : ;') | [seq_in_keterangan] CSB/SYS/2604-13301 (id=77970, cabang=2, tgl=2026-03-12, keterangan='FZ/2603-0357; Keterangan : ;') | [seq_in_keterangan] CSB/SYS/2604-13222 (id=77891, cabang=2, tgl=2026-03-11, keterangan='SI/2603-0357; Keterangan : ;') | [seq_in_keterangan] CSB/SYS/2604-13122 (id=77791, cabang=2, tgl=2026-03-11, keterangan='IN/2603-0357; Keterangan : ;') | [seq_in_keterangan] CSB/SYS/2604-12805 (id=77474, cabang=2, tgl=2026-03-09, keterangan='Ma/2603-0357; Keterangan : ;') | [seq_in_keterangan] MDR/SYS/2603-2286 (id=49542, cabang=4, tgl=2026-03-17, keterangan='GI/2603-0357; Keterangan : ;') | [seq_in_keterangan] MDR/SYS/2603-1778 (id=48624, cabang=4, tgl=2026-03-09, keterangan='MR/2603-0357; Keterangan : ;') | [seq_in_keterangan] MDR/SYS/2603-1750 (id=48596, cabang=4, tgl=2026-03-09, keterangan='Md/2603-0357; Keterangan : ;') | [seq_in_nobukti] SB/NI/2603-0357 (id=45276, cabang=1, tgl=2026-03-12, keterangan='') | [seq_in_nobukti] SB/WS/2603-0357 (id=45228, cabang=1, tgl=2026-03-12, keterangan='') | [seq_in_nobukti] SB/V2/2603-0357 (id=42846, cabang=1, tgl=2026-03-08, keterangan='') | [seq_in_keterangan] KRT/SYS/2603-3019 (id=40843, cabang=5, tgl=2026-03-04, keterangan='An/2603-0357; Keterangan : ;') | [seq_in_keterangan] KRT/SYS/2603-2892 (id=40716, cabang=5, tgl=2026-03-04, keterangan='Wa/2603-0357; Keterangan : ;') | [seq_in_nobukti] MDR/SYS/2603-0357 (id=38082, cabang=4, tgl=2026-03-03, keterangan='Md/2603-0101; Keterangan : ;') | [seq_in_nobukti] KRT/SYS/2603-0357 (id=37091, cabang=5, tgl=2026-03-01, keterangan='An/2603-0019; Keterangan : ;')"
CSB/WL/2603-0359,2603-0359,seq_in_nobukti,"[seq_in_keterangan] KRT/SYS/2604-3338 (id=84066, cabang=5, tgl=2026-03-05, keterangan='Pa/2603-0359; Keterangan : ;') | [seq_in_keterangan] CSB/SYS/2604-13368 (id=78037, cabang=2, tgl=2026-03-12, keterangan='Wl/2603-0359; Keterangan : ;') | [seq_in_keterangan] CSB/SYS/2604-13303 (id=77972, cabang=2, tgl=2026-03-12, keterangan='FZ/2603-0359; Keterangan : ;') | [seq_in_keterangan] CSB/SYS/2604-13224 (id=77893, cabang=2, tgl=2026-03-11, keterangan='SI/2603-0359; Keterangan : ;') | [seq_in_keterangan] CSB/SYS/2604-13124 (id=77793, cabang=2, tgl=2026-03-11, keterangan='IN/2603-0359; Keterangan : ;') | [seq_in_keterangan] CSB/SYS/2604-12843 (id=77512, cabang=2, tgl=2026-03-10, keterangan='Ma/2603-0359; Keterangan : ;') | [seq_in_keterangan] MDR/SYS/2603-2288 (id=49544, cabang=4, tgl=2026-03-17, keterangan='GI/2603-0359; Keterangan : ;') | [seq_in_keterangan] MDR/SYS/2603-1780 (id=48626, cabang=4, tgl=2026-03-09, keterangan='MR/2603-0359; Keterangan : ;') | [seq_in_keterangan] MDR/SYS/2603-1752 (id=48598, cabang=4, tgl=2026-03-09, keterangan='Md/2603-0359; Keterangan : ;') | [seq_in_nobukti] SB/NI/2603-0359 (id=45278, cabang=1, tgl=2026-03-12, keterangan='') | [seq_in_nobukti] SB/WS/2603-0359 (id=45230, cabang=1, tgl=2026-03-12, keterangan='') | [seq_in_nobukti] SB/V2/2603-0359 (id=42848, cabang=1, tgl=2026-03-08, keterangan='') | [seq_in_keterangan] KRT/SYS/2603-3021 (id=40845, cabang=5, tgl=2026-03-04, keterangan='An/2603-0359; Keterangan : ;') | [seq_in_keterangan] KRT/SYS/2603-2894 (id=40718, cabang=5, tgl=2026-03-04, keterangan='Wa/2603-0359; Keterangan : ;') | [seq_in_nobukti] MDR/SYS/2603-0359 (id=38084, cabang=4, tgl=2026-03-03, keterangan='Md/2603-0103; Keterangan : ;') | [seq_in_nobukti] KRT/SYS/2603-0359 (id=37093, cabang=5, tgl=2026-03-01, keterangan='An/2603-0021; Keterangan : ;')"
CSB/WL/2603-0372,2603-0372,seq_in_nobukti,"[seq_in_keterangan] CSB/SYS/2604-13381 (id=78050, cabang=2, tgl=2026-03-12, keterangan='Wl/2603-0372; Keterangan : ;') | [seq_in_keterangan] CSB/SYS/2604-13316 (id=77985, cabang=2, tgl=2026-03-12, keterangan='FZ/2603-0372; Keterangan : ;') | [seq_in_keterangan] CSB/SYS/2604-13237 (id=77906, cabang=2, tgl=2026-03-11, keterangan='SI/2603-0372; Keterangan : ;') | [seq_in_keterangan] CSB/SYS/2604-13211 (id=77880, cabang=2, tgl=2026-03-11, keterangan='IN/2603-0372; Keterangan : ;') | [seq_in_keterangan] CSB/SYS/2604-12856 (id=77525, cabang=2, tgl=2026-03-10, keterangan='Ma/2603-0372; Keterangan : ;') | [seq_in_keterangan] MDR/SYS/2603-2477 (id=50742, cabang=4, tgl=2026-03-18, keterangan='GI/2603-0372; Keterangan : ;') | [seq_in_keterangan] MDR/SYS/2603-1765 (id=48611, cabang=4, tgl=2026-03-09, keterangan='Md/2603-0372; Keterangan : ;') | [seq_in_nobukti] SB/NI/2603-0372 (id=45291, cabang=1, tgl=2026-03-12, keterangan='') | [seq_in_nobukti] SB/WS/2603-0372 (id=45243, cabang=1, tgl=2026-03-12, keterangan='') | [seq_in_keterangan] MDR/SYS/2603-0944 (id=43881, cabang=4, tgl=2026-03-10, keterangan='MR/2603-0372; Keterangan : ;') | [seq_in_nobukti] SB/V2/2603-0372 (id=43395, cabang=1, tgl=2026-03-09, keterangan='') | [seq_in_keterangan] KRT/SYS/2603-3361 (id=41827, cabang=5, tgl=2026-03-06, keterangan='Pa/2603-0372; Keterangan : ;') | [seq_in_keterangan] KRT/SYS/2603-3034 (id=40858, cabang=5, tgl=2026-03-04, keterangan='An/2603-0372; Keterangan : ;') | [seq_in_keterangan] KRT/SYS/2603-2907 (id=40731, cabang=5, tgl=2026-03-04, keterangan='Wa/2603-0372; Keterangan : ;') | [seq_in_nobukti] MDR/SYS/2603-0372 (id=38097, cabang=4, tgl=2026-03-03, keterangan='Md/2603-0116; Keterangan : ;') | [seq_in_nobukti] KRT/SYS/2603-0372 (id=37106, cabang=5, tgl=2026-03-01, keterangan='An/2603-0035; Keterangan : ;')"
CSB/WL/2603-0444,2603-0444,seq_in_nobukti,"[seq_in_keterangan] KRT/SYS/2604-3494 (id=84222, cabang=5, tgl=2026-03-05, keterangan='Wa/2603-0444; Keterangan : ;') | [seq_in_keterangan] KRT/SYS/2604-3411 (id=84139, cabang=5, tgl=2026-03-05, keterangan='An/2603-0444; Keterangan : ;') | [seq_in_keterangan] CSB/SYS/2604-13920 (id=78589, cabang=2, tgl=2026-03-14, keterangan='IN/2603-0444; Keterangan : ;') | [seq_in_keterangan] CSB/SYS/2604-13873 (id=78542, cabang=2, tgl=2026-03-14, keterangan='Wl/2603-0444; Keterangan : ;') | [seq_in_keterangan] CSB/SYS/2604-13645 (id=78314, cabang=2, tgl=2026-03-13, keterangan='FZ/2603-0444; Keterangan : ;') | [seq_in_keterangan] CSB/SYS/2604-13490 (id=78159, cabang=2, tgl=2026-03-12, keterangan='SI/2603-0444; Keterangan : ;') | [seq_in_keterangan] CSB/SYS/2604-13081 (id=77750, cabang=2, tgl=2026-03-11, keterangan='Ma/2603-0444; Keterangan : ;') | [seq_in_nobukti] SB/NI/2603-0444 (id=46152, cabang=1, tgl=2026-03-13, keterangan='') | [seq_in_nobukti] SB/WS/2603-0444 (id=46104, cabang=1, tgl=2026-03-13, keterangan='') | [seq_in_keterangan] MDR/SYS/2603-1111 (id=44784, cabang=4, tgl=2026-03-11, keterangan='Md/2603-0444; Keterangan : ;') | [seq_in_keterangan] MDR/SYS/2603-1083 (id=44756, cabang=4, tgl=2026-03-11, keterangan='MR/2603-0444; Keterangan : ;') | [seq_in_nobukti] SB/V2/2603-0444 (id=43637, cabang=1, tgl=2026-03-10, keterangan='') | [seq_in_keterangan] KRT/SYS/2603-3648 (id=42570, cabang=5, tgl=2026-03-07, keterangan='Pa/2603-0444; Keterangan : ;') | [seq_in_nobukti] MDR/SYS/2603-0444 (id=40611, cabang=4, tgl=2026-03-04, keterangan='MR/2603-0126; Keterangan : ;') | [seq_in_nobukti] KRT/SYS/2603-0444 (id=37542, cabang=5, tgl=2026-03-02, keterangan='An/2603-0084; Keterangan : ;')"
CSB/FZ/2603-0514,2603-0514,seq_in_nobukti,"[seq_in_keterangan] CSB/SYS/2604-14453 (id=79122, cabang=2, tgl=2026-03-16, keterangan='Wl/2603-0514; Keterangan : ;') | [seq_in_keterangan] CSB/SYS/2604-14138 (id=78807, cabang=2, tgl=2026-03-15, keterangan='IN/2603-0514; Keterangan : ;') | [seq_in_keterangan] CSB/SYS/2604-13906 (id=78575, cabang=2, tgl=2026-03-14, keterangan='FZ/2603-0514; Keterangan : ;') | [seq_in_keterangan] CSB/SYS/2604-13784 (id=78453, cabang=2, tgl=2026-03-13, keterangan='SI/2603-0514; Keterangan : ;') | [seq_in_keterangan] CSB/SYS/2604-13599 (id=78268, cabang=2, tgl=2026-03-13, keterangan='Ma/2603-0514; Keterangan : ;') | [seq_in_nobukti] SB/NI/2603-0514 (id=47069, cabang=1, tgl=2026-03-14, keterangan='') | [seq_in_nobukti] SB/WS/2603-0514 (id=47019, cabang=1, tgl=2026-03-14, keterangan='') | [seq_in_keterangan] MDR/SYS/2603-1336 (id=46512, cabang=4, tgl=2026-03-13, keterangan='MR/2603-0514; Keterangan : ;') | [seq_in_keterangan] MDR/SYS/2603-1198 (id=45646, cabang=4, tgl=2026-03-12, keterangan='Md/2603-0514; Keterangan : ;') | [seq_in_nobukti] SB/V2/2603-0514 (id=44388, cabang=1, tgl=2026-03-11, keterangan='') | [seq_in_keterangan] KRT/SYS/2603-3715 (id=42637, cabang=5, tgl=2026-03-07, keterangan='Pa/2603-0514; Keterangan : ;') | [seq_in_keterangan] KRT/SYS/2603-3274 (id=41740, cabang=5, tgl=2026-03-06, keterangan='An/2603-0514; Keterangan : ;') | [seq_in_keterangan] KRT/SYS/2603-3177 (id=41643, cabang=5, tgl=2026-03-06, keterangan='Wa/2603-0514; Keterangan : ;') | [seq_in_nobukti] MDR/SYS/2603-0514 (id=40969, cabang=4, tgl=2026-02-12, keterangan='Md/2602-0513; Keterangan : ;') | [seq_in_nobukti] KRT/SYS/2603-0514 (id=37612, cabang=5, tgl=2026-03-02, keterangan='Wa/2603-0082; Keterangan : ;')"
CSB/IN/2603-0492,2603-0492,seq_in_nobukti,"[seq_in_keterangan] CSB/SYS/2604-14225 (id=78894, cabang=2, tgl=2026-03-15, keterangan='Wl/2603-0492; Keterangan : ;') | [seq_in_keterangan] CSB/SYS/2604-13968 (id=78637, cabang=2, tgl=2026-03-14, keterangan='IN/2603-0492; Keterangan : ;') | [seq_in_keterangan] CSB/SYS/2604-13884 (id=78553, cabang=2, tgl=2026-03-14, keterangan='FZ/2603-0492; Keterangan : ;') | [seq_in_keterangan] CSB/SYS/2604-13762 (id=78431, cabang=2, tgl=2026-03-13, keterangan='SI/2603-0492; Keterangan : ;') | [seq_in_keterangan] CSB/SYS/2604-13420 (id=78089, cabang=2, tgl=2026-03-12, keterangan='Ma/2603-0492; Keterangan : ;') | [seq_in_nobukti] SB/WS/2603-0492 (id=46997, cabang=1, tgl=2026-03-14, keterangan='') | [seq_in_nobukti] SB/NI/2603-0492 (id=46200, cabang=1, tgl=2026-03-13, keterangan='') | [seq_in_keterangan] MDR/SYS/2603-1247 (id=45695, cabang=4, tgl=2026-03-12, keterangan='MR/2603-0492; Keterangan : ;') | [seq_in_keterangan] MDR/SYS/2603-1176 (id=45624, cabang=4, tgl=2026-03-12, keterangan='Md/2603-0492; Keterangan : ;') | [seq_in_nobukti] SB/V2/2603-0492 (id=44366, cabang=1, tgl=2026-03-11, keterangan='') | [seq_in_keterangan] KRT/SYS/2603-3694 (id=42616, cabang=5, tgl=2026-03-07, keterangan='Pa/2603-0492; Keterangan : ;') | [seq_in_keterangan] KRT/SYS/2603-3252 (id=41718, cabang=5, tgl=2026-03-06, keterangan='An/2603-0492; Keterangan : ;') | [seq_in_keterangan] KRT/SYS/2603-3155 (id=41621, cabang=5, tgl=2026-03-06, keterangan='Wa/2603-0492; Keterangan : ;') | [seq_in_nobukti] MDR/SYS/2603-0492 (id=40659, cabang=4, tgl=2026-03-04, keterangan='GI/2603-0055; Keterangan : ;') | [seq_in_nobukti] KRT/SYS/2603-0492 (id=37590, cabang=5, tgl=2026-03-02, keterangan='An/2603-0132; Keterangan : ;')"
CSB/IN/2603-0445,2603-0445,seq_in_nobukti,"[seq_in_keterangan] KRT/SYS/2604-3495 (id=84223, cabang=5, tgl=2026-03-05, keterangan='Wa/2603-0445; Keterangan : ;') | [seq_in_keterangan] KRT/SYS/2604-3412 (id=84140, cabang=5, tgl=2026-03-05, keterangan='An/2603-0445; Keterangan : ;') | [seq_in_keterangan] CSB/SYS/2604-13921 (id=78590, cabang=2, tgl=2026-03-14, keterangan='IN/2603-0445; Keterangan : ;') | [seq_in_keterangan] CSB/SYS/2604-13874 (id=78543, cabang=2, tgl=2026-03-14, keterangan='Wl/2603-0445; Keterangan : ;') | [seq_in_keterangan] CSB/SYS/2604-13646 (id=78315, cabang=2, tgl=2026-03-13, keterangan='FZ/2603-0445; Keterangan : ;') | [seq_in_keterangan] CSB/SYS/2604-13491 (id=78160, cabang=2, tgl=2026-03-12, keterangan='SI/2603-0445; Keterangan : ;') | [seq_in_keterangan] CSB/SYS/2604-13082 (id=77751, cabang=2, tgl=2026-03-11, keterangan='Ma/2603-0445; Keterangan : ;') | [seq_in_nobukti] SB/NI/2603-0445 (id=46153, cabang=1, tgl=2026-03-13, keterangan='') | [seq_in_nobukti] SB/WS/2603-0445 (id=46105, cabang=1, tgl=2026-03-13, keterangan='') | [seq_in_keterangan] MDR/SYS/2603-1112 (id=44785, cabang=4, tgl=2026-03-11, keterangan='Md/2603-0445; Keterangan : ;') | [seq_in_keterangan] MDR/SYS/2603-1084 (id=44757, cabang=4, tgl=2026-03-11, keterangan='MR/2603-0445; Keterangan : ;') | [seq_in_nobukti] SB/V2/2603-0445 (id=43638, cabang=1, tgl=2026-03-10, keterangan='') | [seq_in_keterangan] KRT/SYS/2603-3649 (id=42571, cabang=5, tgl=2026-03-07, keterangan='Pa/2603-0445; Keterangan : ;') | [seq_in_nobukti] MDR/SYS/2603-0445 (id=40612, cabang=4, tgl=2026-03-04, keterangan='MR/2603-0127; Keterangan : ;') | [seq_in_nobukti] KRT/SYS/2603-0445 (id=37543, cabang=5, tgl=2026-03-02, keterangan='An/2603-0085; Keterangan : ;')"
CSB/WL/2603-0392,2603-0392,seq_in_nobukti,"[seq_in_keterangan] KRT/SYS/2604-3443 (id=84171, cabang=5, tgl=2026-03-05, keterangan='Wa/2603-0392; Keterangan : ;') | [seq_in_keterangan] KRT/SYS/2604-3359 (id=84087, cabang=5, tgl=2026-03-05, keterangan='An/2603-0392; Keterangan : ;') | [seq_in_keterangan] CSB/SYS/2604-13695 (id=78364, cabang=2, tgl=2026-03-13, keterangan='Wl/2603-0392; Keterangan : ;') | [seq_in_keterangan] CSB/SYS/2604-13443 (id=78112, cabang=2, tgl=2026-03-12, keterangan='FZ/2603-0392; Keterangan : ;') | [seq_in_keterangan] CSB/SYS/2604-13299 (id=77968, cabang=2, tgl=2026-03-12, keterangan='IN/2603-0392; Keterangan : ;') | [seq_in_keterangan] CSB/SYS/2604-13257 (id=77926, cabang=2, tgl=2026-03-11, keterangan='SI/2603-0392; Keterangan : ;') | [seq_in_keterangan] CSB/SYS/2604-12903 (id=77572, cabang=2, tgl=2026-03-10, keterangan='Ma/2603-0392; Keterangan : ;') | [seq_in_keterangan] MDR/SYS/2603-2497 (id=50762, cabang=4, tgl=2026-03-18, keterangan='GI/2603-0392; Keterangan : ;') | [seq_in_nobukti] SB/WS/2603-0392 (id=46049, cabang=1, tgl=2026-03-13, keterangan='') | [seq_in_nobukti] SB/NI/2603-0392 (id=45311, cabang=1, tgl=2026-03-12, keterangan='') | [seq_in_keterangan] MDR/SYS/2603-1003 (id=43940, cabang=4, tgl=2026-03-10, keterangan='Md/2603-0392; Keterangan : ;') | [seq_in_keterangan] MDR/SYS/2603-0964 (id=43901, cabang=4, tgl=2026-03-10, keterangan='MR/2603-0392; Keterangan : ;') | [seq_in_nobukti] SB/V2/2603-0392 (id=43415, cabang=1, tgl=2026-03-09, keterangan='') | [seq_in_keterangan] KRT/SYS/2603-3381 (id=41847, cabang=5, tgl=2026-03-06, keterangan='Pa/2603-0392; Keterangan : ;') | [seq_in_nobukti] MDR/SYS/2603-0392 (id=38117, cabang=4, tgl=2026-03-03, keterangan='GI/2603-0035; Keterangan : ;') | [seq_in_nobukti] KRT/SYS/2603-0392 (id=37126, cabang=5, tgl=2026-03-01, keterangan='An/2603-0055; Keterangan : ;')"
CSB/WL/2603-0452,2603-0452,seq_in_nobukti,"[seq_in_keterangan] KRT/SYS/2604-3502 (id=84230, cabang=5, tgl=2026-03-05, keterangan='Wa/2603-0452; Keterangan : ;') | [seq_in_keterangan] KRT/SYS/2604-3419 (id=84147, cabang=5, tgl=2026-03-05, keterangan='An/2603-0452; Keterangan : ;') | [seq_in_keterangan] CSB/SYS/2604-13979 (id=78648, cabang=2, tgl=2026-03-14, keterangan='Wl/2603-0452; Keterangan : ;') | [seq_in_keterangan] CSB/SYS/2604-13928 (id=78597, cabang=2, tgl=2026-03-14, keterangan='IN/2603-0452; Keterangan : ;') | [seq_in_keterangan] CSB/SYS/2604-13653 (id=78322, cabang=2, tgl=2026-03-13, keterangan='FZ/2603-0452; Keterangan : ;') | [seq_in_keterangan] CSB/SYS/2604-13498 (id=78167, cabang=2, tgl=2026-03-12, keterangan='SI/2603-0452; Keterangan : ;') | [seq_in_keterangan] CSB/SYS/2604-13088 (id=77757, cabang=2, tgl=2026-03-11, keterangan='Ma/2603-0452; Keterangan : ;') | [seq_in_nobukti] SB/WS/2603-0452 (id=46206, cabang=1, tgl=2026-03-13, keterangan='') | [seq_in_nobukti] SB/NI/2603-0452 (id=46160, cabang=1, tgl=2026-03-13, keterangan='') | [seq_in_keterangan] MDR/SYS/2603-1119 (id=44792, cabang=4, tgl=2026-03-11, keterangan='Md/2603-0452; Keterangan : ;') | [seq_in_keterangan] MDR/SYS/2603-1091 (id=44764, cabang=4, tgl=2026-03-11, keterangan='MR/2603-0452; Keterangan : ;') | [seq_in_nobukti] SB/V2/2603-0452 (id=43645, cabang=1, tgl=2026-03-10, keterangan='') | [seq_in_keterangan] KRT/SYS/2603-3656 (id=42578, cabang=5, tgl=2026-03-07, keterangan='Pa/2603-0452; Keterangan : ;') | [seq_in_nobukti] MDR/SYS/2603-0452 (id=40619, cabang=4, tgl=2026-03-04, keterangan='MR/2603-0134; Keterangan : ;') | [seq_in_nobukti] KRT/SYS/2603-0452 (id=37550, cabang=5, tgl=2026-03-02, keterangan='An/2603-0092; Keterangan : ;')"
CSB/WL/2603-0453,2603-0453,seq_in_nobukti,"[seq_in_keterangan] KRT/SYS/2604-3503 (id=84231, cabang=5, tgl=2026-03-05, keterangan='Wa/2603-0453; Keterangan : ;') | [seq_in_keterangan] KRT/SYS/2604-3420 (id=84148, cabang=5, tgl=2026-03-05, keterangan='An/2603-0453; Keterangan : ;') | [seq_in_keterangan] CSB/SYS/2604-13980 (id=78649, cabang=2, tgl=2026-03-14, keterangan='Wl/2603-0453; Keterangan : ;') | [seq_in_keterangan] CSB/SYS/2604-13929 (id=78598, cabang=2, tgl=2026-03-14, keterangan='IN/2603-0453; Keterangan : ;') | [seq_in_keterangan] CSB/SYS/2604-13654 (id=78323, cabang=2, tgl=2026-03-13, keterangan='FZ/2603-0453; Keterangan : ;') | [seq_in_keterangan] CSB/SYS/2604-13499 (id=78168, cabang=2, tgl=2026-03-12, keterangan='SI/2603-0453; Keterangan : ;') | [seq_in_keterangan] CSB/SYS/2604-13089 (id=77758, cabang=2, tgl=2026-03-11, keterangan='Ma/2603-0453; Keterangan : ;') | [seq_in_nobukti] SB/WS/2603-0453 (id=46958, cabang=1, tgl=2026-03-14, keterangan='') | [seq_in_nobukti] SB/NI/2603-0453 (id=46161, cabang=1, tgl=2026-03-13, keterangan='') | [seq_in_keterangan] MDR/SYS/2603-1120 (id=44793, cabang=4, tgl=2026-03-11, keterangan='Md/2603-0453; Keterangan : ;') | [seq_in_keterangan] MDR/SYS/2603-1092 (id=44765, cabang=4, tgl=2026-03-11, keterangan='MR/2603-0453; Keterangan : ;') | [seq_in_nobukti] SB/V2/2603-0453 (id=43646, cabang=1, tgl=2026-03-10, keterangan='') | [seq_in_keterangan] KRT/SYS/2603-3657 (id=42579, cabang=5, tgl=2026-03-07, keterangan='Pa/2603-0453; Keterangan : ;') | [seq_in_nobukti] MDR/SYS/2603-0453 (id=40620, cabang=4, tgl=2026-03-04, keterangan='MR/2603-0135; Keterangan : ;') | [seq_in_nobukti] KRT/SYS/2603-0453 (id=37551, cabang=5, tgl=2026-03-02, keterangan='An/2603-0093; Keterangan : ;')"
CSB/WL/2603-0432,2603-0432,seq_in_nobukti,"[seq_in_keterangan] KRT/SYS/2604-3483 (id=84211, cabang=5, tgl=2026-03-05, keterangan='Wa/2603-0432; Keterangan : ;') | [seq_in_keterangan] KRT/SYS/2604-3399 (id=84127, cabang=5, tgl=2026-03-05, keterangan='An/2603-0432; Keterangan : ;') | [seq_in_keterangan] CSB/SYS/2604-13861 (id=78530, cabang=2, tgl=2026-03-14, keterangan='Wl/2603-0432; Keterangan : ;') | [seq_in_keterangan] CSB/SYS/2604-13682 (id=78351, cabang=2, tgl=2026-03-13, keterangan='IN/2603-0432; Keterangan : ;') | [seq_in_keterangan] CSB/SYS/2604-13634 (id=78303, cabang=2, tgl=2026-03-13, keterangan='FZ/2603-0432; Keterangan : ;') | [seq_in_keterangan] CSB/SYS/2604-13478 (id=78147, cabang=2, tgl=2026-03-12, keterangan='SI/2603-0432; Keterangan : ;') | [seq_in_keterangan] CSB/SYS/2604-13069 (id=77738, cabang=2, tgl=2026-03-11, keterangan='Ma/2603-0432; Keterangan : ;') | [seq_in_nobukti] SB/NI/2603-0432 (id=46140, cabang=1, tgl=2026-03-13, keterangan='') | [seq_in_nobukti] SB/WS/2603-0432 (id=46092, cabang=1, tgl=2026-03-13, keterangan='') | [seq_in_keterangan] MDR/SYS/2603-1099 (id=44772, cabang=4, tgl=2026-03-11, keterangan='Md/2603-0432; Keterangan : ;') | [seq_in_keterangan] MDR/SYS/2603-1071 (id=44744, cabang=4, tgl=2026-03-11, keterangan='MR/2603-0432; Keterangan : ;') | [seq_in_nobukti] SB/V2/2603-0432 (id=43625, cabang=1, tgl=2026-03-10, keterangan='') | [seq_in_keterangan] KRT/SYS/2603-3420 (id=41886, cabang=5, tgl=2026-03-06, keterangan='Pa/2603-0432; Keterangan : ;') | [seq_in_nobukti] MDR/SYS/2603-0432 (id=40599, cabang=4, tgl=2026-03-04, keterangan='Md/2603-0168; Keterangan : ;') | [seq_in_nobukti] KRT/SYS/2603-0432 (id=37530, cabang=5, tgl=2026-03-02, keterangan='An/2603-0071; Keterangan : ;')"
CSB/WL/2603-0440,2603-0440,seq_in_nobukti,"[seq_in_keterangan] KRT/SYS/2604-3490 (id=84218, cabang=5, tgl=2026-03-05, keterangan='Wa/2603-0440; Keterangan : ;') | [seq_in_keterangan] KRT/SYS/2604-3407 (id=84135, cabang=5, tgl=2026-03-05, keterangan='An/2603-0440; Keterangan : ;') | [seq_in_keterangan] CSB/SYS/2604-13916 (id=78585, cabang=2, tgl=2026-03-14, keterangan='IN/2603-0440; Keterangan : ;') | [seq_in_keterangan] CSB/SYS/2604-13869 (id=78538, cabang=2, tgl=2026-03-14, keterangan='Wl/2603-0440; Keterangan : ;') | [seq_in_keterangan] CSB/SYS/2604-13641 (id=78310, cabang=2, tgl=2026-03-13, keterangan='FZ/2603-0440; Keterangan : ;') | [seq_in_keterangan] CSB/SYS/2604-13486 (id=78155, cabang=2, tgl=2026-03-12, keterangan='SI/2603-0440; Keterangan : ;') | [seq_in_keterangan] CSB/SYS/2604-13077 (id=77746, cabang=2, tgl=2026-03-11, keterangan='Ma/2603-0440; Keterangan : ;') | [seq_in_nobukti] SB/NI/2603-0440 (id=46148, cabang=1, tgl=2026-03-13, keterangan='') | [seq_in_nobukti] SB/WS/2603-0440 (id=46100, cabang=1, tgl=2026-03-13, keterangan='') | [seq_in_keterangan] MDR/SYS/2603-1107 (id=44780, cabang=4, tgl=2026-03-11, keterangan='Md/2603-0440; Keterangan : ;') | [seq_in_keterangan] MDR/SYS/2603-1079 (id=44752, cabang=4, tgl=2026-03-11, keterangan='MR/2603-0440; Keterangan : ;') | [seq_in_nobukti] SB/V2/2603-0440 (id=43633, cabang=1, tgl=2026-03-10, keterangan='') | [seq_in_keterangan] KRT/SYS/2603-3644 (id=42566, cabang=5, tgl=2026-03-07, keterangan='Pa/2603-0440; Keterangan : ;') | [seq_in_nobukti] MDR/SYS/2603-0440 (id=40607, cabang=4, tgl=2026-03-04, keterangan='MR/2603-0122; Keterangan : ;') | [seq_in_nobukti] KRT/SYS/2603-0440 (id=37538, cabang=5, tgl=2026-03-02, keterangan='An/2603-0079; Keterangan : ;')"
CSB/WL/2603-0425,2603-0425,seq_in_nobukti,"[seq_in_keterangan] KRT/SYS/2604-3476 (id=84204, cabang=5, tgl=2026-03-05, keterangan='Wa/2603-0425; Keterangan : ;') | [seq_in_keterangan] KRT/SYS/2604-3392 (id=84120, cabang=5, tgl=2026-03-05, keterangan='An/2603-0425; Keterangan : ;') | [seq_in_keterangan] CSB/SYS/2604-13854 (id=78523, cabang=2, tgl=2026-03-14, keterangan='Wl/2603-0425; Keterangan : ;') | [seq_in_keterangan] CSB/SYS/2604-13628 (id=78297, cabang=2, tgl=2026-03-13, keterangan='FZ/2603-0425; Keterangan : ;') | [seq_in_keterangan] CSB/SYS/2604-13591 (id=78260, cabang=2, tgl=2026-03-13, keterangan='IN/2603-0425; Keterangan : ;') | [seq_in_keterangan] CSB/SYS/2604-13471 (id=78140, cabang=2, tgl=2026-03-12, keterangan='SI/2603-0425; Keterangan : ;') | [seq_in_keterangan] CSB/SYS/2604-13062 (id=77731, cabang=2, tgl=2026-03-11, keterangan='Ma/2603-0425; Keterangan : ;') | [seq_in_keterangan] MDR/SYS/2603-2656 (id=51527, cabang=4, tgl=2026-03-20, keterangan='GI/2603-0425; Keterangan : ;') | [seq_in_nobukti] SB/NI/2603-0425 (id=46133, cabang=1, tgl=2026-03-13, keterangan='') | [seq_in_nobukti] SB/WS/2603-0425 (id=46085, cabang=1, tgl=2026-03-13, keterangan='') | [seq_in_keterangan] MDR/SYS/2603-1064 (id=44737, cabang=4, tgl=2026-03-11, keterangan='MR/2603-0425; Keterangan : ;') | [seq_in_keterangan] MDR/SYS/2603-1036 (id=43973, cabang=4, tgl=2026-03-10, keterangan='Md/2603-0425; Keterangan : ;') | [seq_in_nobukti] SB/V2/2603-0425 (id=43618, cabang=1, tgl=2026-03-10, keterangan='') | [seq_in_keterangan] KRT/SYS/2603-3413 (id=41879, cabang=5, tgl=2026-03-06, keterangan='Pa/2603-0425; Keterangan : ;') | [seq_in_nobukti] MDR/SYS/2603-0425 (id=40592, cabang=4, tgl=2026-03-04, keterangan='Md/2603-0161; Keterangan : ;') | [seq_in_nobukti] KRT/SYS/2603-0425 (id=37523, cabang=5, tgl=2026-03-02, keterangan='An/2603-0064; Keterangan : ;')"
CSB/WL/2603-0481,2603-0481,seq_in_nobukti,"[seq_in_keterangan] CSB/SYS/2604-14187 (id=78856, cabang=2, tgl=2026-03-15, keterangan='Wl/2603-0481; Keterangan : ;') | [seq_in_keterangan] CSB/SYS/2604-13957 (id=78626, cabang=2, tgl=2026-03-14, keterangan='IN/2603-0481; Keterangan : ;') | [seq_in_keterangan] CSB/SYS/2604-13751 (id=78420, cabang=2, tgl=2026-03-13, keterangan='SI/2603-0481; Keterangan : ;') | [seq_in_keterangan] CSB/SYS/2604-13728 (id=78397, cabang=2, tgl=2026-03-13, keterangan='FZ/2603-0481; Keterangan : ;') | [seq_in_keterangan] CSB/SYS/2604-13410 (id=78079, cabang=2, tgl=2026-03-12, keterangan='Ma/2603-0481; Keterangan : ;') | [seq_in_nobukti] SB/WS/2603-0481 (id=46986, cabang=1, tgl=2026-03-14, keterangan='') | [seq_in_nobukti] SB/NI/2603-0481 (id=46189, cabang=1, tgl=2026-03-13, keterangan='') | [seq_in_keterangan] MDR/SYS/2603-1236 (id=45684, cabang=4, tgl=2026-03-12, keterangan='MR/2603-0481; Keterangan : ;') | [seq_in_keterangan] MDR/SYS/2603-1165 (id=45613, cabang=4, tgl=2026-03-12, keterangan='Md/2603-0481; Keterangan : ;') | [seq_in_nobukti] SB/V2/2603-0481 (id=43674, cabang=1, tgl=2026-03-10, keterangan='') | [seq_in_keterangan] KRT/SYS/2603-3241 (id=41707, cabang=5, tgl=2026-03-06, keterangan='An/2603-0481; Keterangan : ;') | [seq_in_keterangan] KRT/SYS/2603-3144 (id=41610, cabang=5, tgl=2026-03-06, keterangan='Wa/2603-0481; Keterangan : ;') | [seq_in_nobukti] MDR/SYS/2603-0481 (id=40648, cabang=4, tgl=2026-03-04, keterangan='GI/2603-0044; Keterangan : ;') | [seq_in_nobukti] KRT/SYS/2603-0481 (id=37579, cabang=5, tgl=2026-03-02, keterangan='An/2603-0121; Keterangan : ;')"
CSB/WL/2603-0479,2603-0479,seq_in_nobukti,"[seq_in_keterangan] CSB/SYS/2604-14185 (id=78854, cabang=2, tgl=2026-03-15, keterangan='Wl/2603-0479; Keterangan : ;') | [seq_in_keterangan] CSB/SYS/2604-13955 (id=78624, cabang=2, tgl=2026-03-14, keterangan='IN/2603-0479; Keterangan : ;') | [seq_in_keterangan] CSB/SYS/2604-13749 (id=78418, cabang=2, tgl=2026-03-13, keterangan='SI/2603-0479; Keterangan : ;') | [seq_in_keterangan] CSB/SYS/2604-13679 (id=78348, cabang=2, tgl=2026-03-13, keterangan='FZ/2603-0479; Keterangan : ;') | [seq_in_keterangan] CSB/SYS/2604-13408 (id=78077, cabang=2, tgl=2026-03-12, keterangan='Ma/2603-0479; Keterangan : ;') | [seq_in_nobukti] SB/WS/2603-0479 (id=46984, cabang=1, tgl=2026-03-14, keterangan='') | [seq_in_nobukti] SB/NI/2603-0479 (id=46187, cabang=1, tgl=2026-03-13, keterangan='') | [seq_in_keterangan] MDR/SYS/2603-1234 (id=45682, cabang=4, tgl=2026-03-12, keterangan='MR/2603-0479; Keterangan : ;') | [seq_in_keterangan] MDR/SYS/2603-1163 (id=45611, cabang=4, tgl=2026-03-12, keterangan='Md/2603-0479; Keterangan : ;') | [seq_in_nobukti] SB/V2/2603-0479 (id=43672, cabang=1, tgl=2026-03-10, keterangan='') | [seq_in_keterangan] KRT/SYS/2603-3682 (id=42604, cabang=5, tgl=2026-03-07, keterangan='Pa/2603-0479; Keterangan : ;') | [seq_in_keterangan] KRT/SYS/2603-3239 (id=41705, cabang=5, tgl=2026-03-06, keterangan='An/2603-0479; Keterangan : ;') | [seq_in_keterangan] KRT/SYS/2603-3142 (id=41608, cabang=5, tgl=2026-03-06, keterangan='Wa/2603-0479; Keterangan : ;') | [seq_in_nobukti] MDR/SYS/2603-0479 (id=40646, cabang=4, tgl=2026-03-04, keterangan='GI/2603-0042; Keterangan : ;') | [seq_in_nobukti] KRT/SYS/2603-0479 (id=37577, cabang=5, tgl=2026-03-02, keterangan='An/2603-0119; Keterangan : ;')"
CSB/MA/2603-0639,2603-0639,seq_in_nobukti,"[seq_in_keterangan] KRT/SYS/2604-3823 (id=84551, cabang=5, tgl=2026-03-09, keterangan='Pa/2603-0639; Keterangan : ;') | [seq_in_keterangan] CSB/SYS/2604-15649 (id=80318, cabang=2, tgl=2026-03-30, keterangan='Wl/2603-0639; Keterangan : ;') | [seq_in_keterangan] CSB/SYS/2604-14883 (id=79552, cabang=2, tgl=2026-03-18, keterangan='IN/2603-0639; Keterangan : ;') | [seq_in_keterangan] CSB/SYS/2604-14631 (id=79300, cabang=2, tgl=2026-03-17, keterangan='FZ/2603-0639; Keterangan : ;') | [seq_in_keterangan] CSB/SYS/2604-14233 (id=78902, cabang=2, tgl=2026-03-15, keterangan='SI/2603-0639; Keterangan : ;') | [seq_in_keterangan] CSB/SYS/2604-14170 (id=78839, cabang=2, tgl=2026-03-15, keterangan='Ma/2603-0639; Keterangan : ;') | [seq_in_nobukti] SB/NI/2603-0639 (id=50238, cabang=1, tgl=2026-03-18, keterangan='') | [seq_in_keterangan] MDR/SYS/2603-1956 (id=48802, cabang=4, tgl=2026-03-14, keterangan='MR/2603-0639; Keterangan : ;') | [seq_in_keterangan] MDR/SYS/2603-1873 (id=48719, cabang=4, tgl=2026-03-14, keterangan='Md/2603-0639; Keterangan : ;') | [seq_in_nobukti] SB/V2/2603-0639 (id=47464, cabang=1, tgl=2026-03-16, keterangan='') | [seq_in_nobukti] SB/WS/2603-0639 (id=47429, cabang=1, tgl=2026-03-16, keterangan='') | [seq_in_keterangan] KRT/SYS/2603-3589 (id=42511, cabang=5, tgl=2026-03-07, keterangan='An/2603-0639; Keterangan : ;') | [seq_in_keterangan] KRT/SYS/2603-3491 (id=42413, cabang=5, tgl=2026-03-07, keterangan='Wa/2603-0639; Keterangan : ;') | [seq_in_nobukti] MDR/SYS/2603-0639 (id=41523, cabang=4, tgl=2026-03-06, keterangan='MR/2603-0240; Keterangan : ;') | [seq_in_nobukti] KRT/SYS/2603-0639 (id=37737, cabang=5, tgl=2026-03-02, keterangan='Pa/2603-0034; Keterangan : ;')"
CSB/WL/2603-0447,2603-0447,seq_in_nobukti,"[seq_in_keterangan] KRT/SYS/2604-3497 (id=84225, cabang=5, tgl=2026-03-05, keterangan='Wa/2603-0447; Keterangan : ;') | [seq_in_keterangan] KRT/SYS/2604-3414 (id=84142, cabang=5, tgl=2026-03-05, keterangan='An/2603-0447; Keterangan : ;') | [seq_in_keterangan] CSB/SYS/2604-13974 (id=78643, cabang=2, tgl=2026-03-14, keterangan='Wl/2603-0447; Keterangan : ;') | [seq_in_keterangan] CSB/SYS/2604-13923 (id=78592, cabang=2, tgl=2026-03-14, keterangan='IN/2603-0447; Keterangan : ;') | [seq_in_keterangan] CSB/SYS/2604-13648 (id=78317, cabang=2, tgl=2026-03-13, keterangan='FZ/2603-0447; Keterangan : ;') | [seq_in_keterangan] CSB/SYS/2604-13493 (id=78162, cabang=2, tgl=2026-03-12, keterangan='SI/2603-0447; Keterangan : ;') | [seq_in_keterangan] CSB/SYS/2604-13084 (id=77753, cabang=2, tgl=2026-03-11, keterangan='Ma/2603-0447; Keterangan : ;') | [seq_in_nobukti] SB/NI/2603-0447 (id=46155, cabang=1, tgl=2026-03-13, keterangan='') | [seq_in_nobukti] SB/WS/2603-0447 (id=46107, cabang=1, tgl=2026-03-13, keterangan='') | [seq_in_keterangan] MDR/SYS/2603-1114 (id=44787, cabang=4, tgl=2026-03-11, keterangan='Md/2603-0447; Keterangan : ;') | [seq_in_keterangan] MDR/SYS/2603-1086 (id=44759, cabang=4, tgl=2026-03-11, keterangan='MR/2603-0447; Keterangan : ;') | [seq_in_nobukti] SB/V2/2603-0447 (id=43640, cabang=1, tgl=2026-03-10, keterangan='') | [seq_in_keterangan] KRT/SYS/2603-3651 (id=42573, cabang=5, tgl=2026-03-07, keterangan='Pa/2603-0447; Keterangan : ;') | [seq_in_nobukti] MDR/SYS/2603-0447 (id=40614, cabang=4, tgl=2026-03-04, keterangan='MR/2603-0129; Keterangan : ;') | [seq_in_nobukti] KRT/SYS/2603-0447 (id=37545, cabang=5, tgl=2026-03-02, keterangan='An/2603-0087; Keterangan : ;')"
CSB/FZ/2603-0735,2603-0735,seq_in_nobukti,"[seq_in_keterangan] KRT/SYS/2604-3918 (id=84646, cabang=5, tgl=2026-03-09, keterangan='Pa/2603-0735; Keterangan : ;') | [seq_in_keterangan] CSB/SYS/2604-15363 (id=80032, cabang=2, tgl=2026-03-28, keterangan='FZ/2603-0735; Keterangan : ;') | [seq_in_keterangan] CSB/SYS/2604-15338 (id=80007, cabang=2, tgl=2026-03-28, keterangan='IN/2603-0735; Keterangan : ;') | [seq_in_keterangan] CSB/SYS/2604-14949 (id=79618, cabang=2, tgl=2026-03-18, keterangan='Ma/2603-0735; Keterangan : ;') | [seq_in_keterangan] CSB/SYS/2604-14522 (id=79191, cabang=2, tgl=2026-03-16, keterangan='SI/2603-0735; Keterangan : ;') | [seq_in_nobukti] SB/NI/2603-0735 (id=51363, cabang=1, tgl=2026-03-20, keterangan='') | [seq_in_nobukti] SB/WS/2603-0735 (id=49054, cabang=1, tgl=2026-03-17, keterangan='') | [seq_in_nobukti] SB/V2/2603-0735 (id=48984, cabang=1, tgl=2026-03-17, keterangan='') | [seq_in_keterangan] MDR/SYS/2603-1640 (id=48023, cabang=4, tgl=2026-03-16, keterangan='Md/2603-0735; Keterangan : ;') | [seq_in_keterangan] MDR/SYS/2603-1568 (id=47951, cabang=4, tgl=2026-03-16, keterangan='MR/2603-0735; Keterangan : ;') | [seq_in_keterangan] KRT/SYS/2603-3850 (id=43271, cabang=5, tgl=2026-03-08, keterangan='Wa/2603-0735; Keterangan : ;') | [seq_in_keterangan] KRT/SYS/2603-3773 (id=43194, cabang=5, tgl=2026-03-08, keterangan='An/2603-0735; Keterangan : ;') | [seq_in_nobukti] MDR/SYS/2603-0735 (id=42264, cabang=4, tgl=2026-03-07, keterangan='MR/2603-0281; Keterangan : ;') | [seq_in_nobukti] KRT/SYS/2603-0735 (id=38163, cabang=5, tgl=2026-03-03, keterangan='Pa/2603-0129; Keterangan : ;')"
CSB/MA/2603-0790,2603-0790,seq_in_nobukti,"[seq_in_keterangan] KRT/SYS/2604-3702 (id=84430, cabang=5, tgl=2026-03-09, keterangan='An/2603-0790; Keterangan : ;') | [seq_in_keterangan] KRT/SYS/2604-3522 (id=84250, cabang=5, tgl=2026-03-09, keterangan='Wa/2603-0790; Keterangan : ;') | [seq_in_keterangan] CSB/SYS/2604-15584 (id=80253, cabang=2, tgl=2026-03-29, keterangan='IN/2603-0790; Keterangan : ;') | [seq_in_keterangan] CSB/SYS/2604-15549 (id=80218, cabang=2, tgl=2026-03-29, keterangan='FZ/2603-0790; Keterangan : ;') | [seq_in_keterangan] CSB/SYS/2604-15405 (id=80074, cabang=2, tgl=2026-03-28, keterangan='Ma/2603-0790; Keterangan : ;') | [seq_in_keterangan] CSB/SYS/2604-14811 (id=79480, cabang=2, tgl=2026-03-17, keterangan='SI/2603-0790; Keterangan : ;') | [seq_in_nobukti] SB/NI/2603-0790 (id=51418, cabang=1, tgl=2026-03-20, keterangan='') | [seq_in_nobukti] SB/WS/2603-0790 (id=50099, cabang=1, tgl=2026-03-18, keterangan='') | [seq_in_nobukti] SB/V2/2603-0790 (id=50057, cabang=1, tgl=2026-03-18, keterangan='') | [seq_in_keterangan] MDR/SYS/2603-2185 (id=49441, cabang=4, tgl=2026-03-17, keterangan='Md/2603-0790; Keterangan : ;') | [seq_in_keterangan] MDR/SYS/2603-2102 (id=49358, cabang=4, tgl=2026-03-17, keterangan='MR/2603-0790; Keterangan : ;') | [seq_in_keterangan] KRT/SYS/2603-4019 (id=44045, cabang=5, tgl=2026-03-10, keterangan='Pa/2603-0790; Keterangan : ;') | [seq_in_nobukti] MDR/SYS/2603-0790 (id=42319, cabang=4, tgl=2026-03-07, keterangan='GI/2603-0098; Keterangan : ;') | [seq_in_nobukti] KRT/SYS/2603-0790 (id=38218, cabang=5, tgl=2026-03-03, keterangan='Wa/2603-0246; Keterangan : ;')"
CSB/WL/2603-0590,2603-0590,seq_in_nobukti,"[seq_in_keterangan] KRT/SYS/2604-3774 (id=84502, cabang=5, tgl=2026-03-09, keterangan='Pa/2603-0590; Keterangan : ;') | [seq_in_keterangan] CSB/SYS/2604-15323 (id=79992, cabang=2, tgl=2026-03-28, keterangan='Wl/2603-0590; Keterangan : ;') | [seq_in_keterangan] CSB/SYS/2604-14474 (id=79143, cabang=2, tgl=2026-03-16, keterangan='IN/2603-0590; Keterangan : ;') | [seq_in_keterangan] CSB/SYS/2604-14423 (id=79092, cabang=2, tgl=2026-03-16, keterangan='FZ/2603-0590; Keterangan : ;') | [seq_in_keterangan] CSB/SYS/2604-14060 (id=78729, cabang=2, tgl=2026-03-14, keterangan='SI/2603-0590; Keterangan : ;') | [seq_in_keterangan] CSB/SYS/2604-13841 (id=78510, cabang=2, tgl=2026-03-14, keterangan='Ma/2603-0590; Keterangan : ;') | [seq_in_keterangan] MDR/SYS/2603-1908 (id=48754, cabang=4, tgl=2026-03-14, keterangan='MR/2603-0590; Keterangan : ;') | [seq_in_keterangan] MDR/SYS/2603-1824 (id=48670, cabang=4, tgl=2026-03-14, keterangan='Md/2603-0590; Keterangan : ;') | [seq_in_nobukti] SB/WS/2603-0590 (id=47313, cabang=1, tgl=2026-03-16, keterangan='') | [seq_in_nobukti] SB/NI/2603-0590 (id=47245, cabang=1, tgl=2026-03-15, keterangan='') | [seq_in_nobukti] SB/V2/2603-0590 (id=47188, cabang=1, tgl=2026-03-15, keterangan='') | [seq_in_keterangan] KRT/SYS/2603-3497 (id=42419, cabang=5, tgl=2026-03-07, keterangan='An/2603-0590; Keterangan : ;') | [seq_in_keterangan] KRT/SYS/2603-3442 (id=42364, cabang=5, tgl=2026-03-07, keterangan='Wa/2603-0590; Keterangan : ;') | [seq_in_nobukti] MDR/SYS/2603-0590 (id=41045, cabang=4, tgl=2026-02-12, keterangan='CS/2602-0016; Keterangan : ;') | [seq_in_nobukti] KRT/SYS/2603-0590 (id=37688, cabang=5, tgl=2026-03-02, keterangan='Wa/2603-0159; Keterangan : ;')"
CSB/SI/2603-0671,2603-0671,seq_in_nobukti,"[seq_in_keterangan] KRT/SYS/2604-3855 (id=84583, cabang=5, tgl=2026-03-09, keterangan='Pa/2603-0671; Keterangan : ;') | [seq_in_keterangan] CSB/SYS/2604-15887 (id=80556, cabang=2, tgl=2026-03-31, keterangan='Wl/2603-0671; Keterangan : ;') | [seq_in_keterangan] CSB/SYS/2604-14913 (id=79582, cabang=2, tgl=2026-03-18, keterangan='IN/2603-0671; Keterangan : ;') | [seq_in_keterangan] CSB/SYS/2604-14860 (id=79529, cabang=2, tgl=2026-03-18, keterangan='FZ/2603-0671; Keterangan : ;') | [seq_in_keterangan] CSB/SYS/2604-14381 (id=79050, cabang=2, tgl=2026-03-16, keterangan='Ma/2603-0671; Keterangan : ;') | [seq_in_keterangan] CSB/SYS/2604-14264 (id=78933, cabang=2, tgl=2026-03-15, keterangan='SI/2603-0671; Keterangan : ;') | [seq_in_nobukti] SB/NI/2603-0671 (id=50270, cabang=1, tgl=2026-03-18, keterangan='') | [seq_in_keterangan] MDR/SYS/2603-2040 (id=48886, cabang=4, tgl=2026-03-15, keterangan='Md/2603-0671; Keterangan : ;') | [seq_in_keterangan] MDR/SYS/2603-2010 (id=48856, cabang=4, tgl=2026-03-15, keterangan='MR/2603-0671; Keterangan : ;') | [seq_in_nobukti] SB/WS/2603-0671 (id=48560, cabang=1, tgl=2026-03-17, keterangan='') | [seq_in_nobukti] SB/V2/2603-0671 (id=47496, cabang=1, tgl=2026-03-16, keterangan='') | [seq_in_keterangan] KRT/SYS/2603-3621 (id=42543, cabang=5, tgl=2026-03-07, keterangan='An/2603-0671; Keterangan : ;') | [seq_in_keterangan] KRT/SYS/2603-3570 (id=42492, cabang=5, tgl=2026-03-07, keterangan='Wa/2603-0671; Keterangan : ;') | [seq_in_nobukti] MDR/SYS/2603-0671 (id=41555, cabang=4, tgl=2026-03-06, keterangan='Md/2603-0234; Keterangan : ;') | [seq_in_nobukti] KRT/SYS/2603-0671 (id=37769, cabang=5, tgl=2026-03-02, keterangan='Pa/2603-0067; Keterangan : ;')"
CSB/WL/2603-0578,2603-0578,seq_in_nobukti,"[seq_in_keterangan] CSB/SYS/2604-15311 (id=79980, cabang=2, tgl=2026-03-28, keterangan='Wl/2603-0578; Keterangan : ;') | [seq_in_keterangan] CSB/SYS/2604-14462 (id=79131, cabang=2, tgl=2026-03-16, keterangan='IN/2603-0578; Keterangan : ;') | [seq_in_keterangan] CSB/SYS/2604-14411 (id=79080, cabang=2, tgl=2026-03-16, keterangan='FZ/2603-0578; Keterangan : ;') | [seq_in_keterangan] CSB/SYS/2604-14049 (id=78718, cabang=2, tgl=2026-03-14, keterangan='SI/2603-0578; Keterangan : ;') | [seq_in_keterangan] CSB/SYS/2604-13830 (id=78499, cabang=2, tgl=2026-03-14, keterangan='Ma/2603-0578; Keterangan : ;') | [seq_in_keterangan] MDR/SYS/2603-1897 (id=48743, cabang=4, tgl=2026-03-14, keterangan='MR/2603-0578; Keterangan : ;') | [seq_in_keterangan] MDR/SYS/2603-1812 (id=48658, cabang=4, tgl=2026-03-14, keterangan='Md/2603-0578; Keterangan : ;') | [seq_in_nobukti] SB/WS/2603-0578 (id=47301, cabang=1, tgl=2026-03-16, keterangan='') | [seq_in_nobukti] SB/V2/2603-0578 (id=47176, cabang=1, tgl=2026-03-15, keterangan='') | [seq_in_nobukti] SB/NI/2603-0578 (id=47133, cabang=1, tgl=2026-03-14, keterangan='') | [seq_in_keterangan] KRT/SYS/2603-3953 (id=43374, cabang=5, tgl=2026-03-08, keterangan='Pa/2603-0578; Keterangan : ;') | [seq_in_keterangan] KRT/SYS/2603-3430 (id=42352, cabang=5, tgl=2026-03-07, keterangan='Wa/2603-0578; Keterangan : ;') | [seq_in_keterangan] KRT/SYS/2603-3337 (id=41803, cabang=5, tgl=2026-03-06, keterangan='An/2603-0578; Keterangan : ;') | [seq_in_nobukti] MDR/SYS/2603-0578 (id=41033, cabang=4, tgl=2026-02-12, keterangan='MR/2602-0469; Keterangan : ;') | [seq_in_nobukti] KRT/SYS/2603-0578 (id=37676, cabang=5, tgl=2026-03-02, keterangan='Wa/2603-0147; Keterangan : ;')"
CSB/WL/2603-0575,2603-0575,seq_in_nobukti,"[seq_in_keterangan] CSB/SYS/2604-15308 (id=79977, cabang=2, tgl=2026-03-28, keterangan='Wl/2603-0575; Keterangan : ;') | [seq_in_keterangan] CSB/SYS/2604-14408 (id=79077, cabang=2, tgl=2026-03-16, keterangan='FZ/2603-0575; Keterangan : ;') | [seq_in_keterangan] CSB/SYS/2604-14367 (id=79036, cabang=2, tgl=2026-03-16, keterangan='IN/2603-0575; Keterangan : ;') | [seq_in_keterangan] CSB/SYS/2604-14046 (id=78715, cabang=2, tgl=2026-03-14, keterangan='SI/2603-0575; Keterangan : ;') | [seq_in_keterangan] CSB/SYS/2604-13827 (id=78496, cabang=2, tgl=2026-03-14, keterangan='Ma/2603-0575; Keterangan : ;') | [seq_in_keterangan] MDR/SYS/2603-1809 (id=48655, cabang=4, tgl=2026-03-14, keterangan='Md/2603-0575; Keterangan : ;') | [seq_in_nobukti] SB/WS/2603-0575 (id=47298, cabang=1, tgl=2026-03-16, keterangan='') | [seq_in_nobukti] SB/V2/2603-0575 (id=47173, cabang=1, tgl=2026-03-15, keterangan='') | [seq_in_nobukti] SB/NI/2603-0575 (id=47130, cabang=1, tgl=2026-03-14, keterangan='') | [seq_in_keterangan] MDR/SYS/2603-1397 (id=46573, cabang=4, tgl=2026-03-13, keterangan='MR/2603-0575; Keterangan : ;') | [seq_in_keterangan] KRT/SYS/2603-3950 (id=43371, cabang=5, tgl=2026-03-08, keterangan='Pa/2603-0575; Keterangan : ;') | [seq_in_keterangan] KRT/SYS/2603-3427 (id=42349, cabang=5, tgl=2026-03-07, keterangan='Wa/2603-0575; Keterangan : ;') | [seq_in_keterangan] KRT/SYS/2603-3334 (id=41800, cabang=5, tgl=2026-03-06, keterangan='An/2603-0575; Keterangan : ;') | [seq_in_nobukti] MDR/SYS/2603-0575 (id=41030, cabang=4, tgl=2026-02-12, keterangan='MR/2602-0466; Keterangan : ;') | [seq_in_nobukti] KRT/SYS/2603-0575 (id=37673, cabang=5, tgl=2026-03-02, keterangan='Wa/2603-0144; Keterangan : ;')"
CSB/IN/2603-0598,2603-0598,seq_in_nobukti,"[seq_in_keterangan] KRT/SYS/2604-3782 (id=84510, cabang=5, tgl=2026-03-09, keterangan='Pa/2603-0598; Keterangan : ;') | [seq_in_keterangan] CSB/SYS/2604-15453 (id=80122, cabang=2, tgl=2026-03-28, keterangan='Wl/2603-0598; Keterangan : ;') | [seq_in_keterangan] CSB/SYS/2604-14656 (id=79325, cabang=2, tgl=2026-03-17, keterangan='IN/2603-0598; Keterangan : ;') | [seq_in_keterangan] CSB/SYS/2604-14431 (id=79100, cabang=2, tgl=2026-03-16, keterangan='FZ/2603-0598; Keterangan : ;') | [seq_in_keterangan] CSB/SYS/2604-14068 (id=78737, cabang=2, tgl=2026-03-14, keterangan='SI/2603-0598; Keterangan : ;') | [seq_in_keterangan] CSB/SYS/2604-13849 (id=78518, cabang=2, tgl=2026-03-14, keterangan='Ma/2603-0598; Keterangan : ;') | [seq_in_keterangan] MDR/SYS/2603-1916 (id=48762, cabang=4, tgl=2026-03-14, keterangan='MR/2603-0598; Keterangan : ;') | [seq_in_keterangan] MDR/SYS/2603-1832 (id=48678, cabang=4, tgl=2026-03-14, keterangan='Md/2603-0598; Keterangan : ;') | [seq_in_nobukti] SB/WS/2603-0598 (id=47321, cabang=1, tgl=2026-03-16, keterangan='') | [seq_in_nobukti] SB/NI/2603-0598 (id=47253, cabang=1, tgl=2026-03-15, keterangan='') | [seq_in_nobukti] SB/V2/2603-0598 (id=47196, cabang=1, tgl=2026-03-15, keterangan='') | [seq_in_keterangan] KRT/SYS/2603-3505 (id=42427, cabang=5, tgl=2026-03-07, keterangan='An/2603-0598; Keterangan : ;') | [seq_in_keterangan] KRT/SYS/2603-3450 (id=42372, cabang=5, tgl=2026-03-07, keterangan='Wa/2603-0598; Keterangan : ;') | [seq_in_nobukti] MDR/SYS/2603-0598 (id=41482, cabang=4, tgl=2026-03-06, keterangan='MR/2603-0199; Keterangan : ;') | [seq_in_nobukti] KRT/SYS/2603-0598 (id=37696, cabang=5, tgl=2026-03-02, keterangan='Wa/2603-0167; Keterangan : ;')"
CSB/WL/2603-0512,2603-0512,seq_in_nobukti,"[seq_in_keterangan] CSB/SYS/2604-14451 (id=79120, cabang=2, tgl=2026-03-16, keterangan='Wl/2603-0512; Keterangan : ;') | [seq_in_keterangan] CSB/SYS/2604-14136 (id=78805, cabang=2, tgl=2026-03-15, keterangan='IN/2603-0512; Keterangan : ;') | [seq_in_keterangan] CSB/SYS/2604-13904 (id=78573, cabang=2, tgl=2026-03-14, keterangan='FZ/2603-0512; Keterangan : ;') | [seq_in_keterangan] CSB/SYS/2604-13782 (id=78451, cabang=2, tgl=2026-03-13, keterangan='SI/2603-0512; Keterangan : ;') | [seq_in_keterangan] CSB/SYS/2604-13597 (id=78266, cabang=2, tgl=2026-03-13, keterangan='Ma/2603-0512; Keterangan : ;') | [seq_in_nobukti] SB/NI/2603-0512 (id=47067, cabang=1, tgl=2026-03-14, keterangan='') | [seq_in_nobukti] SB/WS/2603-0512 (id=47017, cabang=1, tgl=2026-03-14, keterangan='') | [seq_in_keterangan] MDR/SYS/2603-1334 (id=46510, cabang=4, tgl=2026-03-13, keterangan='MR/2603-0512; Keterangan : ;') | [seq_in_keterangan] MDR/SYS/2603-1196 (id=45644, cabang=4, tgl=2026-03-12, keterangan='Md/2603-0512; Keterangan : ;') | [seq_in_nobukti] SB/V2/2603-0512 (id=44386, cabang=1, tgl=2026-03-11, keterangan='') | [seq_in_keterangan] KRT/SYS/2603-3713 (id=42635, cabang=5, tgl=2026-03-07, keterangan='Pa/2603-0512; Keterangan : ;') | [seq_in_keterangan] KRT/SYS/2603-3272 (id=41738, cabang=5, tgl=2026-03-06, keterangan='An/2603-0512; Keterangan : ;') | [seq_in_keterangan] KRT/SYS/2603-3175 (id=41641, cabang=5, tgl=2026-03-06, keterangan='Wa/2603-0512; Keterangan : ;') | [seq_in_nobukti] MDR/SYS/2603-0512 (id=40967, cabang=4, tgl=2026-02-12, keterangan='Md/2602-0511; Keterangan : ;') | [seq_in_nobukti] KRT/SYS/2603-0512 (id=37610, cabang=5, tgl=2026-03-02, keterangan='Wa/2603-0080; Keterangan : ;')"
CSB/IN/2603-0765,2603-0765,seq_in_nobukti,"[seq_in_keterangan] CSB/SYS/2604-15450 (id=80119, cabang=2, tgl=2026-03-28, keterangan='IN/2603-0765; Keterangan : ;') | [seq_in_keterangan] CSB/SYS/2604-15393 (id=80062, cabang=2, tgl=2026-03-28, keterangan='FZ/2603-0765; Keterangan : ;') | [seq_in_keterangan] CSB/SYS/2604-15243 (id=79912, cabang=2, tgl=2026-03-20, keterangan='Ma/2603-0765; Keterangan : ;') | [seq_in_keterangan] CSB/SYS/2604-14788 (id=79457, cabang=2, tgl=2026-03-17, keterangan='SI/2603-0765; Keterangan : ;') | [seq_in_nobukti] SB/NI/2603-0765 (id=51393, cabang=1, tgl=2026-03-20, keterangan='') | [seq_in_nobukti] SB/WS/2603-0765 (id=50074, cabang=1, tgl=2026-03-18, keterangan='') | [seq_in_nobukti] SB/V2/2603-0765 (id=49071, cabang=1, tgl=2026-03-17, keterangan='') | [seq_in_keterangan] MDR/SYS/2603-1670 (id=48053, cabang=4, tgl=2026-03-16, keterangan='Md/2603-0765; Keterangan : ;') | [seq_in_keterangan] MDR/SYS/2603-1598 (id=47981, cabang=4, tgl=2026-03-16, keterangan='MR/2603-0765; Keterangan : ;') | [seq_in_keterangan] KRT/SYS/2603-3994 (id=44020, cabang=5, tgl=2026-03-10, keterangan='Pa/2603-0765; Keterangan : ;') | [seq_in_keterangan] KRT/SYS/2603-3880 (id=43301, cabang=5, tgl=2026-03-08, keterangan='Wa/2603-0765; Keterangan : ;') | [seq_in_keterangan] KRT/SYS/2603-3803 (id=43224, cabang=5, tgl=2026-03-08, keterangan='An/2603-0765; Keterangan : ;') | [seq_in_nobukti] MDR/SYS/2603-0765 (id=42294, cabang=4, tgl=2026-03-07, keterangan='Md/2603-0266; Keterangan : ;') | [seq_in_nobukti] KRT/SYS/2603-0765 (id=38193, cabang=5, tgl=2026-03-03, keterangan='Wa/2603-0220; Keterangan : ;')"
CSB/WL/2603-0599,2603-0599,seq_in_nobukti,"[seq_in_keterangan] KRT/SYS/2604-3783 (id=84511, cabang=5, tgl=2026-03-09, keterangan='Pa/2603-0599; Keterangan : ;') | [seq_in_keterangan] CSB/SYS/2604-15454 (id=80123, cabang=2, tgl=2026-03-28, keterangan='Wl/2603-0599; Keterangan : ;') | [seq_in_keterangan] CSB/SYS/2604-14657 (id=79326, cabang=2, tgl=2026-03-17, keterangan='IN/2603-0599; Keterangan : ;') | [seq_in_keterangan] CSB/SYS/2604-14432 (id=79101, cabang=2, tgl=2026-03-16, keterangan='FZ/2603-0599; Keterangan : ;') | [seq_in_keterangan] CSB/SYS/2604-14069 (id=78738, cabang=2, tgl=2026-03-14, keterangan='SI/2603-0599; Keterangan : ;') | [seq_in_keterangan] CSB/SYS/2604-13850 (id=78519, cabang=2, tgl=2026-03-14, keterangan='Ma/2603-0599; Keterangan : ;') | [seq_in_keterangan] MDR/SYS/2603-1917 (id=48763, cabang=4, tgl=2026-03-14, keterangan='MR/2603-0599; Keterangan : ;') | [seq_in_keterangan] MDR/SYS/2603-1833 (id=48679, cabang=4, tgl=2026-03-14, keterangan='Md/2603-0599; Keterangan : ;') | [seq_in_nobukti] SB/WS/2603-0599 (id=47322, cabang=1, tgl=2026-03-16, keterangan='') | [seq_in_nobukti] SB/NI/2603-0599 (id=47254, cabang=1, tgl=2026-03-15, keterangan='') | [seq_in_nobukti] SB/V2/2603-0599 (id=47197, cabang=1, tgl=2026-03-15, keterangan='') | [seq_in_keterangan] KRT/SYS/2603-3506 (id=42428, cabang=5, tgl=2026-03-07, keterangan='An/2603-0599; Keterangan : ;') | [seq_in_keterangan] KRT/SYS/2603-3451 (id=42373, cabang=5, tgl=2026-03-07, keterangan='Wa/2603-0599; Keterangan : ;') | [seq_in_nobukti] MDR/SYS/2603-0599 (id=41483, cabang=4, tgl=2026-03-06, keterangan='MR/2603-0200; Keterangan : ;') | [seq_in_nobukti] KRT/SYS/2603-0599 (id=37697, cabang=5, tgl=2026-03-02, keterangan='Wa/2603-0168; Keterangan : ;')"
CSB/WL/2603-0581,2603-0581,seq_in_nobukti,"[seq_in_keterangan] CSB/SYS/2604-15314 (id=79983, cabang=2, tgl=2026-03-28, keterangan='Wl/2603-0581; Keterangan : ;') | [seq_in_keterangan] CSB/SYS/2604-14465 (id=79134, cabang=2, tgl=2026-03-16, keterangan='IN/2603-0581; Keterangan : ;') | [seq_in_keterangan] CSB/SYS/2604-14414 (id=79083, cabang=2, tgl=2026-03-16, keterangan='FZ/2603-0581; Keterangan : ;') | [seq_in_keterangan] CSB/SYS/2604-14052 (id=78721, cabang=2, tgl=2026-03-14, keterangan='SI/2603-0581; Keterangan : ;') | [seq_in_keterangan] CSB/SYS/2604-13833 (id=78502, cabang=2, tgl=2026-03-14, keterangan='Ma/2603-0581; Keterangan : ;') | [seq_in_keterangan] MDR/SYS/2603-1900 (id=48746, cabang=4, tgl=2026-03-14, keterangan='MR/2603-0581; Keterangan : ;') | [seq_in_keterangan] MDR/SYS/2603-1815 (id=48661, cabang=4, tgl=2026-03-14, keterangan='Md/2603-0581; Keterangan : ;') | [seq_in_nobukti] SB/WS/2603-0581 (id=47304, cabang=1, tgl=2026-03-16, keterangan='') | [seq_in_nobukti] SB/NI/2603-0581 (id=47236, cabang=1, tgl=2026-03-15, keterangan='') | [seq_in_nobukti] SB/V2/2603-0581 (id=47179, cabang=1, tgl=2026-03-15, keterangan='') | [seq_in_keterangan] KRT/SYS/2603-3956 (id=43377, cabang=5, tgl=2026-03-08, keterangan='Pa/2603-0581; Keterangan : ;') | [seq_in_keterangan] KRT/SYS/2603-3433 (id=42355, cabang=5, tgl=2026-03-07, keterangan='Wa/2603-0581; Keterangan : ;') | [seq_in_keterangan] KRT/SYS/2603-3340 (id=41806, cabang=5, tgl=2026-03-06, keterangan='An/2603-0581; Keterangan : ;') | [seq_in_nobukti] MDR/SYS/2603-0581 (id=41036, cabang=4, tgl=2026-02-12, keterangan='MR/2602-0472; Keterangan : ;') | [seq_in_nobukti] KRT/SYS/2603-0581 (id=37679, cabang=5, tgl=2026-03-02, keterangan='Wa/2603-0150; Keterangan : ;')"
CSB/FZ/2603-0667,2603-0667,seq_in_nobukti,"[seq_in_keterangan] KRT/SYS/2604-3851 (id=84579, cabang=5, tgl=2026-03-09, keterangan='Pa/2603-0667; Keterangan : ;') | [seq_in_keterangan] CSB/SYS/2604-15780 (id=80449, cabang=2, tgl=2026-03-31, keterangan='Wl/2603-0667; Keterangan : ;') | [seq_in_keterangan] CSB/SYS/2604-14909 (id=79578, cabang=2, tgl=2026-03-18, keterangan='IN/2603-0667; Keterangan : ;') | [seq_in_keterangan] CSB/SYS/2604-14856 (id=79525, cabang=2, tgl=2026-03-18, keterangan='FZ/2603-0667; Keterangan : ;') | [seq_in_keterangan] CSB/SYS/2604-14377 (id=79046, cabang=2, tgl=2026-03-16, keterangan='Ma/2603-0667; Keterangan : ;') | [seq_in_keterangan] CSB/SYS/2604-14260 (id=78929, cabang=2, tgl=2026-03-15, keterangan='SI/2603-0667; Keterangan : ;') | [seq_in_nobukti] SB/NI/2603-0667 (id=50266, cabang=1, tgl=2026-03-18, keterangan='') | [seq_in_keterangan] MDR/SYS/2603-2036 (id=48882, cabang=4, tgl=2026-03-15, keterangan='Md/2603-0667; Keterangan : ;') | [seq_in_keterangan] MDR/SYS/2603-2006 (id=48852, cabang=4, tgl=2026-03-15, keterangan='MR/2603-0667; Keterangan : ;') | [seq_in_nobukti] SB/WS/2603-0667 (id=48556, cabang=1, tgl=2026-03-17, keterangan='') | [seq_in_nobukti] SB/V2/2603-0667 (id=47492, cabang=1, tgl=2026-03-16, keterangan='') | [seq_in_keterangan] KRT/SYS/2603-3617 (id=42539, cabang=5, tgl=2026-03-07, keterangan='An/2603-0667; Keterangan : ;') | [seq_in_keterangan] KRT/SYS/2603-3566 (id=42488, cabang=5, tgl=2026-03-07, keterangan='Wa/2603-0667; Keterangan : ;') | [seq_in_nobukti] MDR/SYS/2603-0667 (id=41551, cabang=4, tgl=2026-03-06, keterangan='Md/2603-0230; Keterangan : ;') | [seq_in_nobukti] KRT/SYS/2603-0667 (id=37765, cabang=5, tgl=2026-03-02, keterangan='Pa/2603-0063; Keterangan : ;')"
CSB/WL/2603-0574,2603-0574,seq_in_nobukti,"[seq_in_keterangan] CSB/SYS/2604-15307 (id=79976, cabang=2, tgl=2026-03-28, keterangan='Wl/2603-0574; Keterangan : ;') | [seq_in_keterangan] CSB/SYS/2604-14366 (id=79035, cabang=2, tgl=2026-03-16, keterangan='IN/2603-0574; Keterangan : ;') | [seq_in_keterangan] CSB/SYS/2604-14045 (id=78714, cabang=2, tgl=2026-03-14, keterangan='SI/2603-0574; Keterangan : ;') | [seq_in_keterangan] CSB/SYS/2604-13826 (id=78495, cabang=2, tgl=2026-03-14, keterangan='Ma/2603-0574; Keterangan : ;') | [seq_in_keterangan] MDR/SYS/2603-1808 (id=48654, cabang=4, tgl=2026-03-14, keterangan='Md/2603-0574; Keterangan : ;') | [seq_in_nobukti] SB/WS/2603-0574 (id=47297, cabang=1, tgl=2026-03-16, keterangan='') | [seq_in_nobukti] SB/V2/2603-0574 (id=47172, cabang=1, tgl=2026-03-15, keterangan='') | [seq_in_nobukti] SB/NI/2603-0574 (id=47129, cabang=1, tgl=2026-03-14, keterangan='') | [seq_in_keterangan] MDR/SYS/2603-1396 (id=46572, cabang=4, tgl=2026-03-13, keterangan='MR/2603-0574; Keterangan : ;') | [seq_in_keterangan] KRT/SYS/2603-3949 (id=43370, cabang=5, tgl=2026-03-08, keterangan='Pa/2603-0574; Keterangan : ;') | [seq_in_keterangan] KRT/SYS/2603-3426 (id=42348, cabang=5, tgl=2026-03-07, keterangan='Wa/2603-0574; Keterangan : ;') | [seq_in_keterangan] KRT/SYS/2603-3333 (id=41799, cabang=5, tgl=2026-03-06, keterangan='An/2603-0574; Keterangan : ;') | [seq_in_nobukti] MDR/SYS/2603-0574 (id=41029, cabang=4, tgl=2026-02-12, keterangan='MR/2602-0465; Keterangan : ;') | [seq_in_nobukti] KRT/SYS/2603-0574 (id=37672, cabang=5, tgl=2026-03-02, keterangan='Wa/2603-0143; Keterangan : ;')"
CSB/WL/2603-0573,2603-0573,seq_in_nobukti,"[seq_in_keterangan] CSB/SYS/2604-15306 (id=79975, cabang=2, tgl=2026-03-28, keterangan='Wl/2603-0573; Keterangan : ;') | [seq_in_keterangan] CSB/SYS/2604-14407 (id=79076, cabang=2, tgl=2026-03-16, keterangan='FZ/2603-0573; Keterangan : ;') | [seq_in_keterangan] CSB/SYS/2604-14365 (id=79034, cabang=2, tgl=2026-03-16, keterangan='IN/2603-0573; Keterangan : ;') | [seq_in_keterangan] CSB/SYS/2604-14044 (id=78713, cabang=2, tgl=2026-03-14, keterangan='SI/2603-0573; Keterangan : ;') | [seq_in_keterangan] CSB/SYS/2604-13825 (id=78494, cabang=2, tgl=2026-03-14, keterangan='Ma/2603-0573; Keterangan : ;') | [seq_in_nobukti] SB/WS/2603-0573 (id=47296, cabang=1, tgl=2026-03-16, keterangan='') | [seq_in_nobukti] SB/V2/2603-0573 (id=47171, cabang=1, tgl=2026-03-15, keterangan='') | [seq_in_nobukti] SB/NI/2603-0573 (id=47128, cabang=1, tgl=2026-03-14, keterangan='') | [seq_in_keterangan] MDR/SYS/2603-1395 (id=46571, cabang=4, tgl=2026-03-13, keterangan='MR/2603-0573; Keterangan : ;') | [seq_in_keterangan] KRT/SYS/2603-3948 (id=43369, cabang=5, tgl=2026-03-08, keterangan='Pa/2603-0573; Keterangan : ;') | [seq_in_keterangan] KRT/SYS/2603-3425 (id=42347, cabang=5, tgl=2026-03-07, keterangan='Wa/2603-0573; Keterangan : ;') | [seq_in_keterangan] KRT/SYS/2603-3332 (id=41798, cabang=5, tgl=2026-03-06, keterangan='An/2603-0573; Keterangan : ;') | [seq_in_nobukti] MDR/SYS/2603-0573 (id=41028, cabang=4, tgl=2026-02-12, keterangan='MR/2602-0464; Keterangan : ;') | [seq_in_nobukti] KRT/SYS/2603-0573 (id=37671, cabang=5, tgl=2026-03-02, keterangan='Wa/2603-0142; Keterangan : ;')"
CSB/WL/2603-0571,2603-0571,seq_in_nobukti,"[seq_in_keterangan] CSB/SYS/2604-15304 (id=79973, cabang=2, tgl=2026-03-28, keterangan='Wl/2603-0571; Keterangan : ;') | [seq_in_keterangan] CSB/SYS/2604-14405 (id=79074, cabang=2, tgl=2026-03-16, keterangan='FZ/2603-0571; Keterangan : ;') | [seq_in_keterangan] CSB/SYS/2604-14363 (id=79032, cabang=2, tgl=2026-03-16, keterangan='IN/2603-0571; Keterangan : ;') | [seq_in_keterangan] CSB/SYS/2604-14042 (id=78711, cabang=2, tgl=2026-03-14, keterangan='SI/2603-0571; Keterangan : ;') | [seq_in_keterangan] CSB/SYS/2604-13823 (id=78492, cabang=2, tgl=2026-03-14, keterangan='Ma/2603-0571; Keterangan : ;') | [seq_in_keterangan] MDR/SYS/2603-1806 (id=48652, cabang=4, tgl=2026-03-14, keterangan='Md/2603-0571; Keterangan : ;') | [seq_in_nobukti] SB/WS/2603-0571 (id=47294, cabang=1, tgl=2026-03-16, keterangan='') | [seq_in_nobukti] SB/V2/2603-0571 (id=47169, cabang=1, tgl=2026-03-15, keterangan='') | [seq_in_nobukti] SB/NI/2603-0571 (id=47126, cabang=1, tgl=2026-03-14, keterangan='') | [seq_in_keterangan] MDR/SYS/2603-1393 (id=46569, cabang=4, tgl=2026-03-13, keterangan='MR/2603-0571; Keterangan : ;') | [seq_in_keterangan] KRT/SYS/2603-3946 (id=43367, cabang=5, tgl=2026-03-08, keterangan='Pa/2603-0571; Keterangan : ;') | [seq_in_keterangan] KRT/SYS/2603-3423 (id=42345, cabang=5, tgl=2026-03-07, keterangan='Wa/2603-0571; Keterangan : ;') | [seq_in_keterangan] KRT/SYS/2603-3330 (id=41796, cabang=5, tgl=2026-03-06, keterangan='An/2603-0571; Keterangan : ;') | [seq_in_nobukti] MDR/SYS/2603-0571 (id=41026, cabang=4, tgl=2026-02-12, keterangan='MR/2602-0462; Keterangan : ;') | [seq_in_nobukti] KRT/SYS/2603-0571 (id=37669, cabang=5, tgl=2026-03-02, keterangan='Wa/2603-0140; Keterangan : ;')"
CSB/WL/2603-0572,2603-0572,seq_in_nobukti,"[seq_in_keterangan] CSB/SYS/2604-15305 (id=79974, cabang=2, tgl=2026-03-28, keterangan='Wl/2603-0572; Keterangan : ;') | [seq_in_keterangan] CSB/SYS/2604-14406 (id=79075, cabang=2, tgl=2026-03-16, keterangan='FZ/2603-0572; Keterangan : ;') | [seq_in_keterangan] CSB/SYS/2604-14364 (id=79033, cabang=2, tgl=2026-03-16, keterangan='IN/2603-0572; Keterangan : ;') | [seq_in_keterangan] CSB/SYS/2604-14043 (id=78712, cabang=2, tgl=2026-03-14, keterangan='SI/2603-0572; Keterangan : ;') | [seq_in_keterangan] CSB/SYS/2604-13824 (id=78493, cabang=2, tgl=2026-03-14, keterangan='Ma/2603-0572; Keterangan : ;') | [seq_in_keterangan] MDR/SYS/2603-1807 (id=48653, cabang=4, tgl=2026-03-14, keterangan='Md/2603-0572; Keterangan : ;') | [seq_in_nobukti] SB/WS/2603-0572 (id=47295, cabang=1, tgl=2026-03-16, keterangan='') | [seq_in_nobukti] SB/V2/2603-0572 (id=47170, cabang=1, tgl=2026-03-15, keterangan='') | [seq_in_nobukti] SB/NI/2603-0572 (id=47127, cabang=1, tgl=2026-03-14, keterangan='') | [seq_in_keterangan] MDR/SYS/2603-1394 (id=46570, cabang=4, tgl=2026-03-13, keterangan='MR/2603-0572; Keterangan : ;') | [seq_in_keterangan] KRT/SYS/2603-3947 (id=43368, cabang=5, tgl=2026-03-08, keterangan='Pa/2603-0572; Keterangan : ;') | [seq_in_keterangan] KRT/SYS/2603-3424 (id=42346, cabang=5, tgl=2026-03-07, keterangan='Wa/2603-0572; Keterangan : ;') | [seq_in_keterangan] KRT/SYS/2603-3331 (id=41797, cabang=5, tgl=2026-03-06, keterangan='An/2603-0572; Keterangan : ;') | [seq_in_nobukti] MDR/SYS/2603-0572 (id=41027, cabang=4, tgl=2026-02-12, keterangan='MR/2602-0463; Keterangan : ;') | [seq_in_nobukti] KRT/SYS/2603-0572 (id=37670, cabang=5, tgl=2026-03-02, keterangan='Wa/2603-0141; Keterangan : ;')"
CSB/WL/2603-0645,2603-0645,seq_in_nobukti,"[seq_in_keterangan] KRT/SYS/2604-3829 (id=84557, cabang=5, tgl=2026-03-09, keterangan='Pa/2603-0645; Keterangan : ;') | [seq_in_keterangan] CSB/SYS/2604-15655 (id=80324, cabang=2, tgl=2026-03-30, keterangan='Wl/2603-0645; Keterangan : ;') | [seq_in_keterangan] CSB/SYS/2604-14888 (id=79557, cabang=2, tgl=2026-03-18, keterangan='IN/2603-0645; Keterangan : ;') | [seq_in_keterangan] CSB/SYS/2604-14747 (id=79416, cabang=2, tgl=2026-03-17, keterangan='FZ/2603-0645; Keterangan : ;') | [seq_in_keterangan] CSB/SYS/2604-14315 (id=78984, cabang=2, tgl=2026-03-16, keterangan='Ma/2603-0645; Keterangan : ;') | [seq_in_nobukti] SB/NI/2603-0645 (id=50244, cabang=1, tgl=2026-03-18, keterangan='') | [seq_in_keterangan] MDR/SYS/2603-1962 (id=48808, cabang=4, tgl=2026-03-14, keterangan='MR/2603-0645; Keterangan : ;') | [seq_in_keterangan] MDR/SYS/2603-1879 (id=48725, cabang=4, tgl=2026-03-14, keterangan='Md/2603-0645; Keterangan : ;') | [seq_in_nobukti] SB/V2/2603-0645 (id=47470, cabang=1, tgl=2026-03-16, keterangan='') | [seq_in_nobukti] SB/WS/2603-0645 (id=47435, cabang=1, tgl=2026-03-16, keterangan='') | [seq_in_keterangan] KRT/SYS/2603-3595 (id=42517, cabang=5, tgl=2026-03-07, keterangan='An/2603-0645; Keterangan : ;') | [seq_in_keterangan] KRT/SYS/2603-3544 (id=42466, cabang=5, tgl=2026-03-07, keterangan='Wa/2603-0645; Keterangan : ;') | [seq_in_nobukti] MDR/SYS/2603-0645 (id=41529, cabang=4, tgl=2026-03-06, keterangan='MR/2603-0246; Keterangan : ;') | [seq_in_nobukti] KRT/SYS/2603-0645 (id=37743, cabang=5, tgl=2026-03-02, keterangan='Pa/2603-0041; Keterangan : ;')"
CSB/WL/2603-0644,2603-0644,seq_in_nobukti,"[seq_in_keterangan] KRT/SYS/2604-3828 (id=84556, cabang=5, tgl=2026-03-09, keterangan='Pa/2603-0644; Keterangan : ;') | [seq_in_keterangan] CSB/SYS/2604-15654 (id=80323, cabang=2, tgl=2026-03-30, keterangan='Wl/2603-0644; Keterangan : ;') | [seq_in_keterangan] CSB/SYS/2604-14887 (id=79556, cabang=2, tgl=2026-03-18, keterangan='IN/2603-0644; Keterangan : ;') | [seq_in_keterangan] CSB/SYS/2604-14746 (id=79415, cabang=2, tgl=2026-03-17, keterangan='FZ/2603-0644; Keterangan : ;') | [seq_in_keterangan] CSB/SYS/2604-14314 (id=78983, cabang=2, tgl=2026-03-16, keterangan='Ma/2603-0644; Keterangan : ;') | [seq_in_keterangan] CSB/SYS/2604-14238 (id=78907, cabang=2, tgl=2026-03-15, keterangan='SI/2603-0644; Keterangan : ;') | [seq_in_nobukti] SB/NI/2603-0644 (id=50243, cabang=1, tgl=2026-03-18, keterangan='') | [seq_in_keterangan] MDR/SYS/2603-1961 (id=48807, cabang=4, tgl=2026-03-14, keterangan='MR/2603-0644; Keterangan : ;') | [seq_in_keterangan] MDR/SYS/2603-1878 (id=48724, cabang=4, tgl=2026-03-14, keterangan='Md/2603-0644; Keterangan : ;') | [seq_in_nobukti] SB/V2/2603-0644 (id=47469, cabang=1, tgl=2026-03-16, keterangan='') | [seq_in_nobukti] SB/WS/2603-0644 (id=47434, cabang=1, tgl=2026-03-16, keterangan='') | [seq_in_keterangan] KRT/SYS/2603-3594 (id=42516, cabang=5, tgl=2026-03-07, keterangan='An/2603-0644; Keterangan : ;') | [seq_in_keterangan] KRT/SYS/2603-3496 (id=42418, cabang=5, tgl=2026-03-07, keterangan='Wa/2603-0644; Keterangan : ;') | [seq_in_nobukti] MDR/SYS/2603-0644 (id=41528, cabang=4, tgl=2026-03-06, keterangan='MR/2603-0245; Keterangan : ;') | [seq_in_nobukti] KRT/SYS/2603-0644 (id=37742, cabang=5, tgl=2026-03-02, keterangan='Pa/2603-0040; Keterangan : ;')"
CSB/FZ/2603-0779,2603-0779,seq_in_nobukti,"[seq_in_keterangan] KRT/SYS/2604-3691 (id=84419, cabang=5, tgl=2026-03-09, keterangan='An/2603-0779; Keterangan : ;') | [seq_in_keterangan] CSB/SYS/2604-15538 (id=80207, cabang=2, tgl=2026-03-29, keterangan='FZ/2603-0779; Keterangan : ;') | [seq_in_keterangan] CSB/SYS/2604-15528 (id=80197, cabang=2, tgl=2026-03-29, keterangan='IN/2603-0779; Keterangan : ;') | [seq_in_keterangan] CSB/SYS/2604-15257 (id=79926, cabang=2, tgl=2026-03-20, keterangan='Ma/2603-0779; Keterangan : ;') | [seq_in_nobukti] SB/NI/2603-0779 (id=51407, cabang=1, tgl=2026-03-20, keterangan='') | [seq_in_nobukti] SB/WS/2603-0779 (id=50088, cabang=1, tgl=2026-03-18, keterangan='') | [seq_in_keterangan] MDR/SYS/2603-2174 (id=49430, cabang=4, tgl=2026-03-17, keterangan='Md/2603-0779; Keterangan : ;') | [seq_in_nobukti] SB/V2/2603-0779 (id=49085, cabang=1, tgl=2026-03-17, keterangan='') | [seq_in_keterangan] MDR/SYS/2603-1612 (id=47995, cabang=4, tgl=2026-03-16, keterangan='MR/2603-0779; Keterangan : ;') | [seq_in_keterangan] KRT/SYS/2603-4008 (id=44034, cabang=5, tgl=2026-03-10, keterangan='Pa/2603-0779; Keterangan : ;') | [seq_in_nobukti] MDR/SYS/2603-0779 (id=42308, cabang=4, tgl=2026-03-07, keterangan='Md/2603-0280; Keterangan : ;') | [seq_in_nobukti] KRT/SYS/2603-0779 (id=38207, cabang=5, tgl=2026-03-03, keterangan='Wa/2603-0234; Keterangan : ;')"
CSB/WL/2603-0633,2603-0633,seq_in_nobukti,"[seq_in_keterangan] KRT/SYS/2604-3817 (id=84545, cabang=5, tgl=2026-03-09, keterangan='Pa/2603-0633; Keterangan : ;') | [seq_in_keterangan] CSB/SYS/2604-15576 (id=80245, cabang=2, tgl=2026-03-29, keterangan='Wl/2603-0633; Keterangan : ;') | [seq_in_keterangan] CSB/SYS/2604-14877 (id=79546, cabang=2, tgl=2026-03-18, keterangan='IN/2603-0633; Keterangan : ;') | [seq_in_keterangan] CSB/SYS/2604-14625 (id=79294, cabang=2, tgl=2026-03-17, keterangan='FZ/2603-0633; Keterangan : ;') | [seq_in_keterangan] CSB/SYS/2604-14103 (id=78772, cabang=2, tgl=2026-03-14, keterangan='SI/2603-0633; Keterangan : ;') | [seq_in_nobukti] SB/NI/2603-0633 (id=50232, cabang=1, tgl=2026-03-18, keterangan='') | [seq_in_keterangan] MDR/SYS/2603-1950 (id=48796, cabang=4, tgl=2026-03-14, keterangan='MR/2603-0633; Keterangan : ;') | [seq_in_keterangan] MDR/SYS/2603-1867 (id=48713, cabang=4, tgl=2026-03-14, keterangan='Md/2603-0633; Keterangan : ;') | [seq_in_nobukti] SB/V2/2603-0633 (id=47458, cabang=1, tgl=2026-03-16, keterangan='') | [seq_in_nobukti] SB/WS/2603-0633 (id=47423, cabang=1, tgl=2026-03-16, keterangan='') | [seq_in_keterangan] KRT/SYS/2603-3539 (id=42461, cabang=5, tgl=2026-03-07, keterangan='An/2603-0633; Keterangan : ;') | [seq_in_keterangan] KRT/SYS/2603-3485 (id=42407, cabang=5, tgl=2026-03-07, keterangan='Wa/2603-0633; Keterangan : ;') | [seq_in_nobukti] MDR/SYS/2603-0633 (id=41517, cabang=4, tgl=2026-03-06, keterangan='MR/2603-0234; Keterangan : ;') | [seq_in_nobukti] KRT/SYS/2603-0633 (id=37731, cabang=5, tgl=2026-03-02, keterangan='Pa/2603-0028; Keterangan : ;')"
CSB/WL/2603-0617,2603-0617,seq_in_nobukti,"[seq_in_keterangan] KRT/SYS/2604-3801 (id=84529, cabang=5, tgl=2026-03-09, keterangan='Pa/2603-0617; Keterangan : ;') | [seq_in_keterangan] CSB/SYS/2604-15507 (id=80176, cabang=2, tgl=2026-03-29, keterangan='Wl/2603-0617; Keterangan : ;') | [seq_in_keterangan] CSB/SYS/2604-14674 (id=79343, cabang=2, tgl=2026-03-17, keterangan='IN/2603-0617; Keterangan : ;') | [seq_in_keterangan] CSB/SYS/2604-14609 (id=79278, cabang=2, tgl=2026-03-17, keterangan='FZ/2603-0617; Keterangan : ;') | [seq_in_keterangan] CSB/SYS/2604-14119 (id=78788, cabang=2, tgl=2026-03-14, keterangan='Ma/2603-0617; Keterangan : ;') | [seq_in_keterangan] CSB/SYS/2604-14087 (id=78756, cabang=2, tgl=2026-03-14, keterangan='SI/2603-0617; Keterangan : ;') | [seq_in_keterangan] MDR/SYS/2603-1935 (id=48781, cabang=4, tgl=2026-03-14, keterangan='MR/2603-0617; Keterangan : ;') | [seq_in_keterangan] MDR/SYS/2603-1851 (id=48697, cabang=4, tgl=2026-03-14, keterangan='Md/2603-0617; Keterangan : ;') | [seq_in_nobukti] SB/NI/2603-0617 (id=47522, cabang=1, tgl=2026-03-16, keterangan='') | [seq_in_nobukti] SB/WS/2603-0617 (id=47407, cabang=1, tgl=2026-03-16, keterangan='') | [seq_in_nobukti] SB/V2/2603-0617 (id=47281, cabang=1, tgl=2026-03-16, keterangan='') | [seq_in_keterangan] KRT/SYS/2603-3524 (id=42446, cabang=5, tgl=2026-03-07, keterangan='An/2603-0617; Keterangan : ;') | [seq_in_keterangan] KRT/SYS/2603-3469 (id=42391, cabang=5, tgl=2026-03-07, keterangan='Wa/2603-0617; Keterangan : ;') | [seq_in_nobukti] MDR/SYS/2603-0617 (id=41501, cabang=4, tgl=2026-03-06, keterangan='MR/2603-0218; Keterangan : ;') | [seq_in_nobukti] KRT/SYS/2603-0617 (id=37715, cabang=5, tgl=2026-03-02, keterangan='Wa/2603-0186; Keterangan : ;')"
CSB/WL/2603-0655,2603-0655,seq_in_nobukti,"[seq_in_keterangan] KRT/SYS/2604-3839 (id=84567, cabang=5, tgl=2026-03-09, keterangan='Pa/2603-0655; Keterangan : ;') | [seq_in_keterangan] CSB/SYS/2604-15665 (id=80334, cabang=2, tgl=2026-03-30, keterangan='Wl/2603-0655; Keterangan : ;') | [seq_in_keterangan] CSB/SYS/2604-14898 (id=79567, cabang=2, tgl=2026-03-18, keterangan='IN/2603-0655; Keterangan : ;') | [seq_in_keterangan] CSB/SYS/2604-14844 (id=79513, cabang=2, tgl=2026-03-18, keterangan='FZ/2603-0655; Keterangan : ;') | [seq_in_keterangan] CSB/SYS/2604-14325 (id=78994, cabang=2, tgl=2026-03-16, keterangan='Ma/2603-0655; Keterangan : ;') | [seq_in_keterangan] CSB/SYS/2604-14248 (id=78917, cabang=2, tgl=2026-03-15, keterangan='SI/2603-0655; Keterangan : ;') | [seq_in_nobukti] SB/NI/2603-0655 (id=50254, cabang=1, tgl=2026-03-18, keterangan='') | [seq_in_keterangan] MDR/SYS/2603-1994 (id=48840, cabang=4, tgl=2026-03-15, keterangan='MR/2603-0655; Keterangan : ;') | [seq_in_keterangan] MDR/SYS/2603-1889 (id=48735, cabang=4, tgl=2026-03-14, keterangan='Md/2603-0655; Keterangan : ;') | [seq_in_nobukti] SB/V2/2603-0655 (id=47480, cabang=1, tgl=2026-03-16, keterangan='') | [seq_in_nobukti] SB/WS/2603-0655 (id=47445, cabang=1, tgl=2026-03-16, keterangan='') | [seq_in_keterangan] KRT/SYS/2603-3605 (id=42527, cabang=5, tgl=2026-03-07, keterangan='An/2603-0655; Keterangan : ;') | [seq_in_keterangan] KRT/SYS/2603-3554 (id=42476, cabang=5, tgl=2026-03-07, keterangan='Wa/2603-0655; Keterangan : ;') | [seq_in_nobukti] MDR/SYS/2603-0655 (id=41539, cabang=4, tgl=2026-03-06, keterangan='Md/2603-0218; Keterangan : ;') | [seq_in_nobukti] KRT/SYS/2603-0655 (id=37753, cabang=5, tgl=2026-03-02, keterangan='Pa/2603-0051; Keterangan : ;')"
CSB/IN/2603-0791,2603-0791,seq_in_nobukti,"[seq_in_keterangan] KRT/SYS/2604-3703 (id=84431, cabang=5, tgl=2026-03-09, keterangan='An/2603-0791; Keterangan : ;') | [seq_in_keterangan] KRT/SYS/2604-3523 (id=84251, cabang=5, tgl=2026-03-09, keterangan='Wa/2603-0791; Keterangan : ;') | [seq_in_keterangan] CSB/SYS/2604-15700 (id=80369, cabang=2, tgl=2026-03-30, keterangan='IN/2603-0791; Keterangan : ;') | [seq_in_keterangan] CSB/SYS/2604-15550 (id=80219, cabang=2, tgl=2026-03-29, keterangan='FZ/2603-0791; Keterangan : ;') | [seq_in_keterangan] CSB/SYS/2604-15406 (id=80075, cabang=2, tgl=2026-03-28, keterangan='Ma/2603-0791; Keterangan : ;') | [seq_in_keterangan] CSB/SYS/2604-14812 (id=79481, cabang=2, tgl=2026-03-17, keterangan='SI/2603-0791; Keterangan : ;') | [seq_in_nobukti] SB/NI/2603-0791 (id=51419, cabang=1, tgl=2026-03-20, keterangan='') | [seq_in_nobukti] SB/WS/2603-0791 (id=50100, cabang=1, tgl=2026-03-18, keterangan='') | [seq_in_nobukti] SB/V2/2603-0791 (id=50058, cabang=1, tgl=2026-03-18, keterangan='') | [seq_in_keterangan] MDR/SYS/2603-2186 (id=49442, cabang=4, tgl=2026-03-17, keterangan='Md/2603-0791; Keterangan : ;') | [seq_in_keterangan] MDR/SYS/2603-2103 (id=49359, cabang=4, tgl=2026-03-17, keterangan='MR/2603-0791; Keterangan : ;') | [seq_in_keterangan] KRT/SYS/2603-4020 (id=44046, cabang=5, tgl=2026-03-10, keterangan='Pa/2603-0791; Keterangan : ;') | [seq_in_nobukti] MDR/SYS/2603-0791 (id=42320, cabang=4, tgl=2026-03-07, keterangan='GI/2603-0099; Keterangan : ;') | [seq_in_nobukti] KRT/SYS/2603-0791 (id=38219, cabang=5, tgl=2026-03-03, keterangan='Wa/2603-0247; Keterangan : ;')"
CSB/SI/2604-0179,2604-0179,seq_in_nobukti,"[seq_in_nobukti] KRT/AZ/2604-0179 (id=90518, cabang=5, tgl=2026-04-25, keterangan='') | [seq_in_nobukti] CSB/ND/2604-0179 (id=90304, cabang=2, tgl=2026-04-24, keterangan='') | [seq_in_nobukti] KRT/PRI/2604-0179 (id=90180, cabang=5, tgl=2026-04-24, keterangan='') | [seq_in_nobukti] KRT/BR/2604-0179 (id=90059, cabang=5, tgl=2026-04-24, keterangan='') | [seq_in_nobukti] SB/PT/2604-0179 (id=88078, cabang=1, tgl=2026-04-20, keterangan='') | [seq_in_nobukti] CSB/Ma/2604-0179 (id=87892, cabang=2, tgl=2026-04-20, keterangan='') | [seq_in_nobukti] CSB/IN/2604-0179 (id=87869, cabang=2, tgl=2026-04-20, keterangan='') | [seq_in_nobukti] CSB/Wl/2604-0179 (id=86514, cabang=2, tgl=2026-04-19, keterangan='') | [seq_in_nobukti] CSB/FZ/2604-0179 (id=86125, cabang=2, tgl=2026-04-18, keterangan='') | [seq_in_keterangan] CSB/SYS/2604-17150 (id=81819, cabang=2, tgl=2026-04-08, keterangan='SI/2604-0179; Keterangan : ;') | [seq_in_keterangan] CSB/SYS/2604-16934 (id=81603, cabang=2, tgl=2026-04-07, keterangan='Wl/2604-0179; Keterangan : ;') | [seq_in_keterangan] CSB/SYS/2604-16783 (id=81452, cabang=2, tgl=2026-04-06, keterangan='Ma/2604-0179; Keterangan : ;') | [seq_in_keterangan] CSB/SYS/2604-16743 (id=81412, cabang=2, tgl=2026-04-06, keterangan='IN/2604-0179; Keterangan : ;') | [seq_in_keterangan] CSB/SYS/2604-16734 (id=81403, cabang=2, tgl=2026-04-06, keterangan='FZ/2604-0179; Keterangan : ;') | [seq_in_nobukti] CSB/SYS/2604-0179 (id=64848, cabang=2, tgl=2026-01-02, keterangan='UW/2601-0009; Keterangan : ;') | [seq_in_nobukti] MDR/ARV/2604-0179 (id=60790, cabang=4, tgl=2026-04-11, keterangan='') | [seq_in_nobukti] MDR/OC/2604-0179 (id=60750, cabang=4, tgl=2026-04-11, keterangan='') | [seq_in_nobukti] MDR/RA/2604-0179 (id=59092, cabang=4, tgl=2026-04-08, keterangan='') | [seq_in_nobukti] SB/V2/2604-0179 (id=57927, cabang=1, tgl=2026-04-06, keterangan='') | [seq_in_nobukti] SB/WS/2604-0179 (id=57906, cabang=1, tgl=2026-04-06, keterangan='') | [seq_in_keterangan] KRT/SYS/2604-0627 (id=56815, cabang=5, tgl=2026-04-03, keterangan='An/2604-0179; Keterangan : ;') | [seq_in_keterangan] KRT/SYS/2604-0566 (id=56754, cabang=5, tgl=2026-04-03, keterangan='Wa/2604-0179; Keterangan : ;') | [seq_in_keterangan] KRT/SYS/2604-0492 (id=56350, cabang=5, tgl=2026-04-02, keterangan='Pa/2604-0179; Keterangan : ;') | [seq_in_nobukti] KRT/SYS/2604-0179 (id=55706, cabang=5, tgl=2026-04-01, keterangan='An/2604-0029; Keterangan : ;')"
CSB/WL/2603-0663,2603-0663,seq_in_nobukti,"[seq_in_keterangan] KRT/SYS/2604-3847 (id=84575, cabang=5, tgl=2026-03-09, keterangan='Pa/2603-0663; Keterangan : ;') | [seq_in_keterangan] CSB/SYS/2604-15776 (id=80445, cabang=2, tgl=2026-03-31, keterangan='Wl/2603-0663; Keterangan : ;') | [seq_in_keterangan] CSB/SYS/2604-14906 (id=79575, cabang=2, tgl=2026-03-18, keterangan='IN/2603-0663; Keterangan : ;') | [seq_in_keterangan] CSB/SYS/2604-14852 (id=79521, cabang=2, tgl=2026-03-18, keterangan='FZ/2603-0663; Keterangan : ;') | [seq_in_keterangan] CSB/SYS/2604-14373 (id=79042, cabang=2, tgl=2026-03-16, keterangan='Ma/2603-0663; Keterangan : ;') | [seq_in_keterangan] CSB/SYS/2604-14256 (id=78925, cabang=2, tgl=2026-03-15, keterangan='SI/2603-0663; Keterangan : ;') | [seq_in_nobukti] SB/NI/2603-0663 (id=50262, cabang=1, tgl=2026-03-18, keterangan='') | [seq_in_keterangan] MDR/SYS/2603-2032 (id=48878, cabang=4, tgl=2026-03-15, keterangan='Md/2603-0663; Keterangan : ;') | [seq_in_keterangan] MDR/SYS/2603-2002 (id=48848, cabang=4, tgl=2026-03-15, keterangan='MR/2603-0663; Keterangan : ;') | [seq_in_nobukti] SB/WS/2603-0663 (id=48552, cabang=1, tgl=2026-03-17, keterangan='') | [seq_in_nobukti] SB/V2/2603-0663 (id=47488, cabang=1, tgl=2026-03-16, keterangan='') | [seq_in_keterangan] KRT/SYS/2603-3613 (id=42535, cabang=5, tgl=2026-03-07, keterangan='An/2603-0663; Keterangan : ;') | [seq_in_keterangan] KRT/SYS/2603-3562 (id=42484, cabang=5, tgl=2026-03-07, keterangan='Wa/2603-0663; Keterangan : ;') | [seq_in_nobukti] MDR/SYS/2603-0663 (id=41547, cabang=4, tgl=2026-03-06, keterangan='Md/2603-0226; Keterangan : ;') | [seq_in_nobukti] KRT/SYS/2603-0663 (id=37761, cabang=5, tgl=2026-03-02, keterangan='Pa/2603-0059; Keterangan : ;')"
CSB/IN/2603-0829,2603-0829,seq_in_nobukti,"[seq_in_keterangan] KRT/SYS/2604-3740 (id=84468, cabang=5, tgl=2026-03-09, keterangan='An/2603-0829; Keterangan : ;') | [seq_in_keterangan] KRT/SYS/2604-3561 (id=84289, cabang=5, tgl=2026-03-09, keterangan='Wa/2603-0829; Keterangan : ;') | [seq_in_keterangan] CSB/SYS/2604-15827 (id=80496, cabang=2, tgl=2026-03-31, keterangan='IN/2603-0829; Keterangan : ;') | [seq_in_keterangan] CSB/SYS/2604-15670 (id=80339, cabang=2, tgl=2026-03-30, keterangan='Ma/2603-0829; Keterangan : ;') | [seq_in_keterangan] CSB/SYS/2604-15637 (id=80306, cabang=2, tgl=2026-03-30, keterangan='FZ/2603-0829; Keterangan : ;') | [seq_in_keterangan] CSB/SYS/2604-14994 (id=79663, cabang=2, tgl=2026-03-18, keterangan='SI/2603-0829; Keterangan : ;') | [seq_in_nobukti] SB/NI/2603-0829 (id=52798, cabang=1, tgl=2026-03-28, keterangan='') | [seq_in_nobukti] SB/V2/2603-0829 (id=50191, cabang=1, tgl=2026-03-18, keterangan='') | [seq_in_nobukti] SB/WS/2603-0829 (id=50138, cabang=1, tgl=2026-03-18, keterangan='') | [seq_in_keterangan] MDR/SYS/2603-2224 (id=49480, cabang=4, tgl=2026-03-17, keterangan='Md/2603-0829; Keterangan : ;') | [seq_in_keterangan] MDR/SYS/2603-2141 (id=49397, cabang=4, tgl=2026-03-17, keterangan='MR/2603-0829; Keterangan : ;') | [seq_in_keterangan] KRT/SYS/2603-4058 (id=44084, cabang=5, tgl=2026-03-10, keterangan='Pa/2603-0829; Keterangan : ;') | [seq_in_nobukti] MDR/SYS/2603-0829 (id=43033, cabang=4, tgl=2026-03-08, keterangan='MR/2603-0310; Keterangan : ;') | [seq_in_nobukti] KRT/SYS/2603-0829 (id=38257, cabang=5, tgl=2026-03-03, keterangan='Wa/2603-0285; Keterangan : ;')"
CSB/MA/2603-0875,2603-0875,seq_in_nobukti,"[seq_in_keterangan] KRT/SYS/2604-3607 (id=84335, cabang=5, tgl=2026-03-09, keterangan='Wa/2603-0875; Keterangan : ;') | [seq_in_keterangan] CSB/SYS/2604-15791 (id=80460, cabang=2, tgl=2026-03-31, keterangan='Ma/2603-0875; Keterangan : ;') | [seq_in_keterangan] CSB/SYS/2604-15040 (id=79709, cabang=2, tgl=2026-03-18, keterangan='SI/2603-0875; Keterangan : ;') | [seq_in_nobukti] SB/NI/2603-0875 (id=53652, cabang=1, tgl=2026-03-29, keterangan='') | [seq_in_nobukti] SB/WS/2603-0875 (id=51295, cabang=1, tgl=2026-03-20, keterangan='') | [seq_in_nobukti] SB/V2/2603-0875 (id=50787, cabang=1, tgl=2026-03-19, keterangan='') | [seq_in_keterangan] MDR/SYS/2603-2406 (id=50671, cabang=4, tgl=2026-03-18, keterangan='Md/2603-0875; Keterangan : ;') | [seq_in_keterangan] MDR/SYS/2603-2314 (id=50579, cabang=4, tgl=2026-03-18, keterangan='MR/2603-0875; Keterangan : ;') | [seq_in_keterangan] KRT/SYS/2603-4340 (id=44837, cabang=5, tgl=2026-03-11, keterangan='Pa/2603-0875; Keterangan : ;') | [seq_in_keterangan] KRT/SYS/2603-4219 (id=44245, cabang=5, tgl=2026-03-10, keterangan='An/2603-0875; Keterangan : ;') | [seq_in_nobukti] MDR/SYS/2603-0875 (id=43079, cabang=4, tgl=2026-03-08, keterangan='Md/2603-0296; Keterangan : ;') | [seq_in_nobukti] KRT/SYS/2603-0875 (id=38303, cabang=5, tgl=2026-03-03, keterangan='An/2603-0179; Keterangan : ;')"
CSB/WL/2603-0652,2603-0652,seq_in_nobukti,"[seq_in_keterangan] KRT/SYS/2604-3836 (id=84564, cabang=5, tgl=2026-03-09, keterangan='Pa/2603-0652; Keterangan : ;') | [seq_in_keterangan] CSB/SYS/2604-15662 (id=80331, cabang=2, tgl=2026-03-30, keterangan='Wl/2603-0652; Keterangan : ;') | [seq_in_keterangan] CSB/SYS/2604-14895 (id=79564, cabang=2, tgl=2026-03-18, keterangan='IN/2603-0652; Keterangan : ;') | [seq_in_keterangan] CSB/SYS/2604-14773 (id=79442, cabang=2, tgl=2026-03-17, keterangan='FZ/2603-0652; Keterangan : ;') | [seq_in_keterangan] CSB/SYS/2604-14322 (id=78991, cabang=2, tgl=2026-03-16, keterangan='Ma/2603-0652; Keterangan : ;') | [seq_in_keterangan] CSB/SYS/2604-14245 (id=78914, cabang=2, tgl=2026-03-15, keterangan='SI/2603-0652; Keterangan : ;') | [seq_in_nobukti] SB/NI/2603-0652 (id=50251, cabang=1, tgl=2026-03-18, keterangan='') | [seq_in_keterangan] MDR/SYS/2603-1991 (id=48837, cabang=4, tgl=2026-03-15, keterangan='MR/2603-0652; Keterangan : ;') | [seq_in_keterangan] MDR/SYS/2603-1886 (id=48732, cabang=4, tgl=2026-03-14, keterangan='Md/2603-0652; Keterangan : ;') | [seq_in_nobukti] SB/V2/2603-0652 (id=47477, cabang=1, tgl=2026-03-16, keterangan='') | [seq_in_nobukti] SB/WS/2603-0652 (id=47442, cabang=1, tgl=2026-03-16, keterangan='') | [seq_in_keterangan] KRT/SYS/2603-3602 (id=42524, cabang=5, tgl=2026-03-07, keterangan='An/2603-0652; Keterangan : ;') | [seq_in_keterangan] KRT/SYS/2603-3551 (id=42473, cabang=5, tgl=2026-03-07, keterangan='Wa/2603-0652; Keterangan : ;') | [seq_in_nobukti] MDR/SYS/2603-0652 (id=41536, cabang=4, tgl=2026-03-06, keterangan='MR/2603-0253; Keterangan : ;') | [seq_in_nobukti] KRT/SYS/2603-0652 (id=37750, cabang=5, tgl=2026-03-02, keterangan='Pa/2603-0048; Keterangan : ;')"
KRT/AN/2507-1434,2507-1434,tidak_ada,
KRT/WA/2508-1755,2508-1755,tidak_ada,
KRT/PA/2512-2458,2512-2458,tidak_ada,
KRT/AN/2601-0460,2601-0460,seq_in_nobukti,"[seq_in_keterangan] CSB/SYS/2604-2721 (id=67390, cabang=2, tgl=2026-01-16, keterangan='SI/2601-0460; Keterangan : ;') | [seq_in_keterangan] CSB/SYS/2604-2683 (id=67352, cabang=2, tgl=2026-01-16, keterangan='FZ/2601-0460; Keterangan : ;') | [seq_in_keterangan] CSB/SYS/2604-2459 (id=67128, cabang=2, tgl=2026-01-15, keterangan='IN/2601-0460; Keterangan : ;') | [seq_in_keterangan] CSB/SYS/2604-2391 (id=67060, cabang=2, tgl=2026-01-15, keterangan='Wl/2601-0460; Keterangan : ;') | [seq_in_keterangan] CSB/SYS/2604-2055 (id=66724, cabang=2, tgl=2026-01-13, keterangan='Ma/2601-0460; Keterangan : ;') | [seq_in_keterangan] KRT/SYS/2603-2676 (id=40133, cabang=5, tgl=2026-01-09, keterangan='An/2601-0460; Keterangan : ;') | [seq_in_keterangan] KRT/SYS/2603-2412 (id=39869, cabang=5, tgl=2026-01-08, keterangan='Pa/2601-0460; Keterangan : ;') | [seq_in_keterangan] KRT/SYS/2603-2066 (id=39523, cabang=5, tgl=2026-01-06, keterangan='Wa/2601-0460; Keterangan : ;') | [seq_in_keterangan] MDR/SYS/2602-1248 (id=5885, cabang=4, tgl=2026-01-16, keterangan='MR/2601-0460; Keterangan : ;') | [seq_in_keterangan] MDR/SYS/2602-0835 (id=5472, cabang=4, tgl=2026-01-12, keterangan='Md/2601-0460; Keterangan : ;') | [seq_in_keterangan] SB/FR/2601-1479 (id=1868, cabang=1, tgl=2026-01-19, keterangan='WN/2601-0460') | [seq_in_keterangan] SB/FR/2601-0957 (id=978, cabang=1, tgl=2026-01-12, keterangan='NS/2601-0460') | [seq_in_nobukti] SB/FR/2601-0460 (id=475, cabang=1, tgl=2026-01-06, keterangan='WN/2601-0164')"
KRT/AN/2505-1512,2505-1512,tidak_ada,
KRT/WA/2601-0962,2601-0962,seq_in_nobukti,"[seq_in_keterangan] CSB/SYS/2604-5375 (id=70044, cabang=2, tgl=2026-01-31, keterangan='FZ/2601-0962; Keterangan : ;') | [seq_in_keterangan] CSB/SYS/2604-5215 (id=69884, cabang=2, tgl=2026-01-30, keterangan='IN/2601-0962; Keterangan : ;') | [seq_in_keterangan] CSB/SYS/2604-4518 (id=69187, cabang=2, tgl=2026-01-26, keterangan='Wl/2601-0962; Keterangan : ;') | [seq_in_keterangan] CSB/SYS/2604-4364 (id=69033, cabang=2, tgl=2026-01-25, keterangan='Ma/2601-0962; Keterangan : ;') | [seq_in_keterangan] KRT/SYS/2602-1346 (id=11281, cabang=5, tgl=2026-01-15, keterangan='An/2601-0962; Keterangan : ;') | [seq_in_keterangan] KRT/SYS/2602-1160 (id=11095, cabang=5, tgl=2026-01-14, keterangan='Pa/2601-0962; Keterangan : ;') | [seq_in_keterangan] KRT/SYS/2602-0591 (id=10526, cabang=5, tgl=2026-01-12, keterangan='Wa/2601-0962; Keterangan : ;') | [seq_in_keterangan] MDR/SYS/2602-1930 (id=6567, cabang=4, tgl=2026-01-25, keterangan='Md/2601-0962; Keterangan : ;') | [seq_in_nobukti] SB/FR/2601-0962 (id=983, cabang=1, tgl=2026-01-12, keterangan='NS/2601-0466')"
KRT/VA/2602-0056,2602-0056,seq_in_nobukti,"[seq_in_keterangan] CSB/SYS/2604-6004 (id=70673, cabang=2, tgl=2026-02-03, keterangan='Wl/2602-0056; Keterangan : ;') | [seq_in_keterangan] CSB/SYS/2604-5899 (id=70568, cabang=2, tgl=2026-02-03, keterangan='Ma/2602-0056; Keterangan : ;') | [seq_in_keterangan] CSB/SYS/2604-5889 (id=70558, cabang=2, tgl=2026-02-02, keterangan='SI/2602-0056; Keterangan : ;') | [seq_in_keterangan] CSB/SYS/2604-5842 (id=70511, cabang=2, tgl=2026-02-02, keterangan='FZ/2602-0056; Keterangan : ;') | [seq_in_keterangan] CSB/SYS/2604-5755 (id=70424, cabang=2, tgl=2026-02-02, keterangan='IN/2602-0056; Keterangan : ;') | [seq_in_nobukti] SB/SYS/2602-0056 (id=29372, cabang=1, tgl=2026-02-20, keterangan='NS/2602-0821; Keterangan : ;') | [seq_in_keterangan] KRT/SYS/2602-8812 (id=18747, cabang=5, tgl=2026-02-16, keterangan='VA/2602-0056; Keterangan : ;') | [seq_in_keterangan] KRT/SYS/2602-5017 (id=14952, cabang=5, tgl=2026-02-02, keterangan='Pa/2602-0056; Keterangan : ;') | [seq_in_keterangan] KRT/SYS/2602-4883 (id=14818, cabang=5, tgl=2026-02-02, keterangan='An/2602-0056; Keterangan : ;') | [seq_in_keterangan] KRT/SYS/2602-4743 (id=14678, cabang=5, tgl=2026-02-01, keterangan='Wa/2602-0056; Keterangan : ;') | [seq_in_nobukti] KRT/SYS/2602-0056 (id=9991, cabang=5, tgl=2026-01-10, keterangan='Pa/2601-0618; Keterangan : ;') | [seq_in_nobukti] SB/V2/2602-0056 (id=8816, cabang=1, tgl=2026-02-16, keterangan='') | [seq_in_nobukti] SB/PT/2602-0056 (id=8761, cabang=1, tgl=2026-02-16, keterangan='') | [seq_in_nobukti] SB/WS/2602-0056 (id=8251, cabang=1, tgl=2026-02-12, keterangan='') | [seq_in_keterangan] MDR/SYS/2602-2950 (id=7587, cabang=4, tgl=2026-02-05, keterangan='GI/2602-0056; Keterangan : ;') | [seq_in_keterangan] MDR/SYS/2602-2671 (id=7308, cabang=4, tgl=2026-02-02, keterangan='MR/2602-0056; Keterangan : ;') | [seq_in_keterangan] MDR/SYS/2602-2604 (id=7241, cabang=4, tgl=2026-02-02, keterangan='Md/2602-0056; Keterangan : ;') | [seq_in_nobukti] MDR/SYS/2602-0056 (id=4693, cabang=4, tgl=2026-01-02, keterangan='Md/2601-0016; Keterangan : ;') | [seq_in_nobukti] SB/NI/2602-0056 (id=4631, cabang=1, tgl=2026-02-12, keterangan='') | [seq_in_nobukti] SB/FR/2602-0056 (id=3305, cabang=1, tgl=2026-02-02, keterangan='')"
KRT/AN/2512-0487,2512-0487,tidak_ada,
KRT/AN/2511-2004,2511-2004,tidak_ada,
KRT/AN/2604-0395,2604-0395,seq_in_nobukti,"[seq_in_nobukti] CSB/Ma/2604-0395 (id=93053, cabang=2, tgl=2026-04-30, keterangan='') | [seq_in_nobukti] KRT/AZ/2604-0395 (id=92809, cabang=5, tgl=2026-04-29, keterangan='') | [seq_in_nobukti] KRT/BR/2604-0395 (id=91945, cabang=5, tgl=2026-04-27, keterangan='') | [seq_in_nobukti] KRT/PRI/2604-0395 (id=91876, cabang=5, tgl=2026-04-27, keterangan='') | [seq_in_nobukti] CSB/IN/2604-0395 (id=90874, cabang=2, tgl=2026-04-25, keterangan='') | [seq_in_nobukti] CSB/FZ/2604-0395 (id=90813, cabang=2, tgl=2026-04-25, keterangan='') | [seq_in_nobukti] CSB/Wl/2604-0395 (id=90701, cabang=2, tgl=2026-04-25, keterangan='') | [seq_in_nobukti] MDR/ARV/2604-0395 (id=88977, cabang=4, tgl=2026-04-22, keterangan='') | [seq_in_nobukti] MDR/OC/2604-0395 (id=86667, cabang=4, tgl=2026-04-19, keterangan='') | [seq_in_nobukti] MDR/RA/2604-0395 (id=86014, cabang=4, tgl=2026-04-17, keterangan='') | [seq_in_keterangan] CSB/SYS/2604-17861 (id=82678, cabang=2, tgl=2026-04-13, keterangan='IN/2604-0395; Keterangan : ;') | [seq_in_keterangan] CSB/SYS/2604-17774 (id=82591, cabang=2, tgl=2026-04-13, keterangan='Ma/2604-0395; Keterangan : ;') | [seq_in_nobukti] CSB/SYS/2604-0395 (id=65064, cabang=2, tgl=2026-01-03, keterangan='SI/2601-0058; Keterangan : ;') | [seq_in_nobukti] SB/V2/2604-0395 (id=61247, cabang=1, tgl=2026-04-12, keterangan='') | [seq_in_nobukti] SB/WS/2604-0395 (id=61216, cabang=1, tgl=2026-04-12, keterangan='') | [seq_in_keterangan] KRT/SYS/2604-1435 (id=58833, cabang=5, tgl=2026-04-07, keterangan='An/2604-0395; Keterangan : ;') | [seq_in_keterangan] KRT/SYS/2604-1250 (id=58308, cabang=5, tgl=2026-04-06, keterangan='Wa/2604-0395; Keterangan : ;') | [seq_in_keterangan] KRT/SYS/2604-1150 (id=58208, cabang=5, tgl=2026-04-06, keterangan='Pa/2604-0395; Keterangan : ;') | [seq_in_nobukti] KRT/SYS/2604-0395 (id=56253, cabang=5, tgl=2026-04-02, keterangan='Pa/2604-0079; Keterangan : ;')"
KRT/AN/2602-0643,2602-0643,seq_in_nobukti,"[seq_in_keterangan] CSB/SYS/2604-9056 (id=73725, cabang=2, tgl=2026-02-16, keterangan='FZ/2602-0643; Keterangan : ;') | [seq_in_keterangan] CSB/SYS/2604-9026 (id=73695, cabang=2, tgl=2026-02-16, keterangan='Wl/2602-0643; Keterangan : ;') | [seq_in_keterangan] CSB/SYS/2604-8944 (id=73613, cabang=2, tgl=2026-02-15, keterangan='SI/2602-0643; Keterangan : ;') | [seq_in_keterangan] CSB/SYS/2604-8767 (id=73436, cabang=2, tgl=2026-02-15, keterangan='IN/2602-0643; Keterangan : ;') | [seq_in_keterangan] CSB/SYS/2604-8704 (id=73373, cabang=2, tgl=2026-02-15, keterangan='Ma/2602-0643; Keterangan : ;') | [seq_in_keterangan] KRT/SYS/2602-6852 (id=16787, cabang=5, tgl=2026-02-09, keterangan='An/2602-0643; Keterangan : ;') | [seq_in_keterangan] KRT/SYS/2602-6718 (id=16653, cabang=5, tgl=2026-02-09, keterangan='Pa/2602-0643; Keterangan : ;') | [seq_in_keterangan] KRT/SYS/2602-6516 (id=16451, cabang=5, tgl=2026-02-08, keterangan='Wa/2602-0643; Keterangan : ;') | [seq_in_nobukti] KRT/SYS/2602-0643 (id=10578, cabang=5, tgl=2026-01-12, keterangan='An/2601-0697; Keterangan : ;') | [seq_in_keterangan] MDR/SYS/2602-4036 (id=9601, cabang=4, tgl=2026-02-16, keterangan='MR/2602-0643; Keterangan : ;') | [seq_in_keterangan] MDR/SYS/2602-3885 (id=9450, cabang=4, tgl=2026-02-15, keterangan='Md/2602-0643; Keterangan : ;') | [seq_in_nobukti] MDR/SYS/2602-0643 (id=5280, cabang=4, tgl=2026-01-09, keterangan='Md/2601-0329; Keterangan : ;') | [seq_in_nobukti] SB/FR/2602-0643 (id=4127, cabang=1, tgl=2026-02-07, keterangan='')"
KRT/AN/2602-0389,2602-0389,seq_in_nobukti,"[seq_in_keterangan] CSB/SYS/2604-9675 (id=74344, cabang=2, tgl=2026-02-18, keterangan='UW/2602-0389; Keterangan : ;') | [seq_in_keterangan] CSB/SYS/2604-7824 (id=72493, cabang=2, tgl=2026-02-11, keterangan='SI/2602-0389; Keterangan : ;') | [seq_in_keterangan] CSB/SYS/2604-7702 (id=72371, cabang=2, tgl=2026-02-11, keterangan='Wl/2602-0389; Keterangan : ;') | [seq_in_keterangan] CSB/SYS/2604-7635 (id=72304, cabang=2, tgl=2026-02-11, keterangan='FZ/2602-0389; Keterangan : ;') | [seq_in_keterangan] CSB/SYS/2604-7508 (id=72177, cabang=2, tgl=2026-02-10, keterangan='IN/2602-0389; Keterangan : ;') | [seq_in_keterangan] CSB/SYS/2604-7458 (id=72127, cabang=2, tgl=2026-02-10, keterangan='Ma/2602-0389; Keterangan : ;') | [seq_in_nobukti] SB/SYS/2602-0389 (id=32069, cabang=1, tgl=2026-02-24, keterangan='NS/2602-0983; Keterangan : ;') | [seq_in_nobukti] SB/NI/2602-0389 (id=31002, cabang=1, tgl=2026-02-22, keterangan='') | [seq_in_keterangan] KRT/SYS/2602-6018 (id=15953, cabang=5, tgl=2026-02-06, keterangan='An/2602-0389; Keterangan : ;') | [seq_in_keterangan] KRT/SYS/2602-5886 (id=15821, cabang=5, tgl=2026-02-05, keterangan='Pa/2602-0389; Keterangan : ;') | [seq_in_keterangan] KRT/SYS/2602-5675 (id=15610, cabang=5, tgl=2026-02-05, keterangan='Wa/2602-0389; Keterangan : ;') | [seq_in_nobukti] KRT/SYS/2602-0389 (id=10324, cabang=5, tgl=2026-01-11, keterangan='An/2601-0632; Keterangan : ;') | [seq_in_keterangan] MDR/SYS/2602-3518 (id=8155, cabang=4, tgl=2026-02-11, keterangan='MR/2602-0389; Keterangan : ;') | [seq_in_keterangan] MDR/SYS/2602-3342 (id=7979, cabang=4, tgl=2026-02-09, keterangan='Md/2602-0389; Keterangan : ;') | [seq_in_nobukti] MDR/SYS/2602-0389 (id=5026, cabang=4, tgl=2026-01-06, keterangan='GI/2601-0054; Keterangan : ;') | [seq_in_nobukti] SB/FR/2602-0389 (id=3873, cabang=1, tgl=2026-02-05, keterangan='')"
KRT/WA/2602-0754,2602-0754,seq_in_nobukti,"[seq_in_keterangan] CSB/SYS/2604-10085 (id=74754, cabang=2, tgl=2026-02-21, keterangan='FZ/2602-0754; Keterangan : ;') | [seq_in_keterangan] CSB/SYS/2604-10033 (id=74702, cabang=2, tgl=2026-02-21, keterangan='Wl/2602-0754; Keterangan : ;') | [seq_in_keterangan] CSB/SYS/2604-9928 (id=74597, cabang=2, tgl=2026-02-20, keterangan='Ma/2602-0754; Keterangan : ;') | [seq_in_keterangan] CSB/SYS/2604-9507 (id=74176, cabang=2, tgl=2026-02-17, keterangan='SI/2602-0754; Keterangan : ;') | [seq_in_keterangan] CSB/SYS/2604-9336 (id=74005, cabang=2, tgl=2026-02-17, keterangan='IN/2602-0754; Keterangan : ;') | [seq_in_keterangan] KRT/SYS/2602-7119 (id=17054, cabang=5, tgl=2026-02-10, keterangan='An/2602-0754; Keterangan : ;') | [seq_in_keterangan] KRT/SYS/2602-6978 (id=16913, cabang=5, tgl=2026-02-10, keterangan='Pa/2602-0754; Keterangan : ;') | [seq_in_keterangan] KRT/SYS/2602-6679 (id=16614, cabang=5, tgl=2026-02-09, keterangan='Wa/2602-0754; Keterangan : ;') | [seq_in_nobukti] KRT/SYS/2602-0754 (id=10689, cabang=5, tgl=2026-01-13, keterangan='Wa/2601-0988; Keterangan : ;') | [seq_in_keterangan] MDR/SYS/2602-4249 (id=9814, cabang=4, tgl=2026-02-18, keterangan='MR/2602-0754; Keterangan : ;') | [seq_in_keterangan] MDR/SYS/2602-4013 (id=9578, cabang=4, tgl=2026-02-16, keterangan='Md/2602-0754; Keterangan : ;') | [seq_in_nobukti] MDR/SYS/2602-0754 (id=5391, cabang=4, tgl=2026-01-11, keterangan='Md/2601-0406; Keterangan : ;') | [seq_in_nobukti] SB/FR/2602-0754 (id=4260, cabang=1, tgl=2026-02-08, keterangan='')"
KRT/WA/2603-0276,2603-0276,seq_in_nobukti,"[seq_in_keterangan] KRT/SYS/2604-3256 (id=83984, cabang=5, tgl=2026-03-05, keterangan='Pa/2603-0276; Keterangan : ;') | [seq_in_keterangan] CSB/SYS/2604-15072 (id=79741, cabang=2, tgl=2026-03-18, keterangan='UW/2603-0276; Keterangan : ;') | [seq_in_keterangan] CSB/SYS/2604-12927 (id=77596, cabang=2, tgl=2026-03-10, keterangan='FZ/2603-0276; Keterangan : ;') | [seq_in_keterangan] CSB/SYS/2604-12659 (id=77328, cabang=2, tgl=2026-03-08, keterangan='SI/2603-0276; Keterangan : ;') | [seq_in_keterangan] CSB/SYS/2604-12574 (id=77243, cabang=2, tgl=2026-03-08, keterangan='IN/2603-0276; Keterangan : ;') | [seq_in_keterangan] CSB/SYS/2604-12526 (id=77195, cabang=2, tgl=2026-03-08, keterangan='Ma/2603-0276; Keterangan : ;') | [seq_in_nobukti] SB/PT/2603-0276 (id=50973, cabang=1, tgl=2026-03-19, keterangan='') | [seq_in_keterangan] MDR/SYS/2603-1690 (id=48073, cabang=4, tgl=2026-03-16, keterangan='GI/2603-0276; Keterangan : ;') | [seq_in_nobukti] SB/NI/2603-0276 (id=44418, cabang=1, tgl=2026-03-11, keterangan='') | [seq_in_nobukti] SB/WS/2603-0276 (id=43589, cabang=1, tgl=2026-03-10, keterangan='') | [seq_in_nobukti] SB/V2/2603-0276 (id=42765, cabang=1, tgl=2026-03-08, keterangan='') | [seq_in_keterangan] MDR/SYS/2603-0775 (id=42304, cabang=4, tgl=2026-03-07, keterangan='Md/2603-0276; Keterangan : ;') | [seq_in_keterangan] MDR/SYS/2603-0730 (id=42259, cabang=4, tgl=2026-03-07, keterangan='MR/2603-0276; Keterangan : ;') | [seq_in_keterangan] KRT/SYS/2603-2939 (id=40763, cabang=5, tgl=2026-03-04, keterangan='An/2603-0276; Keterangan : ;') | [seq_in_keterangan] KRT/SYS/2603-0820 (id=38248, cabang=5, tgl=2026-03-03, keterangan='Wa/2603-0276; Keterangan : ;') | [seq_in_nobukti] MDR/SYS/2603-0276 (id=37478, cabang=4, tgl=2026-03-02, keterangan='Md/2603-0066; Keterangan : ;') | [seq_in_nobukti] KRT/SYS/2603-0276 (id=37010, cabang=5, tgl=2026-03-01, keterangan='Wa/2603-0010; Keterangan : ;')"
KRT/WA/2602-0769,2602-0769,seq_in_nobukti,"[seq_in_keterangan] CSB/SYS/2604-10100 (id=74769, cabang=2, tgl=2026-02-21, keterangan='FZ/2602-0769; Keterangan : ;') | [seq_in_keterangan] CSB/SYS/2604-10048 (id=74717, cabang=2, tgl=2026-02-21, keterangan='Wl/2602-0769; Keterangan : ;') | [seq_in_keterangan] CSB/SYS/2604-9943 (id=74612, cabang=2, tgl=2026-02-20, keterangan='Ma/2602-0769; Keterangan : ;') | [seq_in_keterangan] CSB/SYS/2604-9612 (id=74281, cabang=2, tgl=2026-02-18, keterangan='IN/2602-0769; Keterangan : ;') | [seq_in_keterangan] CSB/SYS/2604-9522 (id=74191, cabang=2, tgl=2026-02-17, keterangan='SI/2602-0769; Keterangan : ;') | [seq_in_keterangan] KRT/SYS/2602-7134 (id=17069, cabang=5, tgl=2026-02-10, keterangan='An/2602-0769; Keterangan : ;') | [seq_in_keterangan] KRT/SYS/2602-6993 (id=16928, cabang=5, tgl=2026-02-10, keterangan='Pa/2602-0769; Keterangan : ;') | [seq_in_keterangan] KRT/SYS/2602-6910 (id=16845, cabang=5, tgl=2026-02-10, keterangan='Wa/2602-0769; Keterangan : ;') | [seq_in_nobukti] KRT/SYS/2602-0769 (id=10704, cabang=5, tgl=2026-01-13, keterangan='Wa/2601-1004; Keterangan : ;') | [seq_in_keterangan] MDR/SYS/2602-4264 (id=9829, cabang=4, tgl=2026-02-18, keterangan='MR/2602-0769; Keterangan : ;') | [seq_in_keterangan] MDR/SYS/2602-4175 (id=9740, cabang=4, tgl=2026-02-17, keterangan='Md/2602-0769; Keterangan : ;') | [seq_in_nobukti] MDR/SYS/2602-0769 (id=5406, cabang=4, tgl=2026-01-11, keterangan='Md/2601-0421; Keterangan : ;') | [seq_in_nobukti] SB/FR/2602-0769 (id=4275, cabang=1, tgl=2026-02-08, keterangan='')"
KRT/PA/2602-0669,2602-0669,seq_in_nobukti,"[seq_in_keterangan] CSB/SYS/2604-9377 (id=74046, cabang=2, tgl=2026-02-17, keterangan='FZ/2602-0669; Keterangan : ;') | [seq_in_keterangan] CSB/SYS/2604-9344 (id=74013, cabang=2, tgl=2026-02-17, keterangan='Wl/2602-0669; Keterangan : ;') | [seq_in_keterangan] CSB/SYS/2604-9240 (id=73909, cabang=2, tgl=2026-02-16, keterangan='SI/2602-0669; Keterangan : ;') | [seq_in_keterangan] CSB/SYS/2604-9112 (id=73781, cabang=2, tgl=2026-02-16, keterangan='Ma/2602-0669; Keterangan : ;') | [seq_in_keterangan] CSB/SYS/2604-9068 (id=73737, cabang=2, tgl=2026-02-16, keterangan='IN/2602-0669; Keterangan : ;') | [seq_in_keterangan] KRT/SYS/2602-6878 (id=16813, cabang=5, tgl=2026-02-09, keterangan='An/2602-0669; Keterangan : ;') | [seq_in_keterangan] KRT/SYS/2602-6744 (id=16679, cabang=5, tgl=2026-02-09, keterangan='Pa/2602-0669; Keterangan : ;') | [seq_in_keterangan] KRT/SYS/2602-6541 (id=16476, cabang=5, tgl=2026-02-08, keterangan='Wa/2602-0669; Keterangan : ;') | [seq_in_nobukti] KRT/SYS/2602-0669 (id=10604, cabang=5, tgl=2026-01-12, keterangan='An/2601-0723; Keterangan : ;') | [seq_in_keterangan] MDR/SYS/2602-4062 (id=9627, cabang=4, tgl=2026-02-16, keterangan='MR/2602-0669; Keterangan : ;') | [seq_in_keterangan] MDR/SYS/2602-3911 (id=9476, cabang=4, tgl=2026-02-15, keterangan='Md/2602-0669; Keterangan : ;') | [seq_in_nobukti] MDR/SYS/2602-0669 (id=5306, cabang=4, tgl=2026-01-10, keterangan='MR/2601-0257; Keterangan : ;') | [seq_in_nobukti] SB/FR/2602-0669 (id=4153, cabang=1, tgl=2026-02-07, keterangan='')"
KRT/PA/2602-0720,2602-0720,seq_in_nobukti,"[seq_in_keterangan] CSB/SYS/2604-9798 (id=74467, cabang=2, tgl=2026-02-19, keterangan='FZ/2602-0720; Keterangan : ;') | [seq_in_keterangan] CSB/SYS/2604-9665 (id=74334, cabang=2, tgl=2026-02-18, keterangan='Wl/2602-0720; Keterangan : ;') | [seq_in_keterangan] CSB/SYS/2604-9650 (id=74319, cabang=2, tgl=2026-02-18, keterangan='Ma/2602-0720; Keterangan : ;') | [seq_in_keterangan] CSB/SYS/2604-9303 (id=73972, cabang=2, tgl=2026-02-17, keterangan='IN/2602-0720; Keterangan : ;') | [seq_in_keterangan] CSB/SYS/2604-9289 (id=73958, cabang=2, tgl=2026-02-16, keterangan='SI/2602-0720; Keterangan : ;') | [seq_in_keterangan] KRT/SYS/2602-7085 (id=17020, cabang=5, tgl=2026-02-10, keterangan='An/2602-0720; Keterangan : ;') | [seq_in_keterangan] KRT/SYS/2602-6794 (id=16729, cabang=5, tgl=2026-02-09, keterangan='Pa/2602-0720; Keterangan : ;') | [seq_in_keterangan] KRT/SYS/2602-6645 (id=16580, cabang=5, tgl=2026-02-09, keterangan='Wa/2602-0720; Keterangan : ;') | [seq_in_nobukti] KRT/SYS/2602-0720 (id=10655, cabang=5, tgl=2026-01-13, keterangan='An/2601-0772; Keterangan : ;') | [seq_in_keterangan] MDR/SYS/2602-4145 (id=9710, cabang=4, tgl=2026-02-17, keterangan='MR/2602-0720; Keterangan : ;') | [seq_in_keterangan] MDR/SYS/2602-3979 (id=9544, cabang=4, tgl=2026-02-16, keterangan='Md/2602-0720; Keterangan : ;') | [seq_in_nobukti] MDR/SYS/2602-0720 (id=5357, cabang=4, tgl=2026-01-10, keterangan='Md/2601-0388; Keterangan : ;') | [seq_in_nobukti] SB/FR/2602-0720 (id=4226, cabang=1, tgl=2026-02-08, keterangan='')"
KRT/AN/2601-1847,2601-1847,seq_in_nobukti,"[seq_in_keterangan] KRT/SYS/2602-3822 (id=13757, cabang=5, tgl=2026-01-28, keterangan='An/2601-1847; Keterangan : ;') | [seq_in_keterangan] KRT/SYS/2602-3771 (id=13706, cabang=5, tgl=2026-01-27, keterangan='Pa/2601-1847; Keterangan : ;') | [seq_in_keterangan] KRT/SYS/2602-3407 (id=13342, cabang=5, tgl=2026-01-26, keterangan='Wa/2601-1847; Keterangan : ;') | [seq_in_nobukti] SB/FR/2601-1847 (id=3176, cabang=1, tgl=2026-02-01, keterangan='')"
KRT/AN/2602-0686,2602-0686,seq_in_nobukti,"[seq_in_keterangan] CSB/SYS/2604-9583 (id=74252, cabang=2, tgl=2026-02-18, keterangan='FZ/2602-0686; Keterangan : ;') | [seq_in_keterangan] CSB/SYS/2604-9361 (id=74030, cabang=2, tgl=2026-02-17, keterangan='Wl/2602-0686; Keterangan : ;') | [seq_in_keterangan] CSB/SYS/2604-9255 (id=73924, cabang=2, tgl=2026-02-16, keterangan='SI/2602-0686; Keterangan : ;') | [seq_in_keterangan] CSB/SYS/2604-9129 (id=73798, cabang=2, tgl=2026-02-16, keterangan='Ma/2602-0686; Keterangan : ;') | [seq_in_keterangan] CSB/SYS/2604-9085 (id=73754, cabang=2, tgl=2026-02-16, keterangan='IN/2602-0686; Keterangan : ;') | [seq_in_keterangan] KRT/SYS/2602-6894 (id=16829, cabang=5, tgl=2026-02-09, keterangan='An/2602-0686; Keterangan : ;') | [seq_in_keterangan] KRT/SYS/2602-6761 (id=16696, cabang=5, tgl=2026-02-09, keterangan='Pa/2602-0686; Keterangan : ;') | [seq_in_keterangan] KRT/SYS/2602-6611 (id=16546, cabang=5, tgl=2026-02-09, keterangan='Wa/2602-0686; Keterangan : ;') | [seq_in_nobukti] KRT/SYS/2602-0686 (id=10621, cabang=5, tgl=2026-01-13, keterangan='An/2601-0737; Keterangan : ;') | [seq_in_keterangan] MDR/SYS/2602-4079 (id=9644, cabang=4, tgl=2026-02-16, keterangan='MR/2602-0686; Keterangan : ;') | [seq_in_keterangan] MDR/SYS/2602-3928 (id=9493, cabang=4, tgl=2026-02-15, keterangan='Md/2602-0686; Keterangan : ;') | [seq_in_nobukti] MDR/SYS/2602-0686 (id=5323, cabang=4, tgl=2026-01-10, keterangan='Md/2601-0354; Keterangan : ;') | [seq_in_nobukti] SB/FR/2602-0686 (id=4192, cabang=1, tgl=2026-02-08, keterangan='')"
KRT/WA/2602-0635,2602-0635,seq_in_nobukti,"[seq_in_keterangan] CSB/SYS/2604-9048 (id=73717, cabang=2, tgl=2026-02-16, keterangan='FZ/2602-0635; Keterangan : ;') | [seq_in_keterangan] CSB/SYS/2604-9018 (id=73687, cabang=2, tgl=2026-02-16, keterangan='Wl/2602-0635; Keterangan : ;') | [seq_in_keterangan] CSB/SYS/2604-8936 (id=73605, cabang=2, tgl=2026-02-15, keterangan='SI/2602-0635; Keterangan : ;') | [seq_in_keterangan] CSB/SYS/2604-8759 (id=73428, cabang=2, tgl=2026-02-15, keterangan='IN/2602-0635; Keterangan : ;') | [seq_in_keterangan] CSB/SYS/2604-8696 (id=73365, cabang=2, tgl=2026-02-15, keterangan='Ma/2602-0635; Keterangan : ;') | [seq_in_keterangan] KRT/SYS/2602-6844 (id=16779, cabang=5, tgl=2026-02-09, keterangan='An/2602-0635; Keterangan : ;') | [seq_in_keterangan] KRT/SYS/2602-6710 (id=16645, cabang=5, tgl=2026-02-09, keterangan='Pa/2602-0635; Keterangan : ;') | [seq_in_keterangan] KRT/SYS/2602-6229 (id=16164, cabang=5, tgl=2026-02-07, keterangan='Wa/2602-0635; Keterangan : ;') | [seq_in_nobukti] KRT/SYS/2602-0635 (id=10570, cabang=5, tgl=2026-01-12, keterangan='An/2601-0689; Keterangan : ;') | [seq_in_keterangan] MDR/SYS/2602-4028 (id=9593, cabang=4, tgl=2026-02-16, keterangan='MR/2602-0635; Keterangan : ;') | [seq_in_nobukti] MDR/SYS/2602-0635 (id=5272, cabang=4, tgl=2026-01-09, keterangan='Md/2601-0321; Keterangan : ;') | [seq_in_nobukti] SB/FR/2602-0635 (id=4119, cabang=1, tgl=2026-02-07, keterangan='')"
KRT/AN/2601-1663,2601-1663,seq_in_nobukti,"[seq_in_keterangan] KRT/SYS/2602-3486 (id=13421, cabang=5, tgl=2026-01-26, keterangan='An/2601-1663; Keterangan : ;') | [seq_in_keterangan] KRT/SYS/2602-3218 (id=13153, cabang=5, tgl=2026-01-24, keterangan='Pa/2601-1663; Keterangan : ;') | [seq_in_keterangan] KRT/SYS/2602-2963 (id=12898, cabang=5, tgl=2026-01-23, keterangan='Wa/2601-1663; Keterangan : ;') | [seq_in_nobukti] SB/FR/2601-1663 (id=2200, cabang=1, tgl=2026-01-22, keterangan='NS/2601-0771')"
KRT/WA/2601-1935,2601-1935,seq_in_keterangan,"[seq_in_keterangan] KRT/SYS/2602-4132 (id=14067, cabang=5, tgl=2026-01-29, keterangan='An/2601-1935; Keterangan : ;') | [seq_in_keterangan] KRT/SYS/2602-3983 (id=13918, cabang=5, tgl=2026-01-28, keterangan='Pa/2601-1935; Keterangan : ;') | [seq_in_keterangan] KRT/SYS/2602-3641 (id=13576, cabang=5, tgl=2026-01-27, keterangan='Wa/2601-1935; Keterangan : ;')"
KRT/AN/2602-0559,2602-0559,seq_in_nobukti,"[seq_in_keterangan] CSB/SYS/2604-11196 (id=75865, cabang=2, tgl=2026-02-28, keterangan='UW/2602-0559; Keterangan : ;') | [seq_in_keterangan] CSB/SYS/2604-8862 (id=73531, cabang=2, tgl=2026-02-15, keterangan='SI/2602-0559; Keterangan : ;') | [seq_in_keterangan] CSB/SYS/2604-8777 (id=73446, cabang=2, tgl=2026-02-15, keterangan='FZ/2602-0559; Keterangan : ;') | [seq_in_keterangan] CSB/SYS/2604-8517 (id=73186, cabang=2, tgl=2026-02-14, keterangan='Wl/2602-0559; Keterangan : ;') | [seq_in_keterangan] CSB/SYS/2604-8436 (id=73105, cabang=2, tgl=2026-02-14, keterangan='Ma/2602-0559; Keterangan : ;') | [seq_in_keterangan] CSB/SYS/2604-8397 (id=73066, cabang=2, tgl=2026-02-14, keterangan='IN/2602-0559; Keterangan : ;') | [seq_in_nobukti] SB/SYS/2602-0559 (id=34789, cabang=1, tgl=2026-02-26, keterangan='WN/2602-0577; Keterangan : ;') | [seq_in_keterangan] SB/SYS/2602-0409 (id=32089, cabang=1, tgl=2026-02-24, keterangan='WN/2602-0559; Keterangan : ;') | [seq_in_keterangan] KRT/SYS/2602-6458 (id=16393, cabang=5, tgl=2026-02-08, keterangan='Pa/2602-0559; Keterangan : ;') | [seq_in_keterangan] KRT/SYS/2602-6314 (id=16249, cabang=5, tgl=2026-02-07, keterangan='An/2602-0559; Keterangan : ;') | [seq_in_keterangan] KRT/SYS/2602-6153 (id=16088, cabang=5, tgl=2026-02-07, keterangan='Wa/2602-0559; Keterangan : ;') | [seq_in_nobukti] KRT/SYS/2602-0559 (id=10494, cabang=5, tgl=2026-01-12, keterangan='Wa/2601-0929; Keterangan : ;') | [seq_in_keterangan] MDR/SYS/2602-3732 (id=9297, cabang=4, tgl=2026-02-14, keterangan='MR/2602-0559; Keterangan : ;') | [seq_in_keterangan] MDR/SYS/2602-3682 (id=9247, cabang=4, tgl=2026-02-13, keterangan='Md/2602-0559; Keterangan : ;') | [seq_in_nobukti] MDR/SYS/2602-0559 (id=5196, cabang=4, tgl=2026-01-08, keterangan='MR/2601-0204; Keterangan : ;') | [seq_in_nobukti] SB/FR/2602-0559 (id=4043, cabang=1, tgl=2026-02-06, keterangan='')"
KRT/PA/2602-0492,2602-0492,seq_in_nobukti,"[seq_in_keterangan] CSB/SYS/2604-10182 (id=74851, cabang=2, tgl=2026-02-22, keterangan='UW/2602-0492; Keterangan : ;') | [seq_in_keterangan] CSB/SYS/2604-8594 (id=73263, cabang=2, tgl=2026-02-14, keterangan='SI/2602-0492; Keterangan : ;') | [seq_in_keterangan] CSB/SYS/2604-8248 (id=72917, cabang=2, tgl=2026-02-13, keterangan='Wl/2602-0492; Keterangan : ;') | [seq_in_keterangan] CSB/SYS/2604-8205 (id=72874, cabang=2, tgl=2026-02-13, keterangan='FZ/2602-0492; Keterangan : ;') | [seq_in_keterangan] CSB/SYS/2604-8039 (id=72708, cabang=2, tgl=2026-02-12, keterangan='Ma/2602-0492; Keterangan : ;') | [seq_in_keterangan] CSB/SYS/2604-7938 (id=72607, cabang=2, tgl=2026-02-12, keterangan='IN/2602-0492; Keterangan : ;') | [seq_in_nobukti] SB/NI/2602-0492 (id=37224, cabang=1, tgl=2026-03-02, keterangan='') | [seq_in_nobukti] SB/SYS/2602-0492 (id=32641, cabang=1, tgl=2026-02-25, keterangan='NS/2602-1023; Keterangan : ;') | [seq_in_keterangan] KRT/SYS/2602-6390 (id=16325, cabang=5, tgl=2026-02-07, keterangan='Pa/2602-0492; Keterangan : ;') | [seq_in_keterangan] KRT/SYS/2602-6247 (id=16182, cabang=5, tgl=2026-02-07, keterangan='An/2602-0492; Keterangan : ;') | [seq_in_keterangan] KRT/SYS/2602-5937 (id=15872, cabang=5, tgl=2026-02-06, keterangan='Wa/2602-0492; Keterangan : ;') | [seq_in_nobukti] KRT/SYS/2602-0492 (id=10427, cabang=5, tgl=2026-01-12, keterangan='Pa/2601-0817; Keterangan : ;') | [seq_in_keterangan] MDR/SYS/2602-3624 (id=9189, cabang=4, tgl=2026-02-13, keterangan='MR/2602-0492; Keterangan : ;') | [seq_in_keterangan] MDR/SYS/2602-3510 (id=8147, cabang=4, tgl=2026-02-11, keterangan='Md/2602-0492; Keterangan : ;') | [seq_in_nobukti] MDR/SYS/2602-0492 (id=5129, cabang=4, tgl=2026-01-07, keterangan='GI/2601-0057; Keterangan : ;') | [seq_in_nobukti] SB/FR/2602-0492 (id=3976, cabang=1, tgl=2026-02-06, keterangan='')"
KRT/AN/2603-2629,2603-2629,seq_in_nobukti,"[seq_in_keterangan] KRT/SYS/2603-8194 (id=55088, cabang=5, tgl=2026-03-31, keterangan='An/2603-2629; Keterangan : ;') | [seq_in_nobukti] MDR/SYS/2603-2629 (id=51245, cabang=4, tgl=2026-03-19, keterangan='MR/2603-1011; Keterangan : ;') | [seq_in_nobukti] KRT/SYS/2603-2629 (id=40086, cabang=5, tgl=2026-01-09, keterangan='Wa/2601-0724; Keterangan : ;')"
KRT/PA/2601-1676,2601-1676,seq_in_nobukti,"[seq_in_keterangan] KRT/SYS/2602-3499 (id=13434, cabang=5, tgl=2026-01-26, keterangan='An/2601-1676; Keterangan : ;') | [seq_in_keterangan] KRT/SYS/2602-3231 (id=13166, cabang=5, tgl=2026-01-24, keterangan='Pa/2601-1676; Keterangan : ;') | [seq_in_keterangan] KRT/SYS/2602-2975 (id=12910, cabang=5, tgl=2026-01-23, keterangan='Wa/2601-1676; Keterangan : ;') | [seq_in_nobukti] SB/FR/2601-1676 (id=2213, cabang=1, tgl=2026-01-22, keterangan='PT/2601-0131')"
KRT/WA/2601-1782,2601-1782,seq_in_nobukti,"[seq_in_keterangan] KRT/SYS/2602-3679 (id=13614, cabang=5, tgl=2026-01-27, keterangan='An/2601-1782; Keterangan : ;') | [seq_in_keterangan] KRT/SYS/2602-3477 (id=13412, cabang=5, tgl=2026-01-26, keterangan='Pa/2601-1782; Keterangan : ;') | [seq_in_keterangan] KRT/SYS/2602-3168 (id=13103, cabang=5, tgl=2026-01-24, keterangan='Wa/2601-1782; Keterangan : ;') | [seq_in_nobukti] SB/FR/2601-1782 (id=2943, cabang=1, tgl=2026-01-29, keterangan='WN/2601-0537')"
KRT/VA/2510-0187,2510-0187,tidak_ada,
KRT/PA/2602-0726,2602-0726,seq_in_nobukti,"[seq_in_keterangan] CSB/SYS/2604-9804 (id=74473, cabang=2, tgl=2026-02-19, keterangan='FZ/2602-0726; Keterangan : ;') | [seq_in_keterangan] CSB/SYS/2604-9786 (id=74455, cabang=2, tgl=2026-02-19, keterangan='Wl/2602-0726; Keterangan : ;') | [seq_in_keterangan] CSB/SYS/2604-9656 (id=74325, cabang=2, tgl=2026-02-18, keterangan='Ma/2602-0726; Keterangan : ;') | [seq_in_keterangan] CSB/SYS/2604-9480 (id=74149, cabang=2, tgl=2026-02-17, keterangan='SI/2602-0726; Keterangan : ;') | [seq_in_keterangan] CSB/SYS/2604-9309 (id=73978, cabang=2, tgl=2026-02-17, keterangan='IN/2602-0726; Keterangan : ;') | [seq_in_keterangan] KRT/SYS/2602-7091 (id=17026, cabang=5, tgl=2026-02-10, keterangan='An/2602-0726; Keterangan : ;') | [seq_in_keterangan] KRT/SYS/2602-6800 (id=16735, cabang=5, tgl=2026-02-09, keterangan='Pa/2602-0726; Keterangan : ;') | [seq_in_keterangan] KRT/SYS/2602-6651 (id=16586, cabang=5, tgl=2026-02-09, keterangan='Wa/2602-0726; Keterangan : ;') | [seq_in_nobukti] KRT/SYS/2602-0726 (id=10661, cabang=5, tgl=2026-01-13, keterangan='An/2601-0777-01; Keterangan : (Revisi Dokumen An/2601-0777);') | [seq_in_keterangan] MDR/SYS/2602-4151 (id=9716, cabang=4, tgl=2026-02-17, keterangan='MR/2602-0726; Keterangan : ;') | [seq_in_keterangan] MDR/SYS/2602-3985 (id=9550, cabang=4, tgl=2026-02-16, keterangan='Md/2602-0726; Keterangan : ;') | [seq_in_nobukti] MDR/SYS/2602-0726 (id=5363, cabang=4, tgl=2026-01-10, keterangan='GI/2601-0080; Keterangan : ;') | [seq_in_nobukti] SB/FR/2602-0726 (id=4232, cabang=1, tgl=2026-02-08, keterangan='')"
KRT/WA/2601-1969,2601-1969,seq_in_keterangan,"[seq_in_keterangan] KRT/SYS/2602-4240 (id=14175, cabang=5, tgl=2026-01-30, keterangan='An/2601-1969; Keterangan : ;') | [seq_in_keterangan] KRT/SYS/2602-4155 (id=14090, cabang=5, tgl=2026-01-29, keterangan='Pa/2601-1969; Keterangan : ;') | [seq_in_keterangan] KRT/SYS/2602-3898 (id=13833, cabang=5, tgl=2026-01-28, keterangan='Wa/2601-1969; Keterangan : ;')"
KRT/WA/2604-1036,2604-1036,seq_in_nobukti,"[seq_in_nobukti] SB/V2/2604-1036 (id=92267, cabang=1, tgl=2026-04-28, keterangan='') | [seq_in_keterangan] KRT/SYS/2604-4683 (id=86890, cabang=5, tgl=2026-04-15, keterangan='An/2604-1036; Keterangan : ;') | [seq_in_keterangan] KRT/SYS/2604-3036 (id=83656, cabang=5, tgl=2026-04-14, keterangan='Pa/2604-1036; Keterangan : ;') | [seq_in_keterangan] KRT/SYS/2604-2808 (id=82798, cabang=5, tgl=2026-04-13, keterangan='Wa/2604-1036; Keterangan : ;') | [seq_in_nobukti] CSB/SYS/2604-1036 (id=65705, cabang=2, tgl=2026-01-07, keterangan='FZ/2601-0169; Keterangan : ;') | [seq_in_nobukti] KRT/SYS/2604-1036 (id=57838, cabang=5, tgl=2026-04-05, keterangan='Wa/2604-0336; Keterangan : ;')"
KRT/VA/2509-0024,2509-0024,tidak_ada,
KRT/VA/2510-0178,2510-0178,tidak_ada,
KRT/WA/2511-0407,2511-0407,tidak_ada,
KRT/VA/2512-0219,2512-0219,tidak_ada,
KRT/VA/2511-0039,2511-0039,tidak_ada,
KRT/PA/2604-0504,2604-0504,seq_in_nobukti,"[seq_in_nobukti] KRT/AZ/2604-0504 (id=93606, cabang=5, tgl=2026-05-01, keterangan='') | [seq_in_nobukti] CSB/Wl/2604-0504 (id=93167, cabang=2, tgl=2026-04-30, keterangan='') | [seq_in_nobukti] KRT/PRI/2604-0504 (id=92966, cabang=5, tgl=2026-04-29, keterangan='') | [seq_in_nobukti] KRT/BR/2604-0504 (id=92879, cabang=5, tgl=2026-04-29, keterangan='') | [seq_in_nobukti] CSB/IN/2604-0504 (id=92512, cabang=2, tgl=2026-04-29, keterangan='') | [seq_in_nobukti] CSB/FZ/2604-0504 (id=92237, cabang=2, tgl=2026-04-28, keterangan='') | [seq_in_nobukti] MDR/ARV/2604-0504 (id=91719, cabang=4, tgl=2026-04-27, keterangan='') | [seq_in_nobukti] MDR/OC/2604-0504 (id=90148, cabang=4, tgl=2026-04-24, keterangan='') | [seq_in_nobukti] MDR/RA/2604-0504 (id=88858, cabang=4, tgl=2026-04-22, keterangan='') | [seq_in_nobukti] SB/V2/2604-0504 (id=85380, cabang=1, tgl=2026-04-15, keterangan='') | [seq_in_nobukti] SB/WS/2604-0504 (id=85343, cabang=1, tgl=2026-04-15, keterangan='') | [seq_in_nobukti] CSB/SYS/2604-0504 (id=65173, cabang=2, tgl=2026-01-04, keterangan='IN/2601-0090; Keterangan : ;') | [seq_in_keterangan] KRT/SYS/2604-1618 (id=59314, cabang=5, tgl=2026-04-08, keterangan='An/2604-0504; Keterangan : ;') | [seq_in_keterangan] KRT/SYS/2604-1547 (id=58945, cabang=5, tgl=2026-04-07, keterangan='Pa/2604-0504; Keterangan : ;') | [seq_in_keterangan] KRT/SYS/2604-1362 (id=58760, cabang=5, tgl=2026-04-07, keterangan='Wa/2604-0504; Keterangan : ;') | [seq_in_nobukti] KRT/SYS/2604-0504 (id=56362, cabang=5, tgl=2026-04-02, keterangan='Pa/2604-0191; Keterangan : ;')"
KRT/PA/2604-0999,2604-0999,seq_in_nobukti,"[seq_in_nobukti] SB/WS/2604-0999 (id=93662, cabang=1, tgl=2026-05-01, keterangan='') | [seq_in_nobukti] SB/V2/2604-0999 (id=91614, cabang=1, tgl=2026-04-27, keterangan='') | [seq_in_keterangan] KRT/SYS/2604-3173 (id=83793, cabang=5, tgl=2026-04-14, keterangan='An/2604-0999; Keterangan : ;') | [seq_in_keterangan] KRT/SYS/2604-2999 (id=83619, cabang=5, tgl=2026-04-14, keterangan='Pa/2604-0999; Keterangan : ;') | [seq_in_keterangan] KRT/SYS/2604-2771 (id=82761, cabang=5, tgl=2026-04-13, keterangan='Wa/2604-0999; Keterangan : ;') | [seq_in_nobukti] CSB/SYS/2604-0999 (id=65668, cabang=2, tgl=2026-01-07, keterangan='Ma/2601-0175; Keterangan : ;') | [seq_in_nobukti] KRT/SYS/2604-0999 (id=57801, cabang=5, tgl=2026-04-05, keterangan='An/2604-0304; Keterangan : ;')"
KRT/AN/2602-1992,2602-1992,seq_in_nobukti,"[seq_in_keterangan] KRT/SYS/2602-11400 (id=35732, cabang=5, tgl=2026-02-27, keterangan='An/2602-1992; Keterangan : ;') | [seq_in_keterangan] KRT/SYS/2602-10404 (id=33570, cabang=5, tgl=2026-02-22, keterangan='Pa/2602-1992; Keterangan : ;') | [seq_in_keterangan] KRT/SYS/2602-10327 (id=33493, cabang=5, tgl=2026-02-22, keterangan='Wa/2602-1992; Keterangan : ;') | [seq_in_nobukti] KRT/SYS/2602-1992 (id=11927, cabang=5, tgl=2026-01-19, keterangan='An/2601-1217; Keterangan : ;') | [seq_in_nobukti] MDR/SYS/2602-1992 (id=6629, cabang=4, tgl=2026-01-25, keterangan='MR/2601-0732; Keterangan : ;')"
KRT/PA/2602-2138,2602-2138,seq_in_nobukti,"[seq_in_keterangan] KRT/SYS/2603-0080 (id=36414, cabang=5, tgl=2026-02-28, keterangan='An/2602-2138; Keterangan : ;') | [seq_in_keterangan] KRT/SYS/2602-10838 (id=34312, cabang=5, tgl=2026-02-24, keterangan='Pa/2602-2138; Keterangan : ;') | [seq_in_keterangan] KRT/SYS/2602-10713 (id=34187, cabang=5, tgl=2026-02-24, keterangan='Wa/2602-2138; Keterangan : ;') | [seq_in_nobukti] KRT/SYS/2602-2138 (id=12073, cabang=5, tgl=2026-01-19, keterangan='Wa/2601-1423; Keterangan : ;') | [seq_in_nobukti] MDR/SYS/2602-2138 (id=6775, cabang=4, tgl=2026-01-27, keterangan='Md/2601-1050; Keterangan : ;')"
KRT/WA/2602-1845,2602-1845,seq_in_nobukti,"[seq_in_keterangan] KRT/SYS/2602-10911 (id=34560, cabang=5, tgl=2026-02-25, keterangan='An/2602-1845; Keterangan : ;') | [seq_in_keterangan] KRT/SYS/2602-9993 (id=30286, cabang=5, tgl=2026-02-20, keterangan='Wa/2602-1845; Keterangan : ;') | [seq_in_keterangan] KRT/SYS/2602-9823 (id=30116, cabang=5, tgl=2026-02-20, keterangan='Pa/2602-1845; Keterangan : ;') | [seq_in_nobukti] KRT/SYS/2602-1845 (id=11780, cabang=5, tgl=2026-01-17, keterangan='Wa/2601-1334; Keterangan : ;') | [seq_in_nobukti] MDR/SYS/2602-1845 (id=6482, cabang=4, tgl=2026-01-23, keterangan='MR/2601-0678; Keterangan : ;')"
KRT/PA/2604-1015,2604-1015,seq_in_nobukti,"[seq_in_nobukti] SB/V2/2604-1015 (id=91754, cabang=1, tgl=2026-04-27, keterangan='') | [seq_in_keterangan] KRT/SYS/2604-3189 (id=83809, cabang=5, tgl=2026-04-14, keterangan='An/2604-1015; Keterangan : ;') | [seq_in_keterangan] KRT/SYS/2604-3015 (id=83635, cabang=5, tgl=2026-04-14, keterangan='Pa/2604-1015; Keterangan : ;') | [seq_in_keterangan] KRT/SYS/2604-2787 (id=82777, cabang=5, tgl=2026-04-13, keterangan='Wa/2604-1015; Keterangan : ;') | [seq_in_nobukti] CSB/SYS/2604-1015 (id=65684, cabang=2, tgl=2026-01-07, keterangan='Ma/2601-0191; Keterangan : ;') | [seq_in_nobukti] KRT/SYS/2604-1015 (id=57817, cabang=5, tgl=2026-04-05, keterangan='An/2604-0321; Keterangan : ;')"
KRT/VA/2601-0106,2601-0106,seq_in_nobukti,"[seq_in_keterangan] CSB/SYS/2604-1362 (id=66031, cabang=2, tgl=2026-01-09, keterangan='UW/2601-0106; Keterangan : ;') | [seq_in_keterangan] CSB/SYS/2604-0689 (id=65358, cabang=2, tgl=2026-01-05, keterangan='FZ/2601-0106; Keterangan : ;') | [seq_in_keterangan] CSB/SYS/2604-0632 (id=65301, cabang=2, tgl=2026-01-05, keterangan='Wl/2601-0106; Keterangan : ;') | [seq_in_keterangan] CSB/SYS/2604-0606 (id=65275, cabang=2, tgl=2026-01-05, keterangan='Ma/2601-0106; Keterangan : ;') | [seq_in_keterangan] CSB/SYS/2604-0575 (id=65244, cabang=2, tgl=2026-01-04, keterangan='SI/2601-0106; Keterangan : ;') | [seq_in_keterangan] CSB/SYS/2604-0548 (id=65217, cabang=2, tgl=2026-01-04, keterangan='IN/2601-0106; Keterangan : ;') | [seq_in_keterangan] KRT/SYS/2603-1397 (id=38854, cabang=5, tgl=2026-01-03, keterangan='Pa/2601-0106; Keterangan : ;') | [seq_in_keterangan] KRT/SYS/2603-1267 (id=38724, cabang=5, tgl=2026-01-03, keterangan='An/2601-0106; Keterangan : ;') | [seq_in_keterangan] KRT/SYS/2603-1058 (id=38515, cabang=5, tgl=2026-01-02, keterangan='Wa/2601-0106; Keterangan : ;') | [seq_in_keterangan] KRT/SYS/2602-3788 (id=13723, cabang=5, tgl=2026-01-26, keterangan='VA/2601-0106; Keterangan : (Revisi Dokumen Wa/2601-1846);') | [seq_in_keterangan] MDR/SYS/2602-0904 (id=5541, cabang=4, tgl=2026-01-12, keterangan='GI/2601-0106; Keterangan : ;') | [seq_in_keterangan] MDR/SYS/2602-0347 (id=4984, cabang=4, tgl=2026-01-05, keterangan='MR/2601-0106; Keterangan : ;') | [seq_in_keterangan] MDR/SYS/2602-0211 (id=4848, cabang=4, tgl=2026-01-04, keterangan='Md/2601-0106; Keterangan : ;') | [seq_in_nobukti] SB/VT/2601-0106 (id=2417, cabang=1, tgl=2026-01-24, keterangan='') | [seq_in_nobukti] SB/WS/2601-0106 (id=2277, cabang=1, tgl=2026-01-23, keterangan='') | [seq_in_nobukti] SB/NI/2601-0106 (id=2080, cabang=1, tgl=2026-01-21, keterangan='') | [seq_in_keterangan] SB/FR/2601-1374 (id=1761, cabang=1, tgl=2026-01-18, keterangan='Pt/2601-0106') | [seq_in_keterangan] SB/FR/2601-0912 (id=933, cabang=1, tgl=2026-01-04, keterangan='NS/2601-0106') | [seq_in_keterangan] SB/FR/2601-0593 (id=610, cabang=1, tgl=2026-01-08, keterangan='VX/2601-0106') | [seq_in_keterangan] SB/FR/2601-0357 (id=372, cabang=1, tgl=2026-01-05, keterangan='WN/2601-0106') | [seq_in_keterangan] SB/FR/2601-0209 (id=210, cabang=1, tgl=2026-01-04, keterangan='NS/2601-0106') | [seq_in_nobukti] SB/FR/2601-0106 (id=107, cabang=1, tgl=2026-01-03, keterangan='NS/2601-0069')"
KRT/WA/2604-1551,2604-1551,seq_in_nobukti,"[seq_in_keterangan] KRT/SYS/2604-6005 (id=88785, cabang=5, tgl=2026-04-21, keterangan='Wa/2604-1551; Keterangan : ;') | [seq_in_nobukti] CSB/SYS/2604-1551 (id=66220, cabang=2, tgl=2026-01-10, keterangan='Ma/2601-0298; Keterangan : ;') | [seq_in_nobukti] KRT/SYS/2604-1551 (id=58949, cabang=5, tgl=2026-04-07, keterangan='Pa/2604-0508; Keterangan : ;')"
KRT/AN/2604-1309,2604-1309,seq_in_nobukti,"[seq_in_keterangan] KRT/SYS/2604-5497 (id=87704, cabang=5, tgl=2026-04-18, keterangan='An/2604-1309; Keterangan : ;') | [seq_in_keterangan] KRT/SYS/2604-5324 (id=87531, cabang=5, tgl=2026-04-18, keterangan='Pa/2604-1309; Keterangan : ;') | [seq_in_keterangan] KRT/SYS/2604-5166 (id=87373, cabang=5, tgl=2026-04-17, keterangan='Wa/2604-1309; Keterangan : ;') | [seq_in_nobukti] CSB/SYS/2604-1309 (id=65978, cabang=2, tgl=2026-01-09, keterangan='Wl/2601-0210; Keterangan : ;') | [seq_in_nobukti] KRT/SYS/2604-1309 (id=58367, cabang=5, tgl=2026-04-06, keterangan='Wa/2604-0455; Keterangan : ;')"
KRT/WA/2602-1318,2602-1318,seq_in_nobukti,"[seq_in_nobukti] SB/FR/2602-1318 (id=29224, cabang=1, tgl=2026-02-19, keterangan='') | [seq_in_keterangan] KRT/SYS/2602-8896 (id=18831, cabang=5, tgl=2026-02-17, keterangan='An/2602-1318; Keterangan : ;') | [seq_in_keterangan] KRT/SYS/2602-8502 (id=18437, cabang=5, tgl=2026-02-16, keterangan='Pa/2602-1318; Keterangan : ;') | [seq_in_keterangan] KRT/SYS/2602-8468 (id=18403, cabang=5, tgl=2026-02-15, keterangan='Wa/2602-1318; Keterangan : ;') | [seq_in_nobukti] KRT/SYS/2602-1318 (id=11253, cabang=5, tgl=2026-01-15, keterangan='An/2601-0934; Keterangan : ;') | [seq_in_nobukti] MDR/SYS/2602-1318 (id=5955, cabang=4, tgl=2026-01-17, keterangan='MR/2601-0489; Keterangan : ;')"
KRT/PA/2604-1346,2604-1346,seq_in_nobukti,"[seq_in_keterangan] KRT/SYS/2604-5590 (id=87797, cabang=5, tgl=2026-04-19, keterangan='Pa/2604-1346; Keterangan : ;') | [seq_in_keterangan] KRT/SYS/2604-5540 (id=87747, cabang=5, tgl=2026-04-19, keterangan='An/2604-1346; Keterangan : ;') | [seq_in_keterangan] KRT/SYS/2604-5369 (id=87576, cabang=5, tgl=2026-04-18, keterangan='Wa/2604-1346; Keterangan : ;') | [seq_in_nobukti] CSB/SYS/2604-1346 (id=66015, cabang=2, tgl=2026-01-09, keterangan='Ma/2601-0261; Keterangan : ;') | [seq_in_nobukti] KRT/SYS/2604-1346 (id=58744, cabang=5, tgl=2026-04-07, keterangan='Wa/2604-0488; Keterangan : ;')"
KRT/PA/2604-1316,2604-1316,seq_in_nobukti,"[seq_in_keterangan] KRT/SYS/2604-5510 (id=87717, cabang=5, tgl=2026-04-19, keterangan='An/2604-1316; Keterangan : ;') | [seq_in_keterangan] KRT/SYS/2604-5331 (id=87538, cabang=5, tgl=2026-04-18, keterangan='Pa/2604-1316; Keterangan : ;') | [seq_in_keterangan] KRT/SYS/2604-5172 (id=87379, cabang=5, tgl=2026-04-17, keterangan='Wa/2604-1316; Keterangan : ;') | [seq_in_nobukti] CSB/SYS/2604-1316 (id=65985, cabang=2, tgl=2026-01-09, keterangan='Wl/2601-0217; Keterangan : ;') | [seq_in_nobukti] KRT/SYS/2604-1316 (id=58374, cabang=5, tgl=2026-04-06, keterangan='Wa/2604-0462; Keterangan : ;')"
KRT/PA/2604-1320,2604-1320,seq_in_nobukti,"[seq_in_keterangan] KRT/SYS/2604-5514 (id=87721, cabang=5, tgl=2026-04-19, keterangan='An/2604-1320; Keterangan : ;') | [seq_in_keterangan] KRT/SYS/2604-5335 (id=87542, cabang=5, tgl=2026-04-18, keterangan='Pa/2604-1320; Keterangan : ;') | [seq_in_keterangan] KRT/SYS/2604-5176 (id=87383, cabang=5, tgl=2026-04-17, keterangan='Wa/2604-1320; Keterangan : ;') | [seq_in_nobukti] CSB/SYS/2604-1320 (id=65989, cabang=2, tgl=2026-01-09, keterangan='Wl/2601-0221; Keterangan : ;') | [seq_in_nobukti] KRT/SYS/2604-1320 (id=58378, cabang=5, tgl=2026-04-06, keterangan='Wa/2604-0466; Keterangan : ;')"
KRT/PA/2510-1861,2510-1861,tidak_ada,
KRT/AN/2510-0503,2510-0503,tidak_ada,
KRT/WA/2511-0170,2511-0170,tidak_ada,
KRT/AN/2601-1607,2601-1607,seq_in_nobukti,"[seq_in_keterangan] KRT/SYS/2602-3303 (id=13238, cabang=5, tgl=2026-01-25, keterangan='An/2601-1607; Keterangan : ;') | [seq_in_keterangan] KRT/SYS/2602-2892 (id=12827, cabang=5, tgl=2026-01-23, keterangan='Pa/2601-1607; Keterangan : ;') | [seq_in_keterangan] KRT/SYS/2602-2630 (id=12565, cabang=5, tgl=2026-01-22, keterangan='Wa/2601-1607; Keterangan : ;') | [seq_in_nobukti] SB/FR/2601-1607 (id=2002, cabang=1, tgl=2026-01-20, keterangan='WN/2601-0501')"
KRT/AN/2603-0063,2603-0063,seq_in_nobukti,"[seq_in_keterangan] CSB/SYS/2604-12209 (id=76878, cabang=2, tgl=2026-03-06, keterangan='UW/2603-0063; Keterangan : ;') | [seq_in_keterangan] CSB/SYS/2604-11840 (id=76509, cabang=2, tgl=2026-03-04, keterangan='FZ/2603-0063; Keterangan : ;') | [seq_in_keterangan] CSB/SYS/2604-11622 (id=76291, cabang=2, tgl=2026-03-02, keterangan='SI/2603-0063; Keterangan : ;') | [seq_in_keterangan] CSB/SYS/2604-11586 (id=76255, cabang=2, tgl=2026-03-02, keterangan='Wl/2603-0063; Keterangan : ;') | [seq_in_keterangan] CSB/SYS/2604-11575 (id=76244, cabang=2, tgl=2026-03-02, keterangan='Ma/2603-0063; Keterangan : ;') | [seq_in_keterangan] CSB/SYS/2604-11514 (id=76183, cabang=2, tgl=2026-03-02, keterangan='IN/2603-0063; Keterangan : ;') | [seq_in_nobukti] MDR/RA/2603-0063 (id=53782, cabang=4, tgl=2026-03-29, keterangan='') | [seq_in_nobukti] MDR/OC/2603-0063 (id=53740, cabang=4, tgl=2026-03-29, keterangan='') | [seq_in_nobukti] MDR/ARV/2603-0063 (id=53702, cabang=4, tgl=2026-03-29, keterangan='') | [seq_in_keterangan] KRT/SYS/2603-6660 (id=52016, cabang=5, tgl=2026-03-25, keterangan='VA/2603-0063; Keterangan : ;') | [seq_in_keterangan] MDR/SYS/2603-1514 (id=47614, cabang=4, tgl=2026-03-05, keterangan='GI/2603-0063; Keterangan : ;') | [seq_in_nobukti] SB/PT/2603-0063 (id=44348, cabang=1, tgl=2026-03-11, keterangan='') | [seq_in_nobukti] SB/WS/2603-0063 (id=41979, cabang=1, tgl=2026-03-07, keterangan='') | [seq_in_nobukti] SB/NI/2603-0063 (id=40334, cabang=1, tgl=2026-03-04, keterangan='') | [seq_in_nobukti] SB/V2/2603-0063 (id=38394, cabang=1, tgl=2026-03-04, keterangan='') | [seq_in_keterangan] KRT/SYS/2603-0667 (id=37765, cabang=5, tgl=2026-03-02, keterangan='Pa/2603-0063; Keterangan : ;') | [seq_in_keterangan] MDR/SYS/2603-0273 (id=37475, cabang=4, tgl=2026-03-02, keterangan='Md/2603-0063; Keterangan : ;') | [seq_in_keterangan] MDR/SYS/2603-0246 (id=37448, cabang=4, tgl=2026-03-02, keterangan='MR/2603-0063; Keterangan : ;') | [seq_in_keterangan] KRT/SYS/2603-0399 (id=37133, cabang=5, tgl=2026-03-01, keterangan='An/2603-0063; Keterangan : ;') | [seq_in_keterangan] KRT/SYS/2603-0326 (id=37060, cabang=5, tgl=2026-03-01, keterangan='Wa/2603-0063; Keterangan : ;') | [seq_in_nobukti] KRT/SYS/2603-0063 (id=36397, cabang=5, tgl=2026-02-28, keterangan='An/2602-2121; Keterangan : ;') | [seq_in_nobukti] MDR/SYS/2603-0063 (id=36289, cabang=4, tgl=2026-02-28, keterangan='Md/2602-1273; Keterangan : ;') | [seq_in_nobukti] SB/SYS/2603-0063 (id=35976, cabang=1, tgl=2026-02-28, keterangan='NS/2602-1106; Keterangan : ;')"
KRT/AN/2604-1286,2604-1286,seq_in_nobukti,"[seq_in_keterangan] KRT/SYS/2604-5475 (id=87682, cabang=5, tgl=2026-04-18, keterangan='An/2604-1286; Keterangan : ;') | [seq_in_keterangan] KRT/SYS/2604-5301 (id=87508, cabang=5, tgl=2026-04-18, keterangan='Pa/2604-1286; Keterangan : ;') | [seq_in_keterangan] KRT/SYS/2604-5143 (id=87350, cabang=5, tgl=2026-04-17, keterangan='Wa/2604-1286; Keterangan : ;') | [seq_in_nobukti] CSB/SYS/2604-1286 (id=65955, cabang=2, tgl=2026-01-09, keterangan='FZ/2601-0227; Keterangan : ;') | [seq_in_nobukti] KRT/SYS/2604-1286 (id=58344, cabang=5, tgl=2026-04-06, keterangan='Wa/2604-0432; Keterangan : ;')"
KRT/PA/2604-0550,2604-0550,seq_in_nobukti,"[seq_in_nobukti] CSB/Wl/2604-0550 (id=93805, cabang=2, tgl=2026-05-01, keterangan='') | [seq_in_nobukti] KRT/AZ/2604-0550 (id=93652, cabang=5, tgl=2026-05-01, keterangan='') | [seq_in_nobukti] CSB/FZ/2604-0550 (id=93214, cabang=2, tgl=2026-04-30, keterangan='') | [seq_in_nobukti] CSB/IN/2604-0550 (id=93092, cabang=2, tgl=2026-04-30, keterangan='') | [seq_in_nobukti] KRT/PRI/2604-0550 (id=93012, cabang=5, tgl=2026-04-29, keterangan='') | [seq_in_nobukti] KRT/BR/2604-0550 (id=92925, cabang=5, tgl=2026-04-29, keterangan='') | [seq_in_nobukti] MDR/ARV/2604-0550 (id=92734, cabang=4, tgl=2026-04-29, keterangan='') | [seq_in_nobukti] MDR/OC/2604-0550 (id=91477, cabang=4, tgl=2026-04-26, keterangan='') | [seq_in_nobukti] MDR/RA/2604-0550 (id=90361, cabang=4, tgl=2026-04-25, keterangan='') | [seq_in_nobukti] SB/V2/2604-0550 (id=85757, cabang=1, tgl=2026-04-16, keterangan='') | [seq_in_nobukti] SB/WS/2604-0550 (id=85533, cabang=1, tgl=2026-04-16, keterangan='') | [seq_in_nobukti] CSB/SYS/2604-0550 (id=65219, cabang=2, tgl=2026-01-04, keterangan='IN/2601-0108; Keterangan : ;') | [seq_in_keterangan] KRT/SYS/2604-1663 (id=59359, cabang=5, tgl=2026-04-08, keterangan='An/2604-0550; Keterangan : ;') | [seq_in_keterangan] KRT/SYS/2604-1592 (id=58990, cabang=5, tgl=2026-04-07, keterangan='Pa/2604-0550; Keterangan : ;') | [seq_in_keterangan] KRT/SYS/2604-1408 (id=58806, cabang=5, tgl=2026-04-07, keterangan='Wa/2604-0550; Keterangan : ;') | [seq_in_nobukti] KRT/SYS/2604-0550 (id=56738, cabang=5, tgl=2026-04-03, keterangan='Pa/2604-0238; Keterangan : ;')"
KRT/WA/2604-1552,2604-1552,seq_in_nobukti,"[seq_in_keterangan] KRT/SYS/2604-6006 (id=88786, cabang=5, tgl=2026-04-21, keterangan='Wa/2604-1552; Keterangan : ;') | [seq_in_nobukti] CSB/SYS/2604-1552 (id=66221, cabang=2, tgl=2026-01-10, keterangan='Ma/2601-0299; Keterangan : ;') | [seq_in_nobukti] KRT/SYS/2604-1552 (id=58950, cabang=5, tgl=2026-04-07, keterangan='Pa/2604-0509; Keterangan : ;')"
KRT/AN/2604-1186,2604-1186,seq_in_nobukti,"[seq_in_keterangan] KRT/SYS/2604-5204 (id=87411, cabang=5, tgl=2026-04-17, keterangan='An/2604-1186; Keterangan : ;') | [seq_in_keterangan] KRT/SYS/2604-4958 (id=87165, cabang=5, tgl=2026-04-16, keterangan='Pa/2604-1186; Keterangan : ;') | [seq_in_keterangan] KRT/SYS/2604-4669 (id=86876, cabang=5, tgl=2026-04-15, keterangan='Wa/2604-1186; Keterangan : ;') | [seq_in_nobukti] CSB/SYS/2604-1186 (id=65855, cabang=2, tgl=2026-01-08, keterangan='Wl/2601-0184; Keterangan : ;') | [seq_in_nobukti] KRT/SYS/2604-1186 (id=58244, cabang=5, tgl=2026-04-06, keterangan='Pa/2604-0433; Keterangan : ;')"
KRT/AN/2604-1357,2604-1357,seq_in_nobukti,"[seq_in_keterangan] KRT/SYS/2604-5601 (id=87808, cabang=5, tgl=2026-04-19, keterangan='Pa/2604-1357; Keterangan : ;') | [seq_in_keterangan] KRT/SYS/2604-5551 (id=87758, cabang=5, tgl=2026-04-19, keterangan='An/2604-1357; Keterangan : ;') | [seq_in_keterangan] KRT/SYS/2604-5380 (id=87587, cabang=5, tgl=2026-04-18, keterangan='Wa/2604-1357; Keterangan : ;') | [seq_in_nobukti] CSB/SYS/2604-1357 (id=66026, cabang=2, tgl=2026-01-09, keterangan='Ma/2601-0268; Keterangan : ;') | [seq_in_nobukti] KRT/SYS/2604-1357 (id=58755, cabang=5, tgl=2026-04-07, keterangan='Wa/2604-0499; Keterangan : ;')"
KRT/PA/2602-2111,2602-2111,seq_in_nobukti,"[seq_in_keterangan] KRT/SYS/2603-0264 (id=36598, cabang=5, tgl=2026-02-28, keterangan='An/2602-2111-01; Keterangan : (Revisi Dokumen An/2602-2111);') | [seq_in_keterangan] KRT/SYS/2602-10811 (id=34285, cabang=5, tgl=2026-02-24, keterangan='Pa/2602-2111; Keterangan : ;') | [seq_in_keterangan] KRT/SYS/2602-10686 (id=34160, cabang=5, tgl=2026-02-24, keterangan='Wa/2602-2111; Keterangan : ;') | [seq_in_nobukti] KRT/SYS/2602-2111 (id=12046, cabang=5, tgl=2026-01-19, keterangan='Pa/2601-1255; Keterangan : ;') | [seq_in_nobukti] MDR/SYS/2602-2111 (id=6748, cabang=4, tgl=2026-01-27, keterangan='Md/2601-1023; Keterangan : ;')"
KRT/AN/2512-1718,2512-1718,tidak_ada,
KRT/AN/2604-0818,2604-0818,seq_in_nobukti,"[seq_in_nobukti] SB/WS/2604-0818 (id=91012, cabang=1, tgl=2026-04-26, keterangan='') | [seq_in_nobukti] SB/V2/2604-0818 (id=89551, cabang=1, tgl=2026-04-23, keterangan='') | [seq_in_nobukti] CSB/SYS/2604-0818 (id=65487, cabang=2, tgl=2026-01-06, keterangan='FZ/2601-0122; Keterangan : ;') | [seq_in_keterangan] KRT/SYS/2604-2581 (id=61495, cabang=5, tgl=2026-04-12, keterangan='An/2604-0818; Keterangan : ;') | [seq_in_keterangan] KRT/SYS/2604-2364 (id=60980, cabang=5, tgl=2026-04-11, keterangan='Pa/2604-0818; Keterangan : ;') | [seq_in_keterangan] KRT/SYS/2604-2154 (id=60473, cabang=5, tgl=2026-04-10, keterangan='Wa/2604-0818; Keterangan : ;') | [seq_in_nobukti] KRT/SYS/2604-0818 (id=57321, cabang=5, tgl=2026-04-04, keterangan='Pa/2604-0312; Keterangan : ;')"
KRT/AN/2512-0123,2512-0123,tidak_ada,
KRT/AN/2510-1581,2510-1581,tidak_ada,
KRT/VA/2604-0045,2604-0045,seq_in_nobukti,"[seq_in_nobukti] KRT/VI/2604-0045 (id=93413, cabang=5, tgl=2026-04-30, keterangan='') | [seq_in_nobukti] MDR/FJ/2604-0045 (id=92053, cabang=4, tgl=2026-04-28, keterangan='') | [seq_in_nobukti] KRT/PRI/2604-0045 (id=89364, cabang=5, tgl=2026-04-23, keterangan='') | [seq_in_nobukti] KRT/AZ/2604-0045 (id=89208, cabang=5, tgl=2026-04-22, keterangan='') | [seq_in_nobukti] KRT/BR/2604-0045 (id=89201, cabang=5, tgl=2026-04-22, keterangan='') | [seq_in_nobukti] CSB/UW/2604-0045 (id=86650, cabang=2, tgl=2026-04-19, keterangan='') | [seq_in_nobukti] CSB/ND/2604-0045 (id=86024, cabang=2, tgl=2026-04-17, keterangan='') | [seq_in_nobukti] CSB/IN/2604-0045 (id=85582, cabang=2, tgl=2026-04-16, keterangan='') | [seq_in_nobukti] CSB/Ma/2604-0045 (id=85492, cabang=2, tgl=2026-04-15, keterangan='') | [seq_in_nobukti] CSB/Wl/2604-0045 (id=83870, cabang=2, tgl=2026-04-15, keterangan='') | [seq_in_nobukti] CSB/FZ/2604-0045 (id=83180, cabang=2, tgl=2026-04-14, keterangan='') | [seq_in_keterangan] CSB/SYS/2604-17002 (id=81671, cabang=2, tgl=2026-04-07, keterangan='UW/2604-0045; Keterangan : ;') | [seq_in_keterangan] CSB/SYS/2604-16235 (id=80904, cabang=2, tgl=2026-04-02, keterangan='SI/2604-0045; Keterangan : ;') | [seq_in_keterangan] CSB/SYS/2604-16205 (id=80874, cabang=2, tgl=2026-04-02, keterangan='Ma/2604-0045; Keterangan : ;') | [seq_in_keterangan] CSB/SYS/2604-16156 (id=80825, cabang=2, tgl=2026-04-02, keterangan='FZ/2604-0045; Keterangan : ;') | [seq_in_keterangan] CSB/SYS/2604-16121 (id=80790, cabang=2, tgl=2026-04-02, keterangan='IN/2604-0045; Keterangan : ;') | [seq_in_keterangan] CSB/SYS/2604-16092 (id=80761, cabang=2, tgl=2026-04-02, keterangan='Wl/2604-0045; Keterangan : ;') | [seq_in_nobukti] CSB/SYS/2604-0045 (id=64714, cabang=2, tgl=2026-01-02, keterangan='Wl/2601-0010; Keterangan : ;') | [seq_in_keterangan] KRT/SYS/2604-2727 (id=61641, cabang=5, tgl=2026-04-12, keterangan='VA/2604-0045; Keterangan : ;') | [seq_in_nobukti] SB/PT/2604-0045 (id=59013, cabang=1, tgl=2026-04-08, keterangan='') | [seq_in_nobukti] MDR/RA/2604-0045 (id=56531, cabang=4, tgl=2026-04-03, keterangan='') | [seq_in_nobukti] MDR/OC/2604-0045 (id=56513, cabang=4, tgl=2026-04-03, keterangan='') | [seq_in_nobukti] MDR/ARV/2604-0045 (id=56494, cabang=4, tgl=2026-04-03, keterangan='') | [seq_in_nobukti] SB/V2/2604-0045 (id=56430, cabang=1, tgl=2026-04-03, keterangan='') | [seq_in_nobukti] SB/WS/2604-0045 (id=56373, cabang=1, tgl=2026-04-03, keterangan='') | [seq_in_keterangan] KRT/SYS/2604-0195 (id=55722, cabang=5, tgl=2026-04-01, keterangan='An/2604-0045; Keterangan : ;') | [seq_in_keterangan] KRT/SYS/2604-0116 (id=55643, cabang=5, tgl=2026-04-01, keterangan='Wa/2604-0045; Keterangan : ;') | [seq_in_nobukti] KRT/SYS/2604-0045 (id=55572, cabang=5, tgl=2026-04-01, keterangan='Pa/2604-0046; Keterangan : ;') | [seq_in_keterangan] KRT/SYS/2604-0044 (id=55571, cabang=5, tgl=2026-04-01, keterangan='Pa/2604-0045; Keterangan : ;')"
KRT/AN/2510-0118,2510-0118,tidak_ada,
KRT/PA/2604-0983,2604-0983,seq_in_nobukti,"[seq_in_nobukti] SB/WS/2604-0983 (id=93269, cabang=1, tgl=2026-04-30, keterangan='') | [seq_in_nobukti] SB/V2/2604-0983 (id=91521, cabang=1, tgl=2026-04-27, keterangan='') | [seq_in_keterangan] KRT/SYS/2604-3157 (id=83777, cabang=5, tgl=2026-04-14, keterangan='An/2604-0983; Keterangan : ;') | [seq_in_keterangan] KRT/SYS/2604-2983 (id=83603, cabang=5, tgl=2026-04-14, keterangan='Pa/2604-0983; Keterangan : ;') | [seq_in_keterangan] KRT/SYS/2604-2757 (id=82747, cabang=5, tgl=2026-04-13, keterangan='Wa/2604-0983; Keterangan : ;') | [seq_in_nobukti] CSB/SYS/2604-0983 (id=65652, cabang=2, tgl=2026-01-07, keterangan='IN/2601-0205; Keterangan : ;') | [seq_in_nobukti] KRT/SYS/2604-0983 (id=57785, cabang=5, tgl=2026-04-05, keterangan='Pa/2604-0375; Keterangan : ;')"
KRT/AN/2601-1606,2601-1606,seq_in_nobukti,"[seq_in_keterangan] KRT/SYS/2602-3302 (id=13237, cabang=5, tgl=2026-01-25, keterangan='An/2601-1606; Keterangan : ;') | [seq_in_keterangan] KRT/SYS/2602-2891 (id=12826, cabang=5, tgl=2026-01-23, keterangan='Pa/2601-1606; Keterangan : ;') | [seq_in_keterangan] KRT/SYS/2602-2629 (id=12564, cabang=5, tgl=2026-01-22, keterangan='Wa/2601-1606; Keterangan : ;') | [seq_in_nobukti] SB/FR/2601-1606 (id=2001, cabang=1, tgl=2026-01-20, keterangan='WN/2601-0500')"
KRT/WA/2601-0248,2601-0248,seq_in_nobukti,"[seq_in_keterangan] CSB/SYS/2604-3345 (id=68014, cabang=2, tgl=2026-01-20, keterangan='UW/2601-0248; Keterangan : ;') | [seq_in_keterangan] CSB/SYS/2604-1588 (id=66257, cabang=2, tgl=2026-01-10, keterangan='FZ/2601-0248; Keterangan : ;') | [seq_in_keterangan] CSB/SYS/2604-1477 (id=66146, cabang=2, tgl=2026-01-10, keterangan='Wl/2601-0248; Keterangan : ;') | [seq_in_keterangan] CSB/SYS/2604-1289 (id=65958, cabang=2, tgl=2026-01-09, keterangan='IN/2601-0248; Keterangan : ;') | [seq_in_keterangan] CSB/SYS/2604-1265 (id=65934, cabang=2, tgl=2026-01-09, keterangan='Ma/2601-0248; Keterangan : ;') | [seq_in_keterangan] CSB/SYS/2604-1215 (id=65884, cabang=2, tgl=2026-01-08, keterangan='SI/2601-0248; Keterangan : ;') | [seq_in_keterangan] KRT/SYS/2603-1829 (id=39286, cabang=5, tgl=2026-01-05, keterangan='An/2601-0248; Keterangan : ;') | [seq_in_keterangan] KRT/SYS/2603-1641 (id=39098, cabang=5, tgl=2026-01-05, keterangan='Wa/2601-0248; Keterangan : ;') | [seq_in_keterangan] KRT/SYS/2603-1538 (id=38995, cabang=5, tgl=2026-01-04, keterangan='Pa/2601-0248; Keterangan : ;') | [seq_in_keterangan] MDR/SYS/2602-1815 (id=6452, cabang=4, tgl=2026-01-23, keterangan='GI/2601-0248; Keterangan : ;') | [seq_in_keterangan] MDR/SYS/2602-0660 (id=5297, cabang=4, tgl=2026-01-10, keterangan='MR/2601-0248; Keterangan : ;') | [seq_in_keterangan] MDR/SYS/2602-0472 (id=5109, cabang=4, tgl=2026-01-07, keterangan='Md/2601-0248; Keterangan : ;') | [seq_in_nobukti] SB/NI/2601-0248 (id=2983, cabang=1, tgl=2026-01-30, keterangan='') | [seq_in_nobukti] SB/WS/2601-0248 (id=2650, cabang=1, tgl=2026-01-26, keterangan='') | [seq_in_keterangan] SB/FR/2601-0777 (id=798, cabang=1, tgl=2026-01-10, keterangan='WN/2601-0248') | [seq_in_keterangan] SB/FR/2601-0507 (id=522, cabang=1, tgl=2026-01-07, keterangan='NS/2601-0248') | [seq_in_nobukti] SB/FR/2601-0248 (id=249, cabang=1, tgl=2026-01-04, keterangan='VX/2601-0040')"
KRT/AN/2604-1034,2604-1034,seq_in_nobukti,"[seq_in_nobukti] SB/V2/2604-1034 (id=92265, cabang=1, tgl=2026-04-28, keterangan='') | [seq_in_keterangan] KRT/SYS/2604-4681 (id=86888, cabang=5, tgl=2026-04-15, keterangan='An/2604-1034; Keterangan : ;') | [seq_in_keterangan] KRT/SYS/2604-3034 (id=83654, cabang=5, tgl=2026-04-14, keterangan='Pa/2604-1034; Keterangan : ;') | [seq_in_keterangan] KRT/SYS/2604-2806 (id=82796, cabang=5, tgl=2026-04-13, keterangan='Wa/2604-1034; Keterangan : ;') | [seq_in_nobukti] CSB/SYS/2604-1034 (id=65703, cabang=2, tgl=2026-01-07, keterangan='FZ/2601-0167; Keterangan : ;') | [seq_in_nobukti] KRT/SYS/2604-1034 (id=57836, cabang=5, tgl=2026-04-05, keterangan='Wa/2604-0334; Keterangan : ;')"
KRT/AN/2604-1138,2604-1138,seq_in_nobukti,"[seq_in_nobukti] SB/V2/2604-1138 (id=93159, cabang=1, tgl=2026-04-30, keterangan='') | [seq_in_keterangan] KRT/SYS/2604-4910 (id=87117, cabang=5, tgl=2026-04-16, keterangan='Pa/2604-1138; Keterangan : ;') | [seq_in_keterangan] KRT/SYS/2604-4854 (id=87061, cabang=5, tgl=2026-04-16, keterangan='An/2604-1138; Keterangan : ;') | [seq_in_keterangan] KRT/SYS/2604-4621 (id=86828, cabang=5, tgl=2026-04-15, keterangan='Wa/2604-1138; Keterangan : ;') | [seq_in_nobukti] CSB/SYS/2604-1138 (id=65807, cabang=2, tgl=2026-01-08, keterangan='Ma/2601-0202; Keterangan : ;') | [seq_in_nobukti] KRT/SYS/2604-1138 (id=58196, cabang=5, tgl=2026-04-06, keterangan='An/2604-0386; Keterangan : ;')"
KRT/AN/2601-0325,2601-0325,seq_in_nobukti,"[seq_in_keterangan] CSB/SYS/2604-4823 (id=69492, cabang=2, tgl=2026-01-28, keterangan='UW/2601-0325; Keterangan : ;') | [seq_in_keterangan] CSB/SYS/2604-1874 (id=66543, cabang=2, tgl=2026-01-12, keterangan='Wl/2601-0325; Keterangan : ;') | [seq_in_keterangan] CSB/SYS/2604-1866 (id=66535, cabang=2, tgl=2026-01-12, keterangan='FZ/2601-0325; Keterangan : ;') | [seq_in_keterangan] CSB/SYS/2604-1749 (id=66418, cabang=2, tgl=2026-01-11, keterangan='IN/2601-0325; Keterangan : ;') | [seq_in_keterangan] CSB/SYS/2604-1635 (id=66304, cabang=2, tgl=2026-01-11, keterangan='Ma/2601-0325; Keterangan : ;') | [seq_in_keterangan] CSB/SYS/2604-1621 (id=66290, cabang=2, tgl=2026-01-10, keterangan='SI/2601-0325; Keterangan : ;') | [seq_in_keterangan] KRT/SYS/2603-2090 (id=39547, cabang=5, tgl=2026-01-06, keterangan='Pa/2601-0325; Keterangan : ;') | [seq_in_keterangan] KRT/SYS/2603-1964 (id=39421, cabang=5, tgl=2026-01-06, keterangan='An/2601-0325; Keterangan : ;') | [seq_in_keterangan] KRT/SYS/2603-1717 (id=39174, cabang=5, tgl=2026-01-05, keterangan='Wa/2601-0325; Keterangan : ;') | [seq_in_keterangan] MDR/SYS/2602-2343 (id=6980, cabang=4, tgl=2026-01-29, keterangan='GI/2601-0325; Keterangan : ;') | [seq_in_keterangan] MDR/SYS/2602-0882 (id=5519, cabang=4, tgl=2026-01-12, keterangan='MR/2601-0325; Keterangan : ;') | [seq_in_keterangan] MDR/SYS/2602-0639 (id=5276, cabang=4, tgl=2026-01-09, keterangan='Md/2601-0325; Keterangan : ;') | [seq_in_nobukti] SB/NI/2601-0325 (id=3115, cabang=1, tgl=2026-01-31, keterangan='') | [seq_in_nobukti] SB/WS/2601-0325 (id=2808, cabang=1, tgl=2026-01-28, keterangan='') | [seq_in_keterangan] SB/FR/2601-1086 (id=1149, cabang=1, tgl=2026-01-13, keterangan='WN/2601-0325') | [seq_in_keterangan] SB/FR/2601-0665 (id=682, cabang=1, tgl=2026-01-09, keterangan='NS/2601-0325') | [seq_in_nobukti] SB/FR/2601-0325 (id=326, cabang=1, tgl=2026-01-05, keterangan='NS/2601-0175')"
KRT/VA/2604-0094,2604-0094,seq_in_nobukti,"[seq_in_nobukti] CSB/UW/2604-0094 (id=93114, cabang=2, tgl=2026-04-30, keterangan='') | [seq_in_nobukti] KRT/AZ/2604-0094 (id=89793, cabang=5, tgl=2026-04-24, keterangan='') | [seq_in_nobukti] KRT/PRI/2604-0094 (id=89652, cabang=5, tgl=2026-04-23, keterangan='') | [seq_in_nobukti] KRT/BR/2604-0094 (id=89519, cabang=5, tgl=2026-04-23, keterangan='') | [seq_in_keterangan] KRT/SYS/2604-6046 (id=88826, cabang=5, tgl=2026-04-21, keterangan='VA/2604-0094; Keterangan : ;') | [seq_in_nobukti] CSB/ND/2604-0094 (id=86732, cabang=2, tgl=2026-04-19, keterangan='') | [seq_in_nobukti] CSB/Ma/2604-0094 (id=86195, cabang=2, tgl=2026-04-18, keterangan='') | [seq_in_nobukti] CSB/IN/2604-0094 (id=86099, cabang=2, tgl=2026-04-17, keterangan='') | [seq_in_nobukti] CSB/Wl/2604-0094 (id=85612, cabang=2, tgl=2026-04-16, keterangan='') | [seq_in_nobukti] CSB/FZ/2604-0094 (id=85551, cabang=2, tgl=2026-04-16, keterangan='') | [seq_in_nobukti] SB/PT/2604-0094 (id=82440, cabang=1, tgl=2026-04-13, keterangan='') | [seq_in_keterangan] CSB/SYS/2604-16539 (id=81208, cabang=2, tgl=2026-04-04, keterangan='SI/2604-0094; Keterangan : ;') | [seq_in_keterangan] CSB/SYS/2604-16357 (id=81026, cabang=2, tgl=2026-04-03, keterangan='IN/2604-0094; Keterangan : ;') | [seq_in_keterangan] CSB/SYS/2604-16325 (id=80994, cabang=2, tgl=2026-04-03, keterangan='Wl/2604-0094; Keterangan : ;') | [seq_in_keterangan] CSB/SYS/2604-16304 (id=80973, cabang=2, tgl=2026-04-03, keterangan='FZ/2604-0094; Keterangan : ;') | [seq_in_nobukti] CSB/SYS/2604-0094 (id=64763, cabang=2, tgl=2026-01-02, keterangan='Ma/2601-0030; Keterangan : ;') | [seq_in_nobukti] MDR/ARV/2604-0094 (id=58496, cabang=4, tgl=2026-04-07, keterangan='') | [seq_in_nobukti] MDR/RA/2604-0094 (id=57588, cabang=4, tgl=2026-04-05, keterangan='') | [seq_in_nobukti] MDR/OC/2604-0094 (id=57576, cabang=4, tgl=2026-04-05, keterangan='') | [seq_in_nobukti] SB/V2/2604-0094 (id=56905, cabang=1, tgl=2026-04-04, keterangan='') | [seq_in_nobukti] SB/WS/2604-0094 (id=56422, cabang=1, tgl=2026-04-03, keterangan='') | [seq_in_keterangan] KRT/SYS/2604-0409 (id=56267, cabang=5, tgl=2026-04-02, keterangan='Pa/2604-0094; Keterangan : ;') | [seq_in_keterangan] KRT/SYS/2604-0329 (id=56187, cabang=5, tgl=2026-04-02, keterangan='An/2604-0094; Keterangan : ;') | [seq_in_keterangan] KRT/SYS/2604-0245 (id=56103, cabang=5, tgl=2026-04-02, keterangan='Wa/2604-0094; Keterangan : ;') | [seq_in_nobukti] KRT/SYS/2604-0094 (id=55621, cabang=5, tgl=2026-04-01, keterangan='Wa/2604-0023; Keterangan : ;')"
KRT/VA/2604-0072,2604-0072,seq_in_nobukti,"[seq_in_nobukti] CSB/UW/2604-0072 (id=90436, cabang=2, tgl=2026-04-25, keterangan='') | [seq_in_nobukti] KRT/PRI/2604-0072 (id=89474, cabang=5, tgl=2026-04-23, keterangan='') | [seq_in_nobukti] KRT/AZ/2604-0072 (id=89464, cabang=5, tgl=2026-04-23, keterangan='') | [seq_in_nobukti] KRT/BR/2604-0072 (id=89325, cabang=5, tgl=2026-04-22, keterangan='') | [seq_in_keterangan] KRT/SYS/2604-5501 (id=87708, cabang=5, tgl=2026-04-18, keterangan='VA/2604-0072; Keterangan : ;') | [seq_in_nobukti] CSB/ND/2604-0072 (id=86340, cabang=2, tgl=2026-04-18, keterangan='') | [seq_in_nobukti] CSB/Ma/2604-0072 (id=85865, cabang=2, tgl=2026-04-17, keterangan='') | [seq_in_nobukti] CSB/IN/2604-0072 (id=85822, cabang=2, tgl=2026-04-17, keterangan='') | [seq_in_nobukti] CSB/Wl/2604-0072 (id=85590, cabang=2, tgl=2026-04-16, keterangan='') | [seq_in_nobukti] CSB/FZ/2604-0072 (id=83848, cabang=2, tgl=2026-04-15, keterangan='') | [seq_in_keterangan] CSB/SYS/2604-17429 (id=82098, cabang=2, tgl=2026-04-10, keterangan='UW/2604-0072; Keterangan : ;') | [seq_in_keterangan] CSB/SYS/2604-16395 (id=81064, cabang=2, tgl=2026-04-03, keterangan='SI/2604-0072; Keterangan : ;') | [seq_in_keterangan] CSB/SYS/2604-16335 (id=81004, cabang=2, tgl=2026-04-03, keterangan='IN/2604-0072; Keterangan : ;') | [seq_in_keterangan] CSB/SYS/2604-16270 (id=80939, cabang=2, tgl=2026-04-03, keterangan='Ma/2604-0072; Keterangan : ;') | [seq_in_keterangan] CSB/SYS/2604-16195 (id=80864, cabang=2, tgl=2026-04-02, keterangan='FZ/2604-0072; Keterangan : ;') | [seq_in_keterangan] CSB/SYS/2604-16185 (id=80854, cabang=2, tgl=2026-04-02, keterangan='Wl/2604-0072; Keterangan : ;') | [seq_in_nobukti] CSB/SYS/2604-0072 (id=64741, cabang=2, tgl=2026-01-02, keterangan='Ma/2601-0011; Keterangan : ;') | [seq_in_nobukti] SB/PT/2604-0072 (id=59653, cabang=1, tgl=2026-04-09, keterangan='') | [seq_in_nobukti] MDR/ARV/2604-0072 (id=57546, cabang=4, tgl=2026-04-05, keterangan='') | [seq_in_nobukti] MDR/RA/2604-0072 (id=56998, cabang=4, tgl=2026-04-04, keterangan='') | [seq_in_nobukti] MDR/OC/2604-0072 (id=56972, cabang=4, tgl=2026-04-04, keterangan='') | [seq_in_nobukti] SB/V2/2604-0072 (id=56457, cabang=1, tgl=2026-04-03, keterangan='') | [seq_in_nobukti] SB/WS/2604-0072 (id=56400, cabang=1, tgl=2026-04-03, keterangan='') | [seq_in_keterangan] KRT/SYS/2604-0222 (id=55749, cabang=5, tgl=2026-04-01, keterangan='An/2604-0072; Keterangan : ;') | [seq_in_keterangan] KRT/SYS/2604-0143 (id=55670, cabang=5, tgl=2026-04-01, keterangan='Wa/2604-0072; Keterangan : ;') | [seq_in_nobukti] KRT/SYS/2604-0072 (id=55599, cabang=5, tgl=2026-04-01, keterangan='Pa/2604-0073; Keterangan : ;') | [seq_in_keterangan] KRT/SYS/2604-0071 (id=55598, cabang=5, tgl=2026-04-01, keterangan='Pa/2604-0072; Keterangan : ;')"
KRT/PA/2509-1013,2509-1013,tidak_ada,
KRT/WA/2601-0233,2601-0233,seq_in_nobukti,"[seq_in_keterangan] CSB/SYS/2604-3075 (id=67744, cabang=2, tgl=2026-01-18, keterangan='UW/2601-0233; Keterangan : ;') | [seq_in_keterangan] CSB/SYS/2604-1332 (id=66001, cabang=2, tgl=2026-01-09, keterangan='Wl/2601-0233; Keterangan : ;') | [seq_in_keterangan] CSB/SYS/2604-1184 (id=65853, cabang=2, tgl=2026-01-08, keterangan='IN/2601-0233; Keterangan : ;') | [seq_in_keterangan] CSB/SYS/2604-1168 (id=65837, cabang=2, tgl=2026-01-08, keterangan='Ma/2601-0233; Keterangan : ;') | [seq_in_keterangan] CSB/SYS/2604-1096 (id=65765, cabang=2, tgl=2026-01-07, keterangan='SI/2601-0233; Keterangan : ;') | [seq_in_keterangan] KRT/SYS/2603-1814 (id=39271, cabang=5, tgl=2026-01-05, keterangan='An/2601-0233; Keterangan : ;') | [seq_in_keterangan] KRT/SYS/2603-1614 (id=39071, cabang=5, tgl=2026-01-04, keterangan='Wa/2601-0233; Keterangan : ;') | [seq_in_keterangan] KRT/SYS/2603-1523 (id=38980, cabang=5, tgl=2026-01-04, keterangan='Pa/2601-0233; Keterangan : ;') | [seq_in_keterangan] MDR/SYS/2602-1748 (id=6385, cabang=4, tgl=2026-01-22, keterangan='GI/2601-0233; Keterangan : ;') | [seq_in_keterangan] MDR/SYS/2602-0589 (id=5226, cabang=4, tgl=2026-01-09, keterangan='MR/2601-0233; Keterangan : ;') | [seq_in_keterangan] MDR/SYS/2602-0422 (id=5059, cabang=4, tgl=2026-01-06, keterangan='Md/2601-0233; Keterangan : ;') | [seq_in_nobukti] SB/NI/2601-0233 (id=2875, cabang=1, tgl=2026-01-28, keterangan='') | [seq_in_nobukti] SB/WS/2601-0233 (id=2625, cabang=1, tgl=2026-01-26, keterangan='') | [seq_in_keterangan] SB/FR/2601-1262 (id=1649, cabang=1, tgl=2026-01-17, keterangan='VX/2601-0233') | [seq_in_keterangan] SB/FR/2601-0701 (id=722, cabang=1, tgl=2026-01-09, keterangan='WN/2601-0233') | [seq_in_keterangan] SB/FR/2601-0492 (id=507, cabang=1, tgl=2026-01-07, keterangan='NS/2601-0233') | [seq_in_nobukti] SB/FR/2601-0233 (id=234, cabang=1, tgl=2026-01-04, keterangan='NS/2601-0131')"
KRT/WA/2604-0893,2604-0893,seq_in_nobukti,"[seq_in_nobukti] SB/WS/2604-0893 (id=92252, cabang=1, tgl=2026-04-28, keterangan='') | [seq_in_nobukti] SB/V2/2604-0893 (id=90386, cabang=1, tgl=2026-04-25, keterangan='') | [seq_in_keterangan] KRT/SYS/2604-2918 (id=82908, cabang=5, tgl=2026-04-13, keterangan='An/2604-0893; Keterangan : ;') | [seq_in_nobukti] CSB/SYS/2604-0893 (id=65562, cabang=2, tgl=2026-01-06, keterangan='IN/2601-0184; Keterangan : ;') | [seq_in_keterangan] KRT/SYS/2604-2671 (id=61585, cabang=5, tgl=2026-04-12, keterangan='Pa/2604-0893; Keterangan : ;') | [seq_in_keterangan] KRT/SYS/2604-2472 (id=61088, cabang=5, tgl=2026-04-11, keterangan='Wa/2604-0893; Keterangan : ;') | [seq_in_nobukti] KRT/SYS/2604-0893 (id=57396, cabang=5, tgl=2026-04-04, keterangan='Wa/2604-0265; Keterangan : ;')"
KRT/VA/2604-0093,2604-0093,seq_in_nobukti,"[seq_in_nobukti] CSB/UW/2604-0093 (id=93113, cabang=2, tgl=2026-04-30, keterangan='') | [seq_in_nobukti] KRT/AZ/2604-0093 (id=89759, cabang=5, tgl=2026-04-23, keterangan='') | [seq_in_nobukti] KRT/PRI/2604-0093 (id=89650, cabang=5, tgl=2026-04-23, keterangan='') | [seq_in_nobukti] KRT/BR/2604-0093 (id=89517, cabang=5, tgl=2026-04-23, keterangan='') | [seq_in_keterangan] KRT/SYS/2604-5851 (id=88330, cabang=5, tgl=2026-04-20, keterangan='VA/2604-0093; Keterangan : ;') | [seq_in_nobukti] CSB/ND/2604-0093 (id=86731, cabang=2, tgl=2026-04-19, keterangan='') | [seq_in_nobukti] CSB/Ma/2604-0093 (id=86194, cabang=2, tgl=2026-04-18, keterangan='') | [seq_in_nobukti] CSB/IN/2604-0093 (id=86098, cabang=2, tgl=2026-04-17, keterangan='') | [seq_in_nobukti] CSB/Wl/2604-0093 (id=85611, cabang=2, tgl=2026-04-16, keterangan='') | [seq_in_nobukti] CSB/FZ/2604-0093 (id=85550, cabang=2, tgl=2026-04-16, keterangan='') | [seq_in_keterangan] CSB/SYS/2604-16538 (id=81207, cabang=2, tgl=2026-04-04, keterangan='SI/2604-0093; Keterangan : ;') | [seq_in_keterangan] CSB/SYS/2604-16423 (id=81092, cabang=2, tgl=2026-04-04, keterangan='Ma/2604-0093; Keterangan : ;') | [seq_in_keterangan] CSB/SYS/2604-16356 (id=81025, cabang=2, tgl=2026-04-03, keterangan='IN/2604-0093; Keterangan : ;') | [seq_in_keterangan] CSB/SYS/2604-16324 (id=80993, cabang=2, tgl=2026-04-03, keterangan='Wl/2604-0093; Keterangan : ;') | [seq_in_keterangan] CSB/SYS/2604-16303 (id=80972, cabang=2, tgl=2026-04-03, keterangan='FZ/2604-0093; Keterangan : ;') | [seq_in_nobukti] CSB/SYS/2604-0093 (id=64762, cabang=2, tgl=2026-01-02, keterangan='IN/2601-0029; Keterangan : ;') | [seq_in_nobukti] SB/PT/2604-0093 (id=61367, cabang=1, tgl=2026-04-12, keterangan='') | [seq_in_nobukti] MDR/ARV/2604-0093 (id=58495, cabang=4, tgl=2026-04-07, keterangan='') | [seq_in_nobukti] MDR/RA/2604-0093 (id=57587, cabang=4, tgl=2026-04-05, keterangan='') | [seq_in_nobukti] MDR/OC/2604-0093 (id=57575, cabang=4, tgl=2026-04-05, keterangan='') | [seq_in_nobukti] SB/V2/2604-0093 (id=56904, cabang=1, tgl=2026-04-04, keterangan='') | [seq_in_nobukti] SB/WS/2604-0093 (id=56421, cabang=1, tgl=2026-04-03, keterangan='') | [seq_in_keterangan] KRT/SYS/2604-0408 (id=56266, cabang=5, tgl=2026-04-02, keterangan='Pa/2604-0093; Keterangan : ;') | [seq_in_keterangan] KRT/SYS/2604-0328 (id=56186, cabang=5, tgl=2026-04-02, keterangan='An/2604-0093; Keterangan : ;') | [seq_in_nobukti] KRT/SYS/2604-0093 (id=55620, cabang=5, tgl=2026-04-01, keterangan='Wa/2604-0022; Keterangan : ;')"
KRT/PA/2604-0089,2604-0089,seq_in_nobukti,"[seq_in_nobukti] CSB/UW/2604-0089 (id=93109, cabang=2, tgl=2026-04-30, keterangan='') | [seq_in_nobukti] KRT/AZ/2604-0089 (id=89734, cabang=5, tgl=2026-04-23, keterangan='') | [seq_in_nobukti] KRT/PRI/2604-0089 (id=89635, cabang=5, tgl=2026-04-23, keterangan='') | [seq_in_nobukti] KRT/BR/2604-0089 (id=89496, cabang=5, tgl=2026-04-23, keterangan='') | [seq_in_keterangan] KRT/SYS/2604-5846 (id=88325, cabang=5, tgl=2026-04-20, keterangan='VA/2604-0089; Keterangan : ;') | [seq_in_nobukti] CSB/ND/2604-0089 (id=86727, cabang=2, tgl=2026-04-19, keterangan='') | [seq_in_nobukti] CSB/IN/2604-0089 (id=86094, cabang=2, tgl=2026-04-17, keterangan='') | [seq_in_nobukti] CSB/Ma/2604-0089 (id=85882, cabang=2, tgl=2026-04-17, keterangan='') | [seq_in_nobukti] CSB/Wl/2604-0089 (id=85607, cabang=2, tgl=2026-04-16, keterangan='') | [seq_in_nobukti] CSB/FZ/2604-0089 (id=85546, cabang=2, tgl=2026-04-16, keterangan='') | [seq_in_keterangan] CSB/SYS/2604-16534 (id=81203, cabang=2, tgl=2026-04-04, keterangan='SI/2604-0089; Keterangan : ;') | [seq_in_keterangan] CSB/SYS/2604-16419 (id=81088, cabang=2, tgl=2026-04-04, keterangan='Ma/2604-0089; Keterangan : ;') | [seq_in_keterangan] CSB/SYS/2604-16352 (id=81021, cabang=2, tgl=2026-04-03, keterangan='IN/2604-0089; Keterangan : ;') | [seq_in_keterangan] CSB/SYS/2604-16320 (id=80989, cabang=2, tgl=2026-04-03, keterangan='Wl/2604-0089; Keterangan : ;') | [seq_in_keterangan] CSB/SYS/2604-16299 (id=80968, cabang=2, tgl=2026-04-03, keterangan='FZ/2604-0089; Keterangan : ;') | [seq_in_nobukti] CSB/SYS/2604-0089 (id=64758, cabang=2, tgl=2026-01-02, keterangan='Ma/2601-0028; Keterangan : ;') | [seq_in_nobukti] SB/PT/2604-0089 (id=61363, cabang=1, tgl=2026-04-12, keterangan='') | [seq_in_nobukti] MDR/ARV/2604-0089 (id=57959, cabang=4, tgl=2026-04-06, keterangan='') | [seq_in_nobukti] MDR/OC/2604-0089 (id=57571, cabang=4, tgl=2026-04-05, keterangan='') | [seq_in_nobukti] MDR/RA/2604-0089 (id=57015, cabang=4, tgl=2026-04-04, keterangan='') | [seq_in_nobukti] SB/V2/2604-0089 (id=56900, cabang=1, tgl=2026-04-04, keterangan='') | [seq_in_nobukti] SB/WS/2604-0089 (id=56417, cabang=1, tgl=2026-04-03, keterangan='') | [seq_in_keterangan] KRT/SYS/2604-0404 (id=56262, cabang=5, tgl=2026-04-02, keterangan='Pa/2604-0089; Keterangan : ;') | [seq_in_keterangan] KRT/SYS/2604-0324 (id=56182, cabang=5, tgl=2026-04-02, keterangan='An/2604-0089; Keterangan : ;') | [seq_in_keterangan] KRT/SYS/2604-0241 (id=56099, cabang=5, tgl=2026-04-02, keterangan='Wa/2604-0089; Keterangan : ;') | [seq_in_nobukti] KRT/SYS/2604-0089 (id=55616, cabang=5, tgl=2026-04-01, keterangan='Wa/2604-0018; Keterangan : ;')"
KRT/PA/2604-0235,2604-0235,seq_in_nobukti,"[seq_in_nobukti] CSB/ND/2604-0235 (id=91624, cabang=2, tgl=2026-04-27, keterangan='') | [seq_in_nobukti] KRT/AZ/2604-0235 (id=91429, cabang=5, tgl=2026-04-26, keterangan='') | [seq_in_nobukti] KRT/PRI/2604-0235 (id=90566, cabang=5, tgl=2026-04-25, keterangan='') | [seq_in_nobukti] KRT/BR/2604-0235 (id=90456, cabang=5, tgl=2026-04-25, keterangan='') | [seq_in_nobukti] CSB/Ma/2604-0235 (id=89411, cabang=2, tgl=2026-04-23, keterangan='') | [seq_in_nobukti] SB/PT/2604-0235 (id=88830, cabang=1, tgl=2026-04-22, keterangan='') | [seq_in_nobukti] CSB/IN/2604-0235 (id=88483, cabang=2, tgl=2026-04-21, keterangan='') | [seq_in_nobukti] CSB/Wl/2604-0235 (id=88443, cabang=2, tgl=2026-04-21, keterangan='') | [seq_in_nobukti] CSB/FZ/2604-0235 (id=87860, cabang=2, tgl=2026-04-20, keterangan='') | [seq_in_nobukti] MDR/ARV/2604-0235 (id=83523, cabang=4, tgl=2026-04-14, keterangan='') | [seq_in_nobukti] MDR/OC/2604-0235 (id=82501, cabang=4, tgl=2026-04-13, keterangan='') | [seq_in_keterangan] CSB/SYS/2604-17626 (id=82295, cabang=2, tgl=2026-04-11, keterangan='SI/2604-0235; Keterangan : ;') | [seq_in_keterangan] CSB/SYS/2604-17201 (id=81870, cabang=2, tgl=2026-04-09, keterangan='Wl/2604-0235; Keterangan : ;') | [seq_in_keterangan] CSB/SYS/2604-17092 (id=81761, cabang=2, tgl=2026-04-08, keterangan='Ma/2604-0235; Keterangan : ;') | [seq_in_keterangan] CSB/SYS/2604-17062 (id=81731, cabang=2, tgl=2026-04-08, keterangan='IN/2604-0235; Keterangan : ;') | [seq_in_keterangan] CSB/SYS/2604-16964 (id=81633, cabang=2, tgl=2026-04-07, keterangan='FZ/2604-0235; Keterangan : ;') | [seq_in_nobukti] CSB/SYS/2604-0235 (id=64904, cabang=2, tgl=2026-01-03, keterangan='Ma/2601-0042; Keterangan : ;') | [seq_in_nobukti] MDR/RA/2604-0235 (id=60189, cabang=4, tgl=2026-04-10, keterangan='') | [seq_in_nobukti] SB/WS/2604-0235 (id=59009, cabang=1, tgl=2026-04-08, keterangan='') | [seq_in_nobukti] SB/V2/2604-0235 (id=58447, cabang=1, tgl=2026-04-07, keterangan='') | [seq_in_keterangan] KRT/SYS/2604-0864 (id=57367, cabang=5, tgl=2026-04-04, keterangan='Wa/2604-0235; Keterangan : ;') | [seq_in_keterangan] KRT/SYS/2604-0682 (id=57185, cabang=5, tgl=2026-04-04, keterangan='An/2604-0235; Keterangan : ;') | [seq_in_keterangan] KRT/SYS/2604-0547 (id=56735, cabang=5, tgl=2026-04-03, keterangan='Pa/2604-0235; Keterangan : ;') | [seq_in_nobukti] KRT/SYS/2604-0235 (id=56093, cabang=5, tgl=2026-04-02, keterangan='Wa/2604-0083; Keterangan : ;')"
KRT/VA/2604-0037,2604-0037,seq_in_nobukti,"[seq_in_nobukti] KRT/VI/2604-0037 (id=92494, cabang=5, tgl=2026-04-28, keterangan='') | [seq_in_nobukti] MDR/FJ/2604-0037 (id=89664, cabang=4, tgl=2026-04-23, keterangan='') | [seq_in_nobukti] KRT/PRI/2604-0037 (id=89256, cabang=5, tgl=2026-04-22, keterangan='') | [seq_in_nobukti] KRT/AZ/2604-0037 (id=89192, cabang=5, tgl=2026-04-22, keterangan='') | [seq_in_nobukti] KRT/BR/2604-0037 (id=89176, cabang=5, tgl=2026-04-22, keterangan='') | [seq_in_nobukti] CSB/UW/2604-0037 (id=85917, cabang=2, tgl=2026-04-17, keterangan='') | [seq_in_nobukti] CSB/ND/2604-0037 (id=85735, cabang=2, tgl=2026-04-16, keterangan='') | [seq_in_nobukti] CSB/IN/2604-0037 (id=85574, cabang=2, tgl=2026-04-16, keterangan='') | [seq_in_nobukti] CSB/Ma/2604-0037 (id=83929, cabang=2, tgl=2026-04-15, keterangan='') | [seq_in_nobukti] CSB/Wl/2604-0037 (id=83862, cabang=2, tgl=2026-04-15, keterangan='') | [seq_in_nobukti] CSB/FZ/2604-0037 (id=83172, cabang=2, tgl=2026-04-14, keterangan='') | [seq_in_keterangan] CSB/SYS/2604-16814 (id=81483, cabang=2, tgl=2026-04-06, keterangan='UW/2604-0037; Keterangan : ;') | [seq_in_keterangan] CSB/SYS/2604-16227 (id=80896, cabang=2, tgl=2026-04-02, keterangan='SI/2604-0037; Keterangan : ;') | [seq_in_keterangan] CSB/SYS/2604-16148 (id=80817, cabang=2, tgl=2026-04-02, keterangan='FZ/2604-0037; Keterangan : ;') | [seq_in_keterangan] CSB/SYS/2604-16113 (id=80782, cabang=2, tgl=2026-04-02, keterangan='Ma/2604-0037; Keterangan : ;') | [seq_in_keterangan] CSB/SYS/2604-16084 (id=80753, cabang=2, tgl=2026-04-02, keterangan='Wl/2604-0037; Keterangan : ;') | [seq_in_keterangan] CSB/SYS/2604-16052 (id=80721, cabang=2, tgl=2026-04-01, keterangan='IN/2604-0037; Keterangan : ;') | [seq_in_nobukti] CSB/SYS/2604-0037 (id=64706, cabang=2, tgl=2026-01-02, keterangan='Wl/2601-0002; Keterangan : ;') | [seq_in_keterangan] KRT/SYS/2604-2076 (id=60074, cabang=5, tgl=2026-04-09, keterangan='VA/2604-0037; Keterangan : ;') | [seq_in_nobukti] SB/PT/2604-0037 (id=58404, cabang=1, tgl=2026-04-07, keterangan='tihuana') | [seq_in_nobukti] MDR/RA/2604-0037 (id=56523, cabang=4, tgl=2026-04-03, keterangan='') | [seq_in_nobukti] MDR/OC/2604-0037 (id=56505, cabang=4, tgl=2026-04-03, keterangan='') | [seq_in_nobukti] MDR/ARV/2604-0037 (id=56486, cabang=4, tgl=2026-04-03, keterangan='') | [seq_in_nobukti] SB/WS/2604-0037 (id=55840, cabang=1, tgl=2026-04-02, keterangan='') | [seq_in_nobukti] SB/V2/2604-0037 (id=55802, cabang=1, tgl=2026-04-02, keterangan='') | [seq_in_keterangan] KRT/SYS/2604-0187 (id=55714, cabang=5, tgl=2026-04-01, keterangan='An/2604-0037; Keterangan : ;') | [seq_in_keterangan] KRT/SYS/2604-0108 (id=55635, cabang=5, tgl=2026-04-01, keterangan='Wa/2604-0037; Keterangan : ;') | [seq_in_nobukti] KRT/SYS/2604-0037 (id=55564, cabang=5, tgl=2026-04-01, keterangan='Pa/2604-0038; Keterangan : ;') | [seq_in_keterangan] KRT/SYS/2604-0036 (id=55563, cabang=5, tgl=2026-04-01, keterangan='Pa/2604-0037; Keterangan : ;')"
