staging_nota,status,real_nota,cabang,tanggal
SB/FR/2601-0517,exact_nobukti,SB/FR/2601-0517,1,2026-01-07
SB/FR/2601-0513,exact_nobukti,SB/FR/2601-0513,1,2026-01-07
SB/FR/2601-0521,exact_nobukti,SB/FR/2601-0521,1,2026-01-07
SB/FR/2601-0514,exact_nobukti,SB/FR/2601-0514,1,2026-01-07
SB/FR/2601-0518,exact_nobukti,SB/FR/2601-0518,1,2026-01-07
SB/FR/2601-0516,exact_nobukti,SB/FR/2601-0516,1,2026-01-07
SB/FR/2601-0515,exact_nobukti,SB/FR/2601-0515,1,2026-01-07
SB/FR/2601-0520,exact_nobukti,SB/FR/2601-0520,1,2026-01-07
SB/FR/2601-0519,exact_nobukti,SB/FR/2601-0519,1,2026-01-07
NS/2601-0352,seq_in_nobukti,SB/WS/2601-0352,1,2026-01-28
NS/2601-0352,seq_in_nobukti,SB/FR/2601-0352,1,2026-01-05
NS/2601-0170,seq_in_nobukti,SB/NI/2601-0170,1,2026-01-27
NS/2601-0170,seq_in_nobukti,SB/VT/2601-0170,1,2026-01-25
NS/2601-0170,seq_in_nobukti,SB/WS/2601-0170,1,2026-01-25
NS/2601-0170,seq_in_nobukti,SB/FR/2601-0170,1,2026-01-03
NS/2601-0168,seq_in_nobukti,SB/NI/2601-0168,1,2026-01-27
NS/2601-0168,seq_in_nobukti,SB/VT/2601-0168,1,2026-01-25
NS/2601-0168,seq_in_nobukti,SB/WS/2601-0168,1,2026-01-25
NS/2601-0168,seq_in_nobukti,SB/FR/2601-0168,1,2026-01-03
PT/2601-0010,seq_in_nobukti,SB/PT/2601-0010,1,2026-01-21
PT/2601-0010,seq_in_nobukti,SB/WS/2601-0010,1,2026-01-15
PT/2601-0010,seq_in_nobukti,SB/VT/2601-0010,1,2026-01-15
PT/2601-0010,seq_in_nobukti,SB/NI/2601-0010,1,2026-01-15
PT/2601-0010,seq_in_nobukti,SB/FR/2601-0010,1,2026-01-02
FR/2601-0147,seq_in_nobukti,SB/NI/2601-0147,1,2026-01-27
FR/2601-0147,seq_in_nobukti,SB/VT/2601-0147,1,2026-01-25
FR/2601-0147,seq_in_nobukti,SB/WS/2601-0147,1,2026-01-24
FR/2601-0147,seq_in_nobukti,SB/FR/2601-0147,1,2026-01-03
NS/2601-0391,seq_in_nobukti,SB/WS/2601-0391,1,2026-01-31
NS/2601-0391,seq_in_nobukti,SB/FR/2601-0391,1,2026-01-06
PT/2601-0064,seq_in_nobukti,SB/VT/2601-0064,1,2026-01-23
PT/2601-0064,seq_in_nobukti,SB/WS/2601-0064,1,2026-01-16
PT/2601-0064,seq_in_nobukti,SB/NI/2601-0064,1,2026-01-16
PT/2601-0064,seq_in_nobukti,SB/FR/2601-0064,1,2026-01-02
PT/2601-0085,seq_in_nobukti,SB/VT/2601-0085,1,2026-01-23
PT/2601-0085,seq_in_nobukti,SB/NI/2601-0085,1,2026-01-21
PT/2601-0085,seq_in_nobukti,SB/WS/2601-0085,1,2026-01-21
PT/2601-0085,seq_in_nobukti,SB/FR/2601-0085,1,2026-01-03
PT/2601-0065,seq_in_nobukti,SB/VT/2601-0065,1,2026-01-23
PT/2601-0065,seq_in_nobukti,SB/WS/2601-0065,1,2026-01-16
PT/2601-0065,seq_in_nobukti,SB/NI/2601-0065,1,2026-01-16
PT/2601-0065,seq_in_nobukti,SB/FR/2601-0065,1,2026-01-02
PT/2601-0067,seq_in_nobukti,SB/VT/2601-0067,1,2026-01-23
PT/2601-0067,seq_in_nobukti,SB/WS/2601-0067,1,2026-01-21
PT/2601-0067,seq_in_nobukti,SB/NI/2601-0067,1,2026-01-16
PT/2601-0067,seq_in_nobukti,SB/FR/2601-0067,1,2026-01-02
NS/2601-0647,seq_in_nobukti,SB/FR/2601-0647,1,2026-01-09
PT/2601-0094,seq_in_nobukti,SB/VT/2601-0094,1,2026-01-24
PT/2601-0094,seq_in_nobukti,SB/WS/2601-0094,1,2026-01-23
PT/2601-0094,seq_in_nobukti,SB/NI/2601-0094,1,2026-01-21
PT/2601-0094,seq_in_nobukti,SB/FR/2601-0094,1,2026-01-03
PT/2601-0100,seq_in_nobukti,SB/VT/2601-0100,1,2026-01-24
PT/2601-0100,seq_in_nobukti,SB/WS/2601-0100,1,2026-01-23
PT/2601-0100,seq_in_nobukti,SB/NI/2601-0100,1,2026-01-21
PT/2601-0100,seq_in_nobukti,SB/FR/2601-0100,1,2026-01-03
PT/2601-0124,seq_in_nobukti,SB/NI/2601-0124,1,2026-01-25
PT/2601-0124,seq_in_nobukti,SB/VT/2601-0124,1,2026-01-24
PT/2601-0124,seq_in_nobukti,SB/WS/2601-0124,1,2026-01-23
PT/2601-0124,seq_in_nobukti,SB/FR/2601-0124,1,2026-01-03
FR/2601-0120,seq_in_nobukti,SB/VT/2601-0120,1,2026-01-24
FR/2601-0120,seq_in_nobukti,SB/WS/2601-0120,1,2026-01-23
FR/2601-0120,seq_in_nobukti,SB/NI/2601-0120,1,2026-01-21
FR/2601-0120,seq_in_nobukti,SB/FR/2601-0120,1,2026-01-03
NS/2601-0719,seq_in_nobukti,SB/FR/2601-0719,1,2026-01-10
PT/2601-0131,seq_in_nobukti,SB/NI/2601-0131,1,2026-01-26
PT/2601-0131,seq_in_nobukti,SB/VT/2601-0131,1,2026-01-24
PT/2601-0131,seq_in_nobukti,SB/WS/2601-0131,1,2026-01-23
PT/2601-0131,seq_in_nobukti,SB/FR/2601-0131,1,2026-01-03
PT/2601-0127,seq_in_nobukti,SB/NI/2601-0127,1,2026-01-26
PT/2601-0127,seq_in_nobukti,SB/VT/2601-0127,1,2026-01-24
PT/2601-0127,seq_in_nobukti,SB/WS/2601-0127,1,2026-01-23
PT/2601-0127,seq_in_nobukti,SB/FR/2601-0127,1,2026-01-03
FR/2601-0363,seq_in_nobukti,SB/WS/2601-0363,1,2026-01-30
FR/2601-0363,seq_in_nobukti,SB/FR/2601-0363,1,2026-01-05
FR/2601-0346,seq_in_nobukti,SB/NI/2601-0346,1,2026-02-11
FR/2601-0346,seq_in_nobukti,SB/WS/2601-0346,1,2026-01-28
FR/2601-0346,seq_in_nobukti,SB/FR/2601-0346,1,2026-01-05
FR/2601-0349,seq_in_nobukti,SB/NI/2601-0349,1,2026-02-11
FR/2601-0349,seq_in_nobukti,SB/WS/2601-0349,1,2026-01-28
FR/2601-0349,seq_in_nobukti,SB/FR/2601-0349,1,2026-01-05
PT/2601-0125,seq_in_nobukti,SB/NI/2601-0125,1,2026-01-25
PT/2601-0125,seq_in_nobukti,SB/VT/2601-0125,1,2026-01-24
PT/2601-0125,seq_in_nobukti,SB/WS/2601-0125,1,2026-01-23
PT/2601-0125,seq_in_nobukti,SB/FR/2601-0125,1,2026-01-03
FR/2601-0348,seq_in_nobukti,SB/NI/2601-0348,1,2026-02-11
FR/2601-0348,seq_in_nobukti,SB/WS/2601-0348,1,2026-01-28
FR/2601-0348,seq_in_nobukti,SB/FR/2601-0348,1,2026-01-05
FR/2601-0347,seq_in_nobukti,SB/NI/2601-0347,1,2026-02-11
FR/2601-0347,seq_in_nobukti,SB/WS/2601-0347,1,2026-01-28
FR/2601-0347,seq_in_nobukti,SB/FR/2601-0347,1,2026-01-05
FR/2601-0460,seq_in_nobukti,SB/FR/2601-0460,1,2026-01-06
AP/2601-0001,seq_in_nobukti,SB/WS/2601-0001,1,2026-01-15
AP/2601-0001,seq_in_nobukti,SB/PT/2601-0001,1,2026-01-15
AP/2601-0001,seq_in_nobukti,SB/VT/2601-0001,1,2026-01-15
AP/2601-0001,seq_in_nobukti,SB/NI/2601-0001,1,2026-01-15
AP/2601-0001,seq_in_nobukti,SB/RN/2601-0001,1,2026-01-07
AP/2601-0001,seq_in_nobukti,SB/FR/2601-0001,1,2026-01-02
FR/2601-0433,seq_in_nobukti,SB/WS/2601-0433,1,2026-02-11
FR/2601-0433,seq_in_nobukti,SB/FR/2601-0433,1,2026-01-06
FR/2601-0432,seq_in_nobukti,SB/WS/2601-0432,1,2026-02-11
FR/2601-0432,seq_in_nobukti,SB/FR/2601-0432,1,2026-01-06
FR/2601-0459,seq_in_nobukti,SB/FR/2601-0459,1,2026-01-06
PT/2601-0137,seq_in_nobukti,SB/NI/2601-0137,1,2026-01-26
PT/2601-0137,seq_in_nobukti,SB/VT/2601-0137,1,2026-01-24
PT/2601-0137,seq_in_nobukti,SB/WS/2601-0137,1,2026-01-24
PT/2601-0137,seq_in_nobukti,SB/FR/2601-0137,1,2026-01-03
PT/2601-0133,seq_in_nobukti,SB/NI/2601-0133,1,2026-01-26
PT/2601-0133,seq_in_nobukti,SB/VT/2601-0133,1,2026-01-24
PT/2601-0133,seq_in_nobukti,SB/WS/2601-0133,1,2026-01-23
PT/2601-0133,seq_in_nobukti,SB/FR/2601-0133,1,2026-01-03
FR/2601-0727,seq_in_nobukti,SB/FR/2601-0727,1,2026-01-10
FR/2601-0544,seq_in_nobukti,SB/FR/2601-0544,1,2026-01-08
FR/2601-0547,seq_in_nobukti,SB/FR/2601-0547,1,2026-01-08
FR/2601-0795,seq_in_nobukti,SB/FR/2601-0795,1,2026-01-11
FR/2601-0726,seq_in_nobukti,SB/FR/2601-0726,1,2026-01-10
FR/2601-0843,seq_in_nobukti,SB/FR/2601-0843,1,2026-01-11
FR/2601-0945,seq_in_nobukti,SB/FR/2601-0945,1,2026-01-12
FR/2601-0890,seq_in_nobukti,SB/FR/2601-0890,1,2026-01-11
FR/2601-0877,seq_in_nobukti,SB/FR/2601-0877,1,2026-01-11
FR/2601-0893,seq_in_nobukti,SB/FR/2601-0893,1,2026-01-11
PT/2602-0004,seq_in_nobukti,SB/SYS/2602-0004,1,2026-02-20
PT/2602-0004,seq_in_nobukti,KRT/SYS/2602-0004,5,2026-01-10
PT/2602-0004,seq_in_nobukti,SB/V2/2602-0004,1,2026-02-15
PT/2602-0004,seq_in_nobukti,MDR/SYS/2602-0004,4,2026-01-02
PT/2602-0004,seq_in_nobukti,SB/NI/2602-0004,1,2026-02-11
PT/2602-0004,seq_in_nobukti,SB/WS/2602-0004,1,2026-02-11
PT/2602-0004,seq_in_nobukti,SB/PT/2602-0004,1,2026-02-11
PT/2602-0004,seq_in_nobukti,SB/FR/2602-0004,1,2026-02-02
NS/2602-0122,seq_in_nobukti,SB/V2/2602-0122,1,2026-03-02
NS/2602-0122,seq_in_nobukti,SB/SYS/2602-0122,1,2026-02-21
NS/2602-0122,seq_in_nobukti,KRT/SYS/2602-0122,5,2026-01-10
NS/2602-0122,seq_in_nobukti,SB/WS/2602-0122,1,2026-02-13
NS/2602-0122,seq_in_nobukti,SB/NI/2602-0122,1,2026-02-13
NS/2602-0122,seq_in_nobukti,MDR/SYS/2602-0122,4,2026-01-03
NS/2602-0122,seq_in_nobukti,SB/FR/2602-0122,1,2026-02-03
NS/2602-0134,seq_in_nobukti,SB/V2/2602-0134,1,2026-03-02
NS/2602-0134,seq_in_nobukti,SB/SYS/2602-0134,1,2026-02-21
NS/2602-0134,seq_in_nobukti,KRT/SYS/2602-0134,5,2026-01-10
NS/2602-0134,seq_in_nobukti,SB/WS/2602-0134,1,2026-02-14
NS/2602-0134,seq_in_nobukti,SB/NI/2602-0134,1,2026-02-13
NS/2602-0134,seq_in_nobukti,MDR/SYS/2602-0134,4,2026-01-03
NS/2602-0134,seq_in_nobukti,SB/FR/2602-0134,1,2026-02-03
PT/2602-0010,seq_in_nobukti,SB/SYS/2602-0010,1,2026-02-20
PT/2602-0010,seq_in_nobukti,KRT/SYS/2602-0010,5,2026-01-10
PT/2602-0010,seq_in_nobukti,SB/V2/2602-0010,1,2026-02-16
PT/2602-0010,seq_in_nobukti,SB/PT/2602-0010,1,2026-02-12
PT/2602-0010,seq_in_nobukti,MDR/SYS/2602-0010,4,2026-01-02
PT/2602-0010,seq_in_nobukti,SB/NI/2602-0010,1,2026-02-11
PT/2602-0010,seq_in_nobukti,SB/WS/2602-0010,1,2026-02-11
PT/2602-0010,seq_in_nobukti,SB/FR/2602-0010,1,2026-02-02
NS/2602-0064,seq_in_nobukti,SB/V2/2602-0064,1,2026-02-22
NS/2602-0064,seq_in_nobukti,SB/SYS/2602-0064,1,2026-02-20
NS/2602-0064,seq_in_nobukti,KRT/SYS/2602-0064,5,2026-01-10
NS/2602-0064,seq_in_nobukti,SB/PT/2602-0064,1,2026-02-16
NS/2602-0064,seq_in_nobukti,SB/NI/2602-0064,1,2026-02-12
NS/2602-0064,seq_in_nobukti,SB/WS/2602-0064,1,2026-02-12
NS/2602-0064,seq_in_nobukti,MDR/SYS/2602-0064,4,2026-01-02
NS/2602-0064,seq_in_nobukti,SB/FR/2602-0064,1,2026-02-02
PT/2602-0014,seq_in_nobukti,SB/SYS/2602-0014,1,2026-02-20
PT/2602-0014,seq_in_nobukti,KRT/SYS/2602-0014,5,2026-01-10
PT/2602-0014,seq_in_nobukti,SB/V2/2602-0014,1,2026-02-16
PT/2602-0014,seq_in_nobukti,SB/PT/2602-0014,1,2026-02-13
PT/2602-0014,seq_in_nobukti,MDR/SYS/2602-0014,4,2026-01-02
PT/2602-0014,seq_in_nobukti,SB/NI/2602-0014,1,2026-02-11
PT/2602-0014,seq_in_nobukti,SB/WS/2602-0014,1,2026-02-11
PT/2602-0014,seq_in_nobukti,SB/FR/2602-0014,1,2026-02-02
PT/2602-0020,seq_in_nobukti,SB/SYS/2602-0020,1,2026-02-20
PT/2602-0020,seq_in_nobukti,KRT/SYS/2602-0020,5,2026-01-10
PT/2602-0020,seq_in_nobukti,SB/V2/2602-0020,1,2026-02-16
PT/2602-0020,seq_in_nobukti,SB/PT/2602-0020,1,2026-02-13
PT/2602-0020,seq_in_nobukti,MDR/SYS/2602-0020,4,2026-01-02
PT/2602-0020,seq_in_nobukti,SB/NI/2602-0020,1,2026-02-11
PT/2602-0020,seq_in_nobukti,SB/WS/2602-0020,1,2026-02-11
PT/2602-0020,seq_in_nobukti,SB/FR/2602-0020,1,2026-02-02
MDR/GI/2601-0035,seq_in_nobukti,SB/PT/2601-0035,1,2026-01-27
MDR/GI/2601-0035,seq_in_nobukti,SB/VT/2601-0035,1,2026-01-17
MDR/GI/2601-0035,seq_in_nobukti,SB/NI/2601-0035,1,2026-01-16
MDR/GI/2601-0035,seq_in_nobukti,SB/WS/2601-0035,1,2026-01-16
MDR/GI/2601-0035,seq_in_nobukti,SB/FR/2601-0035,1,2026-01-02
MDR/GI/2601-0034,seq_in_nobukti,SB/PT/2601-0034,1,2026-01-26
MDR/GI/2601-0034,seq_in_nobukti,SB/VT/2601-0034,1,2026-01-17
MDR/GI/2601-0034,seq_in_nobukti,SB/NI/2601-0034,1,2026-01-16
MDR/GI/2601-0034,seq_in_nobukti,SB/WS/2601-0034,1,2026-01-16
MDR/GI/2601-0034,seq_in_nobukti,SB/FR/2601-0034,1,2026-01-02
MDR/GI/2601-0036,seq_in_nobukti,SB/PT/2601-0036,1,2026-01-27
MDR/GI/2601-0036,seq_in_nobukti,SB/VT/2601-0036,1,2026-01-23
MDR/GI/2601-0036,seq_in_nobukti,SB/NI/2601-0036,1,2026-01-16
MDR/GI/2601-0036,seq_in_nobukti,SB/WS/2601-0036,1,2026-01-16
MDR/GI/2601-0036,seq_in_nobukti,SB/FR/2601-0036,1,2026-01-02
MDR/GI/2601-0004,seq_in_nobukti,SB/PT/2601-0004,1,2026-01-16
MDR/GI/2601-0004,seq_in_nobukti,SB/WS/2601-0004,1,2026-01-15
MDR/GI/2601-0004,seq_in_nobukti,SB/VT/2601-0004,1,2026-01-15
MDR/GI/2601-0004,seq_in_nobukti,SB/NI/2601-0004,1,2026-01-15
MDR/GI/2601-0004,seq_in_nobukti,SB/FR/2601-0004,1,2026-01-02
MDR/GI/2601-0146,seq_in_nobukti,SB/NI/2601-0146,1,2026-01-27
MDR/GI/2601-0146,seq_in_nobukti,SB/VT/2601-0146,1,2026-01-25
MDR/GI/2601-0146,seq_in_nobukti,SB/WS/2601-0146,1,2026-01-24
MDR/GI/2601-0146,seq_in_nobukti,SB/FR/2601-0146,1,2026-01-03
MDR/GI/2601-0179,seq_in_nobukti,SB/NI/2601-0179,1,2026-01-27
MDR/GI/2601-0179,seq_in_nobukti,SB/VT/2601-0179,1,2026-01-25
MDR/GI/2601-0179,seq_in_nobukti,SB/WS/2601-0179,1,2026-01-25
MDR/GI/2601-0179,seq_in_nobukti,SB/FR/2601-0179,1,2026-01-03
MDR/GI/2601-0253,seq_in_nobukti,SB/NI/2601-0253,1,2026-01-30
MDR/GI/2601-0253,seq_in_nobukti,SB/WS/2601-0253,1,2026-01-26
MDR/GI/2601-0253,seq_in_nobukti,SB/FR/2601-0253,1,2026-01-04
MDR/GI/2601-0196,seq_in_nobukti,SB/NI/2601-0196,1,2026-01-27
MDR/GI/2601-0196,seq_in_nobukti,SB/VT/2601-0196,1,2026-01-26
MDR/GI/2601-0196,seq_in_nobukti,SB/WS/2601-0196,1,2026-01-25
MDR/GI/2601-0196,seq_in_nobukti,SB/FR/2601-0196,1,2026-01-04
MDR/GI/2601-0254,seq_in_nobukti,SB/NI/2601-0254,1,2026-01-30
MDR/GI/2601-0254,seq_in_nobukti,SB/WS/2601-0254,1,2026-01-26
MDR/GI/2601-0254,seq_in_nobukti,SB/FR/2601-0254,1,2026-01-04
MDR/GI/2601-0170,seq_in_nobukti,SB/NI/2601-0170,1,2026-01-27
MDR/GI/2601-0170,seq_in_nobukti,SB/VT/2601-0170,1,2026-01-25
MDR/GI/2601-0170,seq_in_nobukti,SB/WS/2601-0170,1,2026-01-25
MDR/GI/2601-0170,seq_in_nobukti,SB/FR/2601-0170,1,2026-01-03
MDR/GI/2601-0233,seq_in_nobukti,SB/NI/2601-0233,1,2026-01-28
MDR/GI/2601-0233,seq_in_nobukti,SB/WS/2601-0233,1,2026-01-26
MDR/GI/2601-0233,seq_in_nobukti,SB/FR/2601-0233,1,2026-01-04
MDR/GI/2601-0234,seq_in_nobukti,SB/NI/2601-0234,1,2026-01-28
MDR/GI/2601-0234,seq_in_nobukti,SB/WS/2601-0234,1,2026-01-26
MDR/GI/2601-0234,seq_in_nobukti,SB/FR/2601-0234,1,2026-01-04
MDR/MD/2601-0975,seq_in_nobukti,SB/FR/2601-0975,1,2026-01-12
MDR/CS/2602-0001,seq_in_nobukti,SB/RN/2602-0001,1,2026-02-22
MDR/CS/2602-0001,seq_in_nobukti,SB/SYS/2602-0001,1,2026-02-20
MDR/CS/2602-0001,seq_in_nobukti,KRT/SYS/2602-0001,5,2026-01-10
MDR/CS/2602-0001,seq_in_nobukti,SB/V2/2602-0001,1,2026-02-15
MDR/CS/2602-0001,seq_in_nobukti,MDR/SYS/2602-0001,4,2026-01-02
MDR/CS/2602-0001,seq_in_nobukti,SB/NI/2602-0001,1,2026-02-11
MDR/CS/2602-0001,seq_in_nobukti,SB/WS/2602-0001,1,2026-02-11
MDR/CS/2602-0001,seq_in_nobukti,SB/PT/2602-0001,1,2026-02-11
MDR/CS/2602-0001,seq_in_nobukti,SB/FR/2602-0001,1,2026-02-02
MDR/GI/2601-0264,seq_in_nobukti,SB/NI/2601-0264,1,2026-01-30
MDR/GI/2601-0264,seq_in_nobukti,SB/WS/2601-0264,1,2026-01-26
MDR/GI/2601-0264,seq_in_nobukti,SB/FR/2601-0264,1,2026-01-04
MDR/GI/2601-0262,seq_in_nobukti,SB/NI/2601-0262,1,2026-01-30
MDR/GI/2601-0262,seq_in_nobukti,SB/WS/2601-0262,1,2026-01-26
MDR/GI/2601-0262,seq_in_nobukti,SB/FR/2601-0262,1,2026-01-04
MDR/GI/2601-0244,seq_in_nobukti,SB/NI/2601-0244,1,2026-01-28
MDR/GI/2601-0244,seq_in_nobukti,SB/WS/2601-0244,1,2026-01-26
MDR/GI/2601-0244,seq_in_nobukti,SB/FR/2601-0244,1,2026-01-04
MDR/CS/2601-0031,seq_in_nobukti,SB/PT/2601-0031,1,2026-01-26
MDR/CS/2601-0031,seq_in_nobukti,SB/VT/2601-0031,1,2026-01-16
MDR/CS/2601-0031,seq_in_nobukti,SB/WS/2601-0031,1,2026-01-15
MDR/CS/2601-0031,seq_in_nobukti,SB/NI/2601-0031,1,2026-01-15
MDR/CS/2601-0031,seq_in_nobukti,SB/FR/2601-0031,1,2026-01-02
MDR/GI/2602-0105,seq_in_nobukti,SB/V2/2602-0105,1,2026-02-27
MDR/GI/2602-0105,seq_in_nobukti,SB/SYS/2602-0105,1,2026-02-21
MDR/GI/2602-0105,seq_in_nobukti,KRT/SYS/2602-0105,5,2026-01-10
MDR/GI/2602-0105,seq_in_nobukti,SB/WS/2602-0105,1,2026-02-13
MDR/GI/2602-0105,seq_in_nobukti,SB/NI/2602-0105,1,2026-02-13
MDR/GI/2602-0105,seq_in_nobukti,MDR/SYS/2602-0105,4,2026-01-03
MDR/GI/2602-0105,seq_in_nobukti,SB/FR/2602-0105,1,2026-02-02
MDR/GI/2602-0016,seq_in_nobukti,SB/SYS/2602-0016,1,2026-02-20
MDR/GI/2602-0016,seq_in_nobukti,KRT/SYS/2602-0016,5,2026-01-10
MDR/GI/2602-0016,seq_in_nobukti,SB/V2/2602-0016,1,2026-02-16
MDR/GI/2602-0016,seq_in_nobukti,SB/PT/2602-0016,1,2026-02-13
MDR/GI/2602-0016,seq_in_nobukti,MDR/SYS/2602-0016,4,2026-01-02
MDR/GI/2602-0016,seq_in_nobukti,SB/NI/2602-0016,1,2026-02-11
MDR/GI/2602-0016,seq_in_nobukti,SB/WS/2602-0016,1,2026-02-11
MDR/GI/2602-0016,seq_in_nobukti,SB/FR/2602-0016,1,2026-02-02
MDR/GI/2602-0035,seq_in_nobukti,SB/SYS/2602-0035,1,2026-02-20
MDR/GI/2602-0035,seq_in_nobukti,KRT/SYS/2602-0035,5,2026-01-10
MDR/GI/2602-0035,seq_in_nobukti,SB/V2/2602-0035,1,2026-02-16
MDR/GI/2602-0035,seq_in_nobukti,SB/PT/2602-0035,1,2026-02-14
MDR/GI/2602-0035,seq_in_nobukti,SB/WS/2602-0035,1,2026-02-12
MDR/GI/2602-0035,seq_in_nobukti,MDR/SYS/2602-0035,4,2026-01-02
MDR/GI/2602-0035,seq_in_nobukti,SB/NI/2602-0035,1,2026-02-12
MDR/GI/2602-0035,seq_in_nobukti,SB/FR/2602-0035,1,2026-02-02
MDR/CS/2602-0008,seq_in_nobukti,SB/SYS/2602-0008,1,2026-02-20
MDR/CS/2602-0008,seq_in_nobukti,KRT/SYS/2602-0008,5,2026-01-10
MDR/CS/2602-0008,seq_in_nobukti,SB/V2/2602-0008,1,2026-02-15
MDR/CS/2602-0008,seq_in_nobukti,SB/PT/2602-0008,1,2026-02-12
MDR/CS/2602-0008,seq_in_nobukti,MDR/SYS/2602-0008,4,2026-01-02
MDR/CS/2602-0008,seq_in_nobukti,SB/NI/2602-0008,1,2026-02-11
MDR/CS/2602-0008,seq_in_nobukti,SB/WS/2602-0008,1,2026-02-11
MDR/CS/2602-0008,seq_in_nobukti,SB/FR/2602-0008,1,2026-02-02
MDR/GI/2602-0083,seq_in_nobukti,SB/PT/2602-0083,1,2026-03-02
MDR/GI/2602-0083,seq_in_nobukti,SB/V2/2602-0083,1,2026-02-22
MDR/GI/2602-0083,seq_in_nobukti,SB/SYS/2602-0083,1,2026-02-21
MDR/GI/2602-0083,seq_in_nobukti,KRT/SYS/2602-0083,5,2026-01-10
MDR/GI/2602-0083,seq_in_nobukti,SB/WS/2602-0083,1,2026-02-13
MDR/GI/2602-0083,seq_in_nobukti,SB/NI/2602-0083,1,2026-02-12
MDR/GI/2602-0083,seq_in_nobukti,MDR/SYS/2602-0083,4,2026-01-03
MDR/GI/2602-0083,seq_in_nobukti,SB/FR/2602-0083,1,2026-02-02
MDR/GI/2602-0115,seq_in_nobukti,SB/V2/2602-0115,1,2026-02-27
MDR/GI/2602-0115,seq_in_nobukti,SB/SYS/2602-0115,1,2026-02-21
MDR/GI/2602-0115,seq_in_nobukti,KRT/SYS/2602-0115,5,2026-01-10
MDR/GI/2602-0115,seq_in_nobukti,SB/WS/2602-0115,1,2026-02-13
MDR/GI/2602-0115,seq_in_nobukti,SB/NI/2602-0115,1,2026-02-13
MDR/GI/2602-0115,seq_in_nobukti,MDR/SYS/2602-0115,4,2026-01-03
MDR/GI/2602-0115,seq_in_nobukti,SB/FR/2602-0115,1,2026-02-02
MDR/GI/2602-0142,seq_in_nobukti,SB/V2/2602-0142,1,2026-03-02
MDR/GI/2602-0142,seq_in_nobukti,SB/SYS/2602-0142,1,2026-02-21
MDR/GI/2602-0142,seq_in_nobukti,KRT/SYS/2602-0142,5,2026-01-10
MDR/GI/2602-0142,seq_in_nobukti,SB/WS/2602-0142,1,2026-02-14
MDR/GI/2602-0142,seq_in_nobukti,SB/NI/2602-0142,1,2026-02-14
MDR/GI/2602-0142,seq_in_nobukti,MDR/SYS/2602-0142,4,2026-01-03
MDR/GI/2602-0142,seq_in_nobukti,SB/FR/2602-0142,1,2026-02-03
MDR/GI/2602-0276,seq_in_nobukti,SB/WS/2602-0276,1,2026-02-27
MDR/GI/2602-0276,seq_in_nobukti,SB/SYS/2602-0276,1,2026-02-23
MDR/GI/2602-0276,seq_in_nobukti,KRT/SYS/2602-0276,5,2026-01-11
MDR/GI/2602-0276,seq_in_nobukti,SB/NI/2602-0276,1,2026-02-15
MDR/GI/2602-0276,seq_in_nobukti,MDR/SYS/2602-0276,4,2026-01-05
MDR/GI/2602-0276,seq_in_nobukti,SB/FR/2602-0276,1,2026-02-04
MDR/GI/2602-0164,seq_in_nobukti,SB/V2/2602-0164,1,2026-03-02
MDR/GI/2602-0164,seq_in_nobukti,SB/SYS/2602-0164,1,2026-02-21
MDR/GI/2602-0164,seq_in_nobukti,KRT/SYS/2602-0164,5,2026-01-10
MDR/GI/2602-0164,seq_in_nobukti,SB/NI/2602-0164,1,2026-02-14
MDR/GI/2602-0164,seq_in_nobukti,SB/WS/2602-0164,1,2026-02-14
MDR/GI/2602-0164,seq_in_nobukti,MDR/SYS/2602-0164,4,2026-01-03
MDR/GI/2602-0164,seq_in_nobukti,SB/FR/2602-0164,1,2026-02-03
MDR/GI/2602-0355,seq_in_nobukti,SB/SYS/2602-0355,1,2026-02-24
MDR/GI/2602-0355,seq_in_nobukti,KRT/SYS/2602-0355,5,2026-01-11
MDR/GI/2602-0355,seq_in_nobukti,SB/NI/2602-0355,1,2026-02-16
MDR/GI/2602-0355,seq_in_nobukti,MDR/SYS/2602-0355,4,2026-01-05
MDR/GI/2602-0355,seq_in_nobukti,SB/FR/2602-0355,1,2026-02-05
MDR/GI/2602-0129,seq_in_nobukti,SB/V2/2602-0129,1,2026-03-02
MDR/GI/2602-0129,seq_in_nobukti,SB/SYS/2602-0129,1,2026-02-21
MDR/GI/2602-0129,seq_in_nobukti,KRT/SYS/2602-0129,5,2026-01-10
MDR/GI/2602-0129,seq_in_nobukti,SB/WS/2602-0129,1,2026-02-14
MDR/GI/2602-0129,seq_in_nobukti,SB/NI/2602-0129,1,2026-02-13
MDR/GI/2602-0129,seq_in_nobukti,MDR/SYS/2602-0129,4,2026-01-03
MDR/GI/2602-0129,seq_in_nobukti,SB/FR/2602-0129,1,2026-02-03
MDR/GI/2602-0265,seq_in_nobukti,SB/WS/2602-0265,1,2026-02-27
MDR/GI/2602-0265,seq_in_nobukti,SB/SYS/2602-0265,1,2026-02-23
MDR/GI/2602-0265,seq_in_nobukti,KRT/SYS/2602-0265,5,2026-01-11
MDR/GI/2602-0265,seq_in_nobukti,SB/NI/2602-0265,1,2026-02-15
MDR/GI/2602-0265,seq_in_nobukti,MDR/SYS/2602-0265,4,2026-01-05
MDR/GI/2602-0265,seq_in_nobukti,SB/FR/2602-0265,1,2026-02-04
MDR/GI/2602-0325,seq_in_nobukti,SB/SYS/2602-0325,1,2026-02-24
MDR/GI/2602-0325,seq_in_nobukti,KRT/SYS/2602-0325,5,2026-01-11
MDR/GI/2602-0325,seq_in_nobukti,SB/NI/2602-0325,1,2026-02-16
MDR/GI/2602-0325,seq_in_nobukti,MDR/SYS/2602-0325,4,2026-01-05
MDR/GI/2602-0325,seq_in_nobukti,SB/FR/2602-0325,1,2026-02-04
MDR/MD/2602-1117,seq_in_nobukti,KRT/SYS/2602-1117,5,2026-01-14
MDR/MD/2602-1117,seq_in_nobukti,SB/FR/2602-1117,1,2026-02-17
MDR/MD/2602-1117,seq_in_nobukti,MDR/SYS/2602-1117,4,2026-01-15
MDR/GI/2603-0012,seq_in_nobukti,MDR/ARV/2603-0012,4,2026-03-28
MDR/GI/2603-0012,seq_in_nobukti,MDR/OC/2603-0012,4,2026-03-28
MDR/GI/2603-0012,seq_in_nobukti,MDR/RA/2603-0012,4,2026-03-28
MDR/GI/2603-0012,seq_in_nobukti,SB/WS/2603-0012,1,2026-03-06
MDR/GI/2603-0012,seq_in_nobukti,SB/PT/2603-0012,1,2026-03-04
MDR/GI/2603-0012,seq_in_nobukti,SB/V2/2603-0012,1,2026-03-03
MDR/GI/2603-0012,seq_in_nobukti,SB/NI/2603-0012,1,2026-03-03
MDR/GI/2603-0012,seq_in_nobukti,KRT/SYS/2603-0012,5,2026-02-28
MDR/GI/2603-0012,seq_in_nobukti,MDR/SYS/2603-0012,4,2026-02-28
MDR/GI/2603-0012,seq_in_nobukti,SB/SYS/2603-0012,1,2026-02-28
MDR/GI/2602-0369,seq_in_nobukti,SB/SYS/2602-0369,1,2026-02-24
MDR/GI/2602-0369,seq_in_nobukti,SB/NI/2602-0369,1,2026-02-22
MDR/GI/2602-0369,seq_in_nobukti,KRT/SYS/2602-0369,5,2026-01-11
MDR/GI/2602-0369,seq_in_nobukti,MDR/SYS/2602-0369,4,2026-01-06
MDR/GI/2602-0369,seq_in_nobukti,SB/FR/2602-0369,1,2026-02-05
MDR/GI/2603-0032,seq_in_nobukti,MDR/RA/2603-0032,4,2026-03-29
MDR/GI/2603-0032,seq_in_nobukti,MDR/ARV/2603-0032,4,2026-03-28
MDR/GI/2603-0032,seq_in_nobukti,MDR/OC/2603-0032,4,2026-03-28
MDR/GI/2603-0032,seq_in_nobukti,SB/WS/2603-0032,1,2026-03-06
MDR/GI/2603-0032,seq_in_nobukti,SB/PT/2603-0032,1,2026-03-06
MDR/GI/2603-0032,seq_in_nobukti,SB/V2/2603-0032,1,2026-03-03
MDR/GI/2603-0032,seq_in_nobukti,SB/NI/2603-0032,1,2026-03-03
MDR/GI/2603-0032,seq_in_nobukti,KRT/SYS/2603-0032,5,2026-02-28
MDR/GI/2603-0032,seq_in_nobukti,MDR/SYS/2603-0032,4,2026-02-28
MDR/GI/2603-0032,seq_in_nobukti,SB/SYS/2603-0032,1,2026-02-28
MDR/GI/2602-0343,seq_in_nobukti,SB/SYS/2602-0343,1,2026-02-24
MDR/GI/2602-0343,seq_in_nobukti,KRT/SYS/2602-0343,5,2026-01-11
MDR/GI/2602-0343,seq_in_nobukti,SB/NI/2602-0343,1,2026-02-16
MDR/GI/2602-0343,seq_in_nobukti,MDR/SYS/2602-0343,4,2026-01-05
MDR/GI/2602-0343,seq_in_nobukti,SB/FR/2602-0343,1,2026-02-04
MDR/GI/2602-0363,seq_in_nobukti,SB/SYS/2602-0363,1,2026-02-24
MDR/GI/2602-0363,seq_in_nobukti,SB/NI/2602-0363,1,2026-02-22
MDR/GI/2602-0363,seq_in_nobukti,KRT/SYS/2602-0363,5,2026-01-11
MDR/GI/2602-0363,seq_in_nobukti,MDR/SYS/2602-0363,4,2026-01-05
MDR/GI/2602-0363,seq_in_nobukti,SB/FR/2602-0363,1,2026-02-05
MDR/GI/2602-0344,seq_in_nobukti,SB/SYS/2602-0344,1,2026-02-24
MDR/GI/2602-0344,seq_in_nobukti,KRT/SYS/2602-0344,5,2026-01-11
MDR/GI/2602-0344,seq_in_nobukti,SB/NI/2602-0344,1,2026-02-16
MDR/GI/2602-0344,seq_in_nobukti,MDR/SYS/2602-0344,4,2026-01-05
MDR/GI/2602-0344,seq_in_nobukti,SB/FR/2602-0344,1,2026-02-04
MDR/GI/2603-0056,seq_in_nobukti,MDR/RA/2603-0056,4,2026-03-29
MDR/GI/2603-0056,seq_in_nobukti,MDR/OC/2603-0056,4,2026-03-29
MDR/GI/2603-0056,seq_in_nobukti,MDR/ARV/2603-0056,4,2026-03-29
MDR/GI/2603-0056,seq_in_nobukti,SB/PT/2603-0056,1,2026-03-10
MDR/GI/2603-0056,seq_in_nobukti,SB/WS/2603-0056,1,2026-03-07
MDR/GI/2603-0056,seq_in_nobukti,SB/V2/2603-0056,1,2026-03-04
MDR/GI/2603-0056,seq_in_nobukti,SB/NI/2603-0056,1,2026-03-03
MDR/GI/2603-0056,seq_in_nobukti,KRT/SYS/2603-0056,5,2026-02-28
MDR/GI/2603-0056,seq_in_nobukti,MDR/SYS/2603-0056,4,2026-02-28
MDR/GI/2603-0056,seq_in_nobukti,SB/SYS/2603-0056,1,2026-02-28
MDR/GI/2603-0042,seq_in_nobukti,MDR/RA/2603-0042,4,2026-03-29
MDR/GI/2603-0042,seq_in_nobukti,MDR/OC/2603-0042,4,2026-03-29
MDR/GI/2603-0042,seq_in_nobukti,MDR/ARV/2603-0042,4,2026-03-28
MDR/GI/2603-0042,seq_in_nobukti,SB/PT/2603-0042,1,2026-03-08
MDR/GI/2603-0042,seq_in_nobukti,SB/WS/2603-0042,1,2026-03-07
MDR/GI/2603-0042,seq_in_nobukti,SB/V2/2603-0042,1,2026-03-03
MDR/GI/2603-0042,seq_in_nobukti,SB/NI/2603-0042,1,2026-03-03
MDR/GI/2603-0042,seq_in_nobukti,KRT/SYS/2603-0042,5,2026-02-28
MDR/GI/2603-0042,seq_in_nobukti,MDR/SYS/2603-0042,4,2026-02-28
MDR/GI/2603-0042,seq_in_nobukti,SB/SYS/2603-0042,1,2026-02-28
MDR/GI/2603-0041,seq_in_nobukti,MDR/RA/2603-0041,4,2026-03-29
MDR/GI/2603-0041,seq_in_nobukti,MDR/OC/2603-0041,4,2026-03-29
MDR/GI/2603-0041,seq_in_nobukti,MDR/ARV/2603-0041,4,2026-03-28
MDR/GI/2603-0041,seq_in_nobukti,SB/PT/2603-0041,1,2026-03-08
MDR/GI/2603-0041,seq_in_nobukti,SB/WS/2603-0041,1,2026-03-07
MDR/GI/2603-0041,seq_in_nobukti,SB/V2/2603-0041,1,2026-03-03
MDR/GI/2603-0041,seq_in_nobukti,SB/NI/2603-0041,1,2026-03-03
MDR/GI/2603-0041,seq_in_nobukti,KRT/SYS/2603-0041,5,2026-02-28
MDR/GI/2603-0041,seq_in_nobukti,MDR/SYS/2603-0041,4,2026-02-28
MDR/GI/2603-0041,seq_in_nobukti,SB/SYS/2603-0041,1,2026-02-28
MDR/GI/2603-0098,seq_in_nobukti,MDR/RA/2603-0098,4,2026-03-31
MDR/GI/2603-0098,seq_in_nobukti,MDR/OC/2603-0098,4,2026-03-31
MDR/GI/2603-0098,seq_in_nobukti,MDR/ARV/2603-0098,4,2026-03-30
MDR/GI/2603-0098,seq_in_nobukti,SB/PT/2603-0098,1,2026-03-13
MDR/GI/2603-0098,seq_in_nobukti,SB/WS/2603-0098,1,2026-03-08
MDR/GI/2603-0098,seq_in_nobukti,SB/NI/2603-0098,1,2026-03-04
MDR/GI/2603-0098,seq_in_nobukti,SB/V2/2603-0098,1,2026-03-04
MDR/GI/2603-0098,seq_in_nobukti,KRT/SYS/2603-0098,5,2026-02-28
MDR/GI/2603-0098,seq_in_nobukti,MDR/SYS/2603-0098,4,2026-02-28
MDR/GI/2603-0098,seq_in_nobukti,SB/SYS/2603-0098,1,2026-02-28
MDR/GI/2603-0027,seq_in_nobukti,MDR/ARV/2603-0027,4,2026-03-28
MDR/GI/2603-0027,seq_in_nobukti,MDR/OC/2603-0027,4,2026-03-28
MDR/GI/2603-0027,seq_in_nobukti,MDR/RA/2603-0027,4,2026-03-28
MDR/GI/2603-0027,seq_in_nobukti,SB/WS/2603-0027,1,2026-03-06
MDR/GI/2603-0027,seq_in_nobukti,SB/PT/2603-0027,1,2026-03-06
MDR/GI/2603-0027,seq_in_nobukti,SB/V2/2603-0027,1,2026-03-03
MDR/GI/2603-0027,seq_in_nobukti,SB/NI/2603-0027,1,2026-03-03
MDR/GI/2603-0027,seq_in_nobukti,KRT/SYS/2603-0027,5,2026-02-28
MDR/GI/2603-0027,seq_in_nobukti,MDR/SYS/2603-0027,4,2026-02-28
MDR/GI/2603-0027,seq_in_nobukti,SB/SYS/2603-0027,1,2026-02-28
MDR/GI/2603-0023,seq_in_nobukti,MDR/ARV/2603-0023,4,2026-03-28
MDR/GI/2603-0023,seq_in_nobukti,MDR/OC/2603-0023,4,2026-03-28
MDR/GI/2603-0023,seq_in_nobukti,MDR/RA/2603-0023,4,2026-03-28
MDR/GI/2603-0023,seq_in_nobukti,SB/WS/2603-0023,1,2026-03-06
MDR/GI/2603-0023,seq_in_nobukti,SB/PT/2603-0023,1,2026-03-06
MDR/GI/2603-0023,seq_in_nobukti,SB/V2/2603-0023,1,2026-03-03
MDR/GI/2603-0023,seq_in_nobukti,SB/NI/2603-0023,1,2026-03-03
MDR/GI/2603-0023,seq_in_nobukti,KRT/SYS/2603-0023,5,2026-02-28
MDR/GI/2603-0023,seq_in_nobukti,MDR/SYS/2603-0023,4,2026-02-28
MDR/GI/2603-0023,seq_in_nobukti,SB/SYS/2603-0023,1,2026-02-28
MDR/GI/2603-0018,seq_in_nobukti,MDR/ARV/2603-0018,4,2026-03-28
MDR/GI/2603-0018,seq_in_nobukti,MDR/OC/2603-0018,4,2026-03-28
MDR/GI/2603-0018,seq_in_nobukti,MDR/RA/2603-0018,4,2026-03-28
MDR/GI/2603-0018,seq_in_nobukti,SB/WS/2603-0018,1,2026-03-06
MDR/GI/2603-0018,seq_in_nobukti,SB/PT/2603-0018,1,2026-03-05
MDR/GI/2603-0018,seq_in_nobukti,SB/V2/2603-0018,1,2026-03-03
MDR/GI/2603-0018,seq_in_nobukti,SB/NI/2603-0018,1,2026-03-03
MDR/GI/2603-0018,seq_in_nobukti,KRT/SYS/2603-0018,5,2026-02-28
MDR/GI/2603-0018,seq_in_nobukti,MDR/SYS/2603-0018,4,2026-02-28
MDR/GI/2603-0018,seq_in_nobukti,SB/SYS/2603-0018,1,2026-02-28
MDR/GI/2603-0097,seq_in_nobukti,MDR/RA/2603-0097,4,2026-03-31
MDR/GI/2603-0097,seq_in_nobukti,MDR/OC/2603-0097,4,2026-03-31
MDR/GI/2603-0097,seq_in_nobukti,MDR/ARV/2603-0097,4,2026-03-30
MDR/GI/2603-0097,seq_in_nobukti,SB/PT/2603-0097,1,2026-03-13
MDR/GI/2603-0097,seq_in_nobukti,SB/WS/2603-0097,1,2026-03-08
MDR/GI/2603-0097,seq_in_nobukti,SB/NI/2603-0097,1,2026-03-04
MDR/GI/2603-0097,seq_in_nobukti,SB/V2/2603-0097,1,2026-03-04
MDR/GI/2603-0097,seq_in_nobukti,KRT/SYS/2603-0097,5,2026-02-28
MDR/GI/2603-0097,seq_in_nobukti,MDR/SYS/2603-0097,4,2026-02-28
MDR/GI/2603-0097,seq_in_nobukti,SB/SYS/2603-0097,1,2026-02-28
MDR/GI/2603-0081,seq_in_nobukti,MDR/RA/2603-0081,4,2026-03-30
MDR/GI/2603-0081,seq_in_nobukti,MDR/ARV/2603-0081,4,2026-03-30
MDR/GI/2603-0081,seq_in_nobukti,MDR/OC/2603-0081,4,2026-03-30
MDR/GI/2603-0081,seq_in_nobukti,SB/PT/2603-0081,1,2026-03-12
MDR/GI/2603-0081,seq_in_nobukti,SB/WS/2603-0081,1,2026-03-07
MDR/GI/2603-0081,seq_in_nobukti,SB/NI/2603-0081,1,2026-03-04
MDR/GI/2603-0081,seq_in_nobukti,SB/V2/2603-0081,1,2026-03-04
MDR/GI/2603-0081,seq_in_nobukti,KRT/SYS/2603-0081,5,2026-02-28
MDR/GI/2603-0081,seq_in_nobukti,MDR/SYS/2603-0081,4,2026-02-28
MDR/GI/2603-0081,seq_in_nobukti,SB/SYS/2603-0081,1,2026-02-28
MDR/GI/2603-0131,seq_in_nobukti,MDR/RA/2603-0131,4,2026-04-01
MDR/GI/2603-0131,seq_in_nobukti,MDR/ARV/2603-0131,4,2026-04-01
MDR/GI/2603-0131,seq_in_nobukti,MDR/OC/2603-0131,4,2026-03-31
MDR/GI/2603-0131,seq_in_nobukti,SB/PT/2603-0131,1,2026-03-16
MDR/GI/2603-0131,seq_in_nobukti,SB/WS/2603-0131,1,2026-03-08
MDR/GI/2603-0131,seq_in_nobukti,SB/V2/2603-0131,1,2026-03-05
MDR/GI/2603-0131,seq_in_nobukti,SB/NI/2603-0131,1,2026-03-05
MDR/GI/2603-0131,seq_in_nobukti,MDR/SYS/2603-0131,4,2026-03-01
MDR/GI/2603-0131,seq_in_nobukti,SB/SYS/2603-0131,1,2026-03-01
MDR/GI/2603-0131,seq_in_nobukti,KRT/SYS/2603-0131,5,2026-02-28
MDR/GI/2603-0153,seq_in_nobukti,MDR/OC/2603-0153,4,2026-04-01
MDR/GI/2603-0153,seq_in_nobukti,SB/PT/2603-0153,1,2026-03-16
MDR/GI/2603-0153,seq_in_nobukti,SB/WS/2603-0153,1,2026-03-08
MDR/GI/2603-0153,seq_in_nobukti,SB/V2/2603-0153,1,2026-03-06
MDR/GI/2603-0153,seq_in_nobukti,SB/NI/2603-0153,1,2026-03-05
MDR/GI/2603-0153,seq_in_nobukti,MDR/SYS/2603-0153,4,2026-03-01
MDR/GI/2603-0153,seq_in_nobukti,SB/SYS/2603-0153,1,2026-03-01
MDR/GI/2603-0153,seq_in_nobukti,KRT/SYS/2603-0153,5,2026-02-28
MDR/GI/2603-0159,seq_in_nobukti,MDR/OC/2603-0159,4,2026-04-01
MDR/GI/2603-0159,seq_in_nobukti,SB/PT/2603-0159,1,2026-03-16
MDR/GI/2603-0159,seq_in_nobukti,SB/WS/2603-0159,1,2026-03-08
MDR/GI/2603-0159,seq_in_nobukti,SB/V2/2603-0159,1,2026-03-06
MDR/GI/2603-0159,seq_in_nobukti,SB/NI/2603-0159,1,2026-03-05
MDR/GI/2603-0159,seq_in_nobukti,MDR/SYS/2603-0159,4,2026-03-01
MDR/GI/2603-0159,seq_in_nobukti,SB/SYS/2603-0159,1,2026-03-01
MDR/GI/2603-0159,seq_in_nobukti,KRT/SYS/2603-0159,5,2026-02-28
MDR/CS/2603-0020,seq_in_nobukti,MDR/ARV/2603-0020,4,2026-03-28
MDR/CS/2603-0020,seq_in_nobukti,MDR/OC/2603-0020,4,2026-03-28
MDR/CS/2603-0020,seq_in_nobukti,MDR/RA/2603-0020,4,2026-03-28
MDR/CS/2603-0020,seq_in_nobukti,SB/WS/2603-0020,1,2026-03-06
MDR/CS/2603-0020,seq_in_nobukti,SB/PT/2603-0020,1,2026-03-06
MDR/CS/2603-0020,seq_in_nobukti,SB/V2/2603-0020,1,2026-03-03
MDR/CS/2603-0020,seq_in_nobukti,SB/NI/2603-0020,1,2026-03-03
MDR/CS/2603-0020,seq_in_nobukti,KRT/SYS/2603-0020,5,2026-02-28
MDR/CS/2603-0020,seq_in_nobukti,MDR/SYS/2603-0020,4,2026-02-28
MDR/CS/2603-0020,seq_in_nobukti,SB/SYS/2603-0020,1,2026-02-28
MDR/GI/2603-0080,seq_in_nobukti,MDR/RA/2603-0080,4,2026-03-30
MDR/GI/2603-0080,seq_in_nobukti,MDR/ARV/2603-0080,4,2026-03-30
MDR/GI/2603-0080,seq_in_nobukti,MDR/OC/2603-0080,4,2026-03-30
MDR/GI/2603-0080,seq_in_nobukti,SB/PT/2603-0080,1,2026-03-12
MDR/GI/2603-0080,seq_in_nobukti,SB/WS/2603-0080,1,2026-03-07
MDR/GI/2603-0080,seq_in_nobukti,SB/NI/2603-0080,1,2026-03-04
MDR/GI/2603-0080,seq_in_nobukti,SB/V2/2603-0080,1,2026-03-04
MDR/GI/2603-0080,seq_in_nobukti,KRT/SYS/2603-0080,5,2026-02-28
MDR/GI/2603-0080,seq_in_nobukti,MDR/SYS/2603-0080,4,2026-02-28
MDR/GI/2603-0080,seq_in_nobukti,SB/SYS/2603-0080,1,2026-02-28
MDR/GI/2603-0079,seq_in_nobukti,MDR/RA/2603-0079,4,2026-03-30
MDR/GI/2603-0079,seq_in_nobukti,MDR/ARV/2603-0079,4,2026-03-30
MDR/GI/2603-0079,seq_in_nobukti,MDR/OC/2603-0079,4,2026-03-30
MDR/GI/2603-0079,seq_in_nobukti,SB/PT/2603-0079,1,2026-03-12
MDR/GI/2603-0079,seq_in_nobukti,SB/WS/2603-0079,1,2026-03-07
MDR/GI/2603-0079,seq_in_nobukti,SB/NI/2603-0079,1,2026-03-04
MDR/GI/2603-0079,seq_in_nobukti,SB/V2/2603-0079,1,2026-03-04
MDR/GI/2603-0079,seq_in_nobukti,KRT/SYS/2603-0079,5,2026-02-28
MDR/GI/2603-0079,seq_in_nobukti,MDR/SYS/2603-0079,4,2026-02-28
MDR/GI/2603-0079,seq_in_nobukti,SB/SYS/2603-0079,1,2026-02-28
MDR/GI/2603-0148,seq_in_nobukti,MDR/OC/2603-0148,4,2026-04-01
MDR/GI/2603-0148,seq_in_nobukti,SB/PT/2603-0148,1,2026-03-16
MDR/GI/2603-0148,seq_in_nobukti,SB/WS/2603-0148,1,2026-03-08
MDR/GI/2603-0148,seq_in_nobukti,SB/V2/2603-0148,1,2026-03-05
MDR/GI/2603-0148,seq_in_nobukti,SB/NI/2603-0148,1,2026-03-05
MDR/GI/2603-0148,seq_in_nobukti,MDR/SYS/2603-0148,4,2026-03-01
MDR/GI/2603-0148,seq_in_nobukti,SB/SYS/2603-0148,1,2026-03-01
MDR/GI/2603-0148,seq_in_nobukti,KRT/SYS/2603-0148,5,2026-02-28
MDR/GI/2603-0113,seq_in_nobukti,MDR/RA/2603-0113,4,2026-03-31
MDR/GI/2603-0113,seq_in_nobukti,MDR/ARV/2603-0113,4,2026-03-31
MDR/GI/2603-0113,seq_in_nobukti,MDR/OC/2603-0113,4,2026-03-31
MDR/GI/2603-0113,seq_in_nobukti,SB/PT/2603-0113,1,2026-03-15
MDR/GI/2603-0113,seq_in_nobukti,SB/WS/2603-0113,1,2026-03-08
MDR/GI/2603-0113,seq_in_nobukti,SB/V2/2603-0113,1,2026-03-05
MDR/GI/2603-0113,seq_in_nobukti,SB/NI/2603-0113,1,2026-03-04
MDR/GI/2603-0113,seq_in_nobukti,MDR/SYS/2603-0113,4,2026-03-01
MDR/GI/2603-0113,seq_in_nobukti,KRT/SYS/2603-0113,5,2026-02-28
MDR/GI/2603-0113,seq_in_nobukti,SB/SYS/2603-0113,1,2026-02-28
MDR/GI/2603-0095,seq_in_nobukti,MDR/RA/2603-0095,4,2026-03-31
MDR/GI/2603-0095,seq_in_nobukti,MDR/ARV/2603-0095,4,2026-03-30
MDR/GI/2603-0095,seq_in_nobukti,MDR/OC/2603-0095,4,2026-03-30
MDR/GI/2603-0095,seq_in_nobukti,SB/PT/2603-0095,1,2026-03-13
MDR/GI/2603-0095,seq_in_nobukti,SB/WS/2603-0095,1,2026-03-08
MDR/GI/2603-0095,seq_in_nobukti,SB/NI/2603-0095,1,2026-03-04
MDR/GI/2603-0095,seq_in_nobukti,SB/V2/2603-0095,1,2026-03-04
MDR/GI/2603-0095,seq_in_nobukti,KRT/SYS/2603-0095,5,2026-02-28
MDR/GI/2603-0095,seq_in_nobukti,MDR/SYS/2603-0095,4,2026-02-28
MDR/GI/2603-0095,seq_in_nobukti,SB/SYS/2603-0095,1,2026-02-28
MDR/CS/2603-0021,seq_in_nobukti,MDR/ARV/2603-0021,4,2026-03-28
MDR/CS/2603-0021,seq_in_nobukti,MDR/OC/2603-0021,4,2026-03-28
MDR/CS/2603-0021,seq_in_nobukti,MDR/RA/2603-0021,4,2026-03-28
MDR/CS/2603-0021,seq_in_nobukti,SB/WS/2603-0021,1,2026-03-06
MDR/CS/2603-0021,seq_in_nobukti,SB/PT/2603-0021,1,2026-03-06
MDR/CS/2603-0021,seq_in_nobukti,SB/V2/2603-0021,1,2026-03-03
MDR/CS/2603-0021,seq_in_nobukti,SB/NI/2603-0021,1,2026-03-03
MDR/CS/2603-0021,seq_in_nobukti,KRT/SYS/2603-0021,5,2026-02-28
MDR/CS/2603-0021,seq_in_nobukti,MDR/SYS/2603-0021,4,2026-02-28
MDR/CS/2603-0021,seq_in_nobukti,SB/SYS/2603-0021,1,2026-02-28
MDR/GI/2603-0152,seq_in_nobukti,MDR/OC/2603-0152,4,2026-04-01
MDR/GI/2603-0152,seq_in_nobukti,SB/PT/2603-0152,1,2026-03-16
MDR/GI/2603-0152,seq_in_nobukti,SB/WS/2603-0152,1,2026-03-08
MDR/GI/2603-0152,seq_in_nobukti,SB/V2/2603-0152,1,2026-03-06
MDR/GI/2603-0152,seq_in_nobukti,SB/NI/2603-0152,1,2026-03-05
MDR/GI/2603-0152,seq_in_nobukti,MDR/SYS/2603-0152,4,2026-03-01
MDR/GI/2603-0152,seq_in_nobukti,SB/SYS/2603-0152,1,2026-03-01
MDR/GI/2603-0152,seq_in_nobukti,KRT/SYS/2603-0152,5,2026-02-28
MDR/GI/2603-0212,seq_in_nobukti,SB/PT/2603-0212,1,2026-03-19
MDR/GI/2603-0212,seq_in_nobukti,SB/WS/2603-0212,1,2026-03-09
MDR/GI/2603-0212,seq_in_nobukti,SB/V2/2603-0212,1,2026-03-07
MDR/GI/2603-0212,seq_in_nobukti,SB/NI/2603-0212,1,2026-03-06
MDR/GI/2603-0212,seq_in_nobukti,MDR/SYS/2603-0212,4,2026-03-01
MDR/GI/2603-0212,seq_in_nobukti,SB/SYS/2603-0212,1,2026-03-01
MDR/GI/2603-0212,seq_in_nobukti,KRT/SYS/2603-0212,5,2026-02-28
MDR/GI/2603-0188,seq_in_nobukti,SB/PT/2603-0188,1,2026-03-18
MDR/GI/2603-0188,seq_in_nobukti,SB/WS/2603-0188,1,2026-03-09
MDR/GI/2603-0188,seq_in_nobukti,SB/NI/2603-0188,1,2026-03-06
MDR/GI/2603-0188,seq_in_nobukti,SB/V2/2603-0188,1,2026-03-06
MDR/GI/2603-0188,seq_in_nobukti,MDR/SYS/2603-0188,4,2026-03-01
MDR/GI/2603-0188,seq_in_nobukti,SB/SYS/2603-0188,1,2026-03-01
MDR/GI/2603-0188,seq_in_nobukti,KRT/SYS/2603-0188,5,2026-02-28
MDR/GI/2603-0171,seq_in_nobukti,SB/PT/2603-0171,1,2026-03-16
MDR/GI/2603-0171,seq_in_nobukti,SB/WS/2603-0171,1,2026-03-09
MDR/GI/2603-0171,seq_in_nobukti,SB/NI/2603-0171,1,2026-03-06
MDR/GI/2603-0171,seq_in_nobukti,SB/V2/2603-0171,1,2026-03-06
MDR/GI/2603-0171,seq_in_nobukti,MDR/SYS/2603-0171,4,2026-03-01
MDR/GI/2603-0171,seq_in_nobukti,SB/SYS/2603-0171,1,2026-03-01
MDR/GI/2603-0171,seq_in_nobukti,KRT/SYS/2603-0171,5,2026-02-28
SB/WN/2602-0510,seq_in_nobukti,SB/NI/2602-0510,1,2026-03-02
SB/WN/2602-0510,seq_in_nobukti,SB/SYS/2602-0510,1,2026-02-25
SB/WN/2602-0510,seq_in_nobukti,KRT/SYS/2602-0510,5,2026-01-12
SB/WN/2602-0510,seq_in_nobukti,MDR/SYS/2602-0510,4,2026-01-08
SB/WN/2602-0510,seq_in_nobukti,SB/FR/2602-0510,1,2026-02-06
MDR/GI/2603-0418,seq_in_nobukti,SB/NI/2603-0418,1,2026-03-13
MDR/GI/2603-0418,seq_in_nobukti,SB/WS/2603-0418,1,2026-03-13
MDR/GI/2603-0418,seq_in_nobukti,SB/V2/2603-0418,1,2026-03-10
MDR/GI/2603-0418,seq_in_nobukti,MDR/SYS/2603-0418,4,2026-03-04
MDR/GI/2603-0418,seq_in_nobukti,KRT/SYS/2603-0418,5,2026-03-01
SB/FR/2603-0258,seq_in_nobukti,SB/PT/2603-0258,1,2026-03-19
SB/FR/2603-0258,seq_in_nobukti,SB/WS/2603-0258,1,2026-03-10
SB/FR/2603-0258,seq_in_nobukti,SB/NI/2603-0258,1,2026-03-09
SB/FR/2603-0258,seq_in_nobukti,SB/V2/2603-0258,1,2026-03-07
SB/FR/2603-0258,seq_in_nobukti,MDR/SYS/2603-0258,4,2026-03-02
SB/FR/2603-0258,seq_in_nobukti,KRT/SYS/2603-0258,5,2026-02-28
MDR/GI/2603-0317,seq_in_nobukti,SB/PT/2603-0317,1,2026-03-31
MDR/GI/2603-0317,seq_in_nobukti,SB/WS/2603-0317,1,2026-03-12
MDR/GI/2603-0317,seq_in_nobukti,SB/NI/2603-0317,1,2026-03-11
MDR/GI/2603-0317,seq_in_nobukti,SB/V2/2603-0317,1,2026-03-08
MDR/GI/2603-0317,seq_in_nobukti,MDR/SYS/2603-0317,4,2026-03-02
MDR/GI/2603-0317,seq_in_nobukti,KRT/SYS/2603-0317,5,2026-03-01
MDR/GI/2603-0413,seq_in_nobukti,SB/NI/2603-0413,1,2026-03-13
MDR/GI/2603-0413,seq_in_nobukti,SB/WS/2603-0413,1,2026-03-13
MDR/GI/2603-0413,seq_in_nobukti,SB/V2/2603-0413,1,2026-03-10
MDR/GI/2603-0413,seq_in_nobukti,MDR/SYS/2603-0413,4,2026-03-04
MDR/GI/2603-0413,seq_in_nobukti,KRT/SYS/2603-0413,5,2026-03-01
CSB/MA/2601-0394,seq_in_nobukti,SB/WS/2601-0394,1,2026-01-31
CSB/MA/2601-0394,seq_in_nobukti,SB/FR/2601-0394,1,2026-01-06
CSB/WL/2601-0937,seq_in_nobukti,SB/FR/2601-0937,1,2026-01-12
CSB/IN/2601-0618,seq_in_nobukti,SB/FR/2601-0618,1,2026-01-08
CSB/MA/2601-0474,seq_in_nobukti,SB/FR/2601-0474,1,2026-01-07
CSB/FZ/2601-0578,seq_in_nobukti,SB/FR/2601-0578,1,2026-01-08
CSB/FZ/2601-0411,seq_in_nobukti,SB/WS/2601-0411,1,2026-01-31
CSB/FZ/2601-0411,seq_in_nobukti,SB/FR/2601-0411,1,2026-01-06
CSB/MA/2601-0902,seq_in_nobukti,SB/FR/2601-0902,1,2026-01-11
CSB/WL/2602-0083,seq_in_nobukti,SB/PT/2602-0083,1,2026-03-02
CSB/WL/2602-0083,seq_in_nobukti,SB/V2/2602-0083,1,2026-02-22
CSB/WL/2602-0083,seq_in_nobukti,SB/SYS/2602-0083,1,2026-02-21
CSB/WL/2602-0083,seq_in_nobukti,KRT/SYS/2602-0083,5,2026-01-10
CSB/WL/2602-0083,seq_in_nobukti,SB/WS/2602-0083,1,2026-02-13
CSB/WL/2602-0083,seq_in_nobukti,SB/NI/2602-0083,1,2026-02-12
CSB/WL/2602-0083,seq_in_nobukti,MDR/SYS/2602-0083,4,2026-01-03
CSB/WL/2602-0083,seq_in_nobukti,SB/FR/2602-0083,1,2026-02-02
CSB/WL/2601-1162,seq_in_nobukti,SB/FR/2601-1162,1,2026-01-14
CSB/WL/2601-1144,seq_in_nobukti,SB/FR/2601-1144,1,2026-01-14
CSB/WL/2601-1121,seq_in_nobukti,SB/FR/2601-1121,1,2026-01-12
CSB/SI/2601-0880,seq_in_nobukti,SB/FR/2601-0880,1,2026-01-11
CSB/WL/2602-0233,seq_in_nobukti,SB/SYS/2602-0233,1,2026-02-23
CSB/WL/2602-0233,seq_in_nobukti,KRT/SYS/2602-0233,5,2026-01-10
CSB/WL/2602-0233,seq_in_nobukti,SB/WS/2602-0233,1,2026-02-15
CSB/WL/2602-0233,seq_in_nobukti,SB/NI/2602-0233,1,2026-02-15
CSB/WL/2602-0233,seq_in_nobukti,MDR/SYS/2602-0233,4,2026-01-04
CSB/WL/2602-0233,seq_in_nobukti,SB/FR/2602-0233,1,2026-02-03
CSB/WL/2602-0308,seq_in_nobukti,SB/SYS/2602-0308,1,2026-02-23
CSB/WL/2602-0308,seq_in_nobukti,KRT/SYS/2602-0308,5,2026-01-11
CSB/WL/2602-0308,seq_in_nobukti,SB/NI/2602-0308,1,2026-02-16
CSB/WL/2602-0308,seq_in_nobukti,MDR/SYS/2602-0308,4,2026-01-05
CSB/WL/2602-0308,seq_in_nobukti,SB/FR/2602-0308,1,2026-02-04
CSB/IN/2602-0296,seq_in_nobukti,SB/SYS/2602-0296,1,2026-02-23
CSB/IN/2602-0296,seq_in_nobukti,KRT/SYS/2602-0296,5,2026-01-11
CSB/IN/2602-0296,seq_in_nobukti,SB/NI/2602-0296,1,2026-02-16
CSB/IN/2602-0296,seq_in_nobukti,MDR/SYS/2602-0296,4,2026-01-05
CSB/IN/2602-0296,seq_in_nobukti,SB/FR/2602-0296,1,2026-02-04
CSB/IN/2602-0166,seq_in_nobukti,SB/V2/2602-0166,1,2026-03-02
CSB/IN/2602-0166,seq_in_nobukti,SB/SYS/2602-0166,1,2026-02-21
CSB/IN/2602-0166,seq_in_nobukti,KRT/SYS/2602-0166,5,2026-01-10
CSB/IN/2602-0166,seq_in_nobukti,SB/NI/2602-0166,1,2026-02-14
CSB/IN/2602-0166,seq_in_nobukti,SB/WS/2602-0166,1,2026-02-14
CSB/IN/2602-0166,seq_in_nobukti,MDR/SYS/2602-0166,4,2026-01-03
CSB/IN/2602-0166,seq_in_nobukti,SB/FR/2602-0166,1,2026-02-03
CSB/WL/2602-0324,seq_in_nobukti,SB/SYS/2602-0324,1,2026-02-23
CSB/WL/2602-0324,seq_in_nobukti,KRT/SYS/2602-0324,5,2026-01-11
CSB/WL/2602-0324,seq_in_nobukti,SB/NI/2602-0324,1,2026-02-16
CSB/WL/2602-0324,seq_in_nobukti,MDR/SYS/2602-0324,4,2026-01-05
CSB/WL/2602-0324,seq_in_nobukti,SB/FR/2602-0324,1,2026-02-04
CSB/WL/2602-0109,seq_in_nobukti,SB/V2/2602-0109,1,2026-02-27
CSB/WL/2602-0109,seq_in_nobukti,SB/SYS/2602-0109,1,2026-02-21
CSB/WL/2602-0109,seq_in_nobukti,KRT/SYS/2602-0109,5,2026-01-10
CSB/WL/2602-0109,seq_in_nobukti,SB/WS/2602-0109,1,2026-02-13
CSB/WL/2602-0109,seq_in_nobukti,SB/NI/2602-0109,1,2026-02-13
CSB/WL/2602-0109,seq_in_nobukti,MDR/SYS/2602-0109,4,2026-01-03
CSB/WL/2602-0109,seq_in_nobukti,SB/FR/2602-0109,1,2026-02-02
CSB/WL/2602-0349,seq_in_nobukti,SB/SYS/2602-0349,1,2026-02-24
CSB/WL/2602-0349,seq_in_nobukti,KRT/SYS/2602-0349,5,2026-01-11
CSB/WL/2602-0349,seq_in_nobukti,SB/NI/2602-0349,1,2026-02-16
CSB/WL/2602-0349,seq_in_nobukti,MDR/SYS/2602-0349,4,2026-01-05
CSB/WL/2602-0349,seq_in_nobukti,SB/FR/2602-0349,1,2026-02-05
CSB/WL/2602-0394,seq_in_nobukti,SB/SYS/2602-0394,1,2026-02-24
CSB/WL/2602-0394,seq_in_nobukti,SB/NI/2602-0394,1,2026-02-22
CSB/WL/2602-0394,seq_in_nobukti,KRT/SYS/2602-0394,5,2026-01-11
CSB/WL/2602-0394,seq_in_nobukti,MDR/SYS/2602-0394,4,2026-01-06
CSB/WL/2602-0394,seq_in_nobukti,SB/FR/2602-0394,1,2026-02-05
CSB/SI/2602-0426,seq_in_nobukti,SB/SYS/2602-0426,1,2026-02-24
CSB/SI/2602-0426,seq_in_nobukti,SB/NI/2602-0426,1,2026-02-22
CSB/SI/2602-0426,seq_in_nobukti,KRT/SYS/2602-0426,5,2026-01-12
CSB/SI/2602-0426,seq_in_nobukti,MDR/SYS/2602-0426,4,2026-01-06
CSB/SI/2602-0426,seq_in_nobukti,SB/FR/2602-0426,1,2026-02-05
CSB/WL/2602-0446,seq_in_nobukti,SB/NI/2602-0446,1,2026-02-27
CSB/WL/2602-0446,seq_in_nobukti,SB/SYS/2602-0446,1,2026-02-25
CSB/WL/2602-0446,seq_in_nobukti,KRT/SYS/2602-0446,5,2026-01-12
CSB/WL/2602-0446,seq_in_nobukti,MDR/SYS/2602-0446,4,2026-01-07
CSB/WL/2602-0446,seq_in_nobukti,SB/FR/2602-0446,1,2026-02-05
CSB/SI/2602-0469,seq_in_nobukti,SB/NI/2602-0469,1,2026-02-27
CSB/SI/2602-0469,seq_in_nobukti,SB/SYS/2602-0469,1,2026-02-25
CSB/SI/2602-0469,seq_in_nobukti,KRT/SYS/2602-0469,5,2026-01-12
CSB/SI/2602-0469,seq_in_nobukti,MDR/SYS/2602-0469,4,2026-01-07
CSB/SI/2602-0469,seq_in_nobukti,SB/FR/2602-0469,1,2026-02-05
CSB/WL/2602-0365,seq_in_nobukti,SB/SYS/2602-0365,1,2026-02-24
CSB/WL/2602-0365,seq_in_nobukti,SB/NI/2602-0365,1,2026-02-22
CSB/WL/2602-0365,seq_in_nobukti,KRT/SYS/2602-0365,5,2026-01-11
CSB/WL/2602-0365,seq_in_nobukti,MDR/SYS/2602-0365,4,2026-01-06
CSB/WL/2602-0365,seq_in_nobukti,SB/FR/2602-0365,1,2026-02-05
CSB/WL/2602-0358,seq_in_nobukti,SB/SYS/2602-0358,1,2026-02-24
CSB/WL/2602-0358,seq_in_nobukti,SB/NI/2602-0358,1,2026-02-22
CSB/WL/2602-0358,seq_in_nobukti,KRT/SYS/2602-0358,5,2026-01-11
CSB/WL/2602-0358,seq_in_nobukti,MDR/SYS/2602-0358,4,2026-01-05
CSB/WL/2602-0358,seq_in_nobukti,SB/FR/2602-0358,1,2026-02-05
CSB/IN/2602-0365,seq_in_nobukti,SB/SYS/2602-0365,1,2026-02-24
CSB/IN/2602-0365,seq_in_nobukti,SB/NI/2602-0365,1,2026-02-22
CSB/IN/2602-0365,seq_in_nobukti,KRT/SYS/2602-0365,5,2026-01-11
CSB/IN/2602-0365,seq_in_nobukti,MDR/SYS/2602-0365,4,2026-01-06
CSB/IN/2602-0365,seq_in_nobukti,SB/FR/2602-0365,1,2026-02-05
CSB/WL/2602-0402,seq_in_nobukti,SB/SYS/2602-0402,1,2026-02-24
CSB/WL/2602-0402,seq_in_nobukti,SB/NI/2602-0402,1,2026-02-22
CSB/WL/2602-0402,seq_in_nobukti,KRT/SYS/2602-0402,5,2026-01-11
CSB/WL/2602-0402,seq_in_nobukti,MDR/SYS/2602-0402,4,2026-01-06
CSB/WL/2602-0402,seq_in_nobukti,SB/FR/2602-0402,1,2026-02-05
CSB/FZ/2602-0353,seq_in_nobukti,SB/SYS/2602-0353,1,2026-02-24
CSB/FZ/2602-0353,seq_in_nobukti,KRT/SYS/2602-0353,5,2026-01-11
CSB/FZ/2602-0353,seq_in_nobukti,SB/NI/2602-0353,1,2026-02-16
CSB/FZ/2602-0353,seq_in_nobukti,MDR/SYS/2602-0353,4,2026-01-05
CSB/FZ/2602-0353,seq_in_nobukti,SB/FR/2602-0353,1,2026-02-05
CSB/FZ/2602-0493,seq_in_nobukti,SB/NI/2602-0493,1,2026-03-02
CSB/FZ/2602-0493,seq_in_nobukti,SB/SYS/2602-0493,1,2026-02-25
CSB/FZ/2602-0493,seq_in_nobukti,KRT/SYS/2602-0493,5,2026-01-12
CSB/FZ/2602-0493,seq_in_nobukti,MDR/SYS/2602-0493,4,2026-01-07
CSB/FZ/2602-0493,seq_in_nobukti,SB/FR/2602-0493,1,2026-02-06
CSB/MA/2602-0576,seq_in_nobukti,SB/SYS/2602-0576,1,2026-02-26
CSB/MA/2602-0576,seq_in_nobukti,KRT/SYS/2602-0576,5,2026-01-12
CSB/MA/2602-0576,seq_in_nobukti,MDR/SYS/2602-0576,4,2026-01-09
CSB/MA/2602-0576,seq_in_nobukti,SB/FR/2602-0576,1,2026-02-07
CSB/MA/2602-0545,seq_in_nobukti,SB/SYS/2602-0545,1,2026-02-26
CSB/MA/2602-0545,seq_in_nobukti,KRT/SYS/2602-0545,5,2026-01-12
CSB/MA/2602-0545,seq_in_nobukti,MDR/SYS/2602-0545,4,2026-01-08
CSB/MA/2602-0545,seq_in_nobukti,SB/FR/2602-0545,1,2026-02-06
CSB/WL/2602-0545,seq_in_nobukti,SB/SYS/2602-0545,1,2026-02-26
CSB/WL/2602-0545,seq_in_nobukti,KRT/SYS/2602-0545,5,2026-01-12
CSB/WL/2602-0545,seq_in_nobukti,MDR/SYS/2602-0545,4,2026-01-08
CSB/WL/2602-0545,seq_in_nobukti,SB/FR/2602-0545,1,2026-02-06
CSB/WL/2602-0574,seq_in_nobukti,SB/SYS/2602-0574,1,2026-02-26
CSB/WL/2602-0574,seq_in_nobukti,KRT/SYS/2602-0574,5,2026-01-12
CSB/WL/2602-0574,seq_in_nobukti,MDR/SYS/2602-0574,4,2026-01-09
CSB/WL/2602-0574,seq_in_nobukti,SB/FR/2602-0574,1,2026-02-07
CSB/WL/2602-0776,seq_in_nobukti,KRT/SYS/2602-0776,5,2026-01-13
CSB/WL/2602-0776,seq_in_nobukti,MDR/SYS/2602-0776,4,2026-01-11
CSB/WL/2602-0776,seq_in_nobukti,SB/FR/2602-0776,1,2026-02-08
CSB/IN/2602-0714,seq_in_nobukti,KRT/SYS/2602-0714,5,2026-01-13
CSB/IN/2602-0714,seq_in_nobukti,MDR/SYS/2602-0714,4,2026-01-10
CSB/IN/2602-0714,seq_in_nobukti,SB/FR/2602-0714,1,2026-02-08
CSB/IN/2602-0791,seq_in_nobukti,KRT/SYS/2602-0791,5,2026-01-13
CSB/IN/2602-0791,seq_in_nobukti,MDR/SYS/2602-0791,4,2026-01-11
CSB/IN/2602-0791,seq_in_nobukti,SB/FR/2602-0791,1,2026-02-09
CSB/MA/2602-0716,seq_in_nobukti,KRT/SYS/2602-0716,5,2026-01-13
CSB/MA/2602-0716,seq_in_nobukti,MDR/SYS/2602-0716,4,2026-01-10
CSB/MA/2602-0716,seq_in_nobukti,SB/FR/2602-0716,1,2026-02-08
CSB/WL/2602-0584,seq_in_nobukti,SB/SYS/2602-0584,1,2026-02-26
CSB/WL/2602-0584,seq_in_nobukti,KRT/SYS/2602-0584,5,2026-01-12
CSB/WL/2602-0584,seq_in_nobukti,MDR/SYS/2602-0584,4,2026-01-09
CSB/WL/2602-0584,seq_in_nobukti,SB/FR/2602-0584,1,2026-02-07
CSB/IN/2602-0851,seq_in_nobukti,KRT/SYS/2602-0851,5,2026-01-13
CSB/IN/2602-0851,seq_in_nobukti,MDR/SYS/2602-0851,4,2026-01-12
CSB/IN/2602-0851,seq_in_nobukti,SB/FR/2602-0851,1,2026-02-09
CSB/WL/2602-0959,seq_in_nobukti,KRT/SYS/2602-0959,5,2026-01-14
CSB/WL/2602-0959,seq_in_nobukti,MDR/SYS/2602-0959,4,2026-01-13
CSB/WL/2602-0959,seq_in_nobukti,SB/FR/2602-0959,1,2026-02-10
CSB/WL/2602-0839,seq_in_nobukti,KRT/SYS/2602-0839,5,2026-01-13
CSB/WL/2602-0839,seq_in_nobukti,MDR/SYS/2602-0839,4,2026-01-12
CSB/WL/2602-0839,seq_in_nobukti,SB/FR/2602-0839,1,2026-02-09
CSB/WL/2602-0826,seq_in_nobukti,KRT/SYS/2602-0826,5,2026-01-13
CSB/WL/2602-0826,seq_in_nobukti,MDR/SYS/2602-0826,4,2026-01-12
CSB/WL/2602-0826,seq_in_nobukti,SB/FR/2602-0826,1,2026-02-09
CSB/WL/2602-0939,seq_in_nobukti,KRT/SYS/2602-0939,5,2026-01-13
CSB/WL/2602-0939,seq_in_nobukti,MDR/SYS/2602-0939,4,2026-01-13
CSB/WL/2602-0939,seq_in_nobukti,SB/FR/2602-0939,1,2026-02-10
CSB/WL/2602-0907,seq_in_nobukti,KRT/SYS/2602-0907,5,2026-01-13
CSB/WL/2602-0907,seq_in_nobukti,MDR/SYS/2602-0907,4,2026-01-12
CSB/WL/2602-0907,seq_in_nobukti,SB/FR/2602-0907,1,2026-02-10
CSB/WL/2603-0047,seq_in_nobukti,MDR/RA/2603-0047,4,2026-03-29
CSB/WL/2603-0047,seq_in_nobukti,MDR/OC/2603-0047,4,2026-03-29
CSB/WL/2603-0047,seq_in_nobukti,MDR/ARV/2603-0047,4,2026-03-29
CSB/WL/2603-0047,seq_in_nobukti,SB/PT/2603-0047,1,2026-03-08
CSB/WL/2603-0047,seq_in_nobukti,SB/WS/2603-0047,1,2026-03-07
CSB/WL/2603-0047,seq_in_nobukti,SB/V2/2603-0047,1,2026-03-03
CSB/WL/2603-0047,seq_in_nobukti,SB/NI/2603-0047,1,2026-03-03
CSB/WL/2603-0047,seq_in_nobukti,KRT/SYS/2603-0047,5,2026-02-28
CSB/WL/2603-0047,seq_in_nobukti,MDR/SYS/2603-0047,4,2026-02-28
CSB/WL/2603-0047,seq_in_nobukti,SB/SYS/2603-0047,1,2026-02-28
CSB/WL/2603-0033,seq_in_nobukti,MDR/RA/2603-0033,4,2026-03-29
CSB/WL/2603-0033,seq_in_nobukti,MDR/ARV/2603-0033,4,2026-03-28
CSB/WL/2603-0033,seq_in_nobukti,MDR/OC/2603-0033,4,2026-03-28
CSB/WL/2603-0033,seq_in_nobukti,SB/PT/2603-0033,1,2026-03-07
CSB/WL/2603-0033,seq_in_nobukti,SB/WS/2603-0033,1,2026-03-06
CSB/WL/2603-0033,seq_in_nobukti,SB/V2/2603-0033,1,2026-03-03
CSB/WL/2603-0033,seq_in_nobukti,SB/NI/2603-0033,1,2026-03-03
CSB/WL/2603-0033,seq_in_nobukti,KRT/SYS/2603-0033,5,2026-02-28
CSB/WL/2603-0033,seq_in_nobukti,MDR/SYS/2603-0033,4,2026-02-28
CSB/WL/2603-0033,seq_in_nobukti,SB/SYS/2603-0033,1,2026-02-28
CSB/WL/2602-0973,seq_in_nobukti,KRT/SYS/2602-0973,5,2026-01-14
CSB/WL/2602-0973,seq_in_nobukti,MDR/SYS/2602-0973,4,2026-01-13
CSB/WL/2602-0973,seq_in_nobukti,SB/FR/2602-0973,1,2026-02-10
CSB/MA/2603-0066,seq_in_nobukti,MDR/RA/2603-0066,4,2026-03-29
CSB/MA/2603-0066,seq_in_nobukti,MDR/OC/2603-0066,4,2026-03-29
CSB/MA/2603-0066,seq_in_nobukti,MDR/ARV/2603-0066,4,2026-03-29
CSB/MA/2603-0066,seq_in_nobukti,SB/PT/2603-0066,1,2026-03-11
CSB/MA/2603-0066,seq_in_nobukti,SB/WS/2603-0066,1,2026-03-07
CSB/MA/2603-0066,seq_in_nobukti,SB/NI/2603-0066,1,2026-03-04
CSB/MA/2603-0066,seq_in_nobukti,SB/V2/2603-0066,1,2026-03-04
CSB/MA/2603-0066,seq_in_nobukti,KRT/SYS/2603-0066,5,2026-02-28
CSB/MA/2603-0066,seq_in_nobukti,MDR/SYS/2603-0066,4,2026-02-28
CSB/MA/2603-0066,seq_in_nobukti,SB/SYS/2603-0066,1,2026-02-28
CSB/WL/2603-0010,seq_in_nobukti,MDR/ARV/2603-0010,4,2026-03-28
CSB/WL/2603-0010,seq_in_nobukti,MDR/OC/2603-0010,4,2026-03-28
CSB/WL/2603-0010,seq_in_nobukti,MDR/RA/2603-0010,4,2026-03-28
CSB/WL/2603-0010,seq_in_nobukti,SB/WS/2603-0010,1,2026-03-06
CSB/WL/2603-0010,seq_in_nobukti,SB/PT/2603-0010,1,2026-03-04
CSB/WL/2603-0010,seq_in_nobukti,SB/V2/2603-0010,1,2026-03-03
CSB/WL/2603-0010,seq_in_nobukti,SB/NI/2603-0010,1,2026-03-03
CSB/WL/2603-0010,seq_in_nobukti,KRT/SYS/2603-0010,5,2026-02-28
CSB/WL/2603-0010,seq_in_nobukti,MDR/SYS/2603-0010,4,2026-02-28
CSB/WL/2603-0010,seq_in_nobukti,SB/SYS/2603-0010,1,2026-02-28
CSB/WL/2603-0058,seq_in_nobukti,MDR/RA/2603-0058,4,2026-03-29
CSB/WL/2603-0058,seq_in_nobukti,MDR/OC/2603-0058,4,2026-03-29
CSB/WL/2603-0058,seq_in_nobukti,MDR/ARV/2603-0058,4,2026-03-29
CSB/WL/2603-0058,seq_in_nobukti,SB/PT/2603-0058,1,2026-03-10
CSB/WL/2603-0058,seq_in_nobukti,SB/WS/2603-0058,1,2026-03-07
CSB/WL/2603-0058,seq_in_nobukti,SB/V2/2603-0058,1,2026-03-04
CSB/WL/2603-0058,seq_in_nobukti,SB/NI/2603-0058,1,2026-03-03
CSB/WL/2603-0058,seq_in_nobukti,KRT/SYS/2603-0058,5,2026-02-28
CSB/WL/2603-0058,seq_in_nobukti,MDR/SYS/2603-0058,4,2026-02-28
CSB/WL/2603-0058,seq_in_nobukti,SB/SYS/2603-0058,1,2026-02-28
CSB/WL/2603-0100,seq_in_nobukti,MDR/RA/2603-0100,4,2026-03-31
CSB/WL/2603-0100,seq_in_nobukti,MDR/OC/2603-0100,4,2026-03-31
CSB/WL/2603-0100,seq_in_nobukti,MDR/ARV/2603-0100,4,2026-03-30
CSB/WL/2603-0100,seq_in_nobukti,SB/PT/2603-0100,1,2026-03-14
CSB/WL/2603-0100,seq_in_nobukti,SB/WS/2603-0100,1,2026-03-08
CSB/WL/2603-0100,seq_in_nobukti,SB/NI/2603-0100,1,2026-03-04
CSB/WL/2603-0100,seq_in_nobukti,SB/V2/2603-0100,1,2026-03-04
CSB/WL/2603-0100,seq_in_nobukti,KRT/SYS/2603-0100,5,2026-02-28
CSB/WL/2603-0100,seq_in_nobukti,MDR/SYS/2603-0100,4,2026-02-28
CSB/WL/2603-0100,seq_in_nobukti,SB/SYS/2603-0100,1,2026-02-28
CSB/WL/2603-0084,seq_in_nobukti,MDR/RA/2603-0084,4,2026-03-30
CSB/WL/2603-0084,seq_in_nobukti,MDR/ARV/2603-0084,4,2026-03-30
CSB/WL/2603-0084,seq_in_nobukti,MDR/OC/2603-0084,4,2026-03-30
CSB/WL/2603-0084,seq_in_nobukti,SB/PT/2603-0084,1,2026-03-12
CSB/WL/2603-0084,seq_in_nobukti,SB/WS/2603-0084,1,2026-03-07
CSB/WL/2603-0084,seq_in_nobukti,SB/NI/2603-0084,1,2026-03-04
CSB/WL/2603-0084,seq_in_nobukti,SB/V2/2603-0084,1,2026-03-04
CSB/WL/2603-0084,seq_in_nobukti,KRT/SYS/2603-0084,5,2026-02-28
CSB/WL/2603-0084,seq_in_nobukti,MDR/SYS/2603-0084,4,2026-02-28
CSB/WL/2603-0084,seq_in_nobukti,SB/SYS/2603-0084,1,2026-02-28
CSB/SI/2603-0072,seq_in_nobukti,MDR/RA/2603-0072,4,2026-03-30
CSB/SI/2603-0072,seq_in_nobukti,MDR/OC/2603-0072,4,2026-03-30
CSB/SI/2603-0072,seq_in_nobukti,MDR/ARV/2603-0072,4,2026-03-29
CSB/SI/2603-0072,seq_in_nobukti,SB/PT/2603-0072,1,2026-03-11
CSB/SI/2603-0072,seq_in_nobukti,SB/WS/2603-0072,1,2026-03-07
CSB/SI/2603-0072,seq_in_nobukti,SB/NI/2603-0072,1,2026-03-04
CSB/SI/2603-0072,seq_in_nobukti,SB/V2/2603-0072,1,2026-03-04
CSB/SI/2603-0072,seq_in_nobukti,KRT/SYS/2603-0072,5,2026-02-28
CSB/SI/2603-0072,seq_in_nobukti,MDR/SYS/2603-0072,4,2026-02-28
CSB/SI/2603-0072,seq_in_nobukti,SB/SYS/2603-0072,1,2026-02-28
CSB/WL/2603-0072,seq_in_nobukti,MDR/RA/2603-0072,4,2026-03-30
CSB/WL/2603-0072,seq_in_nobukti,MDR/OC/2603-0072,4,2026-03-30
CSB/WL/2603-0072,seq_in_nobukti,MDR/ARV/2603-0072,4,2026-03-29
CSB/WL/2603-0072,seq_in_nobukti,SB/PT/2603-0072,1,2026-03-11
CSB/WL/2603-0072,seq_in_nobukti,SB/WS/2603-0072,1,2026-03-07
CSB/WL/2603-0072,seq_in_nobukti,SB/NI/2603-0072,1,2026-03-04
CSB/WL/2603-0072,seq_in_nobukti,SB/V2/2603-0072,1,2026-03-04
CSB/WL/2603-0072,seq_in_nobukti,KRT/SYS/2603-0072,5,2026-02-28
CSB/WL/2603-0072,seq_in_nobukti,MDR/SYS/2603-0072,4,2026-02-28
CSB/WL/2603-0072,seq_in_nobukti,SB/SYS/2603-0072,1,2026-02-28
CSB/IN/2603-0085,seq_in_nobukti,MDR/RA/2603-0085,4,2026-03-30
CSB/IN/2603-0085,seq_in_nobukti,MDR/ARV/2603-0085,4,2026-03-30
CSB/IN/2603-0085,seq_in_nobukti,MDR/OC/2603-0085,4,2026-03-30
CSB/IN/2603-0085,seq_in_nobukti,SB/PT/2603-0085,1,2026-03-12
CSB/IN/2603-0085,seq_in_nobukti,SB/WS/2603-0085,1,2026-03-07
CSB/IN/2603-0085,seq_in_nobukti,SB/NI/2603-0085,1,2026-03-04
CSB/IN/2603-0085,seq_in_nobukti,SB/V2/2603-0085,1,2026-03-04
CSB/IN/2603-0085,seq_in_nobukti,KRT/SYS/2603-0085,5,2026-02-28
CSB/IN/2603-0085,seq_in_nobukti,MDR/SYS/2603-0085,4,2026-02-28
CSB/IN/2603-0085,seq_in_nobukti,SB/SYS/2603-0085,1,2026-02-28
CSB/FZ/2603-0096,seq_in_nobukti,MDR/RA/2603-0096,4,2026-03-31
CSB/FZ/2603-0096,seq_in_nobukti,MDR/OC/2603-0096,4,2026-03-31
CSB/FZ/2603-0096,seq_in_nobukti,MDR/ARV/2603-0096,4,2026-03-30
CSB/FZ/2603-0096,seq_in_nobukti,SB/PT/2603-0096,1,2026-03-13
CSB/FZ/2603-0096,seq_in_nobukti,SB/WS/2603-0096,1,2026-03-08
CSB/FZ/2603-0096,seq_in_nobukti,SB/NI/2603-0096,1,2026-03-04
CSB/FZ/2603-0096,seq_in_nobukti,SB/V2/2603-0096,1,2026-03-04
CSB/FZ/2603-0096,seq_in_nobukti,KRT/SYS/2603-0096,5,2026-02-28
CSB/FZ/2603-0096,seq_in_nobukti,MDR/SYS/2603-0096,4,2026-02-28
CSB/FZ/2603-0096,seq_in_nobukti,SB/SYS/2603-0096,1,2026-02-28
CSB/WL/2603-0125,seq_in_nobukti,MDR/RA/2603-0125,4,2026-04-01
CSB/WL/2603-0125,seq_in_nobukti,MDR/ARV/2603-0125,4,2026-03-31
CSB/WL/2603-0125,seq_in_nobukti,MDR/OC/2603-0125,4,2026-03-31
CSB/WL/2603-0125,seq_in_nobukti,SB/PT/2603-0125,1,2026-03-16
CSB/WL/2603-0125,seq_in_nobukti,SB/WS/2603-0125,1,2026-03-08
CSB/WL/2603-0125,seq_in_nobukti,SB/V2/2603-0125,1,2026-03-05
CSB/WL/2603-0125,seq_in_nobukti,SB/NI/2603-0125,1,2026-03-05
CSB/WL/2603-0125,seq_in_nobukti,MDR/SYS/2603-0125,4,2026-03-01
CSB/WL/2603-0125,seq_in_nobukti,SB/SYS/2603-0125,1,2026-03-01
CSB/WL/2603-0125,seq_in_nobukti,KRT/SYS/2603-0125,5,2026-02-28
CSB/WL/2603-0122,seq_in_nobukti,MDR/RA/2603-0122,4,2026-04-01
CSB/WL/2603-0122,seq_in_nobukti,MDR/ARV/2603-0122,4,2026-03-31
CSB/WL/2603-0122,seq_in_nobukti,MDR/OC/2603-0122,4,2026-03-31
CSB/WL/2603-0122,seq_in_nobukti,SB/PT/2603-0122,1,2026-03-16
CSB/WL/2603-0122,seq_in_nobukti,SB/WS/2603-0122,1,2026-03-08
CSB/WL/2603-0122,seq_in_nobukti,SB/V2/2603-0122,1,2026-03-05
CSB/WL/2603-0122,seq_in_nobukti,SB/NI/2603-0122,1,2026-03-05
CSB/WL/2603-0122,seq_in_nobukti,MDR/SYS/2603-0122,4,2026-03-01
CSB/WL/2603-0122,seq_in_nobukti,SB/SYS/2603-0122,1,2026-03-01
CSB/WL/2603-0122,seq_in_nobukti,KRT/SYS/2603-0122,5,2026-02-28
CSB/WL/2603-0104,seq_in_nobukti,MDR/RA/2603-0104,4,2026-03-31
CSB/WL/2603-0104,seq_in_nobukti,MDR/ARV/2603-0104,4,2026-03-31
CSB/WL/2603-0104,seq_in_nobukti,MDR/OC/2603-0104,4,2026-03-31
CSB/WL/2603-0104,seq_in_nobukti,SB/PT/2603-0104,1,2026-03-14
CSB/WL/2603-0104,seq_in_nobukti,SB/WS/2603-0104,1,2026-03-08
CSB/WL/2603-0104,seq_in_nobukti,SB/NI/2603-0104,1,2026-03-04
CSB/WL/2603-0104,seq_in_nobukti,SB/V2/2603-0104,1,2026-03-04
CSB/WL/2603-0104,seq_in_nobukti,KRT/SYS/2603-0104,5,2026-02-28
CSB/WL/2603-0104,seq_in_nobukti,MDR/SYS/2603-0104,4,2026-02-28
CSB/WL/2603-0104,seq_in_nobukti,SB/SYS/2603-0104,1,2026-02-28
CSB/FZ/2603-0078,seq_in_nobukti,MDR/RA/2603-0078,4,2026-03-30
CSB/FZ/2603-0078,seq_in_nobukti,MDR/ARV/2603-0078,4,2026-03-30
CSB/FZ/2603-0078,seq_in_nobukti,MDR/OC/2603-0078,4,2026-03-30
CSB/FZ/2603-0078,seq_in_nobukti,SB/PT/2603-0078,1,2026-03-12
CSB/FZ/2603-0078,seq_in_nobukti,SB/WS/2603-0078,1,2026-03-07
CSB/FZ/2603-0078,seq_in_nobukti,SB/NI/2603-0078,1,2026-03-04
CSB/FZ/2603-0078,seq_in_nobukti,SB/V2/2603-0078,1,2026-03-04
CSB/FZ/2603-0078,seq_in_nobukti,KRT/SYS/2603-0078,5,2026-02-28
CSB/FZ/2603-0078,seq_in_nobukti,MDR/SYS/2603-0078,4,2026-02-28
CSB/FZ/2603-0078,seq_in_nobukti,SB/SYS/2603-0078,1,2026-02-28
CSB/MA/2603-0185,seq_in_nobukti,SB/PT/2603-0185,1,2026-03-17
CSB/MA/2603-0185,seq_in_nobukti,SB/WS/2603-0185,1,2026-03-09
CSB/MA/2603-0185,seq_in_nobukti,SB/NI/2603-0185,1,2026-03-06
CSB/MA/2603-0185,seq_in_nobukti,SB/V2/2603-0185,1,2026-03-06
CSB/MA/2603-0185,seq_in_nobukti,MDR/SYS/2603-0185,4,2026-03-01
CSB/MA/2603-0185,seq_in_nobukti,SB/SYS/2603-0185,1,2026-03-01
CSB/MA/2603-0185,seq_in_nobukti,KRT/SYS/2603-0185,5,2026-02-28
CSB/WL/2603-0137,seq_in_nobukti,MDR/ARV/2603-0137,4,2026-04-01
CSB/WL/2603-0137,seq_in_nobukti,MDR/OC/2603-0137,4,2026-03-31
CSB/WL/2603-0137,seq_in_nobukti,SB/PT/2603-0137,1,2026-03-16
CSB/WL/2603-0137,seq_in_nobukti,SB/WS/2603-0137,1,2026-03-08
CSB/WL/2603-0137,seq_in_nobukti,SB/V2/2603-0137,1,2026-03-05
CSB/WL/2603-0137,seq_in_nobukti,SB/NI/2603-0137,1,2026-03-05
CSB/WL/2603-0137,seq_in_nobukti,MDR/SYS/2603-0137,4,2026-03-01
CSB/WL/2603-0137,seq_in_nobukti,SB/SYS/2603-0137,1,2026-03-01
CSB/WL/2603-0137,seq_in_nobukti,KRT/SYS/2603-0137,5,2026-02-28
CSB/MA/2603-0184,seq_in_nobukti,SB/PT/2603-0184,1,2026-03-17
CSB/MA/2603-0184,seq_in_nobukti,SB/WS/2603-0184,1,2026-03-09
CSB/MA/2603-0184,seq_in_nobukti,SB/NI/2603-0184,1,2026-03-06
CSB/MA/2603-0184,seq_in_nobukti,SB/V2/2603-0184,1,2026-03-06
CSB/MA/2603-0184,seq_in_nobukti,MDR/SYS/2603-0184,4,2026-03-01
CSB/MA/2603-0184,seq_in_nobukti,SB/SYS/2603-0184,1,2026-03-01
CSB/MA/2603-0184,seq_in_nobukti,KRT/SYS/2603-0184,5,2026-02-28
CSB/MA/2603-0178,seq_in_nobukti,SB/PT/2603-0178,1,2026-03-16
CSB/MA/2603-0178,seq_in_nobukti,SB/WS/2603-0178,1,2026-03-09
CSB/MA/2603-0178,seq_in_nobukti,SB/NI/2603-0178,1,2026-03-06
CSB/MA/2603-0178,seq_in_nobukti,SB/V2/2603-0178,1,2026-03-06
CSB/MA/2603-0178,seq_in_nobukti,MDR/SYS/2603-0178,4,2026-03-01
CSB/MA/2603-0178,seq_in_nobukti,SB/SYS/2603-0178,1,2026-03-01
CSB/MA/2603-0178,seq_in_nobukti,KRT/SYS/2603-0178,5,2026-02-28
CSB/WL/2603-0135,seq_in_nobukti,MDR/RA/2603-0135,4,2026-04-01
CSB/WL/2603-0135,seq_in_nobukti,MDR/ARV/2603-0135,4,2026-04-01
CSB/WL/2603-0135,seq_in_nobukti,MDR/OC/2603-0135,4,2026-03-31
CSB/WL/2603-0135,seq_in_nobukti,SB/PT/2603-0135,1,2026-03-16
CSB/WL/2603-0135,seq_in_nobukti,SB/WS/2603-0135,1,2026-03-08
CSB/WL/2603-0135,seq_in_nobukti,SB/V2/2603-0135,1,2026-03-05
CSB/WL/2603-0135,seq_in_nobukti,SB/NI/2603-0135,1,2026-03-05
CSB/WL/2603-0135,seq_in_nobukti,MDR/SYS/2603-0135,4,2026-03-01
CSB/WL/2603-0135,seq_in_nobukti,SB/SYS/2603-0135,1,2026-03-01
CSB/WL/2603-0135,seq_in_nobukti,KRT/SYS/2603-0135,5,2026-02-28
CSB/WL/2603-0159,seq_in_nobukti,MDR/OC/2603-0159,4,2026-04-01
CSB/WL/2603-0159,seq_in_nobukti,SB/PT/2603-0159,1,2026-03-16
CSB/WL/2603-0159,seq_in_nobukti,SB/WS/2603-0159,1,2026-03-08
CSB/WL/2603-0159,seq_in_nobukti,SB/V2/2603-0159,1,2026-03-06
CSB/WL/2603-0159,seq_in_nobukti,SB/NI/2603-0159,1,2026-03-05
CSB/WL/2603-0159,seq_in_nobukti,MDR/SYS/2603-0159,4,2026-03-01
CSB/WL/2603-0159,seq_in_nobukti,SB/SYS/2603-0159,1,2026-03-01
CSB/WL/2603-0159,seq_in_nobukti,KRT/SYS/2603-0159,5,2026-02-28
CSB/WL/2603-0154,seq_in_nobukti,MDR/OC/2603-0154,4,2026-04-01
CSB/WL/2603-0154,seq_in_nobukti,SB/PT/2603-0154,1,2026-03-16
CSB/WL/2603-0154,seq_in_nobukti,SB/WS/2603-0154,1,2026-03-08
CSB/WL/2603-0154,seq_in_nobukti,SB/V2/2603-0154,1,2026-03-06
CSB/WL/2603-0154,seq_in_nobukti,SB/NI/2603-0154,1,2026-03-05
CSB/WL/2603-0154,seq_in_nobukti,MDR/SYS/2603-0154,4,2026-03-01
CSB/WL/2603-0154,seq_in_nobukti,SB/SYS/2603-0154,1,2026-03-01
CSB/WL/2603-0154,seq_in_nobukti,KRT/SYS/2603-0154,5,2026-02-28
CSB/WL/2603-0160,seq_in_nobukti,MDR/OC/2603-0160,4,2026-04-01
CSB/WL/2603-0160,seq_in_nobukti,SB/PT/2603-0160,1,2026-03-16
CSB/WL/2603-0160,seq_in_nobukti,SB/WS/2603-0160,1,2026-03-08
CSB/WL/2603-0160,seq_in_nobukti,SB/V2/2603-0160,1,2026-03-06
CSB/WL/2603-0160,seq_in_nobukti,SB/NI/2603-0160,1,2026-03-05
CSB/WL/2603-0160,seq_in_nobukti,MDR/SYS/2603-0160,4,2026-03-01
CSB/WL/2603-0160,seq_in_nobukti,SB/SYS/2603-0160,1,2026-03-01
CSB/WL/2603-0160,seq_in_nobukti,KRT/SYS/2603-0160,5,2026-02-28
CSB/WL/2603-0178,seq_in_nobukti,SB/PT/2603-0178,1,2026-03-16
CSB/WL/2603-0178,seq_in_nobukti,SB/WS/2603-0178,1,2026-03-09
CSB/WL/2603-0178,seq_in_nobukti,SB/NI/2603-0178,1,2026-03-06
CSB/WL/2603-0178,seq_in_nobukti,SB/V2/2603-0178,1,2026-03-06
CSB/WL/2603-0178,seq_in_nobukti,MDR/SYS/2603-0178,4,2026-03-01
CSB/WL/2603-0178,seq_in_nobukti,SB/SYS/2603-0178,1,2026-03-01
CSB/WL/2603-0178,seq_in_nobukti,KRT/SYS/2603-0178,5,2026-02-28
CSB/WL/2603-0134,seq_in_nobukti,MDR/RA/2603-0134,4,2026-04-01
CSB/WL/2603-0134,seq_in_nobukti,MDR/ARV/2603-0134,4,2026-04-01
CSB/WL/2603-0134,seq_in_nobukti,MDR/OC/2603-0134,4,2026-03-31
CSB/WL/2603-0134,seq_in_nobukti,SB/PT/2603-0134,1,2026-03-16
CSB/WL/2603-0134,seq_in_nobukti,SB/WS/2603-0134,1,2026-03-08
CSB/WL/2603-0134,seq_in_nobukti,SB/V2/2603-0134,1,2026-03-05
CSB/WL/2603-0134,seq_in_nobukti,SB/NI/2603-0134,1,2026-03-05
CSB/WL/2603-0134,seq_in_nobukti,MDR/SYS/2603-0134,4,2026-03-01
CSB/WL/2603-0134,seq_in_nobukti,SB/SYS/2603-0134,1,2026-03-01
CSB/WL/2603-0134,seq_in_nobukti,KRT/SYS/2603-0134,5,2026-02-28
CSB/WL/2603-0207,seq_in_nobukti,SB/PT/2603-0207,1,2026-03-19
CSB/WL/2603-0207,seq_in_nobukti,SB/WS/2603-0207,1,2026-03-09
CSB/WL/2603-0207,seq_in_nobukti,SB/V2/2603-0207,1,2026-03-07
CSB/WL/2603-0207,seq_in_nobukti,SB/NI/2603-0207,1,2026-03-06
CSB/WL/2603-0207,seq_in_nobukti,MDR/SYS/2603-0207,4,2026-03-01
CSB/WL/2603-0207,seq_in_nobukti,SB/SYS/2603-0207,1,2026-03-01
CSB/WL/2603-0207,seq_in_nobukti,KRT/SYS/2603-0207,5,2026-02-28
CSB/SI/2603-0313,seq_in_nobukti,SB/PT/2603-0313,1,2026-03-30
CSB/SI/2603-0313,seq_in_nobukti,SB/WS/2603-0313,1,2026-03-12
CSB/SI/2603-0313,seq_in_nobukti,SB/NI/2603-0313,1,2026-03-11
CSB/SI/2603-0313,seq_in_nobukti,SB/V2/2603-0313,1,2026-03-08
CSB/SI/2603-0313,seq_in_nobukti,MDR/SYS/2603-0313,4,2026-03-02
CSB/SI/2603-0313,seq_in_nobukti,KRT/SYS/2603-0313,5,2026-03-01
CSB/MA/2603-0325,seq_in_nobukti,SB/WS/2603-0325,1,2026-03-12
CSB/MA/2603-0325,seq_in_nobukti,SB/NI/2603-0325,1,2026-03-11
CSB/MA/2603-0325,seq_in_nobukti,SB/V2/2603-0325,1,2026-03-08
CSB/MA/2603-0325,seq_in_nobukti,MDR/SYS/2603-0325,4,2026-03-03
CSB/MA/2603-0325,seq_in_nobukti,KRT/SYS/2603-0325,5,2026-03-01
CSB/WL/2603-0255,seq_in_nobukti,SB/PT/2603-0255,1,2026-03-19
CSB/WL/2603-0255,seq_in_nobukti,SB/WS/2603-0255,1,2026-03-10
CSB/WL/2603-0255,seq_in_nobukti,SB/NI/2603-0255,1,2026-03-09
CSB/WL/2603-0255,seq_in_nobukti,SB/V2/2603-0255,1,2026-03-07
CSB/WL/2603-0255,seq_in_nobukti,MDR/SYS/2603-0255,4,2026-03-02
CSB/WL/2603-0255,seq_in_nobukti,KRT/SYS/2603-0255,5,2026-02-28
CSB/WL/2603-0298,seq_in_nobukti,SB/PT/2603-0298,1,2026-03-29
CSB/WL/2603-0298,seq_in_nobukti,SB/WS/2603-0298,1,2026-03-11
CSB/WL/2603-0298,seq_in_nobukti,SB/NI/2603-0298,1,2026-03-11
CSB/WL/2603-0298,seq_in_nobukti,SB/V2/2603-0298,1,2026-03-08
CSB/WL/2603-0298,seq_in_nobukti,MDR/SYS/2603-0298,4,2026-03-02
CSB/WL/2603-0298,seq_in_nobukti,KRT/SYS/2603-0298,5,2026-03-01
CSB/IN/2603-0280,seq_in_nobukti,SB/PT/2603-0280,1,2026-03-19
CSB/IN/2603-0280,seq_in_nobukti,SB/NI/2603-0280,1,2026-03-11
CSB/IN/2603-0280,seq_in_nobukti,SB/WS/2603-0280,1,2026-03-10
CSB/IN/2603-0280,seq_in_nobukti,SB/V2/2603-0280,1,2026-03-08
CSB/IN/2603-0280,seq_in_nobukti,MDR/SYS/2603-0280,4,2026-03-02
CSB/IN/2603-0280,seq_in_nobukti,KRT/SYS/2603-0280,5,2026-03-01
CSB/MA/2603-0268,seq_in_nobukti,SB/PT/2603-0268,1,2026-03-19
CSB/MA/2603-0268,seq_in_nobukti,SB/WS/2603-0268,1,2026-03-10
CSB/MA/2603-0268,seq_in_nobukti,SB/NI/2603-0268,1,2026-03-10
CSB/MA/2603-0268,seq_in_nobukti,SB/V2/2603-0268,1,2026-03-07
CSB/MA/2603-0268,seq_in_nobukti,MDR/SYS/2603-0268,4,2026-03-02
CSB/MA/2603-0268,seq_in_nobukti,KRT/SYS/2603-0268,5,2026-03-01
CSB/WL/2603-0177,seq_in_nobukti,SB/PT/2603-0177,1,2026-03-16
CSB/WL/2603-0177,seq_in_nobukti,SB/WS/2603-0177,1,2026-03-09
CSB/WL/2603-0177,seq_in_nobukti,SB/NI/2603-0177,1,2026-03-06
CSB/WL/2603-0177,seq_in_nobukti,SB/V2/2603-0177,1,2026-03-06
CSB/WL/2603-0177,seq_in_nobukti,MDR/SYS/2603-0177,4,2026-03-01
CSB/WL/2603-0177,seq_in_nobukti,SB/SYS/2603-0177,1,2026-03-01
CSB/WL/2603-0177,seq_in_nobukti,KRT/SYS/2603-0177,5,2026-02-28
CSB/SI/2603-0240,seq_in_nobukti,SB/PT/2603-0240,1,2026-03-19
CSB/SI/2603-0240,seq_in_nobukti,SB/WS/2603-0240,1,2026-03-10
CSB/SI/2603-0240,seq_in_nobukti,SB/NI/2603-0240,1,2026-03-08
CSB/SI/2603-0240,seq_in_nobukti,SB/V2/2603-0240,1,2026-03-07
CSB/SI/2603-0240,seq_in_nobukti,MDR/SYS/2603-0240,4,2026-03-02
CSB/SI/2603-0240,seq_in_nobukti,KRT/SYS/2603-0240,5,2026-02-28
CSB/WL/2603-0248,seq_in_nobukti,SB/PT/2603-0248,1,2026-03-19
CSB/WL/2603-0248,seq_in_nobukti,SB/WS/2603-0248,1,2026-03-10
CSB/WL/2603-0248,seq_in_nobukti,SB/NI/2603-0248,1,2026-03-08
CSB/WL/2603-0248,seq_in_nobukti,SB/V2/2603-0248,1,2026-03-07
CSB/WL/2603-0248,seq_in_nobukti,MDR/SYS/2603-0248,4,2026-03-02
CSB/WL/2603-0248,seq_in_nobukti,KRT/SYS/2603-0248,5,2026-02-28
CSB/WL/2603-0215,seq_in_nobukti,SB/PT/2603-0215,1,2026-03-19
CSB/WL/2603-0215,seq_in_nobukti,SB/WS/2603-0215,1,2026-03-09
CSB/WL/2603-0215,seq_in_nobukti,SB/V2/2603-0215,1,2026-03-07
CSB/WL/2603-0215,seq_in_nobukti,SB/NI/2603-0215,1,2026-03-06
CSB/WL/2603-0215,seq_in_nobukti,MDR/SYS/2603-0215,4,2026-03-01
CSB/WL/2603-0215,seq_in_nobukti,SB/SYS/2603-0215,1,2026-03-01
CSB/WL/2603-0215,seq_in_nobukti,KRT/SYS/2603-0215,5,2026-02-28
CSB/WL/2603-0309,seq_in_nobukti,SB/PT/2603-0309,1,2026-03-30
CSB/WL/2603-0309,seq_in_nobukti,SB/WS/2603-0309,1,2026-03-12
CSB/WL/2603-0309,seq_in_nobukti,SB/NI/2603-0309,1,2026-03-11
CSB/WL/2603-0309,seq_in_nobukti,SB/V2/2603-0309,1,2026-03-08
CSB/WL/2603-0309,seq_in_nobukti,MDR/SYS/2603-0309,4,2026-03-02
CSB/WL/2603-0309,seq_in_nobukti,KRT/SYS/2603-0309,5,2026-03-01
CSB/WL/2603-0278,seq_in_nobukti,SB/PT/2603-0278,1,2026-03-19
CSB/WL/2603-0278,seq_in_nobukti,SB/NI/2603-0278,1,2026-03-11
CSB/WL/2603-0278,seq_in_nobukti,SB/WS/2603-0278,1,2026-03-10
CSB/WL/2603-0278,seq_in_nobukti,SB/V2/2603-0278,1,2026-03-08
CSB/WL/2603-0278,seq_in_nobukti,MDR/SYS/2603-0278,4,2026-03-02
CSB/WL/2603-0278,seq_in_nobukti,KRT/SYS/2603-0278,5,2026-03-01
CSB/WL/2603-0282,seq_in_nobukti,SB/PT/2603-0282,1,2026-03-19
CSB/WL/2603-0282,seq_in_nobukti,SB/NI/2603-0282,1,2026-03-11
CSB/WL/2603-0282,seq_in_nobukti,SB/WS/2603-0282,1,2026-03-10
CSB/WL/2603-0282,seq_in_nobukti,SB/V2/2603-0282,1,2026-03-08
CSB/WL/2603-0282,seq_in_nobukti,MDR/SYS/2603-0282,4,2026-03-02
CSB/WL/2603-0282,seq_in_nobukti,KRT/SYS/2603-0282,5,2026-03-01
CSB/WL/2603-0272,seq_in_nobukti,SB/PT/2603-0272,1,2026-03-19
CSB/WL/2603-0272,seq_in_nobukti,SB/WS/2603-0272,1,2026-03-10
CSB/WL/2603-0272,seq_in_nobukti,SB/NI/2603-0272,1,2026-03-10
CSB/WL/2603-0272,seq_in_nobukti,SB/V2/2603-0272,1,2026-03-08
CSB/WL/2603-0272,seq_in_nobukti,MDR/SYS/2603-0272,4,2026-03-02
CSB/WL/2603-0272,seq_in_nobukti,KRT/SYS/2603-0272,5,2026-03-01
CSB/FZ/2603-0349,seq_in_nobukti,SB/NI/2603-0349,1,2026-03-12
CSB/FZ/2603-0349,seq_in_nobukti,SB/WS/2603-0349,1,2026-03-12
CSB/FZ/2603-0349,seq_in_nobukti,SB/V2/2603-0349,1,2026-03-08
CSB/FZ/2603-0349,seq_in_nobukti,MDR/SYS/2603-0349,4,2026-03-03
CSB/FZ/2603-0349,seq_in_nobukti,KRT/SYS/2603-0349,5,2026-03-01
CSB/WL/2603-0397,seq_in_nobukti,SB/WS/2603-0397,1,2026-03-13
CSB/WL/2603-0397,seq_in_nobukti,SB/NI/2603-0397,1,2026-03-12
CSB/WL/2603-0397,seq_in_nobukti,SB/V2/2603-0397,1,2026-03-09
CSB/WL/2603-0397,seq_in_nobukti,MDR/SYS/2603-0397,4,2026-03-04
CSB/WL/2603-0397,seq_in_nobukti,KRT/SYS/2603-0397,5,2026-03-01
CSB/MA/2603-0552,seq_in_nobukti,SB/WS/2603-0552,1,2026-03-15
CSB/MA/2603-0552,seq_in_nobukti,SB/NI/2603-0552,1,2026-03-14
CSB/MA/2603-0552,seq_in_nobukti,SB/V2/2603-0552,1,2026-03-14
CSB/MA/2603-0552,seq_in_nobukti,MDR/SYS/2603-0552,4,2026-02-12
CSB/MA/2603-0552,seq_in_nobukti,KRT/SYS/2603-0552,5,2026-03-02
CSB/WL/2603-0313,seq_in_nobukti,SB/PT/2603-0313,1,2026-03-30
CSB/WL/2603-0313,seq_in_nobukti,SB/WS/2603-0313,1,2026-03-12
CSB/WL/2603-0313,seq_in_nobukti,SB/NI/2603-0313,1,2026-03-11
CSB/WL/2603-0313,seq_in_nobukti,SB/V2/2603-0313,1,2026-03-08
CSB/WL/2603-0313,seq_in_nobukti,MDR/SYS/2603-0313,4,2026-03-02
CSB/WL/2603-0313,seq_in_nobukti,KRT/SYS/2603-0313,5,2026-03-01
CSB/WL/2603-0357,seq_in_nobukti,SB/NI/2603-0357,1,2026-03-12
CSB/WL/2603-0357,seq_in_nobukti,SB/WS/2603-0357,1,2026-03-12
CSB/WL/2603-0357,seq_in_nobukti,SB/V2/2603-0357,1,2026-03-08
CSB/WL/2603-0357,seq_in_nobukti,MDR/SYS/2603-0357,4,2026-03-03
CSB/WL/2603-0357,seq_in_nobukti,KRT/SYS/2603-0357,5,2026-03-01
CSB/WL/2603-0359,seq_in_nobukti,SB/NI/2603-0359,1,2026-03-12
CSB/WL/2603-0359,seq_in_nobukti,SB/WS/2603-0359,1,2026-03-12
CSB/WL/2603-0359,seq_in_nobukti,SB/V2/2603-0359,1,2026-03-08
CSB/WL/2603-0359,seq_in_nobukti,MDR/SYS/2603-0359,4,2026-03-03
CSB/WL/2603-0359,seq_in_nobukti,KRT/SYS/2603-0359,5,2026-03-01
CSB/WL/2603-0372,seq_in_nobukti,SB/NI/2603-0372,1,2026-03-12
CSB/WL/2603-0372,seq_in_nobukti,SB/WS/2603-0372,1,2026-03-12
CSB/WL/2603-0372,seq_in_nobukti,SB/V2/2603-0372,1,2026-03-09
CSB/WL/2603-0372,seq_in_nobukti,MDR/SYS/2603-0372,4,2026-03-03
CSB/WL/2603-0372,seq_in_nobukti,KRT/SYS/2603-0372,5,2026-03-01
CSB/WL/2603-0444,seq_in_nobukti,SB/NI/2603-0444,1,2026-03-13
CSB/WL/2603-0444,seq_in_nobukti,SB/WS/2603-0444,1,2026-03-13
CSB/WL/2603-0444,seq_in_nobukti,SB/V2/2603-0444,1,2026-03-10
CSB/WL/2603-0444,seq_in_nobukti,MDR/SYS/2603-0444,4,2026-03-04
CSB/WL/2603-0444,seq_in_nobukti,KRT/SYS/2603-0444,5,2026-03-02
CSB/FZ/2603-0514,seq_in_nobukti,SB/NI/2603-0514,1,2026-03-14
CSB/FZ/2603-0514,seq_in_nobukti,SB/WS/2603-0514,1,2026-03-14
CSB/FZ/2603-0514,seq_in_nobukti,SB/V2/2603-0514,1,2026-03-11
CSB/FZ/2603-0514,seq_in_nobukti,MDR/SYS/2603-0514,4,2026-02-12
CSB/FZ/2603-0514,seq_in_nobukti,KRT/SYS/2603-0514,5,2026-03-02
CSB/IN/2603-0492,seq_in_nobukti,SB/WS/2603-0492,1,2026-03-14
CSB/IN/2603-0492,seq_in_nobukti,SB/NI/2603-0492,1,2026-03-13
CSB/IN/2603-0492,seq_in_nobukti,SB/V2/2603-0492,1,2026-03-11
CSB/IN/2603-0492,seq_in_nobukti,MDR/SYS/2603-0492,4,2026-03-04
CSB/IN/2603-0492,seq_in_nobukti,KRT/SYS/2603-0492,5,2026-03-02
CSB/IN/2603-0445,seq_in_nobukti,SB/NI/2603-0445,1,2026-03-13
CSB/IN/2603-0445,seq_in_nobukti,SB/WS/2603-0445,1,2026-03-13
CSB/IN/2603-0445,seq_in_nobukti,SB/V2/2603-0445,1,2026-03-10
CSB/IN/2603-0445,seq_in_nobukti,MDR/SYS/2603-0445,4,2026-03-04
CSB/IN/2603-0445,seq_in_nobukti,KRT/SYS/2603-0445,5,2026-03-02
CSB/WL/2603-0392,seq_in_nobukti,SB/WS/2603-0392,1,2026-03-13
CSB/WL/2603-0392,seq_in_nobukti,SB/NI/2603-0392,1,2026-03-12
CSB/WL/2603-0392,seq_in_nobukti,SB/V2/2603-0392,1,2026-03-09
CSB/WL/2603-0392,seq_in_nobukti,MDR/SYS/2603-0392,4,2026-03-03
CSB/WL/2603-0392,seq_in_nobukti,KRT/SYS/2603-0392,5,2026-03-01
CSB/WL/2603-0452,seq_in_nobukti,SB/WS/2603-0452,1,2026-03-13
CSB/WL/2603-0452,seq_in_nobukti,SB/NI/2603-0452,1,2026-03-13
CSB/WL/2603-0452,seq_in_nobukti,SB/V2/2603-0452,1,2026-03-10
CSB/WL/2603-0452,seq_in_nobukti,MDR/SYS/2603-0452,4,2026-03-04
CSB/WL/2603-0452,seq_in_nobukti,KRT/SYS/2603-0452,5,2026-03-02
CSB/WL/2603-0453,seq_in_nobukti,SB/WS/2603-0453,1,2026-03-14
CSB/WL/2603-0453,seq_in_nobukti,SB/NI/2603-0453,1,2026-03-13
CSB/WL/2603-0453,seq_in_nobukti,SB/V2/2603-0453,1,2026-03-10
CSB/WL/2603-0453,seq_in_nobukti,MDR/SYS/2603-0453,4,2026-03-04
CSB/WL/2603-0453,seq_in_nobukti,KRT/SYS/2603-0453,5,2026-03-02
CSB/WL/2603-0432,seq_in_nobukti,SB/NI/2603-0432,1,2026-03-13
CSB/WL/2603-0432,seq_in_nobukti,SB/WS/2603-0432,1,2026-03-13
CSB/WL/2603-0432,seq_in_nobukti,SB/V2/2603-0432,1,2026-03-10
CSB/WL/2603-0432,seq_in_nobukti,MDR/SYS/2603-0432,4,2026-03-04
CSB/WL/2603-0432,seq_in_nobukti,KRT/SYS/2603-0432,5,2026-03-02
CSB/WL/2603-0440,seq_in_nobukti,SB/NI/2603-0440,1,2026-03-13
CSB/WL/2603-0440,seq_in_nobukti,SB/WS/2603-0440,1,2026-03-13
CSB/WL/2603-0440,seq_in_nobukti,SB/V2/2603-0440,1,2026-03-10
CSB/WL/2603-0440,seq_in_nobukti,MDR/SYS/2603-0440,4,2026-03-04
CSB/WL/2603-0440,seq_in_nobukti,KRT/SYS/2603-0440,5,2026-03-02
CSB/WL/2603-0425,seq_in_nobukti,SB/NI/2603-0425,1,2026-03-13
CSB/WL/2603-0425,seq_in_nobukti,SB/WS/2603-0425,1,2026-03-13
CSB/WL/2603-0425,seq_in_nobukti,SB/V2/2603-0425,1,2026-03-10
CSB/WL/2603-0425,seq_in_nobukti,MDR/SYS/2603-0425,4,2026-03-04
CSB/WL/2603-0425,seq_in_nobukti,KRT/SYS/2603-0425,5,2026-03-02
CSB/WL/2603-0481,seq_in_nobukti,SB/WS/2603-0481,1,2026-03-14
CSB/WL/2603-0481,seq_in_nobukti,SB/NI/2603-0481,1,2026-03-13
CSB/WL/2603-0481,seq_in_nobukti,SB/V2/2603-0481,1,2026-03-10
CSB/WL/2603-0481,seq_in_nobukti,MDR/SYS/2603-0481,4,2026-03-04
CSB/WL/2603-0481,seq_in_nobukti,KRT/SYS/2603-0481,5,2026-03-02
CSB/WL/2603-0479,seq_in_nobukti,SB/WS/2603-0479,1,2026-03-14
CSB/WL/2603-0479,seq_in_nobukti,SB/NI/2603-0479,1,2026-03-13
CSB/WL/2603-0479,seq_in_nobukti,SB/V2/2603-0479,1,2026-03-10
CSB/WL/2603-0479,seq_in_nobukti,MDR/SYS/2603-0479,4,2026-03-04
CSB/WL/2603-0479,seq_in_nobukti,KRT/SYS/2603-0479,5,2026-03-02
CSB/MA/2603-0639,seq_in_nobukti,SB/NI/2603-0639,1,2026-03-18
CSB/MA/2603-0639,seq_in_nobukti,SB/V2/2603-0639,1,2026-03-16
CSB/MA/2603-0639,seq_in_nobukti,SB/WS/2603-0639,1,2026-03-16
CSB/MA/2603-0639,seq_in_nobukti,MDR/SYS/2603-0639,4,2026-03-06
CSB/MA/2603-0639,seq_in_nobukti,KRT/SYS/2603-0639,5,2026-03-02
CSB/WL/2603-0447,seq_in_nobukti,SB/NI/2603-0447,1,2026-03-13
CSB/WL/2603-0447,seq_in_nobukti,SB/WS/2603-0447,1,2026-03-13
CSB/WL/2603-0447,seq_in_nobukti,SB/V2/2603-0447,1,2026-03-10
CSB/WL/2603-0447,seq_in_nobukti,MDR/SYS/2603-0447,4,2026-03-04
CSB/WL/2603-0447,seq_in_nobukti,KRT/SYS/2603-0447,5,2026-03-02
CSB/FZ/2603-0735,seq_in_nobukti,SB/NI/2603-0735,1,2026-03-20
CSB/FZ/2603-0735,seq_in_nobukti,SB/WS/2603-0735,1,2026-03-17
CSB/FZ/2603-0735,seq_in_nobukti,SB/V2/2603-0735,1,2026-03-17
CSB/FZ/2603-0735,seq_in_nobukti,MDR/SYS/2603-0735,4,2026-03-07
CSB/FZ/2603-0735,seq_in_nobukti,KRT/SYS/2603-0735,5,2026-03-03
CSB/MA/2603-0790,seq_in_nobukti,SB/NI/2603-0790,1,2026-03-20
CSB/MA/2603-0790,seq_in_nobukti,SB/WS/2603-0790,1,2026-03-18
CSB/MA/2603-0790,seq_in_nobukti,SB/V2/2603-0790,1,2026-03-18
CSB/MA/2603-0790,seq_in_nobukti,MDR/SYS/2603-0790,4,2026-03-07
CSB/MA/2603-0790,seq_in_nobukti,KRT/SYS/2603-0790,5,2026-03-03
CSB/WL/2603-0590,seq_in_nobukti,SB/WS/2603-0590,1,2026-03-16
CSB/WL/2603-0590,seq_in_nobukti,SB/NI/2603-0590,1,2026-03-15
CSB/WL/2603-0590,seq_in_nobukti,SB/V2/2603-0590,1,2026-03-15
CSB/WL/2603-0590,seq_in_nobukti,MDR/SYS/2603-0590,4,2026-02-12
CSB/WL/2603-0590,seq_in_nobukti,KRT/SYS/2603-0590,5,2026-03-02
CSB/SI/2603-0671,seq_in_nobukti,SB/NI/2603-0671,1,2026-03-18
CSB/SI/2603-0671,seq_in_nobukti,SB/WS/2603-0671,1,2026-03-17
CSB/SI/2603-0671,seq_in_nobukti,SB/V2/2603-0671,1,2026-03-16
CSB/SI/2603-0671,seq_in_nobukti,MDR/SYS/2603-0671,4,2026-03-06
CSB/SI/2603-0671,seq_in_nobukti,KRT/SYS/2603-0671,5,2026-03-02
CSB/WL/2603-0578,seq_in_nobukti,SB/WS/2603-0578,1,2026-03-16
CSB/WL/2603-0578,seq_in_nobukti,SB/V2/2603-0578,1,2026-03-15
CSB/WL/2603-0578,seq_in_nobukti,SB/NI/2603-0578,1,2026-03-14
CSB/WL/2603-0578,seq_in_nobukti,MDR/SYS/2603-0578,4,2026-02-12
CSB/WL/2603-0578,seq_in_nobukti,KRT/SYS/2603-0578,5,2026-03-02
CSB/WL/2603-0575,seq_in_nobukti,SB/WS/2603-0575,1,2026-03-16
CSB/WL/2603-0575,seq_in_nobukti,SB/V2/2603-0575,1,2026-03-15
CSB/WL/2603-0575,seq_in_nobukti,SB/NI/2603-0575,1,2026-03-14
CSB/WL/2603-0575,seq_in_nobukti,MDR/SYS/2603-0575,4,2026-02-12
CSB/WL/2603-0575,seq_in_nobukti,KRT/SYS/2603-0575,5,2026-03-02
CSB/IN/2603-0598,seq_in_nobukti,SB/WS/2603-0598,1,2026-03-16
CSB/IN/2603-0598,seq_in_nobukti,SB/NI/2603-0598,1,2026-03-15
CSB/IN/2603-0598,seq_in_nobukti,SB/V2/2603-0598,1,2026-03-15
CSB/IN/2603-0598,seq_in_nobukti,MDR/SYS/2603-0598,4,2026-03-06
CSB/IN/2603-0598,seq_in_nobukti,KRT/SYS/2603-0598,5,2026-03-02
CSB/WL/2603-0512,seq_in_nobukti,SB/NI/2603-0512,1,2026-03-14
CSB/WL/2603-0512,seq_in_nobukti,SB/WS/2603-0512,1,2026-03-14
CSB/WL/2603-0512,seq_in_nobukti,SB/V2/2603-0512,1,2026-03-11
CSB/WL/2603-0512,seq_in_nobukti,MDR/SYS/2603-0512,4,2026-02-12
CSB/WL/2603-0512,seq_in_nobukti,KRT/SYS/2603-0512,5,2026-03-02
CSB/IN/2603-0765,seq_in_nobukti,SB/NI/2603-0765,1,2026-03-20
CSB/IN/2603-0765,seq_in_nobukti,SB/WS/2603-0765,1,2026-03-18
CSB/IN/2603-0765,seq_in_nobukti,SB/V2/2603-0765,1,2026-03-17
CSB/IN/2603-0765,seq_in_nobukti,MDR/SYS/2603-0765,4,2026-03-07
CSB/IN/2603-0765,seq_in_nobukti,KRT/SYS/2603-0765,5,2026-03-03
CSB/WL/2603-0599,seq_in_nobukti,SB/WS/2603-0599,1,2026-03-16
CSB/WL/2603-0599,seq_in_nobukti,SB/NI/2603-0599,1,2026-03-15
CSB/WL/2603-0599,seq_in_nobukti,SB/V2/2603-0599,1,2026-03-15
CSB/WL/2603-0599,seq_in_nobukti,MDR/SYS/2603-0599,4,2026-03-06
CSB/WL/2603-0599,seq_in_nobukti,KRT/SYS/2603-0599,5,2026-03-02
CSB/WL/2603-0581,seq_in_nobukti,SB/WS/2603-0581,1,2026-03-16
CSB/WL/2603-0581,seq_in_nobukti,SB/NI/2603-0581,1,2026-03-15
CSB/WL/2603-0581,seq_in_nobukti,SB/V2/2603-0581,1,2026-03-15
CSB/WL/2603-0581,seq_in_nobukti,MDR/SYS/2603-0581,4,2026-02-12
CSB/WL/2603-0581,seq_in_nobukti,KRT/SYS/2603-0581,5,2026-03-02
CSB/FZ/2603-0667,seq_in_nobukti,SB/NI/2603-0667,1,2026-03-18
CSB/FZ/2603-0667,seq_in_nobukti,SB/WS/2603-0667,1,2026-03-17
CSB/FZ/2603-0667,seq_in_nobukti,SB/V2/2603-0667,1,2026-03-16
CSB/FZ/2603-0667,seq_in_nobukti,MDR/SYS/2603-0667,4,2026-03-06
CSB/FZ/2603-0667,seq_in_nobukti,KRT/SYS/2603-0667,5,2026-03-02
CSB/WL/2603-0574,seq_in_nobukti,SB/WS/2603-0574,1,2026-03-16
CSB/WL/2603-0574,seq_in_nobukti,SB/V2/2603-0574,1,2026-03-15
CSB/WL/2603-0574,seq_in_nobukti,SB/NI/2603-0574,1,2026-03-14
CSB/WL/2603-0574,seq_in_nobukti,MDR/SYS/2603-0574,4,2026-02-12
CSB/WL/2603-0574,seq_in_nobukti,KRT/SYS/2603-0574,5,2026-03-02
CSB/WL/2603-0573,seq_in_nobukti,SB/WS/2603-0573,1,2026-03-16
CSB/WL/2603-0573,seq_in_nobukti,SB/V2/2603-0573,1,2026-03-15
CSB/WL/2603-0573,seq_in_nobukti,SB/NI/2603-0573,1,2026-03-14
CSB/WL/2603-0573,seq_in_nobukti,MDR/SYS/2603-0573,4,2026-02-12
CSB/WL/2603-0573,seq_in_nobukti,KRT/SYS/2603-0573,5,2026-03-02
CSB/WL/2603-0571,seq_in_nobukti,SB/WS/2603-0571,1,2026-03-16
CSB/WL/2603-0571,seq_in_nobukti,SB/V2/2603-0571,1,2026-03-15
CSB/WL/2603-0571,seq_in_nobukti,SB/NI/2603-0571,1,2026-03-14
CSB/WL/2603-0571,seq_in_nobukti,MDR/SYS/2603-0571,4,2026-02-12
CSB/WL/2603-0571,seq_in_nobukti,KRT/SYS/2603-0571,5,2026-03-02
CSB/WL/2603-0572,seq_in_nobukti,SB/WS/2603-0572,1,2026-03-16
CSB/WL/2603-0572,seq_in_nobukti,SB/V2/2603-0572,1,2026-03-15
CSB/WL/2603-0572,seq_in_nobukti,SB/NI/2603-0572,1,2026-03-14
CSB/WL/2603-0572,seq_in_nobukti,MDR/SYS/2603-0572,4,2026-02-12
CSB/WL/2603-0572,seq_in_nobukti,KRT/SYS/2603-0572,5,2026-03-02
CSB/WL/2603-0645,seq_in_nobukti,SB/NI/2603-0645,1,2026-03-18
CSB/WL/2603-0645,seq_in_nobukti,SB/V2/2603-0645,1,2026-03-16
CSB/WL/2603-0645,seq_in_nobukti,SB/WS/2603-0645,1,2026-03-16
CSB/WL/2603-0645,seq_in_nobukti,MDR/SYS/2603-0645,4,2026-03-06
CSB/WL/2603-0645,seq_in_nobukti,KRT/SYS/2603-0645,5,2026-03-02
CSB/WL/2603-0644,seq_in_nobukti,SB/NI/2603-0644,1,2026-03-18
CSB/WL/2603-0644,seq_in_nobukti,SB/V2/2603-0644,1,2026-03-16
CSB/WL/2603-0644,seq_in_nobukti,SB/WS/2603-0644,1,2026-03-16
CSB/WL/2603-0644,seq_in_nobukti,MDR/SYS/2603-0644,4,2026-03-06
CSB/WL/2603-0644,seq_in_nobukti,KRT/SYS/2603-0644,5,2026-03-02
CSB/FZ/2603-0779,seq_in_nobukti,SB/NI/2603-0779,1,2026-03-20
CSB/FZ/2603-0779,seq_in_nobukti,SB/WS/2603-0779,1,2026-03-18
CSB/FZ/2603-0779,seq_in_nobukti,SB/V2/2603-0779,1,2026-03-17
CSB/FZ/2603-0779,seq_in_nobukti,MDR/SYS/2603-0779,4,2026-03-07
CSB/FZ/2603-0779,seq_in_nobukti,KRT/SYS/2603-0779,5,2026-03-03
CSB/WL/2603-0633,seq_in_nobukti,SB/NI/2603-0633,1,2026-03-18
CSB/WL/2603-0633,seq_in_nobukti,SB/V2/2603-0633,1,2026-03-16
CSB/WL/2603-0633,seq_in_nobukti,SB/WS/2603-0633,1,2026-03-16
CSB/WL/2603-0633,seq_in_nobukti,MDR/SYS/2603-0633,4,2026-03-06
CSB/WL/2603-0633,seq_in_nobukti,KRT/SYS/2603-0633,5,2026-03-02
CSB/WL/2603-0617,seq_in_nobukti,SB/NI/2603-0617,1,2026-03-16
CSB/WL/2603-0617,seq_in_nobukti,SB/WS/2603-0617,1,2026-03-16
CSB/WL/2603-0617,seq_in_nobukti,SB/V2/2603-0617,1,2026-03-16
CSB/WL/2603-0617,seq_in_nobukti,MDR/SYS/2603-0617,4,2026-03-06
CSB/WL/2603-0617,seq_in_nobukti,KRT/SYS/2603-0617,5,2026-03-02
CSB/WL/2603-0655,seq_in_nobukti,SB/NI/2603-0655,1,2026-03-18
CSB/WL/2603-0655,seq_in_nobukti,SB/V2/2603-0655,1,2026-03-16
CSB/WL/2603-0655,seq_in_nobukti,SB/WS/2603-0655,1,2026-03-16
CSB/WL/2603-0655,seq_in_nobukti,MDR/SYS/2603-0655,4,2026-03-06
CSB/WL/2603-0655,seq_in_nobukti,KRT/SYS/2603-0655,5,2026-03-02
CSB/IN/2603-0791,seq_in_nobukti,SB/NI/2603-0791,1,2026-03-20
CSB/IN/2603-0791,seq_in_nobukti,SB/WS/2603-0791,1,2026-03-18
CSB/IN/2603-0791,seq_in_nobukti,SB/V2/2603-0791,1,2026-03-18
CSB/IN/2603-0791,seq_in_nobukti,MDR/SYS/2603-0791,4,2026-03-07
CSB/IN/2603-0791,seq_in_nobukti,KRT/SYS/2603-0791,5,2026-03-03
CSB/SI/2604-0179,seq_in_nobukti,KRT/AZ/2604-0179,5,2026-04-25
CSB/SI/2604-0179,seq_in_nobukti,CSB/ND/2604-0179,2,2026-04-24
CSB/SI/2604-0179,seq_in_nobukti,KRT/PRI/2604-0179,5,2026-04-24
CSB/SI/2604-0179,seq_in_nobukti,KRT/BR/2604-0179,5,2026-04-24
CSB/SI/2604-0179,seq_in_nobukti,SB/PT/2604-0179,1,2026-04-20
CSB/SI/2604-0179,seq_in_nobukti,CSB/Ma/2604-0179,2,2026-04-20
CSB/SI/2604-0179,seq_in_nobukti,CSB/IN/2604-0179,2,2026-04-20
CSB/SI/2604-0179,seq_in_nobukti,CSB/Wl/2604-0179,2,2026-04-19
CSB/SI/2604-0179,seq_in_nobukti,CSB/FZ/2604-0179,2,2026-04-18
CSB/SI/2604-0179,seq_in_nobukti,CSB/SYS/2604-0179,2,2026-01-02
CSB/SI/2604-0179,seq_in_nobukti,MDR/ARV/2604-0179,4,2026-04-11
CSB/SI/2604-0179,seq_in_nobukti,MDR/OC/2604-0179,4,2026-04-11
CSB/SI/2604-0179,seq_in_nobukti,MDR/RA/2604-0179,4,2026-04-08
CSB/SI/2604-0179,seq_in_nobukti,SB/V2/2604-0179,1,2026-04-06
CSB/SI/2604-0179,seq_in_nobukti,SB/WS/2604-0179,1,2026-04-06
CSB/SI/2604-0179,seq_in_nobukti,KRT/SYS/2604-0179,5,2026-04-01
CSB/WL/2603-0663,seq_in_nobukti,SB/NI/2603-0663,1,2026-03-18
CSB/WL/2603-0663,seq_in_nobukti,SB/WS/2603-0663,1,2026-03-17
CSB/WL/2603-0663,seq_in_nobukti,SB/V2/2603-0663,1,2026-03-16
CSB/WL/2603-0663,seq_in_nobukti,MDR/SYS/2603-0663,4,2026-03-06
CSB/WL/2603-0663,seq_in_nobukti,KRT/SYS/2603-0663,5,2026-03-02
CSB/IN/2603-0829,seq_in_nobukti,SB/NI/2603-0829,1,2026-03-28
CSB/IN/2603-0829,seq_in_nobukti,SB/V2/2603-0829,1,2026-03-18
CSB/IN/2603-0829,seq_in_nobukti,SB/WS/2603-0829,1,2026-03-18
CSB/IN/2603-0829,seq_in_nobukti,MDR/SYS/2603-0829,4,2026-03-08
CSB/IN/2603-0829,seq_in_nobukti,KRT/SYS/2603-0829,5,2026-03-03
CSB/MA/2603-0875,seq_in_nobukti,SB/NI/2603-0875,1,2026-03-29
CSB/MA/2603-0875,seq_in_nobukti,SB/WS/2603-0875,1,2026-03-20
CSB/MA/2603-0875,seq_in_nobukti,SB/V2/2603-0875,1,2026-03-19
CSB/MA/2603-0875,seq_in_nobukti,MDR/SYS/2603-0875,4,2026-03-08
CSB/MA/2603-0875,seq_in_nobukti,KRT/SYS/2603-0875,5,2026-03-03
CSB/WL/2603-0652,seq_in_nobukti,SB/NI/2603-0652,1,2026-03-18
CSB/WL/2603-0652,seq_in_nobukti,SB/V2/2603-0652,1,2026-03-16
CSB/WL/2603-0652,seq_in_nobukti,SB/WS/2603-0652,1,2026-03-16
CSB/WL/2603-0652,seq_in_nobukti,MDR/SYS/2603-0652,4,2026-03-06
CSB/WL/2603-0652,seq_in_nobukti,KRT/SYS/2603-0652,5,2026-03-02
KRT/AN/2601-0460,seq_in_nobukti,SB/FR/2601-0460,1,2026-01-06
KRT/WA/2601-0962,seq_in_nobukti,SB/FR/2601-0962,1,2026-01-12
KRT/VA/2602-0056,seq_in_nobukti,SB/SYS/2602-0056,1,2026-02-20
KRT/VA/2602-0056,seq_in_nobukti,KRT/SYS/2602-0056,5,2026-01-10
KRT/VA/2602-0056,seq_in_nobukti,SB/V2/2602-0056,1,2026-02-16
KRT/VA/2602-0056,seq_in_nobukti,SB/PT/2602-0056,1,2026-02-16
KRT/VA/2602-0056,seq_in_nobukti,SB/WS/2602-0056,1,2026-02-12
KRT/VA/2602-0056,seq_in_nobukti,MDR/SYS/2602-0056,4,2026-01-02
KRT/VA/2602-0056,seq_in_nobukti,SB/NI/2602-0056,1,2026-02-12
KRT/VA/2602-0056,seq_in_nobukti,SB/FR/2602-0056,1,2026-02-02
KRT/AN/2604-0395,seq_in_nobukti,CSB/Ma/2604-0395,2,2026-04-30
KRT/AN/2604-0395,seq_in_nobukti,KRT/AZ/2604-0395,5,2026-04-29
KRT/AN/2604-0395,seq_in_nobukti,KRT/BR/2604-0395,5,2026-04-27
KRT/AN/2604-0395,seq_in_nobukti,KRT/PRI/2604-0395,5,2026-04-27
KRT/AN/2604-0395,seq_in_nobukti,CSB/IN/2604-0395,2,2026-04-25
KRT/AN/2604-0395,seq_in_nobukti,CSB/FZ/2604-0395,2,2026-04-25
KRT/AN/2604-0395,seq_in_nobukti,CSB/Wl/2604-0395,2,2026-04-25
KRT/AN/2604-0395,seq_in_nobukti,MDR/ARV/2604-0395,4,2026-04-22
KRT/AN/2604-0395,seq_in_nobukti,MDR/OC/2604-0395,4,2026-04-19
KRT/AN/2604-0395,seq_in_nobukti,MDR/RA/2604-0395,4,2026-04-17
KRT/AN/2604-0395,seq_in_nobukti,CSB/SYS/2604-0395,2,2026-01-03
KRT/AN/2604-0395,seq_in_nobukti,SB/V2/2604-0395,1,2026-04-12
KRT/AN/2604-0395,seq_in_nobukti,SB/WS/2604-0395,1,2026-04-12
KRT/AN/2604-0395,seq_in_nobukti,KRT/SYS/2604-0395,5,2026-04-02
KRT/AN/2602-0643,seq_in_nobukti,KRT/SYS/2602-0643,5,2026-01-12
KRT/AN/2602-0643,seq_in_nobukti,MDR/SYS/2602-0643,4,2026-01-09
KRT/AN/2602-0643,seq_in_nobukti,SB/FR/2602-0643,1,2026-02-07
KRT/AN/2602-0389,seq_in_nobukti,SB/SYS/2602-0389,1,2026-02-24
KRT/AN/2602-0389,seq_in_nobukti,SB/NI/2602-0389,1,2026-02-22
KRT/AN/2602-0389,seq_in_nobukti,KRT/SYS/2602-0389,5,2026-01-11
KRT/AN/2602-0389,seq_in_nobukti,MDR/SYS/2602-0389,4,2026-01-06
KRT/AN/2602-0389,seq_in_nobukti,SB/FR/2602-0389,1,2026-02-05
KRT/WA/2602-0754,seq_in_nobukti,KRT/SYS/2602-0754,5,2026-01-13
KRT/WA/2602-0754,seq_in_nobukti,MDR/SYS/2602-0754,4,2026-01-11
KRT/WA/2602-0754,seq_in_nobukti,SB/FR/2602-0754,1,2026-02-08
KRT/WA/2603-0276,seq_in_nobukti,SB/PT/2603-0276,1,2026-03-19
KRT/WA/2603-0276,seq_in_nobukti,SB/NI/2603-0276,1,2026-03-11
KRT/WA/2603-0276,seq_in_nobukti,SB/WS/2603-0276,1,2026-03-10
KRT/WA/2603-0276,seq_in_nobukti,SB/V2/2603-0276,1,2026-03-08
KRT/WA/2603-0276,seq_in_nobukti,MDR/SYS/2603-0276,4,2026-03-02
KRT/WA/2603-0276,seq_in_nobukti,KRT/SYS/2603-0276,5,2026-03-01
KRT/WA/2602-0769,seq_in_nobukti,KRT/SYS/2602-0769,5,2026-01-13
KRT/WA/2602-0769,seq_in_nobukti,MDR/SYS/2602-0769,4,2026-01-11
KRT/WA/2602-0769,seq_in_nobukti,SB/FR/2602-0769,1,2026-02-08
KRT/PA/2602-0669,seq_in_nobukti,KRT/SYS/2602-0669,5,2026-01-12
KRT/PA/2602-0669,seq_in_nobukti,MDR/SYS/2602-0669,4,2026-01-10
KRT/PA/2602-0669,seq_in_nobukti,SB/FR/2602-0669,1,2026-02-07
KRT/PA/2602-0720,seq_in_nobukti,KRT/SYS/2602-0720,5,2026-01-13
KRT/PA/2602-0720,seq_in_nobukti,MDR/SYS/2602-0720,4,2026-01-10
KRT/PA/2602-0720,seq_in_nobukti,SB/FR/2602-0720,1,2026-02-08
KRT/AN/2601-1847,seq_in_nobukti,SB/FR/2601-1847,1,2026-02-01
KRT/AN/2602-0686,seq_in_nobukti,KRT/SYS/2602-0686,5,2026-01-13
KRT/AN/2602-0686,seq_in_nobukti,MDR/SYS/2602-0686,4,2026-01-10
KRT/AN/2602-0686,seq_in_nobukti,SB/FR/2602-0686,1,2026-02-08
KRT/WA/2602-0635,seq_in_nobukti,KRT/SYS/2602-0635,5,2026-01-12
KRT/WA/2602-0635,seq_in_nobukti,MDR/SYS/2602-0635,4,2026-01-09
KRT/WA/2602-0635,seq_in_nobukti,SB/FR/2602-0635,1,2026-02-07
KRT/AN/2601-1663,seq_in_nobukti,SB/FR/2601-1663,1,2026-01-22
KRT/AN/2602-0559,seq_in_nobukti,SB/SYS/2602-0559,1,2026-02-26
KRT/AN/2602-0559,seq_in_nobukti,KRT/SYS/2602-0559,5,2026-01-12
KRT/AN/2602-0559,seq_in_nobukti,MDR/SYS/2602-0559,4,2026-01-08
KRT/AN/2602-0559,seq_in_nobukti,SB/FR/2602-0559,1,2026-02-06
KRT/PA/2602-0492,seq_in_nobukti,SB/NI/2602-0492,1,2026-03-02
KRT/PA/2602-0492,seq_in_nobukti,SB/SYS/2602-0492,1,2026-02-25
KRT/PA/2602-0492,seq_in_nobukti,KRT/SYS/2602-0492,5,2026-01-12
KRT/PA/2602-0492,seq_in_nobukti,MDR/SYS/2602-0492,4,2026-01-07
KRT/PA/2602-0492,seq_in_nobukti,SB/FR/2602-0492,1,2026-02-06
KRT/AN/2603-2629,seq_in_nobukti,MDR/SYS/2603-2629,4,2026-03-19
KRT/AN/2603-2629,seq_in_nobukti,KRT/SYS/2603-2629,5,2026-01-09
KRT/PA/2601-1676,seq_in_nobukti,SB/FR/2601-1676,1,2026-01-22
KRT/WA/2601-1782,seq_in_nobukti,SB/FR/2601-1782,1,2026-01-29
KRT/PA/2602-0726,seq_in_nobukti,KRT/SYS/2602-0726,5,2026-01-13
KRT/PA/2602-0726,seq_in_nobukti,MDR/SYS/2602-0726,4,2026-01-10
KRT/PA/2602-0726,seq_in_nobukti,SB/FR/2602-0726,1,2026-02-08
KRT/WA/2604-1036,seq_in_nobukti,SB/V2/2604-1036,1,2026-04-28
KRT/WA/2604-1036,seq_in_nobukti,CSB/SYS/2604-1036,2,2026-01-07
KRT/WA/2604-1036,seq_in_nobukti,KRT/SYS/2604-1036,5,2026-04-05
KRT/PA/2604-0504,seq_in_nobukti,KRT/AZ/2604-0504,5,2026-05-01
KRT/PA/2604-0504,seq_in_nobukti,CSB/Wl/2604-0504,2,2026-04-30
KRT/PA/2604-0504,seq_in_nobukti,KRT/PRI/2604-0504,5,2026-04-29
KRT/PA/2604-0504,seq_in_nobukti,KRT/BR/2604-0504,5,2026-04-29
KRT/PA/2604-0504,seq_in_nobukti,CSB/IN/2604-0504,2,2026-04-29
KRT/PA/2604-0504,seq_in_nobukti,CSB/FZ/2604-0504,2,2026-04-28
KRT/PA/2604-0504,seq_in_nobukti,MDR/ARV/2604-0504,4,2026-04-27
KRT/PA/2604-0504,seq_in_nobukti,MDR/OC/2604-0504,4,2026-04-24
KRT/PA/2604-0504,seq_in_nobukti,MDR/RA/2604-0504,4,2026-04-22
KRT/PA/2604-0504,seq_in_nobukti,SB/V2/2604-0504,1,2026-04-15
KRT/PA/2604-0504,seq_in_nobukti,SB/WS/2604-0504,1,2026-04-15
KRT/PA/2604-0504,seq_in_nobukti,CSB/SYS/2604-0504,2,2026-01-04
KRT/PA/2604-0504,seq_in_nobukti,KRT/SYS/2604-0504,5,2026-04-02
KRT/PA/2604-0999,seq_in_nobukti,SB/WS/2604-0999,1,2026-05-01
KRT/PA/2604-0999,seq_in_nobukti,SB/V2/2604-0999,1,2026-04-27
KRT/PA/2604-0999,seq_in_nobukti,CSB/SYS/2604-0999,2,2026-01-07
KRT/PA/2604-0999,seq_in_nobukti,KRT/SYS/2604-0999,5,2026-04-05
KRT/AN/2602-1992,seq_in_nobukti,KRT/SYS/2602-1992,5,2026-01-19
KRT/AN/2602-1992,seq_in_nobukti,MDR/SYS/2602-1992,4,2026-01-25
KRT/PA/2602-2138,seq_in_nobukti,KRT/SYS/2602-2138,5,2026-01-19
KRT/PA/2602-2138,seq_in_nobukti,MDR/SYS/2602-2138,4,2026-01-27
KRT/WA/2602-1845,seq_in_nobukti,KRT/SYS/2602-1845,5,2026-01-17
KRT/WA/2602-1845,seq_in_nobukti,MDR/SYS/2602-1845,4,2026-01-23
KRT/PA/2604-1015,seq_in_nobukti,SB/V2/2604-1015,1,2026-04-27
KRT/PA/2604-1015,seq_in_nobukti,CSB/SYS/2604-1015,2,2026-01-07
KRT/PA/2604-1015,seq_in_nobukti,KRT/SYS/2604-1015,5,2026-04-05
KRT/VA/2601-0106,seq_in_nobukti,SB/VT/2601-0106,1,2026-01-24
KRT/VA/2601-0106,seq_in_nobukti,SB/WS/2601-0106,1,2026-01-23
KRT/VA/2601-0106,seq_in_nobukti,SB/NI/2601-0106,1,2026-01-21
KRT/VA/2601-0106,seq_in_nobukti,SB/FR/2601-0106,1,2026-01-03
KRT/WA/2604-1551,seq_in_nobukti,CSB/SYS/2604-1551,2,2026-01-10
KRT/WA/2604-1551,seq_in_nobukti,KRT/SYS/2604-1551,5,2026-04-07
KRT/AN/2604-1309,seq_in_nobukti,CSB/SYS/2604-1309,2,2026-01-09
KRT/AN/2604-1309,seq_in_nobukti,KRT/SYS/2604-1309,5,2026-04-06
KRT/WA/2602-1318,seq_in_nobukti,SB/FR/2602-1318,1,2026-02-19
KRT/WA/2602-1318,seq_in_nobukti,KRT/SYS/2602-1318,5,2026-01-15
KRT/WA/2602-1318,seq_in_nobukti,MDR/SYS/2602-1318,4,2026-01-17
KRT/PA/2604-1346,seq_in_nobukti,CSB/SYS/2604-1346,2,2026-01-09
KRT/PA/2604-1346,seq_in_nobukti,KRT/SYS/2604-1346,5,2026-04-07
KRT/PA/2604-1316,seq_in_nobukti,CSB/SYS/2604-1316,2,2026-01-09
KRT/PA/2604-1316,seq_in_nobukti,KRT/SYS/2604-1316,5,2026-04-06
KRT/PA/2604-1320,seq_in_nobukti,CSB/SYS/2604-1320,2,2026-01-09
KRT/PA/2604-1320,seq_in_nobukti,KRT/SYS/2604-1320,5,2026-04-06
KRT/AN/2601-1607,seq_in_nobukti,SB/FR/2601-1607,1,2026-01-20
KRT/AN/2603-0063,seq_in_nobukti,MDR/RA/2603-0063,4,2026-03-29
KRT/AN/2603-0063,seq_in_nobukti,MDR/OC/2603-0063,4,2026-03-29
KRT/AN/2603-0063,seq_in_nobukti,MDR/ARV/2603-0063,4,2026-03-29
KRT/AN/2603-0063,seq_in_nobukti,SB/PT/2603-0063,1,2026-03-11
KRT/AN/2603-0063,seq_in_nobukti,SB/WS/2603-0063,1,2026-03-07
KRT/AN/2603-0063,seq_in_nobukti,SB/NI/2603-0063,1,2026-03-04
KRT/AN/2603-0063,seq_in_nobukti,SB/V2/2603-0063,1,2026-03-04
KRT/AN/2603-0063,seq_in_nobukti,KRT/SYS/2603-0063,5,2026-02-28
KRT/AN/2603-0063,seq_in_nobukti,MDR/SYS/2603-0063,4,2026-02-28
KRT/AN/2603-0063,seq_in_nobukti,SB/SYS/2603-0063,1,2026-02-28
KRT/AN/2604-1286,seq_in_nobukti,CSB/SYS/2604-1286,2,2026-01-09
KRT/AN/2604-1286,seq_in_nobukti,KRT/SYS/2604-1286,5,2026-04-06
KRT/PA/2604-0550,seq_in_nobukti,CSB/Wl/2604-0550,2,2026-05-01
KRT/PA/2604-0550,seq_in_nobukti,KRT/AZ/2604-0550,5,2026-05-01
KRT/PA/2604-0550,seq_in_nobukti,CSB/FZ/2604-0550,2,2026-04-30
KRT/PA/2604-0550,seq_in_nobukti,CSB/IN/2604-0550,2,2026-04-30
KRT/PA/2604-0550,seq_in_nobukti,KRT/PRI/2604-0550,5,2026-04-29
KRT/PA/2604-0550,seq_in_nobukti,KRT/BR/2604-0550,5,2026-04-29
KRT/PA/2604-0550,seq_in_nobukti,MDR/ARV/2604-0550,4,2026-04-29
KRT/PA/2604-0550,seq_in_nobukti,MDR/OC/2604-0550,4,2026-04-26
KRT/PA/2604-0550,seq_in_nobukti,MDR/RA/2604-0550,4,2026-04-25
KRT/PA/2604-0550,seq_in_nobukti,SB/V2/2604-0550,1,2026-04-16
KRT/PA/2604-0550,seq_in_nobukti,SB/WS/2604-0550,1,2026-04-16
KRT/PA/2604-0550,seq_in_nobukti,CSB/SYS/2604-0550,2,2026-01-04
KRT/PA/2604-0550,seq_in_nobukti,KRT/SYS/2604-0550,5,2026-04-03
KRT/WA/2604-1552,seq_in_nobukti,CSB/SYS/2604-1552,2,2026-01-10
KRT/WA/2604-1552,seq_in_nobukti,KRT/SYS/2604-1552,5,2026-04-07
KRT/AN/2604-1186,seq_in_nobukti,CSB/SYS/2604-1186,2,2026-01-08
KRT/AN/2604-1186,seq_in_nobukti,KRT/SYS/2604-1186,5,2026-04-06
KRT/AN/2604-1357,seq_in_nobukti,CSB/SYS/2604-1357,2,2026-01-09
KRT/AN/2604-1357,seq_in_nobukti,KRT/SYS/2604-1357,5,2026-04-07
KRT/PA/2602-2111,seq_in_nobukti,KRT/SYS/2602-2111,5,2026-01-19
KRT/PA/2602-2111,seq_in_nobukti,MDR/SYS/2602-2111,4,2026-01-27
KRT/AN/2604-0818,seq_in_nobukti,SB/WS/2604-0818,1,2026-04-26
KRT/AN/2604-0818,seq_in_nobukti,SB/V2/2604-0818,1,2026-04-23
KRT/AN/2604-0818,seq_in_nobukti,CSB/SYS/2604-0818,2,2026-01-06
KRT/AN/2604-0818,seq_in_nobukti,KRT/SYS/2604-0818,5,2026-04-04
KRT/VA/2604-0045,seq_in_nobukti,KRT/VI/2604-0045,5,2026-04-30
KRT/VA/2604-0045,seq_in_nobukti,MDR/FJ/2604-0045,4,2026-04-28
KRT/VA/2604-0045,seq_in_nobukti,KRT/PRI/2604-0045,5,2026-04-23
KRT/VA/2604-0045,seq_in_nobukti,KRT/AZ/2604-0045,5,2026-04-22
KRT/VA/2604-0045,seq_in_nobukti,KRT/BR/2604-0045,5,2026-04-22
KRT/VA/2604-0045,seq_in_nobukti,CSB/UW/2604-0045,2,2026-04-19
KRT/VA/2604-0045,seq_in_nobukti,CSB/ND/2604-0045,2,2026-04-17
KRT/VA/2604-0045,seq_in_nobukti,CSB/IN/2604-0045,2,2026-04-16
KRT/VA/2604-0045,seq_in_nobukti,CSB/Ma/2604-0045,2,2026-04-15
KRT/VA/2604-0045,seq_in_nobukti,CSB/Wl/2604-0045,2,2026-04-15
KRT/VA/2604-0045,seq_in_nobukti,CSB/FZ/2604-0045,2,2026-04-14
KRT/VA/2604-0045,seq_in_nobukti,CSB/SYS/2604-0045,2,2026-01-02
KRT/VA/2604-0045,seq_in_nobukti,SB/PT/2604-0045,1,2026-04-08
KRT/VA/2604-0045,seq_in_nobukti,MDR/RA/2604-0045,4,2026-04-03
KRT/VA/2604-0045,seq_in_nobukti,MDR/OC/2604-0045,4,2026-04-03
KRT/VA/2604-0045,seq_in_nobukti,MDR/ARV/2604-0045,4,2026-04-03
KRT/VA/2604-0045,seq_in_nobukti,SB/V2/2604-0045,1,2026-04-03
KRT/VA/2604-0045,seq_in_nobukti,SB/WS/2604-0045,1,2026-04-03
KRT/VA/2604-0045,seq_in_nobukti,KRT/SYS/2604-0045,5,2026-04-01
KRT/PA/2604-0983,seq_in_nobukti,SB/WS/2604-0983,1,2026-04-30
KRT/PA/2604-0983,seq_in_nobukti,SB/V2/2604-0983,1,2026-04-27
KRT/PA/2604-0983,seq_in_nobukti,CSB/SYS/2604-0983,2,2026-01-07
KRT/PA/2604-0983,seq_in_nobukti,KRT/SYS/2604-0983,5,2026-04-05
KRT/AN/2601-1606,seq_in_nobukti,SB/FR/2601-1606,1,2026-01-20
KRT/WA/2601-0248,seq_in_nobukti,SB/NI/2601-0248,1,2026-01-30
KRT/WA/2601-0248,seq_in_nobukti,SB/WS/2601-0248,1,2026-01-26
KRT/WA/2601-0248,seq_in_nobukti,SB/FR/2601-0248,1,2026-01-04
KRT/AN/2604-1034,seq_in_nobukti,SB/V2/2604-1034,1,2026-04-28
KRT/AN/2604-1034,seq_in_nobukti,CSB/SYS/2604-1034,2,2026-01-07
KRT/AN/2604-1034,seq_in_nobukti,KRT/SYS/2604-1034,5,2026-04-05
KRT/AN/2604-1138,seq_in_nobukti,SB/V2/2604-1138,1,2026-04-30
KRT/AN/2604-1138,seq_in_nobukti,CSB/SYS/2604-1138,2,2026-01-08
KRT/AN/2604-1138,seq_in_nobukti,KRT/SYS/2604-1138,5,2026-04-06
KRT/AN/2601-0325,seq_in_nobukti,SB/NI/2601-0325,1,2026-01-31
KRT/AN/2601-0325,seq_in_nobukti,SB/WS/2601-0325,1,2026-01-28
KRT/AN/2601-0325,seq_in_nobukti,SB/FR/2601-0325,1,2026-01-05
KRT/VA/2604-0094,seq_in_nobukti,CSB/UW/2604-0094,2,2026-04-30
KRT/VA/2604-0094,seq_in_nobukti,KRT/AZ/2604-0094,5,2026-04-24
KRT/VA/2604-0094,seq_in_nobukti,KRT/PRI/2604-0094,5,2026-04-23
KRT/VA/2604-0094,seq_in_nobukti,KRT/BR/2604-0094,5,2026-04-23
KRT/VA/2604-0094,seq_in_nobukti,CSB/ND/2604-0094,2,2026-04-19
KRT/VA/2604-0094,seq_in_nobukti,CSB/Ma/2604-0094,2,2026-04-18
KRT/VA/2604-0094,seq_in_nobukti,CSB/IN/2604-0094,2,2026-04-17
KRT/VA/2604-0094,seq_in_nobukti,CSB/Wl/2604-0094,2,2026-04-16
KRT/VA/2604-0094,seq_in_nobukti,CSB/FZ/2604-0094,2,2026-04-16
KRT/VA/2604-0094,seq_in_nobukti,SB/PT/2604-0094,1,2026-04-13
KRT/VA/2604-0094,seq_in_nobukti,CSB/SYS/2604-0094,2,2026-01-02
KRT/VA/2604-0094,seq_in_nobukti,MDR/ARV/2604-0094,4,2026-04-07
KRT/VA/2604-0094,seq_in_nobukti,MDR/RA/2604-0094,4,2026-04-05
KRT/VA/2604-0094,seq_in_nobukti,MDR/OC/2604-0094,4,2026-04-05
KRT/VA/2604-0094,seq_in_nobukti,SB/V2/2604-0094,1,2026-04-04
KRT/VA/2604-0094,seq_in_nobukti,SB/WS/2604-0094,1,2026-04-03
KRT/VA/2604-0094,seq_in_nobukti,KRT/SYS/2604-0094,5,2026-04-01
KRT/VA/2604-0072,seq_in_nobukti,CSB/UW/2604-0072,2,2026-04-25
KRT/VA/2604-0072,seq_in_nobukti,KRT/PRI/2604-0072,5,2026-04-23
KRT/VA/2604-0072,seq_in_nobukti,KRT/AZ/2604-0072,5,2026-04-23
KRT/VA/2604-0072,seq_in_nobukti,KRT/BR/2604-0072,5,2026-04-22
KRT/VA/2604-0072,seq_in_nobukti,CSB/ND/2604-0072,2,2026-04-18
KRT/VA/2604-0072,seq_in_nobukti,CSB/Ma/2604-0072,2,2026-04-17
KRT/VA/2604-0072,seq_in_nobukti,CSB/IN/2604-0072,2,2026-04-17
KRT/VA/2604-0072,seq_in_nobukti,CSB/Wl/2604-0072,2,2026-04-16
KRT/VA/2604-0072,seq_in_nobukti,CSB/FZ/2604-0072,2,2026-04-15
KRT/VA/2604-0072,seq_in_nobukti,CSB/SYS/2604-0072,2,2026-01-02
KRT/VA/2604-0072,seq_in_nobukti,SB/PT/2604-0072,1,2026-04-09
KRT/VA/2604-0072,seq_in_nobukti,MDR/ARV/2604-0072,4,2026-04-05
KRT/VA/2604-0072,seq_in_nobukti,MDR/RA/2604-0072,4,2026-04-04
KRT/VA/2604-0072,seq_in_nobukti,MDR/OC/2604-0072,4,2026-04-04
KRT/VA/2604-0072,seq_in_nobukti,SB/V2/2604-0072,1,2026-04-03
KRT/VA/2604-0072,seq_in_nobukti,SB/WS/2604-0072,1,2026-04-03
KRT/VA/2604-0072,seq_in_nobukti,KRT/SYS/2604-0072,5,2026-04-01
KRT/WA/2601-0233,seq_in_nobukti,SB/NI/2601-0233,1,2026-01-28
KRT/WA/2601-0233,seq_in_nobukti,SB/WS/2601-0233,1,2026-01-26
KRT/WA/2601-0233,seq_in_nobukti,SB/FR/2601-0233,1,2026-01-04
KRT/WA/2604-0893,seq_in_nobukti,SB/WS/2604-0893,1,2026-04-28
KRT/WA/2604-0893,seq_in_nobukti,SB/V2/2604-0893,1,2026-04-25
KRT/WA/2604-0893,seq_in_nobukti,CSB/SYS/2604-0893,2,2026-01-06
KRT/WA/2604-0893,seq_in_nobukti,KRT/SYS/2604-0893,5,2026-04-04
KRT/VA/2604-0093,seq_in_nobukti,CSB/UW/2604-0093,2,2026-04-30
KRT/VA/2604-0093,seq_in_nobukti,KRT/AZ/2604-0093,5,2026-04-23
KRT/VA/2604-0093,seq_in_nobukti,KRT/PRI/2604-0093,5,2026-04-23
KRT/VA/2604-0093,seq_in_nobukti,KRT/BR/2604-0093,5,2026-04-23
KRT/VA/2604-0093,seq_in_nobukti,CSB/ND/2604-0093,2,2026-04-19
KRT/VA/2604-0093,seq_in_nobukti,CSB/Ma/2604-0093,2,2026-04-18
KRT/VA/2604-0093,seq_in_nobukti,CSB/IN/2604-0093,2,2026-04-17
KRT/VA/2604-0093,seq_in_nobukti,CSB/Wl/2604-0093,2,2026-04-16
KRT/VA/2604-0093,seq_in_nobukti,CSB/FZ/2604-0093,2,2026-04-16
KRT/VA/2604-0093,seq_in_nobukti,CSB/SYS/2604-0093,2,2026-01-02
KRT/VA/2604-0093,seq_in_nobukti,SB/PT/2604-0093,1,2026-04-12
KRT/VA/2604-0093,seq_in_nobukti,MDR/ARV/2604-0093,4,2026-04-07
KRT/VA/2604-0093,seq_in_nobukti,MDR/RA/2604-0093,4,2026-04-05
KRT/VA/2604-0093,seq_in_nobukti,MDR/OC/2604-0093,4,2026-04-05
KRT/VA/2604-0093,seq_in_nobukti,SB/V2/2604-0093,1,2026-04-04
KRT/VA/2604-0093,seq_in_nobukti,SB/WS/2604-0093,1,2026-04-03
KRT/VA/2604-0093,seq_in_nobukti,KRT/SYS/2604-0093,5,2026-04-01
KRT/PA/2604-0089,seq_in_nobukti,CSB/UW/2604-0089,2,2026-04-30
KRT/PA/2604-0089,seq_in_nobukti,KRT/AZ/2604-0089,5,2026-04-23
KRT/PA/2604-0089,seq_in_nobukti,KRT/PRI/2604-0089,5,2026-04-23
KRT/PA/2604-0089,seq_in_nobukti,KRT/BR/2604-0089,5,2026-04-23
KRT/PA/2604-0089,seq_in_nobukti,CSB/ND/2604-0089,2,2026-04-19
KRT/PA/2604-0089,seq_in_nobukti,CSB/IN/2604-0089,2,2026-04-17
KRT/PA/2604-0089,seq_in_nobukti,CSB/Ma/2604-0089,2,2026-04-17
KRT/PA/2604-0089,seq_in_nobukti,CSB/Wl/2604-0089,2,2026-04-16
KRT/PA/2604-0089,seq_in_nobukti,CSB/FZ/2604-0089,2,2026-04-16
KRT/PA/2604-0089,seq_in_nobukti,CSB/SYS/2604-0089,2,2026-01-02
KRT/PA/2604-0089,seq_in_nobukti,SB/PT/2604-0089,1,2026-04-12
KRT/PA/2604-0089,seq_in_nobukti,MDR/ARV/2604-0089,4,2026-04-06
KRT/PA/2604-0089,seq_in_nobukti,MDR/OC/2604-0089,4,2026-04-05
KRT/PA/2604-0089,seq_in_nobukti,MDR/RA/2604-0089,4,2026-04-04
KRT/PA/2604-0089,seq_in_nobukti,SB/V2/2604-0089,1,2026-04-04
KRT/PA/2604-0089,seq_in_nobukti,SB/WS/2604-0089,1,2026-04-03
KRT/PA/2604-0089,seq_in_nobukti,KRT/SYS/2604-0089,5,2026-04-01
KRT/PA/2604-0235,seq_in_nobukti,CSB/ND/2604-0235,2,2026-04-27
KRT/PA/2604-0235,seq_in_nobukti,KRT/AZ/2604-0235,5,2026-04-26
KRT/PA/2604-0235,seq_in_nobukti,KRT/PRI/2604-0235,5,2026-04-25
KRT/PA/2604-0235,seq_in_nobukti,KRT/BR/2604-0235,5,2026-04-25
KRT/PA/2604-0235,seq_in_nobukti,CSB/Ma/2604-0235,2,2026-04-23
KRT/PA/2604-0235,seq_in_nobukti,SB/PT/2604-0235,1,2026-04-22
KRT/PA/2604-0235,seq_in_nobukti,CSB/IN/2604-0235,2,2026-04-21
KRT/PA/2604-0235,seq_in_nobukti,CSB/Wl/2604-0235,2,2026-04-21
KRT/PA/2604-0235,seq_in_nobukti,CSB/FZ/2604-0235,2,2026-04-20
KRT/PA/2604-0235,seq_in_nobukti,MDR/ARV/2604-0235,4,2026-04-14
KRT/PA/2604-0235,seq_in_nobukti,MDR/OC/2604-0235,4,2026-04-13
KRT/PA/2604-0235,seq_in_nobukti,CSB/SYS/2604-0235,2,2026-01-03
KRT/PA/2604-0235,seq_in_nobukti,MDR/RA/2604-0235,4,2026-04-10
KRT/PA/2604-0235,seq_in_nobukti,SB/WS/2604-0235,1,2026-04-08
KRT/PA/2604-0235,seq_in_nobukti,SB/V2/2604-0235,1,2026-04-07
KRT/PA/2604-0235,seq_in_nobukti,KRT/SYS/2604-0235,5,2026-04-02
KRT/VA/2604-0037,seq_in_nobukti,KRT/VI/2604-0037,5,2026-04-28
KRT/VA/2604-0037,seq_in_nobukti,MDR/FJ/2604-0037,4,2026-04-23
KRT/VA/2604-0037,seq_in_nobukti,KRT/PRI/2604-0037,5,2026-04-22
KRT/VA/2604-0037,seq_in_nobukti,KRT/AZ/2604-0037,5,2026-04-22
KRT/VA/2604-0037,seq_in_nobukti,KRT/BR/2604-0037,5,2026-04-22
KRT/VA/2604-0037,seq_in_nobukti,CSB/UW/2604-0037,2,2026-04-17
KRT/VA/2604-0037,seq_in_nobukti,CSB/ND/2604-0037,2,2026-04-16
KRT/VA/2604-0037,seq_in_nobukti,CSB/IN/2604-0037,2,2026-04-16
KRT/VA/2604-0037,seq_in_nobukti,CSB/Ma/2604-0037,2,2026-04-15
KRT/VA/2604-0037,seq_in_nobukti,CSB/Wl/2604-0037,2,2026-04-15
KRT/VA/2604-0037,seq_in_nobukti,CSB/FZ/2604-0037,2,2026-04-14
KRT/VA/2604-0037,seq_in_nobukti,CSB/SYS/2604-0037,2,2026-01-02
KRT/VA/2604-0037,seq_in_nobukti,SB/PT/2604-0037,1,2026-04-07
KRT/VA/2604-0037,seq_in_nobukti,MDR/RA/2604-0037,4,2026-04-03
KRT/VA/2604-0037,seq_in_nobukti,MDR/OC/2604-0037,4,2026-04-03
KRT/VA/2604-0037,seq_in_nobukti,MDR/ARV/2604-0037,4,2026-04-03
KRT/VA/2604-0037,seq_in_nobukti,SB/WS/2604-0037,1,2026-04-02
KRT/VA/2604-0037,seq_in_nobukti,SB/V2/2604-0037,1,2026-04-02
KRT/VA/2604-0037,seq_in_nobukti,KRT/SYS/2604-0037,5,2026-04-01
