================================================================================
MIGRASI BRIGHTER -> CLARIFY
Mode    : APPLY
Range   : 2026-06-01..2026-06-30
Cabang  : [1, 2, 4, 5, 7]
Bulan   : ['2026-06']
Log     : /home/csb-integrator/logs/migrate_2026-06-01_2026-06-30_20260813_122507.log
================================================================================

[12:25:07] [1/161 2026-06 dash_* dan rekap dashboard]
  $ /usr/bin/python3 sync_dash_api.py --env --bulan 2026-06 --cabang-ids 1,2,4,5,7
Sinkron ke: csb_db
Endpoint: ['rekap_dashboard', 'penerimaan_per_user', 'detail_penjualan', 'detail_piutang', 'detail_hutang', 'detail_deposit_pelanggan', 'detail_retur_penjualan']
Rentang: 2026-06-01 .. 2026-06-30
Cabang: [1, 2, 4, 5, 7]
API OK (https://brighter-kairatu-api.koffiesoft.com)
  cb1 2026-06 rekap_dashboard          10 baris -> dash_rekap_dashboard
  cb1 2026-06 penerimaan_per_user      13 baris -> dash_penerimaan_per_user
  cb1 2026-06 detail_penjualan         2530 baris -> dash_detail_penjualan
  cb1 2026-06 detail_piutang           122 baris -> dash_detail_piutang
  cb1 2026-06 detail_hutang            6 baris -> dash_detail_hutang
  cb1 2026-06 detail_deposit_pelanggan 1 baris -> dash_detail_deposit_pelanggan
  cb1 2026-06 detail_retur_penjualan   3 baris -> dash_detail_retur_penjualan
  cb2 2026-06 rekap_dashboard          9 baris -> dash_rekap_dashboard
  cb2 2026-06 penerimaan_per_user      13 baris -> dash_penerimaan_per_user
  cb2 2026-06 detail_penjualan         4413 baris -> dash_detail_penjualan
  cb2 2026-06 detail_piutang           44 baris -> dash_detail_piutang
  cb2 2026-06 detail_hutang            9 baris -> dash_detail_hutang
  cb2 2026-06 detail_retur_penjualan   8 baris -> dash_detail_retur_penjualan
  cb4 2026-06 rekap_dashboard          11 baris -> dash_rekap_dashboard
  cb4 2026-06 penerimaan_per_user      16 baris -> dash_penerimaan_per_user
  cb4 2026-06 detail_penjualan         2199 baris -> dash_detail_penjualan
  cb4 2026-06 detail_piutang           50 baris -> dash_detail_piutang
  cb4 2026-06 detail_hutang            8 baris -> dash_detail_hutang
  cb4 2026-06 detail_retur_penjualan   1 baris -> dash_detail_retur_penjualan
  cb5 2026-06 rekap_dashboard          10 baris -> dash_rekap_dashboard
  cb5 2026-06 penerimaan_per_user      13 baris -> dash_penerimaan_per_user
  cb5 2026-06 detail_penjualan         6590 baris -> dash_detail_penjualan
  cb5 2026-06 detail_piutang           77 baris -> dash_detail_piutang
  cb5 2026-06 detail_hutang            58 baris -> dash_detail_hutang
  cb5 2026-06 detail_retur_penjualan   14 baris -> dash_detail_retur_penjualan
  cb7 2026-06 rekap_dashboard          8 baris -> dash_rekap_dashboard
  cb7 2026-06 penerimaan_per_user      12 baris -> dash_penerimaan_per_user
  cb7 2026-06 detail_penjualan         3794 baris -> dash_detail_penjualan
  cb7 2026-06 detail_piutang           26 baris -> dash_detail_piutang
  cb7 2026-06 detail_hutang            21 baris -> dash_detail_hutang
  cb7 2026-06 detail_retur_penjualan   6 baris -> dash_detail_retur_penjualan

=======================================================
COMPLETE - total baris per tabel:
  dash_rekap_dashboard                     48
  dash_penerimaan_per_user                 67
  dash_detail_penjualan                19,526
  dash_detail_piutang                     319
  dash_detail_hutang                      102
  dash_detail_deposit_pelanggan             1
  dash_detail_retur_penjualan              32
=======================================================
  status: OK rc=0

[12:25:58] [2/161 2026-06 POS staging brighter_pos]
  $ /usr/bin/python3 sync_pos_rekap.py --env --tanggal-awal 2026-06-01 --tanggal-akhir 2026-06-30 --cabang-ids 1,2,4,5,7 --workers 5 --force
Rentang 2026-06-01..2026-06-30, cabang [1, 2, 4, 5, 7]
    Upsert brighter_pos: 82/82 rows
    Upsert brighter_pos_detail: 171/171 rows
  cb1 2026-06-01: 82 nota, 82 ketemu, 82 header, 171 detail, gross=73,118,400
    Upsert brighter_pos: 78/78 rows
    Upsert brighter_pos_detail: 201/201 rows
  cb1 2026-06-02: 78 nota, 78 ketemu, 78 header, 201 detail, gross=229,248,800
    Upsert brighter_pos: 78/78 rows
    Upsert brighter_pos_detail: 177/177 rows
  cb1 2026-06-03: 78 nota, 78 ketemu, 78 header, 177 detail, gross=53,462,500
    Upsert brighter_pos: 75/75 rows
    Upsert brighter_pos_detail: 151/151 rows
  cb1 2026-06-04: 75 nota, 75 ketemu, 75 header, 151 detail, gross=88,229,500
    Upsert brighter_pos: 77/77 rows
    Upsert brighter_pos_detail: 138/138 rows
  cb1 2026-06-05: 77 nota, 77 ketemu, 77 header, 138 detail, gross=45,255,700
    Upsert brighter_pos: 67/67 rows
    Upsert brighter_pos_detail: 114/114 rows
  cb1 2026-06-06: 67 nota, 67 ketemu, 67 header, 114 detail, gross=69,560,500
    Upsert brighter_pos: 85/85 rows
    Upsert brighter_pos_detail: 149/149 rows
  cb1 2026-06-07: 85 nota, 85 ketemu, 85 header, 149 detail, gross=57,202,500
    Upsert brighter_pos: 77/77 rows
    Upsert brighter_pos_detail: 147/147 rows
  cb1 2026-06-08: 77 nota, 77 ketemu, 77 header, 147 detail, gross=133,493,600
    Upsert brighter_pos: 70/70 rows
    Upsert brighter_pos_detail: 163/163 rows
  cb1 2026-06-09: 70 nota, 70 ketemu, 70 header, 163 detail, gross=137,148,700
    Upsert brighter_pos: 81/81 rows
    Upsert brighter_pos_detail: 171/171 rows
  cb1 2026-06-10: 81 nota, 81 ketemu, 81 header, 171 detail, gross=74,052,500
    Upsert brighter_pos: 79/79 rows
    Upsert brighter_pos_detail: 131/131 rows
  cb1 2026-06-11: 79 nota, 79 ketemu, 79 header, 131 detail, gross=67,413,900
    Upsert brighter_pos: 84/84 rows
    Upsert brighter_pos_detail: 169/169 rows
  cb1 2026-06-12: 84 nota, 84 ketemu, 84 header, 169 detail, gross=43,304,900
    Upsert brighter_pos: 100/100 rows
    Upsert brighter_pos_detail: 182/182 rows
  cb1 2026-06-13: 100 nota, 100 ketemu, 100 header, 182 detail, gross=56,203,400
    Upsert brighter_pos: 85/85 rows
    Upsert brighter_pos_detail: 179/179 rows
  cb1 2026-06-14: 85 nota, 85 ketemu, 85 header, 179 detail, gross=111,730,400
    Upsert brighter_pos: 78/78 rows
    Upsert brighter_pos_detail: 171/171 rows
  cb1 2026-06-15: 78 nota, 78 ketemu, 78 header, 171 detail, gross=57,991,500
    Upsert brighter_pos: 107/107 rows
    Upsert brighter_pos_detail: 196/196 rows
  cb1 2026-06-16: 107 nota, 107 ketemu, 107 header, 196 detail, gross=50,299,700
    Upsert brighter_pos: 82/82 rows
    Upsert brighter_pos_detail: 160/160 rows
  cb1 2026-06-17: 82 nota, 82 ketemu, 82 header, 160 detail, gross=37,204,900
    Upsert brighter_pos: 83/83 rows
    Upsert brighter_pos_detail: 156/156 rows
  cb1 2026-06-18: 83 nota, 83 ketemu, 83 header, 156 detail, gross=34,351,000
    Upsert brighter_pos: 74/74 rows
    Upsert brighter_pos_detail: 136/136 rows
  cb1 2026-06-19: 74 nota, 74 ketemu, 74 header, 136 detail, gross=45,923,500
    Upsert brighter_pos: 100/100 rows
    Upsert brighter_pos_detail: 202/202 rows
  cb1 2026-06-20: 100 nota, 100 ketemu, 100 header, 202 detail, gross=98,680,150
    Upsert brighter_pos: 100/100 rows
    Upsert brighter_pos_detail: 193/193 rows
  cb1 2026-06-21: 100 nota, 100 ketemu, 100 header, 193 detail, gross=66,437,110
    Upsert brighter_pos: 102/102 rows
    Upsert brighter_pos_detail: 187/187 rows
  cb1 2026-06-22: 102 nota, 102 ketemu, 102 header, 187 detail, gross=101,091,000
    Upsert brighter_pos: 94/94 rows
    Upsert brighter_pos_detail: 180/180 rows
  cb1 2026-06-23: 94 nota, 94 ketemu, 94 header, 180 detail, gross=85,595,500
    Upsert brighter_pos: 93/93 rows
    Upsert brighter_pos_detail: 184/184 rows
  cb1 2026-06-24: 93 nota, 93 ketemu, 93 header, 184 detail, gross=60,448,000
    Upsert brighter_pos: 104/104 rows
    Upsert brighter_pos_detail: 204/204 rows
  cb1 2026-06-25: 104 nota, 104 ketemu, 104 header, 204 detail, gross=104,899,700
    Upsert brighter_pos: 96/96 rows
    Upsert brighter_pos_detail: 201/201 rows
  cb1 2026-06-26: 96 nota, 96 ketemu, 96 header, 201 detail, gross=118,227,750
    Upsert brighter_pos: 79/79 rows
    Upsert brighter_pos_detail: 147/147 rows
  cb1 2026-06-27: 79 nota, 79 ketemu, 79 header, 147 detail, gross=94,809,000
    Upsert brighter_pos: 78/78 rows
    Upsert brighter_pos_detail: 136/136 rows
  cb1 2026-06-28: 78 nota, 78 ketemu, 78 header, 136 detail, gross=61,970,500
    Upsert brighter_pos: 76/76 rows
    Upsert brighter_pos_detail: 140/140 rows
  cb1 2026-06-29: 76 nota, 76 ketemu, 76 header, 140 detail, gross=60,565,700
    Upsert brighter_pos: 66/66 rows
    Upsert brighter_pos_detail: 118/118 rows
  cb1 2026-06-30: 66 nota, 66 ketemu, 66 header, 118 detail, gross=56,241,500
    Upsert brighter_pos: 171/171 rows
    Upsert brighter_pos_detail: 287/287 rows
  cb2 2026-06-01: 171 nota, 171 ketemu, 171 header, 287 detail, gross=104,551,500
    Upsert brighter_pos: 105/105 rows
    Upsert brighter_pos_detail: 193/193 rows
  cb2 2026-06-02: 105 nota, 105 ketemu, 105 header, 193 detail, gross=76,054,500
    Upsert brighter_pos: 139/139 rows
    Upsert brighter_pos_detail: 246/246 rows
  cb2 2026-06-03: 139 nota, 139 ketemu, 139 header, 246 detail, gross=148,585,500
    Upsert brighter_pos: 163/163 rows
    Upsert brighter_pos_detail: 280/280 rows
  cb2 2026-06-04: 163 nota, 163 ketemu, 163 header, 280 detail, gross=139,305,000
    Upsert brighter_pos: 173/173 rows
    Upsert brighter_pos_detail: 329/329 rows
  cb2 2026-06-05: 173 nota, 173 ketemu, 173 header, 329 detail, gross=224,452,500
    Upsert brighter_pos: 150/150 rows
    Upsert brighter_pos_detail: 277/277 rows
  cb2 2026-06-06: 150 nota, 150 ketemu, 150 header, 277 detail, gross=111,147,250
    Upsert brighter_pos: 137/137 rows
    Upsert brighter_pos_detail: 223/223 rows
  cb2 2026-06-07: 137 nota, 137 ketemu, 137 header, 223 detail, gross=98,839,400
    Upsert brighter_pos: 138/138 rows
    Upsert brighter_pos_detail: 227/227 rows
  cb2 2026-06-08: 138 nota, 138 ketemu, 138 header, 227 detail, gross=122,740,500
    Upsert brighter_pos: 146/146 rows
    Upsert brighter_pos_detail: 279/279 rows
  cb2 2026-06-09: 146 nota, 146 ketemu, 146 header, 279 detail, gross=109,713,440
    Upsert brighter_pos: 150/150 rows
    Upsert brighter_pos_detail: 258/258 rows
  cb2 2026-06-10: 150 nota, 150 ketemu, 150 header, 258 detail, gross=116,093,500
    Upsert brighter_pos: 180/180 rows
    Upsert brighter_pos_detail: 313/313 rows
  cb2 2026-06-11: 180 nota, 180 ketemu, 180 header, 313 detail, gross=112,629,920
    Upsert brighter_pos: 137/137 rows
    Upsert brighter_pos_detail: 239/239 rows
  cb2 2026-06-12: 137 nota, 137 ketemu, 137 header, 239 detail, gross=97,686,550
    Upsert brighter_pos: 181/181 rows
    Upsert brighter_pos_detail: 308/308 rows
  cb2 2026-06-13: 181 nota, 181 ketemu, 181 header, 308 detail, gross=213,662,600
    Upsert brighter_pos: 137/137 rows
    Upsert brighter_pos_detail: 219/219 rows
  cb2 2026-06-14: 137 nota, 137 ketemu, 137 header, 219 detail, gross=62,640,500
    Upsert brighter_pos: 143/143 rows
    Upsert brighter_pos_detail: 241/241 rows
  cb2 2026-06-15: 143 nota, 143 ketemu, 143 header, 241 detail, gross=85,378,000
    Upsert brighter_pos: 147/147 rows
    Upsert brighter_pos_detail: 221/221 rows
  cb2 2026-06-16: 147 nota, 147 ketemu, 147 header, 221 detail, gross=88,112,520
    Upsert brighter_pos: 150/150 rows
    Upsert brighter_pos_detail: 308/308 rows
  cb2 2026-06-17: 150 nota, 150 ketemu, 150 header, 308 detail, gross=170,505,500
    Upsert brighter_pos: 165/165 rows
    Upsert brighter_pos_detail: 312/312 rows
  cb2 2026-06-18: 165 nota, 165 ketemu, 165 header, 312 detail, gross=194,881,500
    Upsert brighter_pos: 153/153 rows
    Upsert brighter_pos_detail: 272/272 rows
  cb2 2026-06-19: 153 nota, 153 ketemu, 153 header, 272 detail, gross=109,454,500
    Upsert brighter_pos: 157/157 rows
    Upsert brighter_pos_detail: 253/253 rows
  cb2 2026-06-20: 157 nota, 157 ketemu, 157 header, 253 detail, gross=91,410,000
    Upsert brighter_pos: 124/124 rows
    Upsert brighter_pos_detail: 218/218 rows
  cb2 2026-06-21: 124 nota, 124 ketemu, 124 header, 218 detail, gross=101,747,000
    Upsert brighter_pos: 147/147 rows
    Upsert brighter_pos_detail: 291/291 rows
  cb2 2026-06-22: 147 nota, 147 ketemu, 147 header, 291 detail, gross=168,909,000
    Upsert brighter_pos: 130/130 rows
    Upsert brighter_pos_detail: 203/203 rows
  cb2 2026-06-23: 130 nota, 130 ketemu, 130 header, 203 detail, gross=109,712,500
    Upsert brighter_pos: 165/165 rows
    Upsert brighter_pos_detail: 319/319 rows
  cb2 2026-06-24: 165 nota, 165 ketemu, 165 header, 319 detail, gross=237,596,759
    Upsert brighter_pos: 110/110 rows
    Upsert brighter_pos_detail: 198/198 rows
  cb2 2026-06-25: 110 nota, 110 ketemu, 110 header, 198 detail, gross=98,112,500
    Upsert brighter_pos: 131/131 rows
    Upsert brighter_pos_detail: 223/223 rows
  cb2 2026-06-26: 131 nota, 131 ketemu, 131 header, 223 detail, gross=101,646,750
    Upsert brighter_pos: 149/149 rows
    Upsert brighter_pos_detail: 267/267 rows
  cb2 2026-06-27: 149 nota, 149 ketemu, 149 header, 267 detail, gross=113,488,000
    Upsert brighter_pos: 142/142 rows
    Upsert brighter_pos_detail: 253/253 rows
  cb2 2026-06-28: 142 nota, 142 ketemu, 142 header, 253 detail, gross=226,139,000
    Upsert brighter_pos: 146/146 rows
    Upsert brighter_pos_detail: 229/229 rows
  cb2 2026-06-29: 146 nota, 146 ketemu, 146 header, 229 detail, gross=133,314,000
    Upsert brighter_pos: 147/147 rows
    Upsert brighter_pos_detail: 252/252 rows
  cb2 2026-06-30: 147 nota, 147 ketemu, 147 header, 252 detail, gross=146,546,310
    Upsert brighter_pos: 85/85 rows
    Upsert brighter_pos_detail: 173/173 rows
  cb4 2026-06-01: 85 nota, 85 ketemu, 85 header, 173 detail, gross=74,283,250
    Upsert brighter_pos: 66/66 rows
    Upsert brighter_pos_detail: 108/108 rows
  cb4 2026-06-02: 66 nota, 66 ketemu, 66 header, 108 detail, gross=96,150,800
    Upsert brighter_pos: 65/65 rows
    Upsert brighter_pos_detail: 116/116 rows
  cb4 2026-06-03: 65 nota, 65 ketemu, 65 header, 116 detail, gross=38,305,400
    Upsert brighter_pos: 79/79 rows
    Upsert brighter_pos_detail: 114/114 rows
  cb4 2026-06-04: 79 nota, 79 ketemu, 79 header, 114 detail, gross=36,081,000
    Upsert brighter_pos: 71/71 rows
    Upsert brighter_pos_detail: 144/144 rows
  cb4 2026-06-05: 71 nota, 71 ketemu, 71 header, 144 detail, gross=59,906,000
    Upsert brighter_pos: 61/61 rows
    Upsert brighter_pos_detail: 107/107 rows
  cb4 2026-06-06: 61 nota, 61 ketemu, 61 header, 107 detail, gross=51,026,000
    Upsert brighter_pos: 79/79 rows
    Upsert brighter_pos_detail: 135/135 rows
  cb4 2026-06-07: 79 nota, 79 ketemu, 79 header, 135 detail, gross=46,696,000
    Upsert brighter_pos: 53/53 rows
    Upsert brighter_pos_detail: 97/97 rows
  cb4 2026-06-08: 53 nota, 53 ketemu, 53 header, 97 detail, gross=47,180,000
    Upsert brighter_pos: 47/47 rows
    Upsert brighter_pos_detail: 62/62 rows
  cb4 2026-06-09: 47 nota, 47 ketemu, 47 header, 62 detail, gross=23,364,000
    Upsert brighter_pos: 74/74 rows
    Upsert brighter_pos_detail: 159/159 rows
  cb4 2026-06-10: 74 nota, 74 ketemu, 74 header, 159 detail, gross=104,788,500
    Upsert brighter_pos: 65/65 rows
    Upsert brighter_pos_detail: 139/139 rows
  cb4 2026-06-11: 65 nota, 65 ketemu, 65 header, 139 detail, gross=61,239,000
    Upsert brighter_pos: 67/67 rows
    Upsert brighter_pos_detail: 138/138 rows
  cb4 2026-06-12: 67 nota, 67 ketemu, 67 header, 138 detail, gross=79,350,000
    Upsert brighter_pos: 56/56 rows
    Upsert brighter_pos_detail: 119/119 rows
  cb4 2026-06-13: 56 nota, 56 ketemu, 56 header, 119 detail, gross=59,259,750
    Upsert brighter_pos: 93/93 rows
    Upsert brighter_pos_detail: 183/183 rows
  cb4 2026-06-14: 93 nota, 93 ketemu, 93 header, 183 detail, gross=46,655,000
    Upsert brighter_pos: 68/68 rows
    Upsert brighter_pos_detail: 100/100 rows
  cb4 2026-06-15: 68 nota, 68 ketemu, 68 header, 100 detail, gross=46,367,000
    Upsert brighter_pos: 78/78 rows
    Upsert brighter_pos_detail: 158/158 rows
  cb4 2026-06-16: 78 nota, 78 ketemu, 78 header, 158 detail, gross=55,212,700
    Upsert brighter_pos: 85/85 rows
    Upsert brighter_pos_detail: 164/164 rows
  cb4 2026-06-17: 85 nota, 85 ketemu, 85 header, 164 detail, gross=183,345,500
    Upsert brighter_pos: 83/83 rows
    Upsert brighter_pos_detail: 134/134 rows
  cb4 2026-06-18: 83 nota, 83 ketemu, 83 header, 134 detail, gross=110,738,000
    Upsert brighter_pos: 85/85 rows
    Upsert brighter_pos_detail: 174/174 rows
  cb4 2026-06-19: 85 nota, 85 ketemu, 85 header, 174 detail, gross=161,380,100
    Upsert brighter_pos: 75/75 rows
    Upsert brighter_pos_detail: 141/141 rows
  cb4 2026-06-20: 75 nota, 75 ketemu, 75 header, 141 detail, gross=66,002,000
    Upsert brighter_pos: 86/86 rows
    Upsert brighter_pos_detail: 161/161 rows
  cb4 2026-06-21: 86 nota, 86 ketemu, 86 header, 161 detail, gross=79,518,500
    Upsert brighter_pos: 69/69 rows
    Upsert brighter_pos_detail: 114/114 rows
  cb4 2026-06-22: 69 nota, 69 ketemu, 69 header, 114 detail, gross=43,975,600
    Upsert brighter_pos: 76/76 rows
    Upsert brighter_pos_detail: 164/164 rows
  cb4 2026-06-23: 76 nota, 76 ketemu, 76 header, 164 detail, gross=93,174,000
    Upsert brighter_pos: 80/80 rows
    Upsert brighter_pos_detail: 132/132 rows
  cb4 2026-06-24: 80 nota, 80 ketemu, 80 header, 132 detail, gross=56,040,000
    Upsert brighter_pos: 70/70 rows
    Upsert brighter_pos_detail: 109/109 rows
  cb4 2026-06-25: 70 nota, 70 ketemu, 70 header, 109 detail, gross=89,899,700
    Upsert brighter_pos: 80/80 rows
    Upsert brighter_pos_detail: 145/145 rows
  cb4 2026-06-26: 80 nota, 80 ketemu, 80 header, 145 detail, gross=58,188,000
    Upsert brighter_pos: 62/62 rows
    Upsert brighter_pos_detail: 159/159 rows
  cb4 2026-06-27: 62 nota, 62 ketemu, 62 header, 159 detail, gross=97,445,000
    Upsert brighter_pos: 81/81 rows
    Upsert brighter_pos_detail: 166/166 rows
  cb4 2026-06-28: 81 nota, 81 ketemu, 81 header, 166 detail, gross=87,752,500
    Upsert brighter_pos: 76/76 rows
    Upsert brighter_pos_detail: 109/109 rows
  cb4 2026-06-29: 76 nota, 76 ketemu, 76 header, 109 detail, gross=49,097,500
    Upsert brighter_pos: 84/84 rows
    Upsert brighter_pos_detail: 154/154 rows
  cb4 2026-06-30: 84 nota, 84 ketemu, 84 header, 154 detail, gross=34,702,300
    Upsert brighter_pos: 250/250 rows
    Upsert brighter_pos_detail: 500/502 rows
    Upsert brighter_pos_detail: 502/502 rows
  cb5 2026-06-01: 250 nota, 250 ketemu, 250 header, 502 detail, gross=131,212,000
    Upsert brighter_pos: 227/227 rows
    Upsert brighter_pos_detail: 408/408 rows
  cb5 2026-06-02: 227 nota, 227 ketemu, 227 header, 408 detail, gross=104,916,500
    Upsert brighter_pos: 261/261 rows
    Upsert brighter_pos_detail: 500/538 rows
    Upsert brighter_pos_detail: 538/538 rows
  cb5 2026-06-03: 261 nota, 261 ketemu, 261 header, 538 detail, gross=163,134,800
    Upsert brighter_pos: 264/264 rows
    Upsert brighter_pos_detail: 500/559 rows
    Upsert brighter_pos_detail: 559/559 rows
  cb5 2026-06-04: 264 nota, 264 ketemu, 264 header, 559 detail, gross=155,389,800
    Upsert brighter_pos: 273/273 rows
    Upsert brighter_pos_detail: 500/532 rows
    Upsert brighter_pos_detail: 532/532 rows
  cb5 2026-06-05: 273 nota, 273 ketemu, 273 header, 532 detail, gross=184,607,525
    Upsert brighter_pos: 251/251 rows
    Upsert brighter_pos_detail: 463/463 rows
  cb5 2026-06-06: 251 nota, 251 ketemu, 251 header, 463 detail, gross=166,608,000
    Upsert brighter_pos: 123/123 rows
    Upsert brighter_pos_detail: 229/229 rows
  cb5 2026-06-07: 123 nota, 123 ketemu, 123 header, 229 detail, gross=88,230,500
    Upsert brighter_pos: 252/252 rows
    Upsert brighter_pos_detail: 455/455 rows
  cb5 2026-06-08: 252 nota, 252 ketemu, 252 header, 455 detail, gross=106,879,350
    Upsert brighter_pos: 328/328 rows
    Upsert brighter_pos_detail: 500/616 rows
    Upsert brighter_pos_detail: 616/616 rows
  cb5 2026-06-09: 328 nota, 328 ketemu, 328 header, 616 detail, gross=111,808,250
    Upsert brighter_pos: 246/246 rows
    Upsert brighter_pos_detail: 487/487 rows
  cb5 2026-06-10: 246 nota, 246 ketemu, 246 header, 487 detail, gross=156,297,000
    Upsert brighter_pos: 198/198 rows
    Upsert brighter_pos_detail: 362/362 rows
  cb5 2026-06-11: 198 nota, 198 ketemu, 198 header, 362 detail, gross=166,630,836
    Upsert brighter_pos: 203/203 rows
    Upsert brighter_pos_detail: 398/398 rows
  cb5 2026-06-12: 203 nota, 203 ketemu, 203 header, 398 detail, gross=133,406,500
    Upsert brighter_pos: 290/290 rows
    Upsert brighter_pos_detail: 500/570 rows
    Upsert brighter_pos_detail: 570/570 rows
  cb5 2026-06-13: 290 nota, 290 ketemu, 290 header, 570 detail, gross=143,602,736
    Upsert brighter_pos: 156/156 rows
    Upsert brighter_pos_detail: 313/313 rows
  cb5 2026-06-14: 156 nota, 156 ketemu, 156 header, 313 detail, gross=105,669,000
    Upsert brighter_pos: 210/210 rows
    Upsert brighter_pos_detail: 396/396 rows
  cb5 2026-06-15: 210 nota, 210 ketemu, 210 header, 396 detail, gross=98,261,200
    Upsert brighter_pos: 225/225 rows
    Upsert brighter_pos_detail: 471/471 rows
  cb5 2026-06-16: 225 nota, 225 ketemu, 225 header, 471 detail, gross=133,809,920
    Upsert brighter_pos: 246/246 rows
    Upsert brighter_pos_detail: 450/450 rows
  cb5 2026-06-17: 246 nota, 246 ketemu, 246 header, 450 detail, gross=128,762,000
    Upsert brighter_pos: 230/230 rows
    Upsert brighter_pos_detail: 446/446 rows
  cb5 2026-06-18: 230 nota, 230 ketemu, 230 header, 446 detail, gross=169,326,900
    Upsert brighter_pos: 254/254 rows
    Upsert brighter_pos_detail: 431/431 rows
  cb5 2026-06-19: 254 nota, 254 ketemu, 254 header, 431 detail, gross=135,237,000
    Upsert brighter_pos: 204/204 rows
    Upsert brighter_pos_detail: 377/377 rows
  cb5 2026-06-20: 204 nota, 204 ketemu, 204 header, 377 detail, gross=124,161,850
    Upsert brighter_pos: 116/116 rows
    Upsert brighter_pos_detail: 214/214 rows
  cb5 2026-06-21: 116 nota, 116 ketemu, 116 header, 214 detail, gross=91,866,600
    Upsert brighter_pos: 217/217 rows
    Upsert brighter_pos_detail: 450/450 rows
  cb5 2026-06-22: 217 nota, 217 ketemu, 217 header, 450 detail, gross=121,319,500
    Upsert brighter_pos: 226/226 rows
    Upsert brighter_pos_detail: 437/437 rows
  cb5 2026-06-23: 226 nota, 226 ketemu, 226 header, 437 detail, gross=189,497,100
    Upsert brighter_pos: 204/204 rows
    Upsert brighter_pos_detail: 451/451 rows
  cb5 2026-06-24: 204 nota, 204 ketemu, 204 header, 451 detail, gross=184,201,692
    Upsert brighter_pos: 199/199 rows
    Upsert brighter_pos_detail: 407/407 rows
  cb5 2026-06-25: 199 nota, 199 ketemu, 199 header, 407 detail, gross=124,487,600
    Upsert brighter_pos: 189/189 rows
    Upsert brighter_pos_detail: 374/374 rows
  cb5 2026-06-26: 189 nota, 189 ketemu, 189 header, 374 detail, gross=227,529,500
    Upsert brighter_pos: 223/223 rows
    Upsert brighter_pos_detail: 399/399 rows
  cb5 2026-06-27: 223 nota, 223 ketemu, 223 header, 399 detail, gross=87,891,650
    Upsert brighter_pos: 140/140 rows
    Upsert brighter_pos_detail: 241/241 rows
  cb5 2026-06-28: 140 nota, 140 ketemu, 140 header, 241 detail, gross=52,534,400
    Upsert brighter_pos: 217/217 rows
    Upsert brighter_pos_detail: 500/500 rows
  cb5 2026-06-29: 217 nota, 217 ketemu, 217 header, 500 detail, gross=192,989,400
    Upsert brighter_pos: 168/168 rows
    Upsert brighter_pos_detail: 326/326 rows
  cb5 2026-06-30: 168 nota, 168 ketemu, 168 header, 326 detail, gross=103,985,000
    Upsert brighter_pos: 127/127 rows
    Upsert brighter_pos_detail: 265/265 rows
  cb7 2026-06-01: 127 nota, 127 ketemu, 127 header, 265 detail, gross=96,449,000
    Upsert brighter_pos: 129/129 rows
    Upsert brighter_pos_detail: 267/267 rows
  cb7 2026-06-02: 129 nota, 129 ketemu, 129 header, 267 detail, gross=109,928,200
    Upsert brighter_pos: 144/144 rows
    Upsert brighter_pos_detail: 263/263 rows
  cb7 2026-06-03: 144 nota, 144 ketemu, 144 header, 263 detail, gross=100,715,800
    Upsert brighter_pos: 141/141 rows
    Upsert brighter_pos_detail: 256/256 rows
  cb7 2026-06-04: 141 nota, 141 ketemu, 141 header, 256 detail, gross=137,849,400
    Upsert brighter_pos: 163/163 rows
    Upsert brighter_pos_detail: 324/324 rows
  cb7 2026-06-05: 163 nota, 163 ketemu, 163 header, 324 detail, gross=98,686,600
    Upsert brighter_pos: 121/121 rows
    Upsert brighter_pos_detail: 242/242 rows
  cb7 2026-06-06: 121 nota, 121 ketemu, 121 header, 242 detail, gross=96,611,500
    Upsert brighter_pos: 95/95 rows
    Upsert brighter_pos_detail: 164/164 rows
  cb7 2026-06-07: 95 nota, 95 ketemu, 95 header, 164 detail, gross=22,563,000
    Upsert brighter_pos: 163/163 rows
    Upsert brighter_pos_detail: 293/293 rows
  cb7 2026-06-08: 163 nota, 163 ketemu, 163 header, 293 detail, gross=143,240,200
    Upsert brighter_pos: 128/128 rows
    Upsert brighter_pos_detail: 263/263 rows
  cb7 2026-06-09: 128 nota, 128 ketemu, 128 header, 263 detail, gross=100,577,900
    Upsert brighter_pos: 133/133 rows
    Upsert brighter_pos_detail: 204/204 rows
  cb7 2026-06-10: 133 nota, 133 ketemu, 133 header, 204 detail, gross=124,497,000
    Upsert brighter_pos: 154/154 rows
    Upsert brighter_pos_detail: 274/274 rows
  cb7 2026-06-11: 154 nota, 154 ketemu, 154 header, 274 detail, gross=115,481,800
    Upsert brighter_pos: 113/113 rows
    Upsert brighter_pos_detail: 221/221 rows
  cb7 2026-06-12: 113 nota, 113 ketemu, 113 header, 221 detail, gross=86,100,600
    Upsert brighter_pos: 139/139 rows
    Upsert brighter_pos_detail: 279/279 rows
  cb7 2026-06-13: 139 nota, 139 ketemu, 139 header, 279 detail, gross=83,841,050
    Upsert brighter_pos: 96/96 rows
    Upsert brighter_pos_detail: 169/169 rows
  cb7 2026-06-14: 96 nota, 96 ketemu, 96 header, 169 detail, gross=40,217,000
    Upsert brighter_pos: 150/150 rows
    Upsert brighter_pos_detail: 335/335 rows
  cb7 2026-06-15: 150 nota, 150 ketemu, 150 header, 335 detail, gross=96,523,400
    Upsert brighter_pos: 162/162 rows
    Upsert brighter_pos_detail: 357/357 rows
  cb7 2026-06-16: 162 nota, 162 ketemu, 162 header, 357 detail, gross=90,995,900
    Upsert brighter_pos: 104/104 rows
    Upsert brighter_pos_detail: 201/201 rows
  cb7 2026-06-17: 104 nota, 104 ketemu, 104 header, 201 detail, gross=78,808,500
    Upsert brighter_pos: 135/135 rows
    Upsert brighter_pos_detail: 236/236 rows
  cb7 2026-06-18: 135 nota, 135 ketemu, 135 header, 236 detail, gross=102,879,500
    Upsert brighter_pos: 132/132 rows
    Upsert brighter_pos_detail: 247/247 rows
  cb7 2026-06-19: 132 nota, 132 ketemu, 132 header, 247 detail, gross=90,279,000
    Upsert brighter_pos: 119/119 rows
    Upsert brighter_pos_detail: 274/274 rows
  cb7 2026-06-20: 119 nota, 119 ketemu, 119 header, 274 detail, gross=164,671,500
    Upsert brighter_pos: 55/55 rows
    Upsert brighter_pos_detail: 110/110 rows
  cb7 2026-06-21: 55 nota, 55 ketemu, 55 header, 110 detail, gross=43,830,350
    Upsert brighter_pos: 133/133 rows
    Upsert brighter_pos_detail: 227/227 rows
  cb7 2026-06-22: 133 nota, 133 ketemu, 133 header, 227 detail, gross=93,702,100
    Upsert brighter_pos: 143/143 rows
    Upsert brighter_pos_detail: 275/275 rows
  cb7 2026-06-23: 143 nota, 143 ketemu, 143 header, 275 detail, gross=95,545,150
    Upsert brighter_pos: 118/118 rows
    Upsert brighter_pos_detail: 264/264 rows
  cb7 2026-06-24: 118 nota, 118 ketemu, 118 header, 264 detail, gross=118,870,000
    Upsert brighter_pos: 150/150 rows
    Upsert brighter_pos_detail: 284/284 rows
  cb7 2026-06-25: 150 nota, 150 ketemu, 150 header, 284 detail, gross=89,949,300
    Upsert brighter_pos: 116/116 rows
    Upsert brighter_pos_detail: 254/254 rows
  cb7 2026-06-26: 116 nota, 116 ketemu, 116 header, 254 detail, gross=182,010,000
    Upsert brighter_pos: 122/122 rows
    Upsert brighter_pos_detail: 250/250 rows
  cb7 2026-06-27: 122 nota, 122 ketemu, 122 header, 250 detail, gross=120,237,000
    Upsert brighter_pos: 63/63 rows
    Upsert brighter_pos_detail: 121/121 rows
  cb7 2026-06-28: 63 nota, 63 ketemu, 63 header, 121 detail, gross=36,209,600
    Upsert brighter_pos: 128/128 rows
    Upsert brighter_pos_detail: 256/256 rows
  cb7 2026-06-29: 128 nota, 128 ketemu, 128 header, 256 detail, gross=110,269,100
    Upsert brighter_pos: 118/118 rows
    Upsert brighter_pos_detail: 263/263 rows
  cb7 2026-06-30: 118 nota, 118 ketemu, 118 header, 263 detail, gross=94,402,000
  cb1: 30 hari, 2530 nota, 2530 header, 4954 detail, gross=2,374,161,810
  cb2: 30 hari, 4413 nota, 4413 header, 7738 detail, gross=3,915,056,499
  cb4: 30 hari, 2199 nota, 2199 header, 4078 detail, gross=2,137,123,100
  cb5: 30 hari, 6590 nota, 6590 header, 12802 detail, gross=4,084,254,109
  cb7: 30 hari, 3794 nota, 3794 header, 7438 detail, gross=2,965,941,450
  status: OK rc=0

[14:09:56] [3/161 2026-06 Retur staging]
  $ /usr/bin/python3 sync_retur_penjualan.py --env --tanggal-awal 2026-06-01 --tanggal-akhir 2026-06-30 --cabang-ids 1,2,4,5,7 --workers 5
Date range filter: 2026-06-01 -> 2026-06-30
Ensuring tables exist (brighter_retur_penjualan, brighter_retur_penjualan_detail)...
Tables ready.
Cabangs to sync: [1, 2, 4, 5, 7]

--- Cabang 1 | 2026-06-01 -> 2026-06-30 ---
 -> Fetching retur headers for Cabang 1, page 1...
 -> Found 3 retur headers in range.
 -> Fetching details for 3 transactions...
    Detail fetch progress: 3/3
 -> Upserting 3 headers...
    Upsert brighter_retur_penjualan: 3/3 rows
 -> Upserting 5 items...
    Upsert brighter_retur_penjualan_detail: 5/5 rows
Done Cabang 1

--- Cabang 2 | 2026-06-01 -> 2026-06-30 ---
 -> Fetching retur headers for Cabang 2, page 1...
 -> Found 8 retur headers in range.
 -> Fetching details for 8 transactions...
    Detail fetch progress: 8/8
 -> Upserting 8 headers...
    Upsert brighter_retur_penjualan: 8/8 rows
 -> Upserting 8 items...
    Upsert brighter_retur_penjualan_detail: 8/8 rows
Done Cabang 2

--- Cabang 4 | 2026-06-01 -> 2026-06-30 ---
 -> Fetching retur headers for Cabang 4, page 1...
 -> Found 2 retur headers in range.
 -> Fetching details for 2 transactions...
    Detail fetch progress: 2/2
 -> Upserting 2 headers...
    Upsert brighter_retur_penjualan: 2/2 rows
 -> Upserting 2 items...
    Upsert brighter_retur_penjualan_detail: 2/2 rows
Done Cabang 4

--- Cabang 5 | 2026-06-01 -> 2026-06-30 ---
 -> Fetching retur headers for Cabang 5, page 1...
 -> Fetching retur headers for Cabang 5, page 2...
 -> Found 15 retur headers in range.
 -> Fetching details for 15 transactions...
    Detail fetch progress: 15/15
 -> Upserting 15 headers...
    Upsert brighter_retur_penjualan: 15/15 rows
 -> Upserting 17 items...
    Upsert brighter_retur_penjualan_detail: 17/17 rows
Done Cabang 5

--- Cabang 7 | 2026-06-01 -> 2026-06-30 ---
 -> Fetching retur headers for Cabang 7, page 1...
 -> Found 6 retur headers in range.
 -> Fetching details for 6 transactions...
    Detail fetch progress: 6/6
 -> Upserting 6 headers...
    Upsert brighter_retur_penjualan: 6/6 rows
 -> Upserting 7 items...
    Upsert brighter_retur_penjualan_detail: 7/7 rows
Done Cabang 7

==================================================
ALL RETUR PENJUALAN SYNC COMPLETE
Total Retur Headers synced: 34
Total Retur Details synced: 39
==================================================
  status: OK rc=0

[14:10:02] [4/161 2026-06 Rekap penerimaan harian]
  $ /usr/bin/python3 sync_saldo_kas_harian.py --env --tanggal-awal 2026-06-01 --tanggal-akhir 2026-06-30 --cabang-ids 1,2,4,5,7
API OK (https://brighter-kairatu-api.koffiesoft.com)
Rentang: 2026-06-01 .. 2026-06-30
Cabang: [1, 2, 4, 5, 7]

--- Cabang 1 ---
       -> 30 hari saldo di-fetch, 30 di-upsert ke `brighter_saldo_kas_harian`
       -> 30 hari rekap di-fetch, 30 di-upsert ke `brighter_penerimaan_rekap`

--- Cabang 2 ---
       -> 30 hari saldo di-fetch, 30 di-upsert ke `brighter_saldo_kas_harian`
       -> 30 hari rekap di-fetch, 30 di-upsert ke `brighter_penerimaan_rekap`

--- Cabang 4 ---
       -> 30 hari saldo di-fetch, 30 di-upsert ke `brighter_saldo_kas_harian`
       -> 30 hari rekap di-fetch, 30 di-upsert ke `brighter_penerimaan_rekap`

--- Cabang 5 ---
       -> 30 hari saldo di-fetch, 30 di-upsert ke `brighter_saldo_kas_harian`
       -> 30 hari rekap di-fetch, 30 di-upsert ke `brighter_penerimaan_rekap`

--- Cabang 7 ---
       -> 30 hari saldo di-fetch, 30 di-upsert ke `brighter_saldo_kas_harian`
       -> 30 hari rekap di-fetch, 30 di-upsert ke `brighter_penerimaan_rekap`

==================================================
COMPLETE: 150 baris saldo -> `brighter_saldo_kas_harian`
          150 baris rekap penerimaan -> `brighter_penerimaan_rekap`
==================================================
  status: OK rc=0

[14:12:39] [5/161 2026-06 KasBank -> Clarify]
  $ /usr/bin/python3 backfill_kasbank_all.py --env --bulan 2026-06 --cabang-ids 1,2,4,5,7 --apply

============================================================
[1. KAS MASUK -> kas_bank] python /usr/bin/python3 backfill_kasbank_masuk.py --env --bulan 2026-06 --cabang-ids 1,2,4,5,7 --apply
============================================================
========================================================================================================================
BACKFILL KAS MASUK 2026-06 | cabang=1,2,4,5,7 | mode=APPLY (commit)
========================================================================================================================
------------------------------------------------------------------------------------------------------------------------
RINGKASAN: 0 header baru, 0 detail, Rp 0 total
SKIP (sudah dimigrasi): 332
APPLY selesai — data telah di-commit ke DB.

============================================================
[2. KAS KELUAR -> kas_bank] python /usr/bin/python3 backfill_kasbank_keluar.py --env --bulan 2026-06 --cabang-ids 1,2,4,5,7 --apply
============================================================
========================================================================================================================
BACKFILL KAS KELUAR 2026-06 | cabang=1,2,4,5,7 | mode=APPLY (commit)
========================================================================================================================
------------------------------------------------------------------------------------------------------------------------
RINGKASAN: 0 header baru, 0 detail, Rp 0 total
SKIP (sudah dimigrasi): 304
APPLY selesai — data telah di-commit ke DB.

============================================================
[3. TIMESTAMP created/approved] python /usr/bin/python3 backfill_kasbank_timestamp.py --apply
============================================================
====================================================================================================
BACKFILL TIMESTAMP KAS_BANK | mode=APPLY (commit)
  kas_bank migrated : 3096
  sudah terisi      : 3096
  pakai mirror      : 0
  perlu fetch API   : 0
====================================================================================================
----------------------------------------------------------------------------------------------------
PLAN: 0 baris akan di-update; 0 tanpa timestamp (skip); username unmapped: -
APPLY selesai — 0 baris di-update, commit OK.

======================================================================
SELESAI. Cek ulang dengan dry-run jika belum --apply.
======================================================================
  status: OK rc=0

[14:12:40] [6/161 Pelunasan piutang staging]
  $ /usr/bin/python3 sync_pelunasan.py --env --cabang-ids 1,2,4,5,7
--- Cabang 1 ---
       -> 991 records (upsert 991, orphan deleted 0)
--- Cabang 2 ---
       -> 1186 records (upsert 1186, orphan deleted 0)
--- Cabang 4 ---
       -> 322 records (upsert 322, orphan deleted 0)
--- Cabang 5 ---
       -> 472 records (upsert 472, orphan deleted 0)
--- Cabang 7 ---
       -> 65 records (upsert 65, orphan deleted 0)
==================================================
PELUNASAN PIUTANG SYNC COMPLETE: 3036 records
==================================================
  status: OK rc=0

[14:12:57] [7/161 Finance Brighter pembelian/hutang/piutang]
  $ /usr/bin/python3 sync_finance.py --env --cabang-ids 1,2,4,5,7 --workers 5
API OK (https://brighter-kairatu-api.koffiesoft.com)
Cabangs to sync: [1, 2, 4, 5, 7]
   cabang 1 -> base_url: https://brighter-kairatu-api.koffiesoft.com
   cabang 2 -> base_url: https://brighter-kairatu-api.koffiesoft.com
   cabang 4 -> base_url: https://brighter-kairatu-api.koffiesoft.com
   cabang 5 -> base_url: https://brighter-kairatu-api.koffiesoft.com
   cabang 7 -> base_url: https://brighter-kairatu-api.koffiesoft.com

[0/7] Master Supplier (upsert per server, ke tabel `supplier`)...
       -> https://brighter-kairatu-api.koffiesoft.com : 425 supplier (upsert 425)

--- Cabang 1 ---
  [1/7] Faktur Pembelian (header)...
       -> 209 records
  [2/7] Pelunasan Hutang (header)...
       -> 49 records
  [3/7] Detail Pelunasan Hutang (concurrent)...
       -> 204 detail records
  [4/7] Foto Pelunasan Hutang (concurrent)...
       -> 25 foto records
  [4b/7] Reconcile Pelunasan Hutang -> Clarify legacy tables...
       -> Clarify upsert header=98, items=408, media=50 (tanpa posting kas_bank)
  [5/7] Pelunasan Piutang (header)...
       -> 991 records
  [6/7] Piutang Customer Detail (per cabang, stat_dok=Tertutup, semua periode)...
       -> 1366 records
       -> semua piutang sudah punya nama
Done Cabang 1

--- Cabang 2 ---
  [1/7] Faktur Pembelian (header)...
       -> 536 records
  [2/7] Pelunasan Hutang (header)...
       -> 90 records
  [3/7] Detail Pelunasan Hutang (concurrent)...
       -> 568 detail records
  [4/7] Foto Pelunasan Hutang (concurrent)...
       -> 39 foto records
  [4b/7] Reconcile Pelunasan Hutang -> Clarify legacy tables...
       -> Clarify upsert header=180, items=1136, media=78 (tanpa posting kas_bank)
  [5/7] Pelunasan Piutang (header)...
       -> 1186 records
  [6/7] Piutang Customer Detail (per cabang, stat_dok=Tertutup, semua periode)...
       -> 2315 records
       -> 2 record tanpa nama - jalankan backfill nama...
Login API berhasil

Ditemukan 2 record tanpa nama (2 cust_id unik)

  cust_id 8814 ... Traceback (most recent call last):
  File "/home/csb-integrator/backfill_piutang_cust_nama.py", line 282, in <module>
    main()
  File "/home/csb-integrator/backfill_piutang_cust_nama.py", line 246, in main
    cols = fallback_from_master_customer(cur, cust_id)
           ^^^^^^^^^^^^^^^^^^^^^^^^^^^^^^^^^^^^^^^^^^^
  File "/home/csb-integrator/backfill_piutang_cust_nama.py", line 105, in fallback_from_master_customer
    cur.execute(
  File "/usr/lib/python3/dist-packages/pymysql/cursors.py", line 148, in execute
    result = self._query(query)
             ^^^^^^^^^^^^^^^^^^
  File "/usr/lib/python3/dist-packages/pymysql/cursors.py", line 310, in _query
    conn.query(q)
  File "/usr/lib/python3/dist-packages/pymysql/connections.py", line 548, in query
    self._affected_rows = self._read_query_result(unbuffered=unbuffered)
                          ^^^^^^^^^^^^^^^^^^^^^^^^^^^^^^^^^^^^^^^^^^^^^^
  File "/usr/lib/python3/dist-packages/pymysql/connections.py", line 775, in _read_query_result
    result.read()
  File "/usr/lib/python3/dist-packages/pymysql/connections.py", line 1156, in read
    first_packet = self.connection._read_packet()
                   ^^^^^^^^^^^^^^^^^^^^^^^^^^^^^^
  File "/usr/lib/python3/dist-packages/pymysql/connections.py", line 725, in _read_packet
    packet.raise_for_error()
  File "/usr/lib/python3/dist-packages/pymysql/protocol.py", line 221, in raise_for_error
    err.raise_mysql_exception(self._data)
  File "/usr/lib/python3/dist-packages/pymysql/err.py", line 143, in raise_mysql_exception
    raise errorclass(errno, errval)
pymysql.err.OperationalError: (1054, "Unknown column 'cust_notelp' in 'field list'")
       -> backfill nama gagal: Command '['/usr/bin/python3', 'backfill_piutang_cust_nama.py', '--env', '--cabang-ids', '2']' returned non-zero exit status 1.
Done Cabang 2

--- Cabang 4 ---
  [1/7] Faktur Pembelian (header)...
       -> 354 records
  [2/7] Pelunasan Hutang (header)...
       -> 106 records
  [3/7] Detail Pelunasan Hutang (concurrent)...
       -> 344 detail records
  [4/7] Foto Pelunasan Hutang (concurrent)...
       -> 37 foto records
  [4b/7] Reconcile Pelunasan Hutang -> Clarify legacy tables...
       -> Clarify upsert header=212, items=688, media=74 (tanpa posting kas_bank)
  [5/7] Pelunasan Piutang (header)...
       -> 322 records
  [6/7] Piutang Customer Detail (per cabang, stat_dok=Tertutup, semua periode)...
       -> 564 records
       -> semua piutang sudah punya nama
Done Cabang 4

--- Cabang 5 ---
  [1/7] Faktur Pembelian (header)...
       -> 1505 records
  [2/7] Pelunasan Hutang (header)...
       -> 342 records
  [3/7] Detail Pelunasan Hutang (concurrent)...
       -> 1281 detail records
  [4/7] Foto Pelunasan Hutang (concurrent)...
       -> 150 foto records
  [4b/7] Reconcile Pelunasan Hutang -> Clarify legacy tables...
       -> Clarify upsert header=684, items=2562, media=300 (tanpa posting kas_bank)
  [5/7] Pelunasan Piutang (header)...
       -> 472 records
  [6/7] Piutang Customer Detail (per cabang, stat_dok=Tertutup, semua periode)...
       -> 668 records
       -> 2 record tanpa nama - jalankan backfill nama...
Login API berhasil

Ditemukan 1 record tanpa nama (1 cust_id unik)

  cust_id 9321 ... Traceback (most recent call last):
  File "/home/csb-integrator/backfill_piutang_cust_nama.py", line 282, in <module>
    main()
  File "/home/csb-integrator/backfill_piutang_cust_nama.py", line 246, in main
    cols = fallback_from_master_customer(cur, cust_id)
           ^^^^^^^^^^^^^^^^^^^^^^^^^^^^^^^^^^^^^^^^^^^
  File "/home/csb-integrator/backfill_piutang_cust_nama.py", line 105, in fallback_from_master_customer
    cur.execute(
  File "/usr/lib/python3/dist-packages/pymysql/cursors.py", line 148, in execute
    result = self._query(query)
             ^^^^^^^^^^^^^^^^^^
  File "/usr/lib/python3/dist-packages/pymysql/cursors.py", line 310, in _query
    conn.query(q)
  File "/usr/lib/python3/dist-packages/pymysql/connections.py", line 548, in query
    self._affected_rows = self._read_query_result(unbuffered=unbuffered)
                          ^^^^^^^^^^^^^^^^^^^^^^^^^^^^^^^^^^^^^^^^^^^^^^
  File "/usr/lib/python3/dist-packages/pymysql/connections.py", line 775, in _read_query_result
    result.read()
  File "/usr/lib/python3/dist-packages/pymysql/connections.py", line 1156, in read
    first_packet = self.connection._read_packet()
                   ^^^^^^^^^^^^^^^^^^^^^^^^^^^^^^
  File "/usr/lib/python3/dist-packages/pymysql/connections.py", line 725, in _read_packet
    packet.raise_for_error()
  File "/usr/lib/python3/dist-packages/pymysql/protocol.py", line 221, in raise_for_error
    err.raise_mysql_exception(self._data)
  File "/usr/lib/python3/dist-packages/pymysql/err.py", line 143, in raise_mysql_exception
    raise errorclass(errno, errval)
pymysql.err.OperationalError: (1054, "Unknown column 'cust_notelp' in 'field list'")
       -> backfill nama gagal: Command '['/usr/bin/python3', 'backfill_piutang_cust_nama.py', '--env', '--cabang-ids', '5']' returned non-zero exit status 1.
Done Cabang 5

--- Cabang 7 ---
  [1/7] Faktur Pembelian (header)...
       -> 734 records
  [2/7] Pelunasan Hutang (header)...
       -> 70 records
  [3/7] Detail Pelunasan Hutang (concurrent)...
       -> 541 detail records
  [4/7] Foto Pelunasan Hutang (concurrent)...
       -> 51 foto records
  [4b/7] Reconcile Pelunasan Hutang -> Clarify legacy tables...
       -> Clarify upsert header=140, items=1082, media=102 (tanpa posting kas_bank)
  [5/7] Pelunasan Piutang (header)...
       -> 65 records
  [6/7] Piutang Customer Detail (per cabang, stat_dok=Tertutup, semua periode)...
       -> 209 records
       -> semua piutang sudah punya nama
Done Cabang 7

==================================================
FINANCE SYNC COMPLETE
  supplier                       -> 425 records (upsert per server)
  pembelian                      -> 3338 records
  pelunasan_hutang               -> 657 records
  pelunasan_hutang_detail        -> 2938 records
  pelunasan_hutang_foto          -> 302 records
  pelunasan_piutang              -> 3036 records
  piutang_customer_detail        -> 5122 records
==================================================
  status: OK rc=0

[14:16:04] [8/161 Upsert brighter_rekap_bulanan_dashboard dari dash_*]
  range=2026-06-01..2026-06-30 cabang_aktif={'2026-06': [1, 2, 4, 5, 7]}
  upsert cb1 2026-06: penjualan=2,374,161,810 retur=6,394,000 cash_in=1,923,917,934
  upsert cb2 2026-06: penjualan=3,915,056,499 retur=7,508,000 cash_in=1,076,321,377
  upsert cb4 2026-06: penjualan=2,137,123,100 retur=990,000 cash_in=392,613,477
  upsert cb5 2026-06: penjualan=4,084,254,109 retur=16,825,000 cash_in=-4,463,805,260
  upsert cb7 2026-06: penjualan=2,965,941,450 retur=8,250,000 cash_in=-1,653,314,408
  status: OK

[14:16:04] [9/161 Landing POS cb1 2026-06-01]
  $ /home/csb-integrator/bin/php-csb.sh artisan pos:reconcile-missing --cabang 1 --date 2026-06-01 --refresh
Mode --refresh: pos yang total_amount-nya stale (beda dgn brighter_pos.total_biaya) akan diperbaiki header + items-nya.
Memproses 87 baris brighter_pos...
  0/87 [░░░░░░░░░░░░░░░░░░░░░░░░░░░░]   0%
  9/87 [▓▓░░░░░░░░░░░░░░░░░░░░░░░░░░]  10%
 87/87 [▓▓▓▓▓▓▓▓▓▓▓▓▓▓▓▓▓▓▓▓▓▓▓▓▓▓▓▓] 100%
Selesai. Dibuat: 0 | Isi items: 0 | Refresh stale: 0 | Dilewati (sudah punya items): 87 | Dilewati (tanpa detail): 0
Idempotent: proses ulang hanya akan menyentuh pos yang belum punya items / belum ada.
  status: OK rc=0

[14:16:05] [10/161 Landing POS cb1 2026-06-02]
  $ /home/csb-integrator/bin/php-csb.sh artisan pos:reconcile-missing --cabang 1 --date 2026-06-02 --refresh
Mode --refresh: pos yang total_amount-nya stale (beda dgn brighter_pos.total_biaya) akan diperbaiki header + items-nya.
Memproses 84 baris brighter_pos...
  0/84 [░░░░░░░░░░░░░░░░░░░░░░░░░░░░]   0%
  9/84 [▓▓▓░░░░░░░░░░░░░░░░░░░░░░░░░]  10%
 84/84 [▓▓▓▓▓▓▓▓▓▓▓▓▓▓▓▓▓▓▓▓▓▓▓▓▓▓▓▓] 100%
Selesai. Dibuat: 0 | Isi items: 0 | Refresh stale: 0 | Dilewati (sudah punya items): 84 | Dilewati (tanpa detail): 0
Idempotent: proses ulang hanya akan menyentuh pos yang belum punya items / belum ada.
  status: OK rc=0

[14:16:06] [11/161 Landing POS cb1 2026-06-03]
  $ /home/csb-integrator/bin/php-csb.sh artisan pos:reconcile-missing --cabang 1 --date 2026-06-03 --refresh
Mode --refresh: pos yang total_amount-nya stale (beda dgn brighter_pos.total_biaya) akan diperbaiki header + items-nya.
Memproses 83 baris brighter_pos...
  0/83 [░░░░░░░░░░░░░░░░░░░░░░░░░░░░]   0%
Selesai. Dibuat: 0 | Isi items: 0 | Refresh stale: 0 | Dilewati (sudah punya items): 83 | Dilewati (tanpa detail): 0
Idempotent: proses ulang hanya akan menyentuh pos yang belum punya items / belum ada.

  9/83 [▓▓▓░░░░░░░░░░░░░░░░░░░░░░░░░]  10%
 83/83 [▓▓▓▓▓▓▓▓▓▓▓▓▓▓▓▓▓▓▓▓▓▓▓▓▓▓▓▓] 100%
  status: OK rc=0

[14:16:07] [12/161 Landing POS cb1 2026-06-04]
  $ /home/csb-integrator/bin/php-csb.sh artisan pos:reconcile-missing --cabang 1 --date 2026-06-04 --refresh
Mode --refresh: pos yang total_amount-nya stale (beda dgn brighter_pos.total_biaya) akan diperbaiki header + items-nya.
Memproses 77 baris brighter_pos...
  0/77 [░░░░░░░░░░░░░░░░░░░░░░░░░░░░]   0%
  8/77 [▓▓░░░░░░░░░░░░░░░░░░░░░░░░░░]  10%
 77/77 [▓▓▓▓▓▓▓▓▓▓▓▓▓▓▓▓▓▓▓▓▓▓▓▓▓▓▓▓] 100%
Selesai. Dibuat: 0 | Isi items: 0 | Refresh stale: 0 | Dilewati (sudah punya items): 77 | Dilewati (tanpa detail): 0
Idempotent: proses ulang hanya akan menyentuh pos yang belum punya items / belum ada.
  status: OK rc=0

[14:16:07] [13/161 Landing POS cb1 2026-06-05]
  $ /home/csb-integrator/bin/php-csb.sh artisan pos:reconcile-missing --cabang 1 --date 2026-06-05 --refresh
Mode --refresh: pos yang total_amount-nya stale (beda dgn brighter_pos.total_biaya) akan diperbaiki header + items-nya.
Memproses 79 baris brighter_pos...
  0/79 [░░░░░░░░░░░░░░░░░░░░░░░░░░░░]   0%
  8/79 [▓▓░░░░░░░░░░░░░░░░░░░░░░░░░░]  10%
 79/79 [▓▓▓▓▓▓▓▓▓▓▓▓▓▓▓▓▓▓▓▓▓▓▓▓▓▓▓▓] 100%
Selesai. Dibuat: 0 | Isi items: 0 | Refresh stale: 0 | Dilewati (sudah punya items): 79 | Dilewati (tanpa detail): 0
Idempotent: proses ulang hanya akan menyentuh pos yang belum punya items / belum ada.
  status: OK rc=0

[14:16:08] [14/161 Landing POS cb1 2026-06-06]
  $ /home/csb-integrator/bin/php-csb.sh artisan pos:reconcile-missing --cabang 1 --date 2026-06-06 --refresh
Mode --refresh: pos yang total_amount-nya stale (beda dgn brighter_pos.total_biaya) akan diperbaiki header + items-nya.
Memproses 72 baris brighter_pos...
  0/72 [░░░░░░░░░░░░░░░░░░░░░░░░░░░░]   0%
  8/72 [▓▓▓░░░░░░░░░░░░░░░░░░░░░░░░░]  11%
 72/72 [▓▓▓▓▓▓▓▓▓▓▓▓▓▓▓▓▓▓▓▓▓▓▓▓▓▓▓▓] 100%
Selesai. Dibuat: 0 | Isi items: 0 | Refresh stale: 0 | Dilewati (sudah punya items): 72 | Dilewati (tanpa detail): 0
Idempotent: proses ulang hanya akan menyentuh pos yang belum punya items / belum ada.
  status: OK rc=0

[14:16:09] [15/161 Landing POS cb1 2026-06-07]
  $ /home/csb-integrator/bin/php-csb.sh artisan pos:reconcile-missing --cabang 1 --date 2026-06-07 --refresh
Mode --refresh: pos yang total_amount-nya stale (beda dgn brighter_pos.total_biaya) akan diperbaiki header + items-nya.
Memproses 87 baris brighter_pos...
  0/87 [░░░░░░░░░░░░░░░░░░░░░░░░░░░░]   0%
  9/87 [▓▓░░░░░░░░░░░░░░░░░░░░░░░░░░]  10%
 87/87 [▓▓▓▓▓▓▓▓▓▓▓▓▓▓▓▓▓▓▓▓▓▓▓▓▓▓▓▓] 100%
Selesai. Dibuat: 0 | Isi items: 0 | Refresh stale: 0 | Dilewati (sudah punya items): 87 | Dilewati (tanpa detail): 0
Idempotent: proses ulang hanya akan menyentuh pos yang belum punya items / belum ada.
  status: OK rc=0

[14:16:10] [16/161 Landing POS cb1 2026-06-08]
  $ /home/csb-integrator/bin/php-csb.sh artisan pos:reconcile-missing --cabang 1 --date 2026-06-08 --refresh
Mode --refresh: pos yang total_amount-nya stale (beda dgn brighter_pos.total_biaya) akan diperbaiki header + items-nya.
Memproses 80 baris brighter_pos...
  0/80 [░░░░░░░░░░░░░░░░░░░░░░░░░░░░]   0%
  8/80 [▓▓░░░░░░░░░░░░░░░░░░░░░░░░░░]  10%
 80/80 [▓▓▓▓▓▓▓▓▓▓▓▓▓▓▓▓▓▓▓▓▓▓▓▓▓▓▓▓] 100%
Selesai. Dibuat: 0 | Isi items: 0 | Refresh stale: 0 | Dilewati (sudah punya items): 80 | Dilewati (tanpa detail): 0
Idempotent: proses ulang hanya akan menyentuh pos yang belum punya items / belum ada.
  status: OK rc=0

[14:16:10] [17/161 Landing POS cb1 2026-06-09]
  $ /home/csb-integrator/bin/php-csb.sh artisan pos:reconcile-missing --cabang 1 --date 2026-06-09 --refresh
Mode --refresh: pos yang total_amount-nya stale (beda dgn brighter_pos.total_biaya) akan diperbaiki header + items-nya.
Memproses 71 baris brighter_pos...
  0/71 [░░░░░░░░░░░░░░░░░░░░░░░░░░░░]   0%
  8/71 [▓▓▓░░░░░░░░░░░░░░░░░░░░░░░░░]  11%
 71/71 [▓▓▓▓▓▓▓▓▓▓▓▓▓▓▓▓▓▓▓▓▓▓▓▓▓▓▓▓] 100%
Selesai. Dibuat: 0 | Isi items: 0 | Refresh stale: 0 | Dilewati (sudah punya items): 71 | Dilewati (tanpa detail): 0
Idempotent: proses ulang hanya akan menyentuh pos yang belum punya items / belum ada.
  status: OK rc=0

[14:16:11] [18/161 Landing POS cb1 2026-06-10]
  $ /home/csb-integrator/bin/php-csb.sh artisan pos:reconcile-missing --cabang 1 --date 2026-06-10 --refresh
Mode --refresh: pos yang total_amount-nya stale (beda dgn brighter_pos.total_biaya) akan diperbaiki header + items-nya.
Memproses 85 baris brighter_pos...
  0/85 [░░░░░░░░░░░░░░░░░░░░░░░░░░░░]   0%
  9/85 [▓▓░░░░░░░░░░░░░░░░░░░░░░░░░░]  10%
 85/85 [▓▓▓▓▓▓▓▓▓▓▓▓▓▓▓▓▓▓▓▓▓▓▓▓▓▓▓▓] 100%
Selesai. Dibuat: 0 | Isi items: 0 | Refresh stale: 0 | Dilewati (sudah punya items): 85 | Dilewati (tanpa detail): 0
Idempotent: proses ulang hanya akan menyentuh pos yang belum punya items / belum ada.
  status: OK rc=0

[14:16:12] [19/161 Landing POS cb1 2026-06-11]
  $ /home/csb-integrator/bin/php-csb.sh artisan pos:reconcile-missing --cabang 1 --date 2026-06-11 --refresh
Mode --refresh: pos yang total_amount-nya stale (beda dgn brighter_pos.total_biaya) akan diperbaiki header + items-nya.
Memproses 79 baris brighter_pos...
  0/79 [░░░░░░░░░░░░░░░░░░░░░░░░░░░░]   0%
  8/79 [▓▓░░░░░░░░░░░░░░░░░░░░░░░░░░]  10%
 79/79 [▓▓▓▓▓▓▓▓▓▓▓▓▓▓▓▓▓▓▓▓▓▓▓▓▓▓▓▓] 100%
Selesai. Dibuat: 0 | Isi items: 0 | Refresh stale: 0 | Dilewati (sudah punya items): 79 | Dilewati (tanpa detail): 0
Idempotent: proses ulang hanya akan menyentuh pos yang belum punya items / belum ada.
  status: OK rc=0

[14:16:13] [20/161 Landing POS cb1 2026-06-12]
  $ /home/csb-integrator/bin/php-csb.sh artisan pos:reconcile-missing --cabang 1 --date 2026-06-12 --refresh
Mode --refresh: pos yang total_amount-nya stale (beda dgn brighter_pos.total_biaya) akan diperbaiki header + items-nya.
Memproses 85 baris brighter_pos...
  0/85 [░░░░░░░░░░░░░░░░░░░░░░░░░░░░]   0%
  9/85 [▓▓░░░░░░░░░░░░░░░░░░░░░░░░░░]  10%
 85/85 [▓▓▓▓▓▓▓▓▓▓▓▓▓▓▓▓▓▓▓▓▓▓▓▓▓▓▓▓] 100%
Selesai. Dibuat: 0 | Isi items: 0 | Refresh stale: 0 | Dilewati (sudah punya items): 85 | Dilewati (tanpa detail): 0
Idempotent: proses ulang hanya akan menyentuh pos yang belum punya items / belum ada.
  status: OK rc=0

[14:16:13] [21/161 Landing POS cb1 2026-06-13]
  $ /home/csb-integrator/bin/php-csb.sh artisan pos:reconcile-missing --cabang 1 --date 2026-06-13 --refresh
Mode --refresh: pos yang total_amount-nya stale (beda dgn brighter_pos.total_biaya) akan diperbaiki header + items-nya.
Memproses 103 baris brighter_pos...
   0/103 [░░░░░░░░░░░░░░░░░░░░░░░░░░░░]   0%
  11/103 [▓▓░░░░░░░░░░░░░░░░░░░░░░░░░░]  10%
 103/103 [▓▓▓▓▓▓▓▓▓▓▓▓▓▓▓▓▓▓▓▓▓▓▓▓▓▓▓▓] 100%
Selesai. Dibuat: 0 | Isi items: 0 | Refresh stale: 0 | Dilewati (sudah punya items): 103 | Dilewati (tanpa detail): 0
Idempotent: proses ulang hanya akan menyentuh pos yang belum punya items / belum ada.
  status: OK rc=0

[14:16:14] [22/161 Landing POS cb1 2026-06-14]
  $ /home/csb-integrator/bin/php-csb.sh artisan pos:reconcile-missing --cabang 1 --date 2026-06-14 --refresh
Mode --refresh: pos yang total_amount-nya stale (beda dgn brighter_pos.total_biaya) akan diperbaiki header + items-nya.
Memproses 90 baris brighter_pos...
  0/90 [░░░░░░░░░░░░░░░░░░░░░░░░░░░░]   0%
  9/90 [▓▓░░░░░░░░░░░░░░░░░░░░░░░░░░]  10%
 90/90 [▓▓▓▓▓▓▓▓▓▓▓▓▓▓▓▓▓▓▓▓▓▓▓▓▓▓▓▓] 100%
Selesai. Dibuat: 0 | Isi items: 0 | Refresh stale: 0 | Dilewati (sudah punya items): 90 | Dilewati (tanpa detail): 0
Idempotent: proses ulang hanya akan menyentuh pos yang belum punya items / belum ada.
  status: OK rc=0

[14:16:15] [23/161 Landing POS cb1 2026-06-15]
  $ /home/csb-integrator/bin/php-csb.sh artisan pos:reconcile-missing --cabang 1 --date 2026-06-15 --refresh
Mode --refresh: pos yang total_amount-nya stale (beda dgn brighter_pos.total_biaya) akan diperbaiki header + items-nya.
Memproses 78 baris brighter_pos...
  0/78 [░░░░░░░░░░░░░░░░░░░░░░░░░░░░]   0%
  8/78 [▓▓░░░░░░░░░░░░░░░░░░░░░░░░░░]  10%
 78/78 [▓▓▓▓▓▓▓▓▓▓▓▓▓▓▓▓▓▓▓▓▓▓▓▓▓▓▓▓] 100%
Selesai. Dibuat: 0 | Isi items: 0 | Refresh stale: 0 | Dilewati (sudah punya items): 78 | Dilewati (tanpa detail): 0
Idempotent: proses ulang hanya akan menyentuh pos yang belum punya items / belum ada.
  status: OK rc=0

[14:16:16] [24/161 Landing POS cb1 2026-06-16]
  $ /home/csb-integrator/bin/php-csb.sh artisan pos:reconcile-missing --cabang 1 --date 2026-06-16 --refresh
Mode --refresh: pos yang total_amount-nya stale (beda dgn brighter_pos.total_biaya) akan diperbaiki header + items-nya.
Memproses 110 baris brighter_pos...
   0/110 [░░░░░░░░░░░░░░░░░░░░░░░░░░░░]   0%
  11/110 [▓▓░░░░░░░░░░░░░░░░░░░░░░░░░░]  10%
 110/110 [▓▓▓▓▓▓▓▓▓▓▓▓▓▓▓▓▓▓▓▓▓▓▓▓▓▓▓▓] 100%
Selesai. Dibuat: 0 | Isi items: 0 | Refresh stale: 0 | Dilewati (sudah punya items): 110 | Dilewati (tanpa detail): 0
Idempotent: proses ulang hanya akan menyentuh pos yang belum punya items / belum ada.
  status: OK rc=0

[14:16:16] [25/161 Landing POS cb1 2026-06-17]
  $ /home/csb-integrator/bin/php-csb.sh artisan pos:reconcile-missing --cabang 1 --date 2026-06-17 --refresh
Mode --refresh: pos yang total_amount-nya stale (beda dgn brighter_pos.total_biaya) akan diperbaiki header + items-nya.
Memproses 86 baris brighter_pos...
  0/86 [░░░░░░░░░░░░░░░░░░░░░░░░░░░░]   0%
  9/86 [▓▓░░░░░░░░░░░░░░░░░░░░░░░░░░]  10%
 86/86 [▓▓▓▓▓▓▓▓▓▓▓▓▓▓▓▓▓▓▓▓▓▓▓▓▓▓▓▓] 100%
Selesai. Dibuat: 0 | Isi items: 0 | Refresh stale: 0 | Dilewati (sudah punya items): 86 | Dilewati (tanpa detail): 0
Idempotent: proses ulang hanya akan menyentuh pos yang belum punya items / belum ada.
  status: OK rc=0

[14:16:17] [26/161 Landing POS cb1 2026-06-18]
  $ /home/csb-integrator/bin/php-csb.sh artisan pos:reconcile-missing --cabang 1 --date 2026-06-18 --refresh
Mode --refresh: pos yang total_amount-nya stale (beda dgn brighter_pos.total_biaya) akan diperbaiki header + items-nya.
Memproses 85 baris brighter_pos...
  0/85 [░░░░░░░░░░░░░░░░░░░░░░░░░░░░]   0%
  9/85 [▓▓░░░░░░░░░░░░░░░░░░░░░░░░░░]  10%
 85/85 [▓▓▓▓▓▓▓▓▓▓▓▓▓▓▓▓▓▓▓▓▓▓▓▓▓▓▓▓] 100%
Selesai. Dibuat: 0 | Isi items: 0 | Refresh stale: 0 | Dilewati (sudah punya items): 85 | Dilewati (tanpa detail): 0
Idempotent: proses ulang hanya akan menyentuh pos yang belum punya items / belum ada.
  status: OK rc=0

[14:16:18] [27/161 Landing POS cb1 2026-06-19]
  $ /home/csb-integrator/bin/php-csb.sh artisan pos:reconcile-missing --cabang 1 --date 2026-06-19 --refresh
Mode --refresh: pos yang total_amount-nya stale (beda dgn brighter_pos.total_biaya) akan diperbaiki header + items-nya.
Memproses 77 baris brighter_pos...
  0/77 [░░░░░░░░░░░░░░░░░░░░░░░░░░░░]   0%
  8/77 [▓▓░░░░░░░░░░░░░░░░░░░░░░░░░░]  10%
 77/77 [▓▓▓▓▓▓▓▓▓▓▓▓▓▓▓▓▓▓▓▓▓▓▓▓▓▓▓▓] 100%
Selesai. Dibuat: 0 | Isi items: 0 | Refresh stale: 0 | Dilewati (sudah punya items): 77 | Dilewati (tanpa detail): 0
Idempotent: proses ulang hanya akan menyentuh pos yang belum punya items / belum ada.
  status: OK rc=0

[14:16:19] [28/161 Landing POS cb1 2026-06-20]
  $ /home/csb-integrator/bin/php-csb.sh artisan pos:reconcile-missing --cabang 1 --date 2026-06-20 --refresh
Mode --refresh: pos yang total_amount-nya stale (beda dgn brighter_pos.total_biaya) akan diperbaiki header + items-nya.
Memproses 102 baris brighter_pos...
   0/102 [░░░░░░░░░░░░░░░░░░░░░░░░░░░░]   0%
  11/102 [▓▓▓░░░░░░░░░░░░░░░░░░░░░░░░░]  10%
 102/102 [▓▓▓▓▓▓▓▓▓▓▓▓▓▓▓▓▓▓▓▓▓▓▓▓▓▓▓▓] 100%
Selesai. Dibuat: 0 | Isi items: 0 | Refresh stale: 0 | Dilewati (sudah punya items): 102 | Dilewati (tanpa detail): 0
Idempotent: proses ulang hanya akan menyentuh pos yang belum punya items / belum ada.
  status: OK rc=0

[14:16:19] [29/161 Landing POS cb1 2026-06-21]
  $ /home/csb-integrator/bin/php-csb.sh artisan pos:reconcile-missing --cabang 1 --date 2026-06-21 --refresh
Mode --refresh: pos yang total_amount-nya stale (beda dgn brighter_pos.total_biaya) akan diperbaiki header + items-nya.
Memproses 100 baris brighter_pos...
   0/100 [░░░░░░░░░░░░░░░░░░░░░░░░░░░░]   0%
  10/100 [▓▓░░░░░░░░░░░░░░░░░░░░░░░░░░]  10%
 100/100 [▓▓▓▓▓▓▓▓▓▓▓▓▓▓▓▓▓▓▓▓▓▓▓▓▓▓▓▓] 100%
Selesai. Dibuat: 0 | Isi items: 0 | Refresh stale: 0 | Dilewati (sudah punya items): 100 | Dilewati (tanpa detail): 0
Idempotent: proses ulang hanya akan menyentuh pos yang belum punya items / belum ada.
  status: OK rc=0

[14:16:20] [30/161 Landing POS cb1 2026-06-22]
  $ /home/csb-integrator/bin/php-csb.sh artisan pos:reconcile-missing --cabang 1 --date 2026-06-22 --refresh
Mode --refresh: pos yang total_amount-nya stale (beda dgn brighter_pos.total_biaya) akan diperbaiki header + items-nya.
Memproses 105 baris brighter_pos...
   0/105 [░░░░░░░░░░░░░░░░░░░░░░░░░░░░]   0%
  11/105 [▓▓░░░░░░░░░░░░░░░░░░░░░░░░░░]  10%
 105/105 [▓▓▓▓▓▓▓▓▓▓▓▓▓▓▓▓▓▓▓▓▓▓▓▓▓▓▓▓] 100%
Selesai. Dibuat: 0 | Isi items: 0 | Refresh stale: 0 | Dilewati (sudah punya items): 105 | Dilewati (tanpa detail): 0
Idempotent: proses ulang hanya akan menyentuh pos yang belum punya items / belum ada.
  status: OK rc=0

[14:16:21] [31/161 Landing POS cb1 2026-06-23]
  $ /home/csb-integrator/bin/php-csb.sh artisan pos:reconcile-missing --cabang 1 --date 2026-06-23 --refresh
Mode --refresh: pos yang total_amount-nya stale (beda dgn brighter_pos.total_biaya) akan diperbaiki header + items-nya.
Memproses 96 baris brighter_pos...
  0/96 [░░░░░░░░░░░░░░░░░░░░░░░░░░░░]   0%
 10/96 [▓▓░░░░░░░░░░░░░░░░░░░░░░░░░░]  10%
 96/96 [▓▓▓▓▓▓▓▓▓▓▓▓▓▓▓▓▓▓▓▓▓▓▓▓▓▓▓▓] 100%
Selesai. Dibuat: 0 | Isi items: 0 | Refresh stale: 0 | Dilewati (sudah punya items): 96 | Dilewati (tanpa detail): 0
Idempotent: proses ulang hanya akan menyentuh pos yang belum punya items / belum ada.
  status: OK rc=0

[14:16:22] [32/161 Landing POS cb1 2026-06-24]
  $ /home/csb-integrator/bin/php-csb.sh artisan pos:reconcile-missing --cabang 1 --date 2026-06-24 --refresh
Mode --refresh: pos yang total_amount-nya stale (beda dgn brighter_pos.total_biaya) akan diperbaiki header + items-nya.
Memproses 98 baris brighter_pos...
  0/98 [░░░░░░░░░░░░░░░░░░░░░░░░░░░░]   0%
 10/98 [▓▓░░░░░░░░░░░░░░░░░░░░░░░░░░]  10%
 98/98 [▓▓▓▓▓▓▓▓▓▓▓▓▓▓▓▓▓▓▓▓▓▓▓▓▓▓▓▓] 100%
Selesai. Dibuat: 0 | Isi items: 0 | Refresh stale: 0 | Dilewati (sudah punya items): 98 | Dilewati (tanpa detail): 0
Idempotent: proses ulang hanya akan menyentuh pos yang belum punya items / belum ada.
  status: OK rc=0

[14:16:22] [33/161 Landing POS cb1 2026-06-25]
  $ /home/csb-integrator/bin/php-csb.sh artisan pos:reconcile-missing --cabang 1 --date 2026-06-25 --refresh
Mode --refresh: pos yang total_amount-nya stale (beda dgn brighter_pos.total_biaya) akan diperbaiki header + items-nya.
Memproses 114 baris brighter_pos...
   0/114 [░░░░░░░░░░░░░░░░░░░░░░░░░░░░]   0%
  12/114 [▓▓░░░░░░░░░░░░░░░░░░░░░░░░░░]  10%
 114/114 [▓▓▓▓▓▓▓▓▓▓▓▓▓▓▓▓▓▓▓▓▓▓▓▓▓▓▓▓] 100%
Selesai. Dibuat: 0 | Isi items: 0 | Refresh stale: 0 | Dilewati (sudah punya items): 114 | Dilewati (tanpa detail): 0
Idempotent: proses ulang hanya akan menyentuh pos yang belum punya items / belum ada.
  status: OK rc=0

[14:16:23] [34/161 Landing POS cb1 2026-06-26]
  $ /home/csb-integrator/bin/php-csb.sh artisan pos:reconcile-missing --cabang 1 --date 2026-06-26 --refresh
Mode --refresh: pos yang total_amount-nya stale (beda dgn brighter_pos.total_biaya) akan diperbaiki header + items-nya.
Memproses 97 baris brighter_pos...
  0/97 [░░░░░░░░░░░░░░░░░░░░░░░░░░░░]   0%
 10/97 [▓▓░░░░░░░░░░░░░░░░░░░░░░░░░░]  10%
 97/97 [▓▓▓▓▓▓▓▓▓▓▓▓▓▓▓▓▓▓▓▓▓▓▓▓▓▓▓▓] 100%
Selesai. Dibuat: 0 | Isi items: 0 | Refresh stale: 0 | Dilewati (sudah punya items): 97 | Dilewati (tanpa detail): 0
Idempotent: proses ulang hanya akan menyentuh pos yang belum punya items / belum ada.
  status: OK rc=0

[14:16:24] [35/161 Landing POS cb1 2026-06-27]
  $ /home/csb-integrator/bin/php-csb.sh artisan pos:reconcile-missing --cabang 1 --date 2026-06-27 --refresh
Mode --refresh: pos yang total_amount-nya stale (beda dgn brighter_pos.total_biaya) akan diperbaiki header + items-nya.
Memproses 80 baris brighter_pos...
  0/80 [░░░░░░░░░░░░░░░░░░░░░░░░░░░░]   0%
  8/80 [▓▓░░░░░░░░░░░░░░░░░░░░░░░░░░]  10%
 80/80 [▓▓▓▓▓▓▓▓▓▓▓▓▓▓▓▓▓▓▓▓▓▓▓▓▓▓▓▓] 100%
Selesai. Dibuat: 0 | Isi items: 0 | Refresh stale: 0 | Dilewati (sudah punya items): 80 | Dilewati (tanpa detail): 0
Idempotent: proses ulang hanya akan menyentuh pos yang belum punya items / belum ada.
  status: OK rc=0

[14:16:25] [36/161 Landing POS cb1 2026-06-28]
  $ /home/csb-integrator/bin/php-csb.sh artisan pos:reconcile-missing --cabang 1 --date 2026-06-28 --refresh
Mode --refresh: pos yang total_amount-nya stale (beda dgn brighter_pos.total_biaya) akan diperbaiki header + items-nya.
Memproses 80 baris brighter_pos...
  0/80 [░░░░░░░░░░░░░░░░░░░░░░░░░░░░]   0%
  8/80 [▓▓░░░░░░░░░░░░░░░░░░░░░░░░░░]  10%
Selesai. Dibuat: 0 | Isi items: 0 | Refresh stale: 0 | Dilewati (sudah punya items): 80 | Dilewati (tanpa detail): 0
Idempotent: proses ulang hanya akan menyentuh pos yang belum punya items / belum ada.

 80/80 [▓▓▓▓▓▓▓▓▓▓▓▓▓▓▓▓▓▓▓▓▓▓▓▓▓▓▓▓] 100%
  status: OK rc=0

[14:16:25] [37/161 Landing POS cb1 2026-06-29]
  $ /home/csb-integrator/bin/php-csb.sh artisan pos:reconcile-missing --cabang 1 --date 2026-06-29 --refresh
Mode --refresh: pos yang total_amount-nya stale (beda dgn brighter_pos.total_biaya) akan diperbaiki header + items-nya.
Memproses 78 baris brighter_pos...
  0/78 [░░░░░░░░░░░░░░░░░░░░░░░░░░░░]   0%
Selesai. Dibuat: 0 | Isi items: 0 | Refresh stale: 0 | Dilewati (sudah punya items): 78 | Dilewati (tanpa detail): 0
Idempotent: proses ulang hanya akan menyentuh pos yang belum punya items / belum ada.

  8/78 [▓▓░░░░░░░░░░░░░░░░░░░░░░░░░░]  10%
 78/78 [▓▓▓▓▓▓▓▓▓▓▓▓▓▓▓▓▓▓▓▓▓▓▓▓▓▓▓▓] 100%
  status: OK rc=0

[14:16:26] [38/161 Landing POS cb1 2026-06-30]
  $ /home/csb-integrator/bin/php-csb.sh artisan pos:reconcile-missing --cabang 1 --date 2026-06-30 --refresh
Mode --refresh: pos yang total_amount-nya stale (beda dgn brighter_pos.total_biaya) akan diperbaiki header + items-nya.
Memproses 69 baris brighter_pos...
  0/69 [░░░░░░░░░░░░░░░░░░░░░░░░░░░░]   0%
  7/69 [▓▓░░░░░░░░░░░░░░░░░░░░░░░░░░]  10%
 69/69 [▓▓▓▓▓▓▓▓▓▓▓▓▓▓▓▓▓▓▓▓▓▓▓▓▓▓▓▓] 100%
Selesai. Dibuat: 0 | Isi items: 0 | Refresh stale: 0 | Dilewati (sudah punya items): 69 | Dilewati (tanpa detail): 0
Idempotent: proses ulang hanya akan menyentuh pos yang belum punya items / belum ada.
  status: OK rc=0

[14:16:27] [39/161 Landing POS cb2 2026-06-01]
  $ /home/csb-integrator/bin/php-csb.sh artisan pos:reconcile-missing --cabang 2 --date 2026-06-01 --refresh
Mode --refresh: pos yang total_amount-nya stale (beda dgn brighter_pos.total_biaya) akan diperbaiki header + items-nya.
Memproses 175 baris brighter_pos...
   0/175 [░░░░░░░░░░░░░░░░░░░░░░░░░░░░]   0%
  18/175 [▓▓░░░░░░░░░░░░░░░░░░░░░░░░░░]  10%
 175/175 [▓▓▓▓▓▓▓▓▓▓▓▓▓▓▓▓▓▓▓▓▓▓▓▓▓▓▓▓] 100%
Selesai. Dibuat: 0 | Isi items: 0 | Refresh stale: 0 | Dilewati (sudah punya items): 175 | Dilewati (tanpa detail): 0
Idempotent: proses ulang hanya akan menyentuh pos yang belum punya items / belum ada.
  status: OK rc=0

[14:16:28] [40/161 Landing POS cb2 2026-06-02]
  $ /home/csb-integrator/bin/php-csb.sh artisan pos:reconcile-missing --cabang 2 --date 2026-06-02 --refresh
Mode --refresh: pos yang total_amount-nya stale (beda dgn brighter_pos.total_biaya) akan diperbaiki header + items-nya.
Memproses 109 baris brighter_pos...
   0/109 [░░░░░░░░░░░░░░░░░░░░░░░░░░░░]   0%
  11/109 [▓▓░░░░░░░░░░░░░░░░░░░░░░░░░░]  10%
 109/109 [▓▓▓▓▓▓▓▓▓▓▓▓▓▓▓▓▓▓▓▓▓▓▓▓▓▓▓▓] 100%
Selesai. Dibuat: 0 | Isi items: 0 | Refresh stale: 0 | Dilewati (sudah punya items): 109 | Dilewati (tanpa detail): 0
Idempotent: proses ulang hanya akan menyentuh pos yang belum punya items / belum ada.
  status: OK rc=0

[14:16:28] [41/161 Landing POS cb2 2026-06-03]
  $ /home/csb-integrator/bin/php-csb.sh artisan pos:reconcile-missing --cabang 2 --date 2026-06-03 --refresh
Mode --refresh: pos yang total_amount-nya stale (beda dgn brighter_pos.total_biaya) akan diperbaiki header + items-nya.
Memproses 143 baris brighter_pos...
   0/143 [░░░░░░░░░░░░░░░░░░░░░░░░░░░░]   0%
  15/143 [▓▓░░░░░░░░░░░░░░░░░░░░░░░░░░]  10%
 143/143 [▓▓▓▓▓▓▓▓▓▓▓▓▓▓▓▓▓▓▓▓▓▓▓▓▓▓▓▓] 100%
Selesai. Dibuat: 0 | Isi items: 0 | Refresh stale: 0 | Dilewati (sudah punya items): 143 | Dilewati (tanpa detail): 0
Idempotent: proses ulang hanya akan menyentuh pos yang belum punya items / belum ada.
  status: OK rc=0

[14:16:29] [42/161 Landing POS cb2 2026-06-04]
  $ /home/csb-integrator/bin/php-csb.sh artisan pos:reconcile-missing --cabang 2 --date 2026-06-04 --refresh
Mode --refresh: pos yang total_amount-nya stale (beda dgn brighter_pos.total_biaya) akan diperbaiki header + items-nya.
Memproses 169 baris brighter_pos...
   0/169 [░░░░░░░░░░░░░░░░░░░░░░░░░░░░]   0%
  17/169 [▓▓░░░░░░░░░░░░░░░░░░░░░░░░░░]  10%
 169/169 [▓▓▓▓▓▓▓▓▓▓▓▓▓▓▓▓▓▓▓▓▓▓▓▓▓▓▓▓] 100%
Selesai. Dibuat: 0 | Isi items: 0 | Refresh stale: 0 | Dilewati (sudah punya items): 169 | Dilewati (tanpa detail): 0
Idempotent: proses ulang hanya akan menyentuh pos yang belum punya items / belum ada.
  status: OK rc=0

[14:16:30] [43/161 Landing POS cb2 2026-06-05]
  $ /home/csb-integrator/bin/php-csb.sh artisan pos:reconcile-missing --cabang 2 --date 2026-06-05 --refresh
Mode --refresh: pos yang total_amount-nya stale (beda dgn brighter_pos.total_biaya) akan diperbaiki header + items-nya.
Memproses 176 baris brighter_pos...
   0/176 [░░░░░░░░░░░░░░░░░░░░░░░░░░░░]   0%
  18/176 [▓▓░░░░░░░░░░░░░░░░░░░░░░░░░░]  10%
 176/176 [▓▓▓▓▓▓▓▓▓▓▓▓▓▓▓▓▓▓▓▓▓▓▓▓▓▓▓▓] 100%
Selesai. Dibuat: 0 | Isi items: 0 | Refresh stale: 0 | Dilewati (sudah punya items): 176 | Dilewati (tanpa detail): 0
Idempotent: proses ulang hanya akan menyentuh pos yang belum punya items / belum ada.
  status: OK rc=0

[14:16:31] [44/161 Landing POS cb2 2026-06-06]
  $ /home/csb-integrator/bin/php-csb.sh artisan pos:reconcile-missing --cabang 2 --date 2026-06-06 --refresh
Mode --refresh: pos yang total_amount-nya stale (beda dgn brighter_pos.total_biaya) akan diperbaiki header + items-nya.
Memproses 152 baris brighter_pos...
   0/152 [░░░░░░░░░░░░░░░░░░░░░░░░░░░░]   0%
  16/152 [▓▓░░░░░░░░░░░░░░░░░░░░░░░░░░]  10%
 152/152 [▓▓▓▓▓▓▓▓▓▓▓▓▓▓▓▓▓▓▓▓▓▓▓▓▓▓▓▓] 100%
Selesai. Dibuat: 0 | Isi items: 0 | Refresh stale: 0 | Dilewati (sudah punya items): 152 | Dilewati (tanpa detail): 0
Idempotent: proses ulang hanya akan menyentuh pos yang belum punya items / belum ada.
  status: OK rc=0

[14:16:31] [45/161 Landing POS cb2 2026-06-07]
  $ /home/csb-integrator/bin/php-csb.sh artisan pos:reconcile-missing --cabang 2 --date 2026-06-07 --refresh
Mode --refresh: pos yang total_amount-nya stale (beda dgn brighter_pos.total_biaya) akan diperbaiki header + items-nya.
Memproses 137 baris brighter_pos...
   0/137 [░░░░░░░░░░░░░░░░░░░░░░░░░░░░]   0%
  14/137 [▓▓░░░░░░░░░░░░░░░░░░░░░░░░░░]  10%
 137/137 [▓▓▓▓▓▓▓▓▓▓▓▓▓▓▓▓▓▓▓▓▓▓▓▓▓▓▓▓] 100%
Selesai. Dibuat: 0 | Isi items: 0 | Refresh stale: 0 | Dilewati (sudah punya items): 137 | Dilewati (tanpa detail): 0
Idempotent: proses ulang hanya akan menyentuh pos yang belum punya items / belum ada.
  status: OK rc=0

[14:16:32] [46/161 Landing POS cb2 2026-06-08]
  $ /home/csb-integrator/bin/php-csb.sh artisan pos:reconcile-missing --cabang 2 --date 2026-06-08 --refresh
Mode --refresh: pos yang total_amount-nya stale (beda dgn brighter_pos.total_biaya) akan diperbaiki header + items-nya.
Memproses 140 baris brighter_pos...
   0/140 [░░░░░░░░░░░░░░░░░░░░░░░░░░░░]   0%
  14/140 [▓▓░░░░░░░░░░░░░░░░░░░░░░░░░░]  10%
 140/140 [▓▓▓▓▓▓▓▓▓▓▓▓▓▓▓▓▓▓▓▓▓▓▓▓▓▓▓▓] 100%
Selesai. Dibuat: 0 | Isi items: 0 | Refresh stale: 0 | Dilewati (sudah punya items): 140 | Dilewati (tanpa detail): 0
Idempotent: proses ulang hanya akan menyentuh pos yang belum punya items / belum ada.
  status: OK rc=0

[14:16:33] [47/161 Landing POS cb2 2026-06-09]
  $ /home/csb-integrator/bin/php-csb.sh artisan pos:reconcile-missing --cabang 2 --date 2026-06-09 --refresh
Mode --refresh: pos yang total_amount-nya stale (beda dgn brighter_pos.total_biaya) akan diperbaiki header + items-nya.
Memproses 148 baris brighter_pos...
   0/148 [░░░░░░░░░░░░░░░░░░░░░░░░░░░░]   0%
  15/148 [▓▓░░░░░░░░░░░░░░░░░░░░░░░░░░]  10%
 148/148 [▓▓▓▓▓▓▓▓▓▓▓▓▓▓▓▓▓▓▓▓▓▓▓▓▓▓▓▓] 100%
Selesai. Dibuat: 0 | Isi items: 0 | Refresh stale: 0 | Dilewati (sudah punya items): 148 | Dilewati (tanpa detail): 0
Idempotent: proses ulang hanya akan menyentuh pos yang belum punya items / belum ada.
  status: OK rc=0

[14:16:34] [48/161 Landing POS cb2 2026-06-10]
  $ /home/csb-integrator/bin/php-csb.sh artisan pos:reconcile-missing --cabang 2 --date 2026-06-10 --refresh
Mode --refresh: pos yang total_amount-nya stale (beda dgn brighter_pos.total_biaya) akan diperbaiki header + items-nya.
Memproses 154 baris brighter_pos...
   0/154 [░░░░░░░░░░░░░░░░░░░░░░░░░░░░]   0%
  16/154 [▓▓░░░░░░░░░░░░░░░░░░░░░░░░░░]  10%
 154/154 [▓▓▓▓▓▓▓▓▓▓▓▓▓▓▓▓▓▓▓▓▓▓▓▓▓▓▓▓] 100%
Selesai. Dibuat: 0 | Isi items: 0 | Refresh stale: 0 | Dilewati (sudah punya items): 154 | Dilewati (tanpa detail): 0
Idempotent: proses ulang hanya akan menyentuh pos yang belum punya items / belum ada.
  status: OK rc=0

[14:16:34] [49/161 Landing POS cb2 2026-06-11]
  $ /home/csb-integrator/bin/php-csb.sh artisan pos:reconcile-missing --cabang 2 --date 2026-06-11 --refresh
Mode --refresh: pos yang total_amount-nya stale (beda dgn brighter_pos.total_biaya) akan diperbaiki header + items-nya.
Memproses 188 baris brighter_pos...
   0/188 [░░░░░░░░░░░░░░░░░░░░░░░░░░░░]   0%
  19/188 [▓▓░░░░░░░░░░░░░░░░░░░░░░░░░░]  10%
 188/188 [▓▓▓▓▓▓▓▓▓▓▓▓▓▓▓▓▓▓▓▓▓▓▓▓▓▓▓▓] 100%
Selesai. Dibuat: 0 | Isi items: 0 | Refresh stale: 0 | Dilewati (sudah punya items): 188 | Dilewati (tanpa detail): 0
Idempotent: proses ulang hanya akan menyentuh pos yang belum punya items / belum ada.
  status: OK rc=0

[14:16:35] [50/161 Landing POS cb2 2026-06-12]
  $ /home/csb-integrator/bin/php-csb.sh artisan pos:reconcile-missing --cabang 2 --date 2026-06-12 --refresh
Mode --refresh: pos yang total_amount-nya stale (beda dgn brighter_pos.total_biaya) akan diperbaiki header + items-nya.
Memproses 138 baris brighter_pos...
   0/138 [░░░░░░░░░░░░░░░░░░░░░░░░░░░░]   0%
  14/138 [▓▓░░░░░░░░░░░░░░░░░░░░░░░░░░]  10%
 138/138 [▓▓▓▓▓▓▓▓▓▓▓▓▓▓▓▓▓▓▓▓▓▓▓▓▓▓▓▓] 100%
Selesai. Dibuat: 0 | Isi items: 0 | Refresh stale: 0 | Dilewati (sudah punya items): 138 | Dilewati (tanpa detail): 0
Idempotent: proses ulang hanya akan menyentuh pos yang belum punya items / belum ada.
  status: OK rc=0

[14:16:36] [51/161 Landing POS cb2 2026-06-13]
  $ /home/csb-integrator/bin/php-csb.sh artisan pos:reconcile-missing --cabang 2 --date 2026-06-13 --refresh
Mode --refresh: pos yang total_amount-nya stale (beda dgn brighter_pos.total_biaya) akan diperbaiki header + items-nya.
Memproses 183 baris brighter_pos...
   0/183 [░░░░░░░░░░░░░░░░░░░░░░░░░░░░]   0%
  19/183 [▓▓░░░░░░░░░░░░░░░░░░░░░░░░░░]  10%
 183/183 [▓▓▓▓▓▓▓▓▓▓▓▓▓▓▓▓▓▓▓▓▓▓▓▓▓▓▓▓] 100%
Selesai. Dibuat: 0 | Isi items: 0 | Refresh stale: 0 | Dilewati (sudah punya items): 183 | Dilewati (tanpa detail): 0
Idempotent: proses ulang hanya akan menyentuh pos yang belum punya items / belum ada.
  status: OK rc=0

[14:16:37] [52/161 Landing POS cb2 2026-06-14]
  $ /home/csb-integrator/bin/php-csb.sh artisan pos:reconcile-missing --cabang 2 --date 2026-06-14 --refresh
Mode --refresh: pos yang total_amount-nya stale (beda dgn brighter_pos.total_biaya) akan diperbaiki header + items-nya.
Memproses 140 baris brighter_pos...
   0/140 [░░░░░░░░░░░░░░░░░░░░░░░░░░░░]   0%
  14/140 [▓▓░░░░░░░░░░░░░░░░░░░░░░░░░░]  10%
 140/140 [▓▓▓▓▓▓▓▓▓▓▓▓▓▓▓▓▓▓▓▓▓▓▓▓▓▓▓▓] 100%
Selesai. Dibuat: 0 | Isi items: 0 | Refresh stale: 0 | Dilewati (sudah punya items): 140 | Dilewati (tanpa detail): 0
Idempotent: proses ulang hanya akan menyentuh pos yang belum punya items / belum ada.
  status: OK rc=0

[14:16:38] [53/161 Landing POS cb2 2026-06-15]
  $ /home/csb-integrator/bin/php-csb.sh artisan pos:reconcile-missing --cabang 2 --date 2026-06-15 --refresh
Mode --refresh: pos yang total_amount-nya stale (beda dgn brighter_pos.total_biaya) akan diperbaiki header + items-nya.
Memproses 145 baris brighter_pos...
   0/145 [░░░░░░░░░░░░░░░░░░░░░░░░░░░░]   0%
  15/145 [▓▓░░░░░░░░░░░░░░░░░░░░░░░░░░]  10%
 145/145 [▓▓▓▓▓▓▓▓▓▓▓▓▓▓▓▓▓▓▓▓▓▓▓▓▓▓▓▓] 100%
Selesai. Dibuat: 0 | Isi items: 0 | Refresh stale: 0 | Dilewati (sudah punya items): 145 | Dilewati (tanpa detail): 0
Idempotent: proses ulang hanya akan menyentuh pos yang belum punya items / belum ada.
  status: OK rc=0

[14:16:38] [54/161 Landing POS cb2 2026-06-16]
  $ /home/csb-integrator/bin/php-csb.sh artisan pos:reconcile-missing --cabang 2 --date 2026-06-16 --refresh
Mode --refresh: pos yang total_amount-nya stale (beda dgn brighter_pos.total_biaya) akan diperbaiki header + items-nya.
Memproses 150 baris brighter_pos...
   0/150 [░░░░░░░░░░░░░░░░░░░░░░░░░░░░]   0%
  15/150 [▓▓░░░░░░░░░░░░░░░░░░░░░░░░░░]  10%
 150/150 [▓▓▓▓▓▓▓▓▓▓▓▓▓▓▓▓▓▓▓▓▓▓▓▓▓▓▓▓] 100%
Selesai. Dibuat: 0 | Isi items: 0 | Refresh stale: 0 | Dilewati (sudah punya items): 150 | Dilewati (tanpa detail): 0
Idempotent: proses ulang hanya akan menyentuh pos yang belum punya items / belum ada.
  status: OK rc=0

[14:16:39] [55/161 Landing POS cb2 2026-06-17]
  $ /home/csb-integrator/bin/php-csb.sh artisan pos:reconcile-missing --cabang 2 --date 2026-06-17 --refresh
Mode --refresh: pos yang total_amount-nya stale (beda dgn brighter_pos.total_biaya) akan diperbaiki header + items-nya.
Memproses 154 baris brighter_pos...
   0/154 [░░░░░░░░░░░░░░░░░░░░░░░░░░░░]   0%
  16/154 [▓▓░░░░░░░░░░░░░░░░░░░░░░░░░░]  10%
 154/154 [▓▓▓▓▓▓▓▓▓▓▓▓▓▓▓▓▓▓▓▓▓▓▓▓▓▓▓▓] 100%
Selesai. Dibuat: 0 | Isi items: 0 | Refresh stale: 0 | Dilewati (sudah punya items): 154 | Dilewati (tanpa detail): 0
Idempotent: proses ulang hanya akan menyentuh pos yang belum punya items / belum ada.
  status: OK rc=0

[14:16:40] [56/161 Landing POS cb2 2026-06-18]
  $ /home/csb-integrator/bin/php-csb.sh artisan pos:reconcile-missing --cabang 2 --date 2026-06-18 --refresh
Mode --refresh: pos yang total_amount-nya stale (beda dgn brighter_pos.total_biaya) akan diperbaiki header + items-nya.
Memproses 166 baris brighter_pos...
   0/166 [░░░░░░░░░░░░░░░░░░░░░░░░░░░░]   0%
  17/166 [▓▓░░░░░░░░░░░░░░░░░░░░░░░░░░]  10%
 166/166 [▓▓▓▓▓▓▓▓▓▓▓▓▓▓▓▓▓▓▓▓▓▓▓▓▓▓▓▓] 100%
Selesai. Dibuat: 0 | Isi items: 0 | Refresh stale: 0 | Dilewati (sudah punya items): 166 | Dilewati (tanpa detail): 0
Idempotent: proses ulang hanya akan menyentuh pos yang belum punya items / belum ada.
  status: OK rc=0

[14:16:41] [57/161 Landing POS cb2 2026-06-19]
  $ /home/csb-integrator/bin/php-csb.sh artisan pos:reconcile-missing --cabang 2 --date 2026-06-19 --refresh
Mode --refresh: pos yang total_amount-nya stale (beda dgn brighter_pos.total_biaya) akan diperbaiki header + items-nya.
Memproses 155 baris brighter_pos...
   0/155 [░░░░░░░░░░░░░░░░░░░░░░░░░░░░]   0%
  16/155 [▓▓░░░░░░░░░░░░░░░░░░░░░░░░░░]  10%
Selesai. Dibuat: 0 | Isi items: 0 | Refresh stale: 0 | Dilewati (sudah punya items): 155 | Dilewati (tanpa detail): 0

 155/155 [▓▓▓▓▓▓▓▓▓▓▓▓▓▓▓▓▓▓▓▓▓▓▓▓▓▓▓▓] 100%Idempotent: proses ulang hanya akan menyentuh pos yang belum punya items / belum ada.
  status: OK rc=0

[14:16:42] [58/161 Landing POS cb2 2026-06-20]
  $ /home/csb-integrator/bin/php-csb.sh artisan pos:reconcile-missing --cabang 2 --date 2026-06-20 --refresh
Mode --refresh: pos yang total_amount-nya stale (beda dgn brighter_pos.total_biaya) akan diperbaiki header + items-nya.
Memproses 161 baris brighter_pos...
   0/161 [░░░░░░░░░░░░░░░░░░░░░░░░░░░░]   0%
  17/161 [▓▓░░░░░░░░░░░░░░░░░░░░░░░░░░]  10%
 161/161 [▓▓▓▓▓▓▓▓▓▓▓▓▓▓▓▓▓▓▓▓▓▓▓▓▓▓▓▓] 100%
Selesai. Dibuat: 0 | Isi items: 0 | Refresh stale: 0 | Dilewati (sudah punya items): 161 | Dilewati (tanpa detail): 0
Idempotent: proses ulang hanya akan menyentuh pos yang belum punya items / belum ada.
  status: OK rc=0

[14:16:43] [59/161 Landing POS cb2 2026-06-21]
  $ /home/csb-integrator/bin/php-csb.sh artisan pos:reconcile-missing --cabang 2 --date 2026-06-21 --refresh
Mode --refresh: pos yang total_amount-nya stale (beda dgn brighter_pos.total_biaya) akan diperbaiki header + items-nya.
Memproses 125 baris brighter_pos...
   0/125 [░░░░░░░░░░░░░░░░░░░░░░░░░░░░]   0%
  13/125 [▓▓░░░░░░░░░░░░░░░░░░░░░░░░░░]  10%
Selesai. Dibuat: 0 | Isi items: 0 | Refresh stale: 0 | Dilewati (sudah punya items): 125 | Dilewati (tanpa detail): 0
Idempotent: proses ulang hanya akan menyentuh pos yang belum punya items / belum ada.

 125/125 [▓▓▓▓▓▓▓▓▓▓▓▓▓▓▓▓▓▓▓▓▓▓▓▓▓▓▓▓] 100%
  status: OK rc=0

[14:16:43] [60/161 Landing POS cb2 2026-06-22]
  $ /home/csb-integrator/bin/php-csb.sh artisan pos:reconcile-missing --cabang 2 --date 2026-06-22 --refresh
Mode --refresh: pos yang total_amount-nya stale (beda dgn brighter_pos.total_biaya) akan diperbaiki header + items-nya.
Memproses 153 baris brighter_pos...
   0/153 [░░░░░░░░░░░░░░░░░░░░░░░░░░░░]   0%
  16/153 [▓▓░░░░░░░░░░░░░░░░░░░░░░░░░░]  10%
 153/153 [▓▓▓▓▓▓▓▓▓▓▓▓▓▓▓▓▓▓▓▓▓▓▓▓▓▓▓▓] 100%
Selesai. Dibuat: 0 | Isi items: 0 | Refresh stale: 0 | Dilewati (sudah punya items): 153 | Dilewati (tanpa detail): 0
Idempotent: proses ulang hanya akan menyentuh pos yang belum punya items / belum ada.
  status: OK rc=0

[14:16:44] [61/161 Landing POS cb2 2026-06-23]
  $ /home/csb-integrator/bin/php-csb.sh artisan pos:reconcile-missing --cabang 2 --date 2026-06-23 --refresh
Mode --refresh: pos yang total_amount-nya stale (beda dgn brighter_pos.total_biaya) akan diperbaiki header + items-nya.
Memproses 132 baris brighter_pos...
   0/132 [░░░░░░░░░░░░░░░░░░░░░░░░░░░░]   0%
  14/132 [▓▓░░░░░░░░░░░░░░░░░░░░░░░░░░]  10%
 132/132 [▓▓▓▓▓▓▓▓▓▓▓▓▓▓▓▓▓▓▓▓▓▓▓▓▓▓▓▓] 100%
Selesai. Dibuat: 0 | Isi items: 0 | Refresh stale: 0 | Dilewati (sudah punya items): 132 | Dilewati (tanpa detail): 0
Idempotent: proses ulang hanya akan menyentuh pos yang belum punya items / belum ada.
  status: OK rc=0

[14:16:45] [62/161 Landing POS cb2 2026-06-24]
  $ /home/csb-integrator/bin/php-csb.sh artisan pos:reconcile-missing --cabang 2 --date 2026-06-24 --refresh
Mode --refresh: pos yang total_amount-nya stale (beda dgn brighter_pos.total_biaya) akan diperbaiki header + items-nya.
Memproses 168 baris brighter_pos...
   0/168 [░░░░░░░░░░░░░░░░░░░░░░░░░░░░]   0%
  17/168 [▓▓░░░░░░░░░░░░░░░░░░░░░░░░░░]  10%
 168/168 [▓▓▓▓▓▓▓▓▓▓▓▓▓▓▓▓▓▓▓▓▓▓▓▓▓▓▓▓] 100%
Selesai. Dibuat: 0 | Isi items: 0 | Refresh stale: 1 | Dilewati (sudah punya items): 167 | Dilewati (tanpa detail): 0
Idempotent: proses ulang hanya akan menyentuh pos yang belum punya items / belum ada.
  status: OK rc=0

[14:16:46] [63/161 Landing POS cb2 2026-06-25]
  $ /home/csb-integrator/bin/php-csb.sh artisan pos:reconcile-missing --cabang 2 --date 2026-06-25 --refresh
Mode --refresh: pos yang total_amount-nya stale (beda dgn brighter_pos.total_biaya) akan diperbaiki header + items-nya.
Memproses 110 baris brighter_pos...
   0/110 [░░░░░░░░░░░░░░░░░░░░░░░░░░░░]   0%
  11/110 [▓▓░░░░░░░░░░░░░░░░░░░░░░░░░░]  10%
 110/110 [▓▓▓▓▓▓▓▓▓▓▓▓▓▓▓▓▓▓▓▓▓▓▓▓▓▓▓▓] 100%
Selesai. Dibuat: 0 | Isi items: 0 | Refresh stale: 0 | Dilewati (sudah punya items): 110 | Dilewati (tanpa detail): 0
Idempotent: proses ulang hanya akan menyentuh pos yang belum punya items / belum ada.
  status: OK rc=0

[14:16:47] [64/161 Landing POS cb2 2026-06-26]
  $ /home/csb-integrator/bin/php-csb.sh artisan pos:reconcile-missing --cabang 2 --date 2026-06-26 --refresh
Mode --refresh: pos yang total_amount-nya stale (beda dgn brighter_pos.total_biaya) akan diperbaiki header + items-nya.
Memproses 134 baris brighter_pos...
   0/134 [░░░░░░░░░░░░░░░░░░░░░░░░░░░░]   0%
  14/134 [▓▓░░░░░░░░░░░░░░░░░░░░░░░░░░]  10%
 134/134 [▓▓▓▓▓▓▓▓▓▓▓▓▓▓▓▓▓▓▓▓▓▓▓▓▓▓▓▓] 100%
Selesai. Dibuat: 0 | Isi items: 0 | Refresh stale: 0 | Dilewati (sudah punya items): 134 | Dilewati (tanpa detail): 0
Idempotent: proses ulang hanya akan menyentuh pos yang belum punya items / belum ada.
  status: OK rc=0

[14:16:48] [65/161 Landing POS cb2 2026-06-27]
  $ /home/csb-integrator/bin/php-csb.sh artisan pos:reconcile-missing --cabang 2 --date 2026-06-27 --refresh
Mode --refresh: pos yang total_amount-nya stale (beda dgn brighter_pos.total_biaya) akan diperbaiki header + items-nya.
Memproses 151 baris brighter_pos...
   0/151 [░░░░░░░░░░░░░░░░░░░░░░░░░░░░]   0%
  16/151 [▓▓░░░░░░░░░░░░░░░░░░░░░░░░░░]  10%
 151/151 [▓▓▓▓▓▓▓▓▓▓▓▓▓▓▓▓▓▓▓▓▓▓▓▓▓▓▓▓] 100%
Selesai. Dibuat: 0 | Isi items: 0 | Refresh stale: 0 | Dilewati (sudah punya items): 151 | Dilewati (tanpa detail): 0
Idempotent: proses ulang hanya akan menyentuh pos yang belum punya items / belum ada.
  status: OK rc=0

[14:16:48] [66/161 Landing POS cb2 2026-06-28]
  $ /home/csb-integrator/bin/php-csb.sh artisan pos:reconcile-missing --cabang 2 --date 2026-06-28 --refresh
Mode --refresh: pos yang total_amount-nya stale (beda dgn brighter_pos.total_biaya) akan diperbaiki header + items-nya.
Memproses 146 baris brighter_pos...
   0/146 [░░░░░░░░░░░░░░░░░░░░░░░░░░░░]   0%
  15/146 [▓▓░░░░░░░░░░░░░░░░░░░░░░░░░░]  10%
 146/146 [▓▓▓▓▓▓▓▓▓▓▓▓▓▓▓▓▓▓▓▓▓▓▓▓▓▓▓▓] 100%
Selesai. Dibuat: 0 | Isi items: 0 | Refresh stale: 0 | Dilewati (sudah punya items): 146 | Dilewati (tanpa detail): 0
Idempotent: proses ulang hanya akan menyentuh pos yang belum punya items / belum ada.
  status: OK rc=0

[14:16:49] [67/161 Landing POS cb2 2026-06-29]
  $ /home/csb-integrator/bin/php-csb.sh artisan pos:reconcile-missing --cabang 2 --date 2026-06-29 --refresh
Mode --refresh: pos yang total_amount-nya stale (beda dgn brighter_pos.total_biaya) akan diperbaiki header + items-nya.
Memproses 150 baris brighter_pos...
   0/150 [░░░░░░░░░░░░░░░░░░░░░░░░░░░░]   0%
  15/150 [▓▓░░░░░░░░░░░░░░░░░░░░░░░░░░]  10%
 150/150 [▓▓▓▓▓▓▓▓▓▓▓▓▓▓▓▓▓▓▓▓▓▓▓▓▓▓▓▓] 100%
Selesai. Dibuat: 0 | Isi items: 0 | Refresh stale: 0 | Dilewati (sudah punya items): 150 | Dilewati (tanpa detail): 0
Idempotent: proses ulang hanya akan menyentuh pos yang belum punya items / belum ada.
  status: OK rc=0

[14:16:50] [68/161 Landing POS cb2 2026-06-30]
  $ /home/csb-integrator/bin/php-csb.sh artisan pos:reconcile-missing --cabang 2 --date 2026-06-30 --refresh
Mode --refresh: pos yang total_amount-nya stale (beda dgn brighter_pos.total_biaya) akan diperbaiki header + items-nya.
Memproses 150 baris brighter_pos...
   0/150 [░░░░░░░░░░░░░░░░░░░░░░░░░░░░]   0%
  15/150 [▓▓░░░░░░░░░░░░░░░░░░░░░░░░░░]  10%
 150/150 [▓▓▓▓▓▓▓▓▓▓▓▓▓▓▓▓▓▓▓▓▓▓▓▓▓▓▓▓] 100%
Selesai. Dibuat: 0 | Isi items: 0 | Refresh stale: 0 | Dilewati (sudah punya items): 150 | Dilewati (tanpa detail): 0
Idempotent: proses ulang hanya akan menyentuh pos yang belum punya items / belum ada.
  status: OK rc=0

[14:16:51] [69/161 Landing POS cb4 2026-06-01]
  $ /home/csb-integrator/bin/php-csb.sh artisan pos:reconcile-missing --cabang 4 --date 2026-06-01 --refresh
Mode --refresh: pos yang total_amount-nya stale (beda dgn brighter_pos.total_biaya) akan diperbaiki header + items-nya.
Memproses 89 baris brighter_pos...
  0/89 [░░░░░░░░░░░░░░░░░░░░░░░░░░░░]   0%
  9/89 [▓▓░░░░░░░░░░░░░░░░░░░░░░░░░░]  10%
 89/89 [▓▓▓▓▓▓▓▓▓▓▓▓▓▓▓▓▓▓▓▓▓▓▓▓▓▓▓▓] 100%
Selesai. Dibuat: 0 | Isi items: 0 | Refresh stale: 0 | Dilewati (sudah punya items): 89 | Dilewati (tanpa detail): 0
Idempotent: proses ulang hanya akan menyentuh pos yang belum punya items / belum ada.
  status: OK rc=0

[14:16:52] [70/161 Landing POS cb4 2026-06-02]
  $ /home/csb-integrator/bin/php-csb.sh artisan pos:reconcile-missing --cabang 4 --date 2026-06-02 --refresh
Mode --refresh: pos yang total_amount-nya stale (beda dgn brighter_pos.total_biaya) akan diperbaiki header + items-nya.
Memproses 71 baris brighter_pos...
  0/71 [░░░░░░░░░░░░░░░░░░░░░░░░░░░░]   0%
Selesai. Dibuat: 0 | Isi items: 0 | Refresh stale: 0 | Dilewati (sudah punya items): 71 | Dilewati (tanpa detail): 0
Idempotent: proses ulang hanya akan menyentuh pos yang belum punya items / belum ada.

  8/71 [▓▓▓░░░░░░░░░░░░░░░░░░░░░░░░░]  11%
 71/71 [▓▓▓▓▓▓▓▓▓▓▓▓▓▓▓▓▓▓▓▓▓▓▓▓▓▓▓▓] 100%
  status: OK rc=0

[14:16:52] [71/161 Landing POS cb4 2026-06-03]
  $ /home/csb-integrator/bin/php-csb.sh artisan pos:reconcile-missing --cabang 4 --date 2026-06-03 --refresh
Mode --refresh: pos yang total_amount-nya stale (beda dgn brighter_pos.total_biaya) akan diperbaiki header + items-nya.
Memproses 65 baris brighter_pos...
  0/65 [░░░░░░░░░░░░░░░░░░░░░░░░░░░░]   0%
  7/65 [▓▓▓░░░░░░░░░░░░░░░░░░░░░░░░░]  10%
 65/65 [▓▓▓▓▓▓▓▓▓▓▓▓▓▓▓▓▓▓▓▓▓▓▓▓▓▓▓▓] 100%
Selesai. Dibuat: 0 | Isi items: 0 | Refresh stale: 0 | Dilewati (sudah punya items): 65 | Dilewati (tanpa detail): 0
Idempotent: proses ulang hanya akan menyentuh pos yang belum punya items / belum ada.
  status: OK rc=0

[14:16:53] [72/161 Landing POS cb4 2026-06-04]
  $ /home/csb-integrator/bin/php-csb.sh artisan pos:reconcile-missing --cabang 4 --date 2026-06-04 --refresh
Mode --refresh: pos yang total_amount-nya stale (beda dgn brighter_pos.total_biaya) akan diperbaiki header + items-nya.
Memproses 79 baris brighter_pos...
  0/79 [░░░░░░░░░░░░░░░░░░░░░░░░░░░░]   0%
Selesai. Dibuat: 0 | Isi items: 0 | Refresh stale: 0 | Dilewati (sudah punya items): 79 | Dilewati (tanpa detail): 0
Idempotent: proses ulang hanya akan menyentuh pos yang belum punya items / belum ada.

  8/79 [▓▓░░░░░░░░░░░░░░░░░░░░░░░░░░]  10%
 79/79 [▓▓▓▓▓▓▓▓▓▓▓▓▓▓▓▓▓▓▓▓▓▓▓▓▓▓▓▓] 100%
  status: OK rc=0

[14:16:54] [73/161 Landing POS cb4 2026-06-05]
  $ /home/csb-integrator/bin/php-csb.sh artisan pos:reconcile-missing --cabang 4 --date 2026-06-05 --refresh
Mode --refresh: pos yang total_amount-nya stale (beda dgn brighter_pos.total_biaya) akan diperbaiki header + items-nya.
Memproses 73 baris brighter_pos...
  0/73 [░░░░░░░░░░░░░░░░░░░░░░░░░░░░]   0%
  8/73 [▓▓▓░░░░░░░░░░░░░░░░░░░░░░░░░]  10%
 73/73 [▓▓▓▓▓▓▓▓▓▓▓▓▓▓▓▓▓▓▓▓▓▓▓▓▓▓▓▓] 100%
Selesai. Dibuat: 0 | Isi items: 0 | Refresh stale: 0 | Dilewati (sudah punya items): 73 | Dilewati (tanpa detail): 0
Idempotent: proses ulang hanya akan menyentuh pos yang belum punya items / belum ada.
  status: OK rc=0

[14:16:55] [74/161 Landing POS cb4 2026-06-06]
  $ /home/csb-integrator/bin/php-csb.sh artisan pos:reconcile-missing --cabang 4 --date 2026-06-06 --refresh
Mode --refresh: pos yang total_amount-nya stale (beda dgn brighter_pos.total_biaya) akan diperbaiki header + items-nya.
Memproses 65 baris brighter_pos...
  0/65 [░░░░░░░░░░░░░░░░░░░░░░░░░░░░]   0%
  7/65 [▓▓▓░░░░░░░░░░░░░░░░░░░░░░░░░]  10%
 65/65 [▓▓▓▓▓▓▓▓▓▓▓▓▓▓▓▓▓▓▓▓▓▓▓▓▓▓▓▓] 100%
Selesai. Dibuat: 0 | Isi items: 0 | Refresh stale: 0 | Dilewati (sudah punya items): 65 | Dilewati (tanpa detail): 0
Idempotent: proses ulang hanya akan menyentuh pos yang belum punya items / belum ada.
  status: OK rc=0

[14:16:56] [75/161 Landing POS cb4 2026-06-07]
  $ /home/csb-integrator/bin/php-csb.sh artisan pos:reconcile-missing --cabang 4 --date 2026-06-07 --refresh
Mode --refresh: pos yang total_amount-nya stale (beda dgn brighter_pos.total_biaya) akan diperbaiki header + items-nya.
Memproses 83 baris brighter_pos...
  0/83 [░░░░░░░░░░░░░░░░░░░░░░░░░░░░]   0%
  9/83 [▓▓▓░░░░░░░░░░░░░░░░░░░░░░░░░]  10%
 83/83 [▓▓▓▓▓▓▓▓▓▓▓▓▓▓▓▓▓▓▓▓▓▓▓▓▓▓▓▓] 100%
Selesai. Dibuat: 0 | Isi items: 0 | Refresh stale: 0 | Dilewati (sudah punya items): 83 | Dilewati (tanpa detail): 0
Idempotent: proses ulang hanya akan menyentuh pos yang belum punya items / belum ada.
  status: OK rc=0

[14:16:56] [76/161 Landing POS cb4 2026-06-08]
  $ /home/csb-integrator/bin/php-csb.sh artisan pos:reconcile-missing --cabang 4 --date 2026-06-08 --refresh
Mode --refresh: pos yang total_amount-nya stale (beda dgn brighter_pos.total_biaya) akan diperbaiki header + items-nya.
Memproses 53 baris brighter_pos...
  0/53 [░░░░░░░░░░░░░░░░░░░░░░░░░░░░]   0%
Selesai. Dibuat: 0 | Isi items: 0 | Refresh stale: 0 | Dilewati (sudah punya items): 53 | Dilewati (tanpa detail): 0
Idempotent: proses ulang hanya akan menyentuh pos yang belum punya items / belum ada.

  6/53 [▓▓▓░░░░░░░░░░░░░░░░░░░░░░░░░]  11%
 53/53 [▓▓▓▓▓▓▓▓▓▓▓▓▓▓▓▓▓▓▓▓▓▓▓▓▓▓▓▓] 100%
  status: OK rc=0

[14:16:57] [77/161 Landing POS cb4 2026-06-09]
  $ /home/csb-integrator/bin/php-csb.sh artisan pos:reconcile-missing --cabang 4 --date 2026-06-09 --refresh
Mode --refresh: pos yang total_amount-nya stale (beda dgn brighter_pos.total_biaya) akan diperbaiki header + items-nya.
Memproses 48 baris brighter_pos...
  0/48 [░░░░░░░░░░░░░░░░░░░░░░░░░░░░]   0%
  5/48 [▓▓░░░░░░░░░░░░░░░░░░░░░░░░░░]  10%
 48/48 [▓▓▓▓▓▓▓▓▓▓▓▓▓▓▓▓▓▓▓▓▓▓▓▓▓▓▓▓] 100%
Selesai. Dibuat: 0 | Isi items: 0 | Refresh stale: 0 | Dilewati (sudah punya items): 48 | Dilewati (tanpa detail): 0
Idempotent: proses ulang hanya akan menyentuh pos yang belum punya items / belum ada.
  status: OK rc=0

[14:16:58] [78/161 Landing POS cb4 2026-06-10]
  $ /home/csb-integrator/bin/php-csb.sh artisan pos:reconcile-missing --cabang 4 --date 2026-06-10 --refresh
Mode --refresh: pos yang total_amount-nya stale (beda dgn brighter_pos.total_biaya) akan diperbaiki header + items-nya.
Memproses 77 baris brighter_pos...
  0/77 [░░░░░░░░░░░░░░░░░░░░░░░░░░░░]   0%
  8/77 [▓▓░░░░░░░░░░░░░░░░░░░░░░░░░░]  10%
 77/77 [▓▓▓▓▓▓▓▓▓▓▓▓▓▓▓▓▓▓▓▓▓▓▓▓▓▓▓▓] 100%
Selesai. Dibuat: 0 | Isi items: 0 | Refresh stale: 0 | Dilewati (sudah punya items): 77 | Dilewati (tanpa detail): 0
Idempotent: proses ulang hanya akan menyentuh pos yang belum punya items / belum ada.
  status: OK rc=0

[14:16:59] [79/161 Landing POS cb4 2026-06-11]
  $ /home/csb-integrator/bin/php-csb.sh artisan pos:reconcile-missing --cabang 4 --date 2026-06-11 --refresh
Mode --refresh: pos yang total_amount-nya stale (beda dgn brighter_pos.total_biaya) akan diperbaiki header + items-nya.
Memproses 66 baris brighter_pos...
  0/66 [░░░░░░░░░░░░░░░░░░░░░░░░░░░░]   0%
  7/66 [▓▓░░░░░░░░░░░░░░░░░░░░░░░░░░]  10%
 66/66 [▓▓▓▓▓▓▓▓▓▓▓▓▓▓▓▓▓▓▓▓▓▓▓▓▓▓▓▓] 100%
Selesai. Dibuat: 0 | Isi items: 0 | Refresh stale: 0 | Dilewati (sudah punya items): 66 | Dilewati (tanpa detail): 0
Idempotent: proses ulang hanya akan menyentuh pos yang belum punya items / belum ada.
  status: OK rc=0

[14:16:59] [80/161 Landing POS cb4 2026-06-12]
  $ /home/csb-integrator/bin/php-csb.sh artisan pos:reconcile-missing --cabang 4 --date 2026-06-12 --refresh
Mode --refresh: pos yang total_amount-nya stale (beda dgn brighter_pos.total_biaya) akan diperbaiki header + items-nya.
Memproses 70 baris brighter_pos...
  0/70 [░░░░░░░░░░░░░░░░░░░░░░░░░░░░]   0%
  7/70 [▓▓░░░░░░░░░░░░░░░░░░░░░░░░░░]  10%
 70/70 [▓▓▓▓▓▓▓▓▓▓▓▓▓▓▓▓▓▓▓▓▓▓▓▓▓▓▓▓] 100%
Selesai. Dibuat: 0 | Isi items: 0 | Refresh stale: 0 | Dilewati (sudah punya items): 70 | Dilewati (tanpa detail): 0
Idempotent: proses ulang hanya akan menyentuh pos yang belum punya items / belum ada.
  status: OK rc=0

[14:17:00] [81/161 Landing POS cb4 2026-06-13]
  $ /home/csb-integrator/bin/php-csb.sh artisan pos:reconcile-missing --cabang 4 --date 2026-06-13 --refresh
Mode --refresh: pos yang total_amount-nya stale (beda dgn brighter_pos.total_biaya) akan diperbaiki header + items-nya.
Memproses 59 baris brighter_pos...
  0/59 [░░░░░░░░░░░░░░░░░░░░░░░░░░░░]   0%
  6/59 [▓▓░░░░░░░░░░░░░░░░░░░░░░░░░░]  10%
Selesai. Dibuat: 0 | Isi items: 0 | Refresh stale: 0 | Dilewati (sudah punya items): 59 | Dilewati (tanpa detail): 0

 59/59 [▓▓▓▓▓▓▓▓▓▓▓▓▓▓▓▓▓▓▓▓▓▓▓▓▓▓▓▓] 100%Idempotent: proses ulang hanya akan menyentuh pos yang belum punya items / belum ada.
  status: OK rc=0

[14:17:01] [82/161 Landing POS cb4 2026-06-14]
  $ /home/csb-integrator/bin/php-csb.sh artisan pos:reconcile-missing --cabang 4 --date 2026-06-14 --refresh
Mode --refresh: pos yang total_amount-nya stale (beda dgn brighter_pos.total_biaya) akan diperbaiki header + items-nya.
Memproses 95 baris brighter_pos...
  0/95 [░░░░░░░░░░░░░░░░░░░░░░░░░░░░]   0%
 10/95 [▓▓░░░░░░░░░░░░░░░░░░░░░░░░░░]  10%
 95/95 [▓▓▓▓▓▓▓▓▓▓▓▓▓▓▓▓▓▓▓▓▓▓▓▓▓▓▓▓] 100%
Selesai. Dibuat: 0 | Isi items: 0 | Refresh stale: 0 | Dilewati (sudah punya items): 95 | Dilewati (tanpa detail): 0
Idempotent: proses ulang hanya akan menyentuh pos yang belum punya items / belum ada.
  status: OK rc=0

[14:17:02] [83/161 Landing POS cb4 2026-06-15]
  $ /home/csb-integrator/bin/php-csb.sh artisan pos:reconcile-missing --cabang 4 --date 2026-06-15 --refresh
Mode --refresh: pos yang total_amount-nya stale (beda dgn brighter_pos.total_biaya) akan diperbaiki header + items-nya.
Memproses 70 baris brighter_pos...
  0/70 [░░░░░░░░░░░░░░░░░░░░░░░░░░░░]   0%
  7/70 [▓▓░░░░░░░░░░░░░░░░░░░░░░░░░░]  10%
 70/70 [▓▓▓▓▓▓▓▓▓▓▓▓▓▓▓▓▓▓▓▓▓▓▓▓▓▓▓▓] 100%
Selesai. Dibuat: 0 | Isi items: 0 | Refresh stale: 0 | Dilewati (sudah punya items): 70 | Dilewati (tanpa detail): 0
Idempotent: proses ulang hanya akan menyentuh pos yang belum punya items / belum ada.
  status: OK rc=0

[14:17:03] [84/161 Landing POS cb4 2026-06-16]
  $ /home/csb-integrator/bin/php-csb.sh artisan pos:reconcile-missing --cabang 4 --date 2026-06-16 --refresh
Mode --refresh: pos yang total_amount-nya stale (beda dgn brighter_pos.total_biaya) akan diperbaiki header + items-nya.
Memproses 81 baris brighter_pos...
  0/81 [░░░░░░░░░░░░░░░░░░░░░░░░░░░░]   0%
  9/81 [▓▓▓░░░░░░░░░░░░░░░░░░░░░░░░░]  11%
 81/81 [▓▓▓▓▓▓▓▓▓▓▓▓▓▓▓▓▓▓▓▓▓▓▓▓▓▓▓▓] 100%
Selesai. Dibuat: 0 | Isi items: 0 | Refresh stale: 0 | Dilewati (sudah punya items): 81 | Dilewati (tanpa detail): 0
Idempotent: proses ulang hanya akan menyentuh pos yang belum punya items / belum ada.
  status: OK rc=0

[14:17:04] [85/161 Landing POS cb4 2026-06-17]
  $ /home/csb-integrator/bin/php-csb.sh artisan pos:reconcile-missing --cabang 4 --date 2026-06-17 --refresh
Mode --refresh: pos yang total_amount-nya stale (beda dgn brighter_pos.total_biaya) akan diperbaiki header + items-nya.
Memproses 86 baris brighter_pos...
  0/86 [░░░░░░░░░░░░░░░░░░░░░░░░░░░░]   0%
  9/86 [▓▓░░░░░░░░░░░░░░░░░░░░░░░░░░]  10%
 86/86 [▓▓▓▓▓▓▓▓▓▓▓▓▓▓▓▓▓▓▓▓▓▓▓▓▓▓▓▓] 100%
Selesai. Dibuat: 0 | Isi items: 0 | Refresh stale: 0 | Dilewati (sudah punya items): 86 | Dilewati (tanpa detail): 0
Idempotent: proses ulang hanya akan menyentuh pos yang belum punya items / belum ada.
  status: OK rc=0

[14:17:05] [86/161 Landing POS cb4 2026-06-18]
  $ /home/csb-integrator/bin/php-csb.sh artisan pos:reconcile-missing --cabang 4 --date 2026-06-18 --refresh
Mode --refresh: pos yang total_amount-nya stale (beda dgn brighter_pos.total_biaya) akan diperbaiki header + items-nya.
Memproses 85 baris brighter_pos...
  0/85 [░░░░░░░░░░░░░░░░░░░░░░░░░░░░]   0%
  9/85 [▓▓░░░░░░░░░░░░░░░░░░░░░░░░░░]  10%
 85/85 [▓▓▓▓▓▓▓▓▓▓▓▓▓▓▓▓▓▓▓▓▓▓▓▓▓▓▓▓] 100%
Selesai. Dibuat: 0 | Isi items: 0 | Refresh stale: 0 | Dilewati (sudah punya items): 85 | Dilewati (tanpa detail): 0
Idempotent: proses ulang hanya akan menyentuh pos yang belum punya items / belum ada.
  status: OK rc=0

[14:17:06] [87/161 Landing POS cb4 2026-06-19]
  $ /home/csb-integrator/bin/php-csb.sh artisan pos:reconcile-missing --cabang 4 --date 2026-06-19 --refresh
Mode --refresh: pos yang total_amount-nya stale (beda dgn brighter_pos.total_biaya) akan diperbaiki header + items-nya.
Memproses 87 baris brighter_pos...
  0/87 [░░░░░░░░░░░░░░░░░░░░░░░░░░░░]   0%
Selesai. Dibuat: 0 | Isi items: 0 | Refresh stale: 0 | Dilewati (sudah punya items): 87 | Dilewati (tanpa detail): 0
Idempotent: proses ulang hanya akan menyentuh pos yang belum punya items / belum ada.

  9/87 [▓▓░░░░░░░░░░░░░░░░░░░░░░░░░░]  10%
 87/87 [▓▓▓▓▓▓▓▓▓▓▓▓▓▓▓▓▓▓▓▓▓▓▓▓▓▓▓▓] 100%
  status: OK rc=0

[14:17:07] [88/161 Landing POS cb4 2026-06-20]
  $ /home/csb-integrator/bin/php-csb.sh artisan pos:reconcile-missing --cabang 4 --date 2026-06-20 --refresh
Mode --refresh: pos yang total_amount-nya stale (beda dgn brighter_pos.total_biaya) akan diperbaiki header + items-nya.
Memproses 75 baris brighter_pos...
  0/75 [░░░░░░░░░░░░░░░░░░░░░░░░░░░░]   0%
  8/75 [▓▓░░░░░░░░░░░░░░░░░░░░░░░░░░]  10%
 75/75 [▓▓▓▓▓▓▓▓▓▓▓▓▓▓▓▓▓▓▓▓▓▓▓▓▓▓▓▓] 100%
Selesai. Dibuat: 0 | Isi items: 0 | Refresh stale: 0 | Dilewati (sudah punya items): 75 | Dilewati (tanpa detail): 0
Idempotent: proses ulang hanya akan menyentuh pos yang belum punya items / belum ada.
  status: OK rc=0

[14:17:07] [89/161 Landing POS cb4 2026-06-21]
  $ /home/csb-integrator/bin/php-csb.sh artisan pos:reconcile-missing --cabang 4 --date 2026-06-21 --refresh
Mode --refresh: pos yang total_amount-nya stale (beda dgn brighter_pos.total_biaya) akan diperbaiki header + items-nya.
Memproses 88 baris brighter_pos...
  0/88 [░░░░░░░░░░░░░░░░░░░░░░░░░░░░]   0%
  9/88 [▓▓░░░░░░░░░░░░░░░░░░░░░░░░░░]  10%
 88/88 [▓▓▓▓▓▓▓▓▓▓▓▓▓▓▓▓▓▓▓▓▓▓▓▓▓▓▓▓] 100%
Selesai. Dibuat: 0 | Isi items: 0 | Refresh stale: 0 | Dilewati (sudah punya items): 88 | Dilewati (tanpa detail): 0
Idempotent: proses ulang hanya akan menyentuh pos yang belum punya items / belum ada.
  status: OK rc=0

[14:17:08] [90/161 Landing POS cb4 2026-06-22]
  $ /home/csb-integrator/bin/php-csb.sh artisan pos:reconcile-missing --cabang 4 --date 2026-06-22 --refresh
Mode --refresh: pos yang total_amount-nya stale (beda dgn brighter_pos.total_biaya) akan diperbaiki header + items-nya.
Memproses 70 baris brighter_pos...
  0/70 [░░░░░░░░░░░░░░░░░░░░░░░░░░░░]   0%
  7/70 [▓▓░░░░░░░░░░░░░░░░░░░░░░░░░░]  10%
 70/70 [▓▓▓▓▓▓▓▓▓▓▓▓▓▓▓▓▓▓▓▓▓▓▓▓▓▓▓▓] 100%
Selesai. Dibuat: 0 | Isi items: 0 | Refresh stale: 0 | Dilewati (sudah punya items): 70 | Dilewati (tanpa detail): 0
Idempotent: proses ulang hanya akan menyentuh pos yang belum punya items / belum ada.
  status: OK rc=0

[14:17:09] [91/161 Landing POS cb4 2026-06-23]
  $ /home/csb-integrator/bin/php-csb.sh artisan pos:reconcile-missing --cabang 4 --date 2026-06-23 --refresh
Mode --refresh: pos yang total_amount-nya stale (beda dgn brighter_pos.total_biaya) akan diperbaiki header + items-nya.
Memproses 80 baris brighter_pos...
  0/80 [░░░░░░░░░░░░░░░░░░░░░░░░░░░░]   0%
  8/80 [▓▓░░░░░░░░░░░░░░░░░░░░░░░░░░]  10%
 80/80 [▓▓▓▓▓▓▓▓▓▓▓▓▓▓▓▓▓▓▓▓▓▓▓▓▓▓▓▓] 100%
Selesai. Dibuat: 0 | Isi items: 0 | Refresh stale: 0 | Dilewati (sudah punya items): 80 | Dilewati (tanpa detail): 0
Idempotent: proses ulang hanya akan menyentuh pos yang belum punya items / belum ada.
  status: OK rc=0

[14:17:10] [92/161 Landing POS cb4 2026-06-24]
  $ /home/csb-integrator/bin/php-csb.sh artisan pos:reconcile-missing --cabang 4 --date 2026-06-24 --refresh
Mode --refresh: pos yang total_amount-nya stale (beda dgn brighter_pos.total_biaya) akan diperbaiki header + items-nya.
Memproses 84 baris brighter_pos...
  0/84 [░░░░░░░░░░░░░░░░░░░░░░░░░░░░]   0%
  9/84 [▓▓▓░░░░░░░░░░░░░░░░░░░░░░░░░]  10%
 84/84 [▓▓▓▓▓▓▓▓▓▓▓▓▓▓▓▓▓▓▓▓▓▓▓▓▓▓▓▓] 100%
Selesai. Dibuat: 0 | Isi items: 0 | Refresh stale: 0 | Dilewati (sudah punya items): 84 | Dilewati (tanpa detail): 0
Idempotent: proses ulang hanya akan menyentuh pos yang belum punya items / belum ada.
  status: OK rc=0

[14:17:11] [93/161 Landing POS cb4 2026-06-25]
  $ /home/csb-integrator/bin/php-csb.sh artisan pos:reconcile-missing --cabang 4 --date 2026-06-25 --refresh
Mode --refresh: pos yang total_amount-nya stale (beda dgn brighter_pos.total_biaya) akan diperbaiki header + items-nya.
Memproses 70 baris brighter_pos...
  0/70 [░░░░░░░░░░░░░░░░░░░░░░░░░░░░]   0%
  7/70 [▓▓░░░░░░░░░░░░░░░░░░░░░░░░░░]  10%
 70/70 [▓▓▓▓▓▓▓▓▓▓▓▓▓▓▓▓▓▓▓▓▓▓▓▓▓▓▓▓] 100%
Selesai. Dibuat: 0 | Isi items: 0 | Refresh stale: 0 | Dilewati (sudah punya items): 70 | Dilewati (tanpa detail): 0
Idempotent: proses ulang hanya akan menyentuh pos yang belum punya items / belum ada.
  status: OK rc=0

[14:17:11] [94/161 Landing POS cb4 2026-06-26]
  $ /home/csb-integrator/bin/php-csb.sh artisan pos:reconcile-missing --cabang 4 --date 2026-06-26 --refresh
Mode --refresh: pos yang total_amount-nya stale (beda dgn brighter_pos.total_biaya) akan diperbaiki header + items-nya.
Memproses 80 baris brighter_pos...
  0/80 [░░░░░░░░░░░░░░░░░░░░░░░░░░░░]   0%
  8/80 [▓▓░░░░░░░░░░░░░░░░░░░░░░░░░░]  10%
 80/80 [▓▓▓▓▓▓▓▓▓▓▓▓▓▓▓▓▓▓▓▓▓▓▓▓▓▓▓▓] 100%
Selesai. Dibuat: 0 | Isi items: 0 | Refresh stale: 0 | Dilewati (sudah punya items): 80 | Dilewati (tanpa detail): 0
Idempotent: proses ulang hanya akan menyentuh pos yang belum punya items / belum ada.
  status: OK rc=0

[14:17:12] [95/161 Landing POS cb4 2026-06-27]
  $ /home/csb-integrator/bin/php-csb.sh artisan pos:reconcile-missing --cabang 4 --date 2026-06-27 --refresh
Mode --refresh: pos yang total_amount-nya stale (beda dgn brighter_pos.total_biaya) akan diperbaiki header + items-nya.
Memproses 64 baris brighter_pos...
  0/64 [░░░░░░░░░░░░░░░░░░░░░░░░░░░░]   0%
  7/64 [▓▓▓░░░░░░░░░░░░░░░░░░░░░░░░░]  10%
 64/64 [▓▓▓▓▓▓▓▓▓▓▓▓▓▓▓▓▓▓▓▓▓▓▓▓▓▓▓▓] 100%
Selesai. Dibuat: 0 | Isi items: 0 | Refresh stale: 0 | Dilewati (sudah punya items): 64 | Dilewati (tanpa detail): 0
Idempotent: proses ulang hanya akan menyentuh pos yang belum punya items / belum ada.
  status: OK rc=0

[14:17:13] [96/161 Landing POS cb4 2026-06-28]
  $ /home/csb-integrator/bin/php-csb.sh artisan pos:reconcile-missing --cabang 4 --date 2026-06-28 --refresh
Mode --refresh: pos yang total_amount-nya stale (beda dgn brighter_pos.total_biaya) akan diperbaiki header + items-nya.
Memproses 81 baris brighter_pos...
  0/81 [░░░░░░░░░░░░░░░░░░░░░░░░░░░░]   0%
  9/81 [▓▓▓░░░░░░░░░░░░░░░░░░░░░░░░░]  11%
 81/81 [▓▓▓▓▓▓▓▓▓▓▓▓▓▓▓▓▓▓▓▓▓▓▓▓▓▓▓▓] 100%
Selesai. Dibuat: 0 | Isi items: 0 | Refresh stale: 0 | Dilewati (sudah punya items): 81 | Dilewati (tanpa detail): 0
Idempotent: proses ulang hanya akan menyentuh pos yang belum punya items / belum ada.
  status: OK rc=0

[14:17:14] [97/161 Landing POS cb4 2026-06-29]
  $ /home/csb-integrator/bin/php-csb.sh artisan pos:reconcile-missing --cabang 4 --date 2026-06-29 --refresh
Mode --refresh: pos yang total_amount-nya stale (beda dgn brighter_pos.total_biaya) akan diperbaiki header + items-nya.
Memproses 78 baris brighter_pos...
  0/78 [░░░░░░░░░░░░░░░░░░░░░░░░░░░░]   0%
  8/78 [▓▓░░░░░░░░░░░░░░░░░░░░░░░░░░]  10%
 78/78 [▓▓▓▓▓▓▓▓▓▓▓▓▓▓▓▓▓▓▓▓▓▓▓▓▓▓▓▓] 100%
Selesai. Dibuat: 0 | Isi items: 0 | Refresh stale: 0 | Dilewati (sudah punya items): 78 | Dilewati (tanpa detail): 0
Idempotent: proses ulang hanya akan menyentuh pos yang belum punya items / belum ada.
  status: OK rc=0

[14:17:15] [98/161 Landing POS cb4 2026-06-30]
  $ /home/csb-integrator/bin/php-csb.sh artisan pos:reconcile-missing --cabang 4 --date 2026-06-30 --refresh
Mode --refresh: pos yang total_amount-nya stale (beda dgn brighter_pos.total_biaya) akan diperbaiki header + items-nya.
Memproses 87 baris brighter_pos...
  0/87 [░░░░░░░░░░░░░░░░░░░░░░░░░░░░]   0%
  9/87 [▓▓░░░░░░░░░░░░░░░░░░░░░░░░░░]  10%
 87/87 [▓▓▓▓▓▓▓▓▓▓▓▓▓▓▓▓▓▓▓▓▓▓▓▓▓▓▓▓] 100%
Selesai. Dibuat: 0 | Isi items: 0 | Refresh stale: 0 | Dilewati (sudah punya items): 87 | Dilewati (tanpa detail): 0
Idempotent: proses ulang hanya akan menyentuh pos yang belum punya items / belum ada.
  status: OK rc=0

[14:17:15] [99/161 Landing POS cb5 2026-06-01]
  $ /home/csb-integrator/bin/php-csb.sh artisan pos:reconcile-missing --cabang 5 --date 2026-06-01 --refresh
Mode --refresh: pos yang total_amount-nya stale (beda dgn brighter_pos.total_biaya) akan diperbaiki header + items-nya.
Memproses 250 baris brighter_pos...
   0/250 [░░░░░░░░░░░░░░░░░░░░░░░░░░░░]   0%
  25/250 [▓▓░░░░░░░░░░░░░░░░░░░░░░░░░░]  10%
 250/250 [▓▓▓▓▓▓▓▓▓▓▓▓▓▓▓▓▓▓▓▓▓▓▓▓▓▓▓▓] 100%
Selesai. Dibuat: 0 | Isi items: 0 | Refresh stale: 0 | Dilewati (sudah punya items): 250 | Dilewati (tanpa detail): 0
Idempotent: proses ulang hanya akan menyentuh pos yang belum punya items / belum ada.
  status: OK rc=0

[14:17:16] [100/161 Landing POS cb5 2026-06-02]
  $ /home/csb-integrator/bin/php-csb.sh artisan pos:reconcile-missing --cabang 5 --date 2026-06-02 --refresh
Mode --refresh: pos yang total_amount-nya stale (beda dgn brighter_pos.total_biaya) akan diperbaiki header + items-nya.
Memproses 231 baris brighter_pos...
   0/231 [░░░░░░░░░░░░░░░░░░░░░░░░░░░░]   0%
  24/231 [▓▓░░░░░░░░░░░░░░░░░░░░░░░░░░]  10%
 231/231 [▓▓▓▓▓▓▓▓▓▓▓▓▓▓▓▓▓▓▓▓▓▓▓▓▓▓▓▓] 100%
Selesai. Dibuat: 0 | Isi items: 0 | Refresh stale: 0 | Dilewati (sudah punya items): 231 | Dilewati (tanpa detail): 0
Idempotent: proses ulang hanya akan menyentuh pos yang belum punya items / belum ada.
  status: OK rc=0

[14:17:17] [101/161 Landing POS cb5 2026-06-03]
  $ /home/csb-integrator/bin/php-csb.sh artisan pos:reconcile-missing --cabang 5 --date 2026-06-03 --refresh
Mode --refresh: pos yang total_amount-nya stale (beda dgn brighter_pos.total_biaya) akan diperbaiki header + items-nya.
Memproses 265 baris brighter_pos...
   0/265 [░░░░░░░░░░░░░░░░░░░░░░░░░░░░]   0%
  27/265 [▓▓░░░░░░░░░░░░░░░░░░░░░░░░░░]  10%
 265/265 [▓▓▓▓▓▓▓▓▓▓▓▓▓▓▓▓▓▓▓▓▓▓▓▓▓▓▓▓] 100%
Selesai. Dibuat: 0 | Isi items: 0 | Refresh stale: 0 | Dilewati (sudah punya items): 265 | Dilewati (tanpa detail): 0
Idempotent: proses ulang hanya akan menyentuh pos yang belum punya items / belum ada.
  status: OK rc=0

[14:17:18] [102/161 Landing POS cb5 2026-06-04]
  $ /home/csb-integrator/bin/php-csb.sh artisan pos:reconcile-missing --cabang 5 --date 2026-06-04 --refresh
Mode --refresh: pos yang total_amount-nya stale (beda dgn brighter_pos.total_biaya) akan diperbaiki header + items-nya.
Memproses 266 baris brighter_pos...
   0/266 [░░░░░░░░░░░░░░░░░░░░░░░░░░░░]   0%
  27/266 [▓▓░░░░░░░░░░░░░░░░░░░░░░░░░░]  10%
 266/266 [▓▓▓▓▓▓▓▓▓▓▓▓▓▓▓▓▓▓▓▓▓▓▓▓▓▓▓▓] 100%
Selesai. Dibuat: 0 | Isi items: 0 | Refresh stale: 0 | Dilewati (sudah punya items): 266 | Dilewati (tanpa detail): 0
Idempotent: proses ulang hanya akan menyentuh pos yang belum punya items / belum ada.
  status: OK rc=0

[14:17:19] [103/161 Landing POS cb5 2026-06-05]
  $ /home/csb-integrator/bin/php-csb.sh artisan pos:reconcile-missing --cabang 5 --date 2026-06-05 --refresh
Mode --refresh: pos yang total_amount-nya stale (beda dgn brighter_pos.total_biaya) akan diperbaiki header + items-nya.
Memproses 278 baris brighter_pos...
   0/278 [░░░░░░░░░░░░░░░░░░░░░░░░░░░░]   0%
  28/278 [▓▓░░░░░░░░░░░░░░░░░░░░░░░░░░]  10%
 278/278 [▓▓▓▓▓▓▓▓▓▓▓▓▓▓▓▓▓▓▓▓▓▓▓▓▓▓▓▓] 100%
Selesai. Dibuat: 0 | Isi items: 0 | Refresh stale: 0 | Dilewati (sudah punya items): 278 | Dilewati (tanpa detail): 0
Idempotent: proses ulang hanya akan menyentuh pos yang belum punya items / belum ada.
  status: OK rc=0

[14:17:19] [104/161 Landing POS cb5 2026-06-06]
  $ /home/csb-integrator/bin/php-csb.sh artisan pos:reconcile-missing --cabang 5 --date 2026-06-06 --refresh
Mode --refresh: pos yang total_amount-nya stale (beda dgn brighter_pos.total_biaya) akan diperbaiki header + items-nya.
Memproses 255 baris brighter_pos...
   0/255 [░░░░░░░░░░░░░░░░░░░░░░░░░░░░]   0%
  26/255 [▓▓░░░░░░░░░░░░░░░░░░░░░░░░░░]  10%
 255/255 [▓▓▓▓▓▓▓▓▓▓▓▓▓▓▓▓▓▓▓▓▓▓▓▓▓▓▓▓] 100%
Selesai. Dibuat: 0 | Isi items: 0 | Refresh stale: 0 | Dilewati (sudah punya items): 255 | Dilewati (tanpa detail): 0
Idempotent: proses ulang hanya akan menyentuh pos yang belum punya items / belum ada.
  status: OK rc=0

[14:17:20] [105/161 Landing POS cb5 2026-06-07]
  $ /home/csb-integrator/bin/php-csb.sh artisan pos:reconcile-missing --cabang 5 --date 2026-06-07 --refresh
Mode --refresh: pos yang total_amount-nya stale (beda dgn brighter_pos.total_biaya) akan diperbaiki header + items-nya.
Memproses 126 baris brighter_pos...
   0/126 [░░░░░░░░░░░░░░░░░░░░░░░░░░░░]   0%
  13/126 [▓▓░░░░░░░░░░░░░░░░░░░░░░░░░░]  10%
 126/126 [▓▓▓▓▓▓▓▓▓▓▓▓▓▓▓▓▓▓▓▓▓▓▓▓▓▓▓▓] 100%
Selesai. Dibuat: 0 | Isi items: 0 | Refresh stale: 0 | Dilewati (sudah punya items): 126 | Dilewati (tanpa detail): 0
Idempotent: proses ulang hanya akan menyentuh pos yang belum punya items / belum ada.
  status: OK rc=0

[14:17:21] [106/161 Landing POS cb5 2026-06-08]
  $ /home/csb-integrator/bin/php-csb.sh artisan pos:reconcile-missing --cabang 5 --date 2026-06-08 --refresh
Mode --refresh: pos yang total_amount-nya stale (beda dgn brighter_pos.total_biaya) akan diperbaiki header + items-nya.
Memproses 255 baris brighter_pos...
   0/255 [░░░░░░░░░░░░░░░░░░░░░░░░░░░░]   0%
  26/255 [▓▓░░░░░░░░░░░░░░░░░░░░░░░░░░]  10%
 255/255 [▓▓▓▓▓▓▓▓▓▓▓▓▓▓▓▓▓▓▓▓▓▓▓▓▓▓▓▓] 100%
Selesai. Dibuat: 0 | Isi items: 0 | Refresh stale: 1 | Dilewati (sudah punya items): 254 | Dilewati (tanpa detail): 0
Idempotent: proses ulang hanya akan menyentuh pos yang belum punya items / belum ada.
  status: OK rc=0

[14:17:22] [107/161 Landing POS cb5 2026-06-09]
  $ /home/csb-integrator/bin/php-csb.sh artisan pos:reconcile-missing --cabang 5 --date 2026-06-09 --refresh
Mode --refresh: pos yang total_amount-nya stale (beda dgn brighter_pos.total_biaya) akan diperbaiki header + items-nya.
Memproses 329 baris brighter_pos...
   0/329 [░░░░░░░░░░░░░░░░░░░░░░░░░░░░]   0%
  33/329 [▓▓░░░░░░░░░░░░░░░░░░░░░░░░░░]  10%
 329/329 [▓▓▓▓▓▓▓▓▓▓▓▓▓▓▓▓▓▓▓▓▓▓▓▓▓▓▓▓] 100%
Selesai. Dibuat: 0 | Isi items: 0 | Refresh stale: 0 | Dilewati (sudah punya items): 329 | Dilewati (tanpa detail): 0
Idempotent: proses ulang hanya akan menyentuh pos yang belum punya items / belum ada.
  status: OK rc=0

[14:17:23] [108/161 Landing POS cb5 2026-06-10]
  $ /home/csb-integrator/bin/php-csb.sh artisan pos:reconcile-missing --cabang 5 --date 2026-06-10 --refresh
Mode --refresh: pos yang total_amount-nya stale (beda dgn brighter_pos.total_biaya) akan diperbaiki header + items-nya.
Memproses 246 baris brighter_pos...
   0/246 [░░░░░░░░░░░░░░░░░░░░░░░░░░░░]   0%
  25/246 [▓▓░░░░░░░░░░░░░░░░░░░░░░░░░░]  10%
 246/246 [▓▓▓▓▓▓▓▓▓▓▓▓▓▓▓▓▓▓▓▓▓▓▓▓▓▓▓▓] 100%
Selesai. Dibuat: 0 | Isi items: 0 | Refresh stale: 0 | Dilewati (sudah punya items): 246 | Dilewati (tanpa detail): 0
Idempotent: proses ulang hanya akan menyentuh pos yang belum punya items / belum ada.
  status: OK rc=0

[14:17:23] [109/161 Landing POS cb5 2026-06-11]
  $ /home/csb-integrator/bin/php-csb.sh artisan pos:reconcile-missing --cabang 5 --date 2026-06-11 --refresh
Mode --refresh: pos yang total_amount-nya stale (beda dgn brighter_pos.total_biaya) akan diperbaiki header + items-nya.
Memproses 199 baris brighter_pos...
   0/199 [░░░░░░░░░░░░░░░░░░░░░░░░░░░░]   0%
  20/199 [▓▓░░░░░░░░░░░░░░░░░░░░░░░░░░]  10%
 199/199 [▓▓▓▓▓▓▓▓▓▓▓▓▓▓▓▓▓▓▓▓▓▓▓▓▓▓▓▓] 100%
Selesai. Dibuat: 0 | Isi items: 0 | Refresh stale: 1 | Dilewati (sudah punya items): 198 | Dilewati (tanpa detail): 0
Idempotent: proses ulang hanya akan menyentuh pos yang belum punya items / belum ada.
  status: OK rc=0

[14:17:24] [110/161 Landing POS cb5 2026-06-12]
  $ /home/csb-integrator/bin/php-csb.sh artisan pos:reconcile-missing --cabang 5 --date 2026-06-12 --refresh
Mode --refresh: pos yang total_amount-nya stale (beda dgn brighter_pos.total_biaya) akan diperbaiki header + items-nya.
Memproses 203 baris brighter_pos...
   0/203 [░░░░░░░░░░░░░░░░░░░░░░░░░░░░]   0%
  21/203 [▓▓░░░░░░░░░░░░░░░░░░░░░░░░░░]  10%
 203/203 [▓▓▓▓▓▓▓▓▓▓▓▓▓▓▓▓▓▓▓▓▓▓▓▓▓▓▓▓] 100%
Selesai. Dibuat: 0 | Isi items: 0 | Refresh stale: 0 | Dilewati (sudah punya items): 203 | Dilewati (tanpa detail): 0
Idempotent: proses ulang hanya akan menyentuh pos yang belum punya items / belum ada.
  status: OK rc=0

[14:17:25] [111/161 Landing POS cb5 2026-06-13]
  $ /home/csb-integrator/bin/php-csb.sh artisan pos:reconcile-missing --cabang 5 --date 2026-06-13 --refresh
Mode --refresh: pos yang total_amount-nya stale (beda dgn brighter_pos.total_biaya) akan diperbaiki header + items-nya.
Memproses 292 baris brighter_pos...
   0/292 [░░░░░░░░░░░░░░░░░░░░░░░░░░░░]   0%
  30/292 [▓▓░░░░░░░░░░░░░░░░░░░░░░░░░░]  10%
 292/292 [▓▓▓▓▓▓▓▓▓▓▓▓▓▓▓▓▓▓▓▓▓▓▓▓▓▓▓▓] 100%
Selesai. Dibuat: 0 | Isi items: 0 | Refresh stale: 1 | Dilewati (sudah punya items): 291 | Dilewati (tanpa detail): 0
Idempotent: proses ulang hanya akan menyentuh pos yang belum punya items / belum ada.
  status: OK rc=0

[14:17:26] [112/161 Landing POS cb5 2026-06-14]
  $ /home/csb-integrator/bin/php-csb.sh artisan pos:reconcile-missing --cabang 5 --date 2026-06-14 --refresh
Mode --refresh: pos yang total_amount-nya stale (beda dgn brighter_pos.total_biaya) akan diperbaiki header + items-nya.
Memproses 156 baris brighter_pos...
   0/156 [░░░░░░░░░░░░░░░░░░░░░░░░░░░░]   0%
  16/156 [▓▓░░░░░░░░░░░░░░░░░░░░░░░░░░]  10%
 156/156 [▓▓▓▓▓▓▓▓▓▓▓▓▓▓▓▓▓▓▓▓▓▓▓▓▓▓▓▓] 100%
Selesai. Dibuat: 0 | Isi items: 0 | Refresh stale: 0 | Dilewati (sudah punya items): 156 | Dilewati (tanpa detail): 0
Idempotent: proses ulang hanya akan menyentuh pos yang belum punya items / belum ada.
  status: OK rc=0

[14:17:26] [113/161 Landing POS cb5 2026-06-15]
  $ /home/csb-integrator/bin/php-csb.sh artisan pos:reconcile-missing --cabang 5 --date 2026-06-15 --refresh
Mode --refresh: pos yang total_amount-nya stale (beda dgn brighter_pos.total_biaya) akan diperbaiki header + items-nya.
Memproses 210 baris brighter_pos...
   0/210 [░░░░░░░░░░░░░░░░░░░░░░░░░░░░]   0%
  21/210 [▓▓░░░░░░░░░░░░░░░░░░░░░░░░░░]  10%
 210/210 [▓▓▓▓▓▓▓▓▓▓▓▓▓▓▓▓▓▓▓▓▓▓▓▓▓▓▓▓] 100%
Selesai. Dibuat: 0 | Isi items: 0 | Refresh stale: 0 | Dilewati (sudah punya items): 210 | Dilewati (tanpa detail): 0
Idempotent: proses ulang hanya akan menyentuh pos yang belum punya items / belum ada.
  status: OK rc=0

[14:17:27] [114/161 Landing POS cb5 2026-06-16]
  $ /home/csb-integrator/bin/php-csb.sh artisan pos:reconcile-missing --cabang 5 --date 2026-06-16 --refresh
Mode --refresh: pos yang total_amount-nya stale (beda dgn brighter_pos.total_biaya) akan diperbaiki header + items-nya.
Memproses 227 baris brighter_pos...
   0/227 [░░░░░░░░░░░░░░░░░░░░░░░░░░░░]   0%
  23/227 [▓▓░░░░░░░░░░░░░░░░░░░░░░░░░░]  10%
 227/227 [▓▓▓▓▓▓▓▓▓▓▓▓▓▓▓▓▓▓▓▓▓▓▓▓▓▓▓▓] 100%
Selesai. Dibuat: 0 | Isi items: 0 | Refresh stale: 0 | Dilewati (sudah punya items): 227 | Dilewati (tanpa detail): 0
Idempotent: proses ulang hanya akan menyentuh pos yang belum punya items / belum ada.
  status: OK rc=0

[14:17:28] [115/161 Landing POS cb5 2026-06-17]
  $ /home/csb-integrator/bin/php-csb.sh artisan pos:reconcile-missing --cabang 5 --date 2026-06-17 --refresh
Mode --refresh: pos yang total_amount-nya stale (beda dgn brighter_pos.total_biaya) akan diperbaiki header + items-nya.
Memproses 248 baris brighter_pos...
   0/248 [░░░░░░░░░░░░░░░░░░░░░░░░░░░░]   0%
  25/248 [▓▓░░░░░░░░░░░░░░░░░░░░░░░░░░]  10%
 248/248 [▓▓▓▓▓▓▓▓▓▓▓▓▓▓▓▓▓▓▓▓▓▓▓▓▓▓▓▓] 100%
Selesai. Dibuat: 0 | Isi items: 0 | Refresh stale: 1 | Dilewati (sudah punya items): 247 | Dilewati (tanpa detail): 0
Idempotent: proses ulang hanya akan menyentuh pos yang belum punya items / belum ada.
  status: OK rc=0

[14:17:29] [116/161 Landing POS cb5 2026-06-18]
  $ /home/csb-integrator/bin/php-csb.sh artisan pos:reconcile-missing --cabang 5 --date 2026-06-18 --refresh
Mode --refresh: pos yang total_amount-nya stale (beda dgn brighter_pos.total_biaya) akan diperbaiki header + items-nya.
Memproses 234 baris brighter_pos...
   0/234 [░░░░░░░░░░░░░░░░░░░░░░░░░░░░]   0%
  24/234 [▓▓░░░░░░░░░░░░░░░░░░░░░░░░░░]  10%
 234/234 [▓▓▓▓▓▓▓▓▓▓▓▓▓▓▓▓▓▓▓▓▓▓▓▓▓▓▓▓] 100%
Selesai. Dibuat: 0 | Isi items: 0 | Refresh stale: 0 | Dilewati (sudah punya items): 234 | Dilewati (tanpa detail): 0
Idempotent: proses ulang hanya akan menyentuh pos yang belum punya items / belum ada.
  status: OK rc=0

[14:17:30] [117/161 Landing POS cb5 2026-06-19]
  $ /home/csb-integrator/bin/php-csb.sh artisan pos:reconcile-missing --cabang 5 --date 2026-06-19 --refresh
Mode --refresh: pos yang total_amount-nya stale (beda dgn brighter_pos.total_biaya) akan diperbaiki header + items-nya.
Memproses 254 baris brighter_pos...
   0/254 [░░░░░░░░░░░░░░░░░░░░░░░░░░░░]   0%
  26/254 [▓▓░░░░░░░░░░░░░░░░░░░░░░░░░░]  10%
 254/254 [▓▓▓▓▓▓▓▓▓▓▓▓▓▓▓▓▓▓▓▓▓▓▓▓▓▓▓▓] 100%
Selesai. Dibuat: 0 | Isi items: 0 | Refresh stale: 0 | Dilewati (sudah punya items): 254 | Dilewati (tanpa detail): 0
Idempotent: proses ulang hanya akan menyentuh pos yang belum punya items / belum ada.
  status: OK rc=0

[14:17:30] [118/161 Landing POS cb5 2026-06-20]
  $ /home/csb-integrator/bin/php-csb.sh artisan pos:reconcile-missing --cabang 5 --date 2026-06-20 --refresh
Mode --refresh: pos yang total_amount-nya stale (beda dgn brighter_pos.total_biaya) akan diperbaiki header + items-nya.
Memproses 206 baris brighter_pos...
   0/206 [░░░░░░░░░░░░░░░░░░░░░░░░░░░░]   0%
  21/206 [▓▓░░░░░░░░░░░░░░░░░░░░░░░░░░]  10%
 206/206 [▓▓▓▓▓▓▓▓▓▓▓▓▓▓▓▓▓▓▓▓▓▓▓▓▓▓▓▓] 100%
Selesai. Dibuat: 0 | Isi items: 0 | Refresh stale: 0 | Dilewati (sudah punya items): 206 | Dilewati (tanpa detail): 0
Idempotent: proses ulang hanya akan menyentuh pos yang belum punya items / belum ada.
  status: OK rc=0

[14:17:31] [119/161 Landing POS cb5 2026-06-21]
  $ /home/csb-integrator/bin/php-csb.sh artisan pos:reconcile-missing --cabang 5 --date 2026-06-21 --refresh
Mode --refresh: pos yang total_amount-nya stale (beda dgn brighter_pos.total_biaya) akan diperbaiki header + items-nya.
Memproses 116 baris brighter_pos...
   0/116 [░░░░░░░░░░░░░░░░░░░░░░░░░░░░]   0%
  12/116 [▓▓░░░░░░░░░░░░░░░░░░░░░░░░░░]  10%
 116/116 [▓▓▓▓▓▓▓▓▓▓▓▓▓▓▓▓▓▓▓▓▓▓▓▓▓▓▓▓] 100%
Selesai. Dibuat: 0 | Isi items: 0 | Refresh stale: 0 | Dilewati (sudah punya items): 116 | Dilewati (tanpa detail): 0
Idempotent: proses ulang hanya akan menyentuh pos yang belum punya items / belum ada.
  status: OK rc=0

[14:17:32] [120/161 Landing POS cb5 2026-06-22]
  $ /home/csb-integrator/bin/php-csb.sh artisan pos:reconcile-missing --cabang 5 --date 2026-06-22 --refresh
Mode --refresh: pos yang total_amount-nya stale (beda dgn brighter_pos.total_biaya) akan diperbaiki header + items-nya.
Memproses 217 baris brighter_pos...
   0/217 [░░░░░░░░░░░░░░░░░░░░░░░░░░░░]   0%
  22/217 [▓▓░░░░░░░░░░░░░░░░░░░░░░░░░░]  10%
 217/217 [▓▓▓▓▓▓▓▓▓▓▓▓▓▓▓▓▓▓▓▓▓▓▓▓▓▓▓▓] 100%
Selesai. Dibuat: 0 | Isi items: 0 | Refresh stale: 0 | Dilewati (sudah punya items): 217 | Dilewati (tanpa detail): 0
Idempotent: proses ulang hanya akan menyentuh pos yang belum punya items / belum ada.
  status: OK rc=0

[14:17:33] [121/161 Landing POS cb5 2026-06-23]
  $ /home/csb-integrator/bin/php-csb.sh artisan pos:reconcile-missing --cabang 5 --date 2026-06-23 --refresh
Mode --refresh: pos yang total_amount-nya stale (beda dgn brighter_pos.total_biaya) akan diperbaiki header + items-nya.
Memproses 230 baris brighter_pos...
   0/230 [░░░░░░░░░░░░░░░░░░░░░░░░░░░░]   0%
  23/230 [▓▓░░░░░░░░░░░░░░░░░░░░░░░░░░]  10%
 230/230 [▓▓▓▓▓▓▓▓▓▓▓▓▓▓▓▓▓▓▓▓▓▓▓▓▓▓▓▓] 100%
Selesai. Dibuat: 0 | Isi items: 0 | Refresh stale: 0 | Dilewati (sudah punya items): 230 | Dilewati (tanpa detail): 0
Idempotent: proses ulang hanya akan menyentuh pos yang belum punya items / belum ada.
  status: OK rc=0

[14:17:33] [122/161 Landing POS cb5 2026-06-24]
  $ /home/csb-integrator/bin/php-csb.sh artisan pos:reconcile-missing --cabang 5 --date 2026-06-24 --refresh
Mode --refresh: pos yang total_amount-nya stale (beda dgn brighter_pos.total_biaya) akan diperbaiki header + items-nya.
Memproses 205 baris brighter_pos...
   0/205 [░░░░░░░░░░░░░░░░░░░░░░░░░░░░]   0%
  21/205 [▓▓░░░░░░░░░░░░░░░░░░░░░░░░░░]  10%
 205/205 [▓▓▓▓▓▓▓▓▓▓▓▓▓▓▓▓▓▓▓▓▓▓▓▓▓▓▓▓] 100%
Selesai. Dibuat: 0 | Isi items: 0 | Refresh stale: 1 | Dilewati (sudah punya items): 204 | Dilewati (tanpa detail): 0
Idempotent: proses ulang hanya akan menyentuh pos yang belum punya items / belum ada.
  status: OK rc=0

[14:17:34] [123/161 Landing POS cb5 2026-06-25]
  $ /home/csb-integrator/bin/php-csb.sh artisan pos:reconcile-missing --cabang 5 --date 2026-06-25 --refresh
Mode --refresh: pos yang total_amount-nya stale (beda dgn brighter_pos.total_biaya) akan diperbaiki header + items-nya.
Memproses 200 baris brighter_pos...
   0/200 [░░░░░░░░░░░░░░░░░░░░░░░░░░░░]   0%
  20/200 [▓▓░░░░░░░░░░░░░░░░░░░░░░░░░░]  10%
 200/200 [▓▓▓▓▓▓▓▓▓▓▓▓▓▓▓▓▓▓▓▓▓▓▓▓▓▓▓▓] 100%
Selesai. Dibuat: 0 | Isi items: 0 | Refresh stale: 0 | Dilewati (sudah punya items): 200 | Dilewati (tanpa detail): 0
Idempotent: proses ulang hanya akan menyentuh pos yang belum punya items / belum ada.
  status: OK rc=0

[14:17:35] [124/161 Landing POS cb5 2026-06-26]
  $ /home/csb-integrator/bin/php-csb.sh artisan pos:reconcile-missing --cabang 5 --date 2026-06-26 --refresh
Mode --refresh: pos yang total_amount-nya stale (beda dgn brighter_pos.total_biaya) akan diperbaiki header + items-nya.
Memproses 191 baris brighter_pos...
   0/191 [░░░░░░░░░░░░░░░░░░░░░░░░░░░░]   0%
  20/191 [▓▓░░░░░░░░░░░░░░░░░░░░░░░░░░]  10%
 191/191 [▓▓▓▓▓▓▓▓▓▓▓▓▓▓▓▓▓▓▓▓▓▓▓▓▓▓▓▓] 100%
Selesai. Dibuat: 0 | Isi items: 0 | Refresh stale: 0 | Dilewati (sudah punya items): 191 | Dilewati (tanpa detail): 0
Idempotent: proses ulang hanya akan menyentuh pos yang belum punya items / belum ada.
  status: OK rc=0

[14:17:36] [125/161 Landing POS cb5 2026-06-27]
  $ /home/csb-integrator/bin/php-csb.sh artisan pos:reconcile-missing --cabang 5 --date 2026-06-27 --refresh
Mode --refresh: pos yang total_amount-nya stale (beda dgn brighter_pos.total_biaya) akan diperbaiki header + items-nya.
Memproses 226 baris brighter_pos...
   0/226 [░░░░░░░░░░░░░░░░░░░░░░░░░░░░]   0%
  23/226 [▓▓░░░░░░░░░░░░░░░░░░░░░░░░░░]  10%
 226/226 [▓▓▓▓▓▓▓▓▓▓▓▓▓▓▓▓▓▓▓▓▓▓▓▓▓▓▓▓] 100%
Selesai. Dibuat: 0 | Isi items: 0 | Refresh stale: 0 | Dilewati (sudah punya items): 226 | Dilewati (tanpa detail): 0
Idempotent: proses ulang hanya akan menyentuh pos yang belum punya items / belum ada.
  status: OK rc=0

[14:17:37] [126/161 Landing POS cb5 2026-06-28]
  $ /home/csb-integrator/bin/php-csb.sh artisan pos:reconcile-missing --cabang 5 --date 2026-06-28 --refresh
Mode --refresh: pos yang total_amount-nya stale (beda dgn brighter_pos.total_biaya) akan diperbaiki header + items-nya.
Memproses 144 baris brighter_pos...
   0/144 [░░░░░░░░░░░░░░░░░░░░░░░░░░░░]   0%
  15/144 [▓▓░░░░░░░░░░░░░░░░░░░░░░░░░░]  10%
 144/144 [▓▓▓▓▓▓▓▓▓▓▓▓▓▓▓▓▓▓▓▓▓▓▓▓▓▓▓▓] 100%
Selesai. Dibuat: 0 | Isi items: 0 | Refresh stale: 0 | Dilewati (sudah punya items): 144 | Dilewati (tanpa detail): 0
Idempotent: proses ulang hanya akan menyentuh pos yang belum punya items / belum ada.
  status: OK rc=0

[14:17:38] [127/161 Landing POS cb5 2026-06-29]
  $ /home/csb-integrator/bin/php-csb.sh artisan pos:reconcile-missing --cabang 5 --date 2026-06-29 --refresh
Mode --refresh: pos yang total_amount-nya stale (beda dgn brighter_pos.total_biaya) akan diperbaiki header + items-nya.
Memproses 217 baris brighter_pos...
   0/217 [░░░░░░░░░░░░░░░░░░░░░░░░░░░░]   0%
  22/217 [▓▓░░░░░░░░░░░░░░░░░░░░░░░░░░]  10%
 217/217 [▓▓▓▓▓▓▓▓▓▓▓▓▓▓▓▓▓▓▓▓▓▓▓▓▓▓▓▓] 100%
Selesai. Dibuat: 0 | Isi items: 0 | Refresh stale: 0 | Dilewati (sudah punya items): 217 | Dilewati (tanpa detail): 0
Idempotent: proses ulang hanya akan menyentuh pos yang belum punya items / belum ada.
  status: OK rc=0

[14:17:39] [128/161 Landing POS cb5 2026-06-30]
  $ /home/csb-integrator/bin/php-csb.sh artisan pos:reconcile-missing --cabang 5 --date 2026-06-30 --refresh
Mode --refresh: pos yang total_amount-nya stale (beda dgn brighter_pos.total_biaya) akan diperbaiki header + items-nya.
Memproses 171 baris brighter_pos...
   0/171 [░░░░░░░░░░░░░░░░░░░░░░░░░░░░]   0%
  18/171 [▓▓░░░░░░░░░░░░░░░░░░░░░░░░░░]  10%
 171/171 [▓▓▓▓▓▓▓▓▓▓▓▓▓▓▓▓▓▓▓▓▓▓▓▓▓▓▓▓] 100%
Selesai. Dibuat: 0 | Isi items: 0 | Refresh stale: 0 | Dilewati (sudah punya items): 171 | Dilewati (tanpa detail): 0
Idempotent: proses ulang hanya akan menyentuh pos yang belum punya items / belum ada.
  status: OK rc=0

[14:17:39] [129/161 Landing POS cb7 2026-06-01]
  $ /home/csb-integrator/bin/php-csb.sh artisan pos:reconcile-missing --cabang 7 --date 2026-06-01 --refresh
Mode --refresh: pos yang total_amount-nya stale (beda dgn brighter_pos.total_biaya) akan diperbaiki header + items-nya.
Memproses 128 baris brighter_pos...
   0/128 [░░░░░░░░░░░░░░░░░░░░░░░░░░░░]   0%
  13/128 [▓▓░░░░░░░░░░░░░░░░░░░░░░░░░░]  10%
 128/128 [▓▓▓▓▓▓▓▓▓▓▓▓▓▓▓▓▓▓▓▓▓▓▓▓▓▓▓▓] 100%
Selesai. Dibuat: 0 | Isi items: 0 | Refresh stale: 0 | Dilewati (sudah punya items): 128 | Dilewati (tanpa detail): 0
Idempotent: proses ulang hanya akan menyentuh pos yang belum punya items / belum ada.
  status: OK rc=0

[14:17:40] [130/161 Landing POS cb7 2026-06-02]
  $ /home/csb-integrator/bin/php-csb.sh artisan pos:reconcile-missing --cabang 7 --date 2026-06-02 --refresh
Mode --refresh: pos yang total_amount-nya stale (beda dgn brighter_pos.total_biaya) akan diperbaiki header + items-nya.
Memproses 131 baris brighter_pos...
   0/131 [░░░░░░░░░░░░░░░░░░░░░░░░░░░░]   0%
  14/131 [▓▓░░░░░░░░░░░░░░░░░░░░░░░░░░]  10%
 131/131 [▓▓▓▓▓▓▓▓▓▓▓▓▓▓▓▓▓▓▓▓▓▓▓▓▓▓▓▓] 100%
Selesai. Dibuat: 0 | Isi items: 0 | Refresh stale: 0 | Dilewati (sudah punya items): 131 | Dilewati (tanpa detail): 0
Idempotent: proses ulang hanya akan menyentuh pos yang belum punya items / belum ada.
  status: OK rc=0

[14:17:41] [131/161 Landing POS cb7 2026-06-03]
  $ /home/csb-integrator/bin/php-csb.sh artisan pos:reconcile-missing --cabang 7 --date 2026-06-03 --refresh
Mode --refresh: pos yang total_amount-nya stale (beda dgn brighter_pos.total_biaya) akan diperbaiki header + items-nya.
Memproses 145 baris brighter_pos...
   0/145 [░░░░░░░░░░░░░░░░░░░░░░░░░░░░]   0%
  15/145 [▓▓░░░░░░░░░░░░░░░░░░░░░░░░░░]  10%
 145/145 [▓▓▓▓▓▓▓▓▓▓▓▓▓▓▓▓▓▓▓▓▓▓▓▓▓▓▓▓] 100%
Selesai. Dibuat: 0 | Isi items: 0 | Refresh stale: 0 | Dilewati (sudah punya items): 145 | Dilewati (tanpa detail): 0
Idempotent: proses ulang hanya akan menyentuh pos yang belum punya items / belum ada.
  status: OK rc=0

[14:17:42] [132/161 Landing POS cb7 2026-06-04]
  $ /home/csb-integrator/bin/php-csb.sh artisan pos:reconcile-missing --cabang 7 --date 2026-06-04 --refresh
Mode --refresh: pos yang total_amount-nya stale (beda dgn brighter_pos.total_biaya) akan diperbaiki header + items-nya.
Memproses 142 baris brighter_pos...
   0/142 [░░░░░░░░░░░░░░░░░░░░░░░░░░░░]   0%
  15/142 [▓▓░░░░░░░░░░░░░░░░░░░░░░░░░░]  10%
 142/142 [▓▓▓▓▓▓▓▓▓▓▓▓▓▓▓▓▓▓▓▓▓▓▓▓▓▓▓▓] 100%
Selesai. Dibuat: 0 | Isi items: 0 | Refresh stale: 0 | Dilewati (sudah punya items): 142 | Dilewati (tanpa detail): 0
Idempotent: proses ulang hanya akan menyentuh pos yang belum punya items / belum ada.
  status: OK rc=0

[14:17:43] [133/161 Landing POS cb7 2026-06-05]
  $ /home/csb-integrator/bin/php-csb.sh artisan pos:reconcile-missing --cabang 7 --date 2026-06-05 --refresh
Mode --refresh: pos yang total_amount-nya stale (beda dgn brighter_pos.total_biaya) akan diperbaiki header + items-nya.
Memproses 165 baris brighter_pos...
   0/165 [░░░░░░░░░░░░░░░░░░░░░░░░░░░░]   0%
  17/165 [▓▓░░░░░░░░░░░░░░░░░░░░░░░░░░]  10%
 165/165 [▓▓▓▓▓▓▓▓▓▓▓▓▓▓▓▓▓▓▓▓▓▓▓▓▓▓▓▓] 100%
Selesai. Dibuat: 0 | Isi items: 0 | Refresh stale: 0 | Dilewati (sudah punya items): 165 | Dilewati (tanpa detail): 0
Idempotent: proses ulang hanya akan menyentuh pos yang belum punya items / belum ada.
  status: OK rc=0

[14:17:43] [134/161 Landing POS cb7 2026-06-06]
  $ /home/csb-integrator/bin/php-csb.sh artisan pos:reconcile-missing --cabang 7 --date 2026-06-06 --refresh
Mode --refresh: pos yang total_amount-nya stale (beda dgn brighter_pos.total_biaya) akan diperbaiki header + items-nya.
Memproses 123 baris brighter_pos...
   0/123 [░░░░░░░░░░░░░░░░░░░░░░░░░░░░]   0%
  13/123 [▓▓░░░░░░░░░░░░░░░░░░░░░░░░░░]  10%
 123/123 [▓▓▓▓▓▓▓▓▓▓▓▓▓▓▓▓▓▓▓▓▓▓▓▓▓▓▓▓] 100%
Selesai. Dibuat: 0 | Isi items: 0 | Refresh stale: 0 | Dilewati (sudah punya items): 123 | Dilewati (tanpa detail): 0
Idempotent: proses ulang hanya akan menyentuh pos yang belum punya items / belum ada.
  status: OK rc=0

[14:17:44] [135/161 Landing POS cb7 2026-06-07]
  $ /home/csb-integrator/bin/php-csb.sh artisan pos:reconcile-missing --cabang 7 --date 2026-06-07 --refresh
Mode --refresh: pos yang total_amount-nya stale (beda dgn brighter_pos.total_biaya) akan diperbaiki header + items-nya.
Memproses 95 baris brighter_pos...
  0/95 [░░░░░░░░░░░░░░░░░░░░░░░░░░░░]   0%
 10/95 [▓▓░░░░░░░░░░░░░░░░░░░░░░░░░░]  10%
 95/95 [▓▓▓▓▓▓▓▓▓▓▓▓▓▓▓▓▓▓▓▓▓▓▓▓▓▓▓▓] 100%
Selesai. Dibuat: 0 | Isi items: 0 | Refresh stale: 0 | Dilewati (sudah punya items): 95 | Dilewati (tanpa detail): 0
Idempotent: proses ulang hanya akan menyentuh pos yang belum punya items / belum ada.
  status: OK rc=0

[14:17:45] [136/161 Landing POS cb7 2026-06-08]
  $ /home/csb-integrator/bin/php-csb.sh artisan pos:reconcile-missing --cabang 7 --date 2026-06-08 --refresh
Mode --refresh: pos yang total_amount-nya stale (beda dgn brighter_pos.total_biaya) akan diperbaiki header + items-nya.
Memproses 165 baris brighter_pos...
   0/165 [░░░░░░░░░░░░░░░░░░░░░░░░░░░░]   0%
  17/165 [▓▓░░░░░░░░░░░░░░░░░░░░░░░░░░]  10%
 165/165 [▓▓▓▓▓▓▓▓▓▓▓▓▓▓▓▓▓▓▓▓▓▓▓▓▓▓▓▓] 100%
Selesai. Dibuat: 0 | Isi items: 0 | Refresh stale: 0 | Dilewati (sudah punya items): 165 | Dilewati (tanpa detail): 0
Idempotent: proses ulang hanya akan menyentuh pos yang belum punya items / belum ada.
  status: OK rc=0

[14:17:46] [137/161 Landing POS cb7 2026-06-09]
  $ /home/csb-integrator/bin/php-csb.sh artisan pos:reconcile-missing --cabang 7 --date 2026-06-09 --refresh
Mode --refresh: pos yang total_amount-nya stale (beda dgn brighter_pos.total_biaya) akan diperbaiki header + items-nya.
Memproses 129 baris brighter_pos...
   0/129 [░░░░░░░░░░░░░░░░░░░░░░░░░░░░]   0%
  13/129 [▓▓░░░░░░░░░░░░░░░░░░░░░░░░░░]  10%

 129/129 [▓▓▓▓▓▓▓▓▓▓▓▓▓▓▓▓▓▓▓▓▓▓▓▓▓▓▓▓] 100%Selesai. Dibuat: 0 | Isi items: 0 | Refresh stale: 0 | Dilewati (sudah punya items): 129 | Dilewati (tanpa detail): 0
Idempotent: proses ulang hanya akan menyentuh pos yang belum punya items / belum ada.
  status: OK rc=0

[14:17:47] [138/161 Landing POS cb7 2026-06-10]
  $ /home/csb-integrator/bin/php-csb.sh artisan pos:reconcile-missing --cabang 7 --date 2026-06-10 --refresh
Mode --refresh: pos yang total_amount-nya stale (beda dgn brighter_pos.total_biaya) akan diperbaiki header + items-nya.
Memproses 136 baris brighter_pos...
   0/136 [░░░░░░░░░░░░░░░░░░░░░░░░░░░░]   0%
  14/136 [▓▓░░░░░░░░░░░░░░░░░░░░░░░░░░]  10%
 136/136 [▓▓▓▓▓▓▓▓▓▓▓▓▓▓▓▓▓▓▓▓▓▓▓▓▓▓▓▓] 100%
Selesai. Dibuat: 0 | Isi items: 0 | Refresh stale: 0 | Dilewati (sudah punya items): 136 | Dilewati (tanpa detail): 0
Idempotent: proses ulang hanya akan menyentuh pos yang belum punya items / belum ada.
  status: OK rc=0

[14:17:47] [139/161 Landing POS cb7 2026-06-11]
  $ /home/csb-integrator/bin/php-csb.sh artisan pos:reconcile-missing --cabang 7 --date 2026-06-11 --refresh
Mode --refresh: pos yang total_amount-nya stale (beda dgn brighter_pos.total_biaya) akan diperbaiki header + items-nya.
Memproses 157 baris brighter_pos...
   0/157 [░░░░░░░░░░░░░░░░░░░░░░░░░░░░]   0%
  16/157 [▓▓░░░░░░░░░░░░░░░░░░░░░░░░░░]  10%
 157/157 [▓▓▓▓▓▓▓▓▓▓▓▓▓▓▓▓▓▓▓▓▓▓▓▓▓▓▓▓] 100%
Selesai. Dibuat: 0 | Isi items: 0 | Refresh stale: 0 | Dilewati (sudah punya items): 157 | Dilewati (tanpa detail): 0
Idempotent: proses ulang hanya akan menyentuh pos yang belum punya items / belum ada.
  status: OK rc=0

[14:17:48] [140/161 Landing POS cb7 2026-06-12]
  $ /home/csb-integrator/bin/php-csb.sh artisan pos:reconcile-missing --cabang 7 --date 2026-06-12 --refresh
Mode --refresh: pos yang total_amount-nya stale (beda dgn brighter_pos.total_biaya) akan diperbaiki header + items-nya.
Memproses 114 baris brighter_pos...
   0/114 [░░░░░░░░░░░░░░░░░░░░░░░░░░░░]   0%
  12/114 [▓▓░░░░░░░░░░░░░░░░░░░░░░░░░░]  10%
 114/114 [▓▓▓▓▓▓▓▓▓▓▓▓▓▓▓▓▓▓▓▓▓▓▓▓▓▓▓▓] 100%
Selesai. Dibuat: 0 | Isi items: 0 | Refresh stale: 0 | Dilewati (sudah punya items): 114 | Dilewati (tanpa detail): 0
Idempotent: proses ulang hanya akan menyentuh pos yang belum punya items / belum ada.
  status: OK rc=0

[14:17:49] [141/161 Landing POS cb7 2026-06-13]
  $ /home/csb-integrator/bin/php-csb.sh artisan pos:reconcile-missing --cabang 7 --date 2026-06-13 --refresh
Mode --refresh: pos yang total_amount-nya stale (beda dgn brighter_pos.total_biaya) akan diperbaiki header + items-nya.
Memproses 142 baris brighter_pos...
   0/142 [░░░░░░░░░░░░░░░░░░░░░░░░░░░░]   0%
  15/142 [▓▓░░░░░░░░░░░░░░░░░░░░░░░░░░]  10%
 142/142 [▓▓▓▓▓▓▓▓▓▓▓▓▓▓▓▓▓▓▓▓▓▓▓▓▓▓▓▓] 100%
Selesai. Dibuat: 0 | Isi items: 0 | Refresh stale: 0 | Dilewati (sudah punya items): 142 | Dilewati (tanpa detail): 0
Idempotent: proses ulang hanya akan menyentuh pos yang belum punya items / belum ada.
  status: OK rc=0

[14:17:50] [142/161 Landing POS cb7 2026-06-14]
  $ /home/csb-integrator/bin/php-csb.sh artisan pos:reconcile-missing --cabang 7 --date 2026-06-14 --refresh
Mode --refresh: pos yang total_amount-nya stale (beda dgn brighter_pos.total_biaya) akan diperbaiki header + items-nya.
Memproses 96 baris brighter_pos...
  0/96 [░░░░░░░░░░░░░░░░░░░░░░░░░░░░]   0%
 10/96 [▓▓░░░░░░░░░░░░░░░░░░░░░░░░░░]  10%
 96/96 [▓▓▓▓▓▓▓▓▓▓▓▓▓▓▓▓▓▓▓▓▓▓▓▓▓▓▓▓] 100%
Selesai. Dibuat: 0 | Isi items: 0 | Refresh stale: 0 | Dilewati (sudah punya items): 96 | Dilewati (tanpa detail): 0
Idempotent: proses ulang hanya akan menyentuh pos yang belum punya items / belum ada.
  status: OK rc=0

[14:17:50] [143/161 Landing POS cb7 2026-06-15]
  $ /home/csb-integrator/bin/php-csb.sh artisan pos:reconcile-missing --cabang 7 --date 2026-06-15 --refresh
Mode --refresh: pos yang total_amount-nya stale (beda dgn brighter_pos.total_biaya) akan diperbaiki header + items-nya.
Memproses 153 baris brighter_pos...
   0/153 [░░░░░░░░░░░░░░░░░░░░░░░░░░░░]   0%
  16/153 [▓▓░░░░░░░░░░░░░░░░░░░░░░░░░░]  10%
 153/153 [▓▓▓▓▓▓▓▓▓▓▓▓▓▓▓▓▓▓▓▓▓▓▓▓▓▓▓▓] 100%
Selesai. Dibuat: 0 | Isi items: 0 | Refresh stale: 0 | Dilewati (sudah punya items): 153 | Dilewati (tanpa detail): 0
Idempotent: proses ulang hanya akan menyentuh pos yang belum punya items / belum ada.
  status: OK rc=0

[14:17:51] [144/161 Landing POS cb7 2026-06-16]
  $ /home/csb-integrator/bin/php-csb.sh artisan pos:reconcile-missing --cabang 7 --date 2026-06-16 --refresh
Mode --refresh: pos yang total_amount-nya stale (beda dgn brighter_pos.total_biaya) akan diperbaiki header + items-nya.
Memproses 162 baris brighter_pos...
   0/162 [░░░░░░░░░░░░░░░░░░░░░░░░░░░░]   0%
  17/162 [▓▓░░░░░░░░░░░░░░░░░░░░░░░░░░]  10%
 162/162 [▓▓▓▓▓▓▓▓▓▓▓▓▓▓▓▓▓▓▓▓▓▓▓▓▓▓▓▓] 100%
Selesai. Dibuat: 0 | Isi items: 0 | Refresh stale: 0 | Dilewati (sudah punya items): 162 | Dilewati (tanpa detail): 0
Idempotent: proses ulang hanya akan menyentuh pos yang belum punya items / belum ada.
  status: OK rc=0

[14:17:52] [145/161 Landing POS cb7 2026-06-17]
  $ /home/csb-integrator/bin/php-csb.sh artisan pos:reconcile-missing --cabang 7 --date 2026-06-17 --refresh
Mode --refresh: pos yang total_amount-nya stale (beda dgn brighter_pos.total_biaya) akan diperbaiki header + items-nya.
Memproses 106 baris brighter_pos...
   0/106 [░░░░░░░░░░░░░░░░░░░░░░░░░░░░]   0%
  11/106 [▓▓░░░░░░░░░░░░░░░░░░░░░░░░░░]  10%
 106/106 [▓▓▓▓▓▓▓▓▓▓▓▓▓▓▓▓▓▓▓▓▓▓▓▓▓▓▓▓] 100%
Selesai. Dibuat: 0 | Isi items: 0 | Refresh stale: 0 | Dilewati (sudah punya items): 106 | Dilewati (tanpa detail): 0
Idempotent: proses ulang hanya akan menyentuh pos yang belum punya items / belum ada.
  status: OK rc=0

[14:17:53] [146/161 Landing POS cb7 2026-06-18]
  $ /home/csb-integrator/bin/php-csb.sh artisan pos:reconcile-missing --cabang 7 --date 2026-06-18 --refresh
Mode --refresh: pos yang total_amount-nya stale (beda dgn brighter_pos.total_biaya) akan diperbaiki header + items-nya.
Memproses 137 baris brighter_pos...
   0/137 [░░░░░░░░░░░░░░░░░░░░░░░░░░░░]   0%
  14/137 [▓▓░░░░░░░░░░░░░░░░░░░░░░░░░░]  10%
 137/137 [▓▓▓▓▓▓▓▓▓▓▓▓▓▓▓▓▓▓▓▓▓▓▓▓▓▓▓▓] 100%
Selesai. Dibuat: 0 | Isi items: 0 | Refresh stale: 0 | Dilewati (sudah punya items): 137 | Dilewati (tanpa detail): 0
Idempotent: proses ulang hanya akan menyentuh pos yang belum punya items / belum ada.
  status: OK rc=0

[14:17:54] [147/161 Landing POS cb7 2026-06-19]
  $ /home/csb-integrator/bin/php-csb.sh artisan pos:reconcile-missing --cabang 7 --date 2026-06-19 --refresh
Mode --refresh: pos yang total_amount-nya stale (beda dgn brighter_pos.total_biaya) akan diperbaiki header + items-nya.
Memproses 132 baris brighter_pos...
   0/132 [░░░░░░░░░░░░░░░░░░░░░░░░░░░░]   0%
  14/132 [▓▓░░░░░░░░░░░░░░░░░░░░░░░░░░]  10%
 132/132 [▓▓▓▓▓▓▓▓▓▓▓▓▓▓▓▓▓▓▓▓▓▓▓▓▓▓▓▓] 100%
Selesai. Dibuat: 0 | Isi items: 0 | Refresh stale: 0 | Dilewati (sudah punya items): 132 | Dilewati (tanpa detail): 0
Idempotent: proses ulang hanya akan menyentuh pos yang belum punya items / belum ada.
  status: OK rc=0

[14:17:54] [148/161 Landing POS cb7 2026-06-20]
  $ /home/csb-integrator/bin/php-csb.sh artisan pos:reconcile-missing --cabang 7 --date 2026-06-20 --refresh
Mode --refresh: pos yang total_amount-nya stale (beda dgn brighter_pos.total_biaya) akan diperbaiki header + items-nya.
Memproses 122 baris brighter_pos...
   0/122 [░░░░░░░░░░░░░░░░░░░░░░░░░░░░]   0%
  13/122 [▓▓░░░░░░░░░░░░░░░░░░░░░░░░░░]  10%
 122/122 [▓▓▓▓▓▓▓▓▓▓▓▓▓▓▓▓▓▓▓▓▓▓▓▓▓▓▓▓] 100%
Selesai. Dibuat: 0 | Isi items: 0 | Refresh stale: 0 | Dilewati (sudah punya items): 122 | Dilewati (tanpa detail): 0
Idempotent: proses ulang hanya akan menyentuh pos yang belum punya items / belum ada.
  status: OK rc=0

[14:17:55] [149/161 Landing POS cb7 2026-06-21]
  $ /home/csb-integrator/bin/php-csb.sh artisan pos:reconcile-missing --cabang 7 --date 2026-06-21 --refresh
Mode --refresh: pos yang total_amount-nya stale (beda dgn brighter_pos.total_biaya) akan diperbaiki header + items-nya.
Memproses 55 baris brighter_pos...
  0/55 [░░░░░░░░░░░░░░░░░░░░░░░░░░░░]   0%
  6/55 [▓▓▓░░░░░░░░░░░░░░░░░░░░░░░░░]  10%
 55/55 [▓▓▓▓▓▓▓▓▓▓▓▓▓▓▓▓▓▓▓▓▓▓▓▓▓▓▓▓] 100%
Selesai. Dibuat: 0 | Isi items: 0 | Refresh stale: 0 | Dilewati (sudah punya items): 55 | Dilewati (tanpa detail): 0
Idempotent: proses ulang hanya akan menyentuh pos yang belum punya items / belum ada.
  status: OK rc=0

[14:17:56] [150/161 Landing POS cb7 2026-06-22]
  $ /home/csb-integrator/bin/php-csb.sh artisan pos:reconcile-missing --cabang 7 --date 2026-06-22 --refresh
Mode --refresh: pos yang total_amount-nya stale (beda dgn brighter_pos.total_biaya) akan diperbaiki header + items-nya.
Memproses 136 baris brighter_pos...
   0/136 [░░░░░░░░░░░░░░░░░░░░░░░░░░░░]   0%
  14/136 [▓▓░░░░░░░░░░░░░░░░░░░░░░░░░░]  10%
 136/136 [▓▓▓▓▓▓▓▓▓▓▓▓▓▓▓▓▓▓▓▓▓▓▓▓▓▓▓▓] 100%
Selesai. Dibuat: 0 | Isi items: 0 | Refresh stale: 0 | Dilewati (sudah punya items): 136 | Dilewati (tanpa detail): 0
Idempotent: proses ulang hanya akan menyentuh pos yang belum punya items / belum ada.
  status: OK rc=0

[14:17:57] [151/161 Landing POS cb7 2026-06-23]
  $ /home/csb-integrator/bin/php-csb.sh artisan pos:reconcile-missing --cabang 7 --date 2026-06-23 --refresh
Mode --refresh: pos yang total_amount-nya stale (beda dgn brighter_pos.total_biaya) akan diperbaiki header + items-nya.
Memproses 145 baris brighter_pos...
   0/145 [░░░░░░░░░░░░░░░░░░░░░░░░░░░░]   0%
  15/145 [▓▓░░░░░░░░░░░░░░░░░░░░░░░░░░]  10%
 145/145 [▓▓▓▓▓▓▓▓▓▓▓▓▓▓▓▓▓▓▓▓▓▓▓▓▓▓▓▓] 100%
Selesai. Dibuat: 0 | Isi items: 0 | Refresh stale: 0 | Dilewati (sudah punya items): 145 | Dilewati (tanpa detail): 0
Idempotent: proses ulang hanya akan menyentuh pos yang belum punya items / belum ada.
  status: OK rc=0

[14:17:57] [152/161 Landing POS cb7 2026-06-24]
  $ /home/csb-integrator/bin/php-csb.sh artisan pos:reconcile-missing --cabang 7 --date 2026-06-24 --refresh
Mode --refresh: pos yang total_amount-nya stale (beda dgn brighter_pos.total_biaya) akan diperbaiki header + items-nya.
Memproses 121 baris brighter_pos...
   0/121 [░░░░░░░░░░░░░░░░░░░░░░░░░░░░]   0%
  13/121 [▓▓▓░░░░░░░░░░░░░░░░░░░░░░░░░]  10%
 121/121 [▓▓▓▓▓▓▓▓▓▓▓▓▓▓▓▓▓▓▓▓▓▓▓▓▓▓▓▓] 100%
Selesai. Dibuat: 0 | Isi items: 0 | Refresh stale: 0 | Dilewati (sudah punya items): 121 | Dilewati (tanpa detail): 0
Idempotent: proses ulang hanya akan menyentuh pos yang belum punya items / belum ada.
  status: OK rc=0

[14:17:58] [153/161 Landing POS cb7 2026-06-25]
  $ /home/csb-integrator/bin/php-csb.sh artisan pos:reconcile-missing --cabang 7 --date 2026-06-25 --refresh
Mode --refresh: pos yang total_amount-nya stale (beda dgn brighter_pos.total_biaya) akan diperbaiki header + items-nya.
Memproses 153 baris brighter_pos...
   0/153 [░░░░░░░░░░░░░░░░░░░░░░░░░░░░]   0%
  16/153 [▓▓░░░░░░░░░░░░░░░░░░░░░░░░░░]  10%
 153/153 [▓▓▓▓▓▓▓▓▓▓▓▓▓▓▓▓▓▓▓▓▓▓▓▓▓▓▓▓] 100%
Selesai. Dibuat: 0 | Isi items: 0 | Refresh stale: 0 | Dilewati (sudah punya items): 153 | Dilewati (tanpa detail): 0
Idempotent: proses ulang hanya akan menyentuh pos yang belum punya items / belum ada.
  status: OK rc=0

[14:17:59] [154/161 Landing POS cb7 2026-06-26]
  $ /home/csb-integrator/bin/php-csb.sh artisan pos:reconcile-missing --cabang 7 --date 2026-06-26 --refresh
Mode --refresh: pos yang total_amount-nya stale (beda dgn brighter_pos.total_biaya) akan diperbaiki header + items-nya.
Memproses 117 baris brighter_pos...
   0/117 [░░░░░░░░░░░░░░░░░░░░░░░░░░░░]   0%
  12/117 [▓▓░░░░░░░░░░░░░░░░░░░░░░░░░░]  10%
 117/117 [▓▓▓▓▓▓▓▓▓▓▓▓▓▓▓▓▓▓▓▓▓▓▓▓▓▓▓▓] 100%
Selesai. Dibuat: 0 | Isi items: 0 | Refresh stale: 0 | Dilewati (sudah punya items): 117 | Dilewati (tanpa detail): 0
Idempotent: proses ulang hanya akan menyentuh pos yang belum punya items / belum ada.
  status: OK rc=0

[14:18:00] [155/161 Landing POS cb7 2026-06-27]
  $ /home/csb-integrator/bin/php-csb.sh artisan pos:reconcile-missing --cabang 7 --date 2026-06-27 --refresh
Mode --refresh: pos yang total_amount-nya stale (beda dgn brighter_pos.total_biaya) akan diperbaiki header + items-nya.
Memproses 124 baris brighter_pos...
   0/124 [░░░░░░░░░░░░░░░░░░░░░░░░░░░░]   0%
  13/124 [▓▓░░░░░░░░░░░░░░░░░░░░░░░░░░]  10%
 124/124 [▓▓▓▓▓▓▓▓▓▓▓▓▓▓▓▓▓▓▓▓▓▓▓▓▓▓▓▓] 100%
Selesai. Dibuat: 0 | Isi items: 0 | Refresh stale: 0 | Dilewati (sudah punya items): 124 | Dilewati (tanpa detail): 0
Idempotent: proses ulang hanya akan menyentuh pos yang belum punya items / belum ada.
  status: OK rc=0

[14:18:01] [156/161 Landing POS cb7 2026-06-28]
  $ /home/csb-integrator/bin/php-csb.sh artisan pos:reconcile-missing --cabang 7 --date 2026-06-28 --refresh
Mode --refresh: pos yang total_amount-nya stale (beda dgn brighter_pos.total_biaya) akan diperbaiki header + items-nya.
Memproses 63 baris brighter_pos...
  0/63 [░░░░░░░░░░░░░░░░░░░░░░░░░░░░]   0%
  7/63 [▓▓▓░░░░░░░░░░░░░░░░░░░░░░░░░]  11%
 63/63 [▓▓▓▓▓▓▓▓▓▓▓▓▓▓▓▓▓▓▓▓▓▓▓▓▓▓▓▓] 100%
Selesai. Dibuat: 0 | Isi items: 0 | Refresh stale: 0 | Dilewati (sudah punya items): 63 | Dilewati (tanpa detail): 0
Idempotent: proses ulang hanya akan menyentuh pos yang belum punya items / belum ada.
  status: OK rc=0

[14:18:01] [157/161 Landing POS cb7 2026-06-29]
  $ /home/csb-integrator/bin/php-csb.sh artisan pos:reconcile-missing --cabang 7 --date 2026-06-29 --refresh
Mode --refresh: pos yang total_amount-nya stale (beda dgn brighter_pos.total_biaya) akan diperbaiki header + items-nya.
Memproses 130 baris brighter_pos...
   0/130 [░░░░░░░░░░░░░░░░░░░░░░░░░░░░]   0%
  13/130 [▓▓░░░░░░░░░░░░░░░░░░░░░░░░░░]  10%
 130/130 [▓▓▓▓▓▓▓▓▓▓▓▓▓▓▓▓▓▓▓▓▓▓▓▓▓▓▓▓] 100%
Selesai. Dibuat: 0 | Isi items: 0 | Refresh stale: 0 | Dilewati (sudah punya items): 130 | Dilewati (tanpa detail): 0
Idempotent: proses ulang hanya akan menyentuh pos yang belum punya items / belum ada.
  status: OK rc=0

[14:18:02] [158/161 Landing POS cb7 2026-06-30]
  $ /home/csb-integrator/bin/php-csb.sh artisan pos:reconcile-missing --cabang 7 --date 2026-06-30 --refresh
Mode --refresh: pos yang total_amount-nya stale (beda dgn brighter_pos.total_biaya) akan diperbaiki header + items-nya.
Memproses 121 baris brighter_pos...
   0/121 [░░░░░░░░░░░░░░░░░░░░░░░░░░░░]   0%
  13/121 [▓▓▓░░░░░░░░░░░░░░░░░░░░░░░░░]  10%
 121/121 [▓▓▓▓▓▓▓▓▓▓▓▓▓▓▓▓▓▓▓▓▓▓▓▓▓▓▓▓] 100%
Selesai. Dibuat: 0 | Isi items: 0 | Refresh stale: 0 | Dilewati (sudah punya items): 121 | Dilewati (tanpa detail): 0
Idempotent: proses ulang hanya akan menyentuh pos yang belum punya items / belum ada.
  status: OK rc=0

[14:18:03] [159/161 Landing Retur -> Clarify]
  $ /usr/bin/python3 migrate_retur_to_app.py --yes
  [detail] 90 baris detail dilewati (tidak ada pos_transaction/items).
============================================================
Rencana migrasi retur penjualan -> csb_db.retur_penjualan
  Header : 191 retur
  Total  : 258,963,000
  Customer: 33
  Detail : 137 baris (dari pos_transaction_items yang cocok)
============================================================
  Header baru: 0, Header sudah ada: 191

Selesai. Header baru: 0, Detail ditambahkan: 137
  status: OK rc=0

[14:18:07] [160/161 Landing Piutang -> Clarify]
  $ /home/csb-integrator/bin/php-csb.sh artisan migrate:legacy-piutang
Menyiapkan migrasi: 5122 faktur, 5121 pos_transactions sudah ada.
    0/5122 [░░░░░░░░░░░░░░░░░░░░░░░░░░░░]   0%
  500/5122 [▓▓░░░░░░░░░░░░░░░░░░░░░░░░░░]   9%
 1000/5122 [▓▓▓▓▓░░░░░░░░░░░░░░░░░░░░░░░]  19%
 1500/5122 [▓▓▓▓▓▓▓▓░░░░░░░░░░░░░░░░░░░░]  29%
 2000/5122 [▓▓▓▓▓▓▓▓▓▓░░░░░░░░░░░░░░░░░░]  39%
 2500/5122 [▓▓▓▓▓▓▓▓▓▓▓▓▓░░░░░░░░░░░░░░░]  48%
 3000/5122 [▓▓▓▓▓▓▓▓▓▓▓▓▓▓▓▓░░░░░░░░░░░░]  58%
 3500/5122 [▓▓▓▓▓▓▓▓▓▓▓▓▓▓▓▓▓▓▓░░░░░░░░░]  68%
 4000/5122 [▓▓▓▓▓▓▓▓▓▓▓▓▓▓▓▓▓▓▓▓▓░░░░░░░]  78%
 4500/5122 [▓▓▓▓▓▓▓▓▓▓▓▓▓▓▓▓▓▓▓▓▓▓▓▓░░░░]  87%
 5000/5122 [▓▓▓▓▓▓▓▓▓▓▓▓▓▓▓▓▓▓▓▓▓▓▓▓▓▓▓░]  97%
 5122/5122 [▓▓▓▓▓▓▓▓▓▓▓▓▓▓▓▓▓▓▓▓▓▓▓▓▓▓▓▓] 100%

=== Ringkasan migrasi piutang ===
Faktur diproses          : 5,121
pos_transactions dibuat  : 0
pos_transactions diubah  : 5,121
piutang di-upsert        : 5,121
ledger invoice dibuat    : 0
Skip duplikat faktur     : 0
Skip total mendekati 0   : 1
Tanpa customer terdaftar : 20
Pelunasan piutang & kas bank belum dimigrasi: sumber legacy (brighter_transaksi_pelunasan_piutang) tidak memiliki tautan ke faktur dan belum ada detail per-faktur.
  status: OK rc=0

[14:18:45] [161/161 Landing Pelunasan Piutang -> Clarify]
  $ /home/csb-integrator/bin/php-csb.sh artisan backfill:piutang-pelunasan
Tidak ada piutang paid yang belum punya dokumen pelunasan.
  status: OK rc=0

================================================================================
SELESAI OK
